seed,original_index,split,target
42,6632,train,1
42,2794,train,8
42,6366,train,1
42,4593,train,0
42,7009,train,7
42,4184,train,1
42,6656,train,4
42,5566,train,9
42,5748,train,5
42,527,train,9
42,5302,train,0
42,1917,train,8
42,2730,train,9
42,3987,train,7
42,1336,train,2
42,99,train,3
42,2430,train,2
42,1427,train,4
42,3459,train,8
42,2354,train,5
42,2141,train,2
42,1005,train,6
42,4803,train,7
42,1034,train,4
42,4530,train,1
42,6894,train,4
42,4510,train,5
42,6935,train,5
42,6762,train,2
42,5313,train,2
42,3732,train,5
42,4498,train,2
42,2960,train,3
42,4074,train,2
42,1675,train,8
42,1191,train,4
42,5589,train,3
42,4988,train,1
42,5820,train,9
42,3142,train,8
42,5148,train,5
42,441,train,8
42,845,train,2
42,1714,train,7
42,6318,train,2
42,374,train,6
42,4715,train,6
42,6095,train,8
42,915,train,1
42,288,train,1
42,154,train,8
42,6442,train,7
42,3051,train,3
42,1624,train,8
42,479,train,5
42,311,train,5
42,1478,train,5
42,5840,train,0
42,5644,train,2
42,1778,train,4
42,3476,train,4
42,5312,train,6
42,2614,train,4
42,2191,train,9
42,4552,train,1
42,4895,train,2
42,6725,train,6
42,4379,train,3
42,6388,train,5
42,1739,train,0
42,1630,train,2
42,1222,train,9
42,4681,train,2
42,3685,train,4
42,5371,train,6
42,6464,train,5
42,4860,train,2
42,485,train,0
42,7080,train,8
42,5325,train,3
42,7250,train,6
42,4780,train,0
42,271,train,8
42,6510,train,7
42,1395,train,6
42,4220,train,1
42,3314,train,1
42,7125,train,2
42,1354,train,1
42,736,train,9
42,445,train,8
42,7063,train,3
42,2134,train,5
42,1509,train,6
42,3268,train,0
42,7249,train,2
42,2293,train,5
42,6938,train,9
42,813,train,5
42,7354,train,4
42,1544,train,0
42,3608,train,6
42,6678,train,5
42,5514,train,5
42,304,train,6
42,6178,train,7
42,4657,train,8
42,711,train,1
42,119,train,3
42,4731,train,3
42,6943,train,1
42,5522,train,2
42,4484,train,2
42,5904,train,5
42,5666,train,7
42,3387,train,7
42,1282,train,5
42,7265,train,5
42,1459,train,6
42,6735,train,3
42,6365,train,1
42,6965,train,1
42,2414,train,2
42,3375,train,3
42,3611,train,2
42,6013,train,8
42,6986,train,0
42,859,train,4
42,3021,train,1
42,2137,train,4
42,856,train,8
42,3592,train,3
42,3067,train,2
42,231,train,8
42,5172,train,4
42,2603,train,2
42,426,train,8
42,4509,train,4
42,495,train,4
42,468,train,6
42,5272,train,9
42,1755,train,0
42,6978,train,0
42,317,train,0
42,5618,train,7
42,4334,train,6
42,2525,train,6
42,606,train,6
42,1741,train,1
42,1937,train,9
42,5100,train,6
42,4413,train,2
42,5615,train,1
42,5971,train,4
42,3392,train,6
42,5703,train,1
42,1301,train,0
42,3936,train,4
42,1825,train,0
42,2869,train,1
42,4213,train,3
42,3614,train,6
42,5911,train,9
42,7241,train,0
42,5783,train,0
42,2201,train,8
42,1146,train,5
42,4139,train,0
42,4212,train,3
42,3135,train,3
42,7235,train,8
42,4224,train,5
42,5324,train,4
42,6219,train,7
42,238,train,3
42,1888,train,1
42,152,train,8
42,225,train,1
42,6109,train,0
42,6900,train,0
42,6486,train,6
42,5613,train,0
42,2689,train,6
42,6973,train,5
42,4294,train,0
42,4117,train,7
42,1697,train,5
42,7133,train,9
42,3,train,1
42,7118,train,4
42,243,train,3
42,5072,train,7
42,351,train,4
42,596,train,8
42,3613,train,3
42,5144,train,0
42,5,train,4
42,6191,train,7
42,3310,train,0
42,6810,train,3
42,322,train,6
42,7008,train,4
42,2688,train,2
42,710,train,5
42,3206,train,1
42,5451,train,7
42,5754,train,8
42,834,train,5
42,6924,train,1
42,5010,train,0
42,1432,train,7
42,5501,train,7
42,2082,train,8
42,3211,train,9
42,6356,train,2
42,1064,train,7
42,7068,train,5
42,5586,train,6
42,1092,train,9
42,167,train,0
42,3331,train,6
42,5343,train,0
42,7075,train,4
42,5769,train,8
42,5232,train,6
42,3625,train,6
42,5535,train,0
42,4091,train,6
42,2444,train,9
42,435,train,2
42,4678,train,1
42,6288,train,8
42,3708,train,6
42,32,train,9
42,6080,train,4
42,741,train,2
42,982,train,3
42,5436,train,6
42,2552,train,6
42,1829,train,0
42,6438,train,1
42,5046,train,4
42,1378,train,0
42,2809,train,8
42,5710,train,4
42,3529,train,4
42,3248,train,7
42,5509,train,6
42,5409,train,9
42,3490,train,6
42,5876,train,2
42,7254,train,0
42,6114,train,0
42,3657,train,9
42,7016,train,6
42,1660,train,2
42,6068,train,6
42,2039,train,2
42,5604,train,5
42,6110,train,4
42,49,train,7
42,4758,train,7
42,2482,train,9
42,2904,train,0
42,4893,train,6
42,5533,train,0
42,6156,train,1
42,7231,train,2
42,5333,train,6
42,2237,train,5
42,3958,train,9
42,4108,train,0
42,1136,train,5
42,5741,train,9
42,1417,train,2
42,862,train,8
42,6666,train,7
42,120,train,9
42,2932,train,5
42,2807,train,6
42,1949,train,0
42,350,train,6
42,6551,train,5
42,4100,train,0
42,1422,train,6
42,4909,train,8
42,1932,train,7
42,1819,train,8
42,4950,train,2
42,6427,train,5
42,2415,train,3
42,3711,train,1
42,6093,train,0
42,2585,train,8
42,4326,train,9
42,5230,train,0
42,5292,train,3
42,2023,train,8
42,2761,train,5
42,5800,train,0
42,6166,train,5
42,2814,train,2
42,754,train,1
42,4654,train,8
42,4240,train,6
42,106,train,0
42,2674,train,3
42,298,train,4
42,4101,train,3
42,7078,train,9
42,5950,train,5
42,5859,train,3
42,2007,train,3
42,7048,train,7
42,1247,train,8
42,2724,train,9
42,3299,train,5
42,4924,train,7
42,5856,train,8
42,6911,train,2
42,782,train,0
42,251,train,0
42,3371,train,9
42,5323,train,2
42,6899,train,8
42,1040,train,2
42,1068,train,8
42,842,train,6
42,7331,train,1
42,510,train,3
42,4846,train,6
42,3586,train,6
42,1377,train,4
42,562,train,6
42,6796,train,7
42,1437,train,9
42,5622,train,9
42,1442,train,0
42,7313,train,4
42,2845,train,7
42,3167,train,0
42,5332,train,1
42,3610,train,2
42,1318,train,6
42,6615,train,0
42,1849,train,8
42,6204,train,3
42,205,train,1
42,651,train,8
42,5386,train,1
42,7057,train,2
42,1002,train,3
42,5453,train,9
42,5639,train,8
42,6708,train,6
42,648,train,1
42,4709,train,9
42,4684,train,9
42,4519,train,9
42,198,train,6
42,4112,train,8
42,7012,train,9
42,6188,train,0
42,2309,train,2
42,4308,train,9
42,1016,train,7
42,4151,train,4
42,5927,train,5
42,2516,train,5
42,2356,train,7
42,4401,train,3
42,5373,train,7
42,593,train,0
42,1718,train,0
42,5846,train,0
42,2933,train,3
42,7243,train,9
42,1212,train,6
42,4783,train,7
42,650,train,9
42,3904,train,9
42,2219,train,8
42,7201,train,5
42,4790,train,8
42,7174,train,1
42,3242,train,9
42,7036,train,2
42,4179,train,6
42,3487,train,5
42,6523,train,0
42,5641,train,6
42,109,train,7
42,6280,train,3
42,4527,train,4
42,6355,train,9
42,2086,train,2
42,2148,train,6
42,5899,train,3
42,4135,train,9
42,7090,train,1
42,5881,train,1
42,4695,train,6
42,5500,train,7
42,6118,train,5
42,5761,train,1
42,2613,train,0
42,3999,train,4
42,897,train,4
42,97,train,8
42,3084,train,5
42,2193,train,1
42,4737,train,6
42,3629,train,5
42,5880,train,6
42,4254,train,4
42,6964,train,5
42,1020,train,4
42,5964,train,0
42,6094,train,3
42,1677,train,7
42,3972,train,6
42,6679,train,3
42,729,train,4
42,7018,train,8
42,6352,train,8
42,1094,train,4
42,276,train,9
42,1150,train,6
42,3288,train,5
42,185,train,1
42,308,train,9
42,5487,train,5
42,3080,train,6
42,2035,train,1
42,2267,train,6
42,4938,train,8
42,4390,train,9
42,604,train,3
42,2350,train,6
42,1023,train,5
42,3221,train,2
42,4921,train,4
42,890,train,2
42,6474,train,2
42,1709,train,2
42,3252,train,3
42,5929,train,2
42,4174,train,2
42,3693,train,0
42,2244,train,2
42,7339,train,9
42,3094,train,5
42,868,train,6
42,6866,train,5
42,538,train,5
42,6076,train,6
42,2297,train,7
42,5094,train,2
42,7040,train,6
42,128,train,7
42,7304,train,3
42,5960,train,3
42,1558,train,6
42,6934,train,5
42,6202,train,0
42,1479,train,7
42,5585,train,9
42,2644,train,1
42,2125,train,5
42,6266,train,2
42,4614,train,4
42,3063,train,4
42,83,train,1
42,4438,train,0
42,5415,train,5
42,529,train,6
42,6974,train,7
42,2636,train,5
42,907,train,7
42,410,train,7
42,46,train,5
42,6290,train,5
42,5229,train,9
42,3621,train,7
42,50,train,9
42,1171,train,4
42,1321,train,7
42,1890,train,1
42,735,train,6
42,4330,train,0
42,2029,train,4
42,1385,train,3
42,6515,train,7
42,6707,train,7
42,143,train,7
42,5973,train,1
42,4898,train,8
42,5701,train,1
42,2410,train,6
42,3937,train,2
42,4027,train,2
42,102,train,3
42,3232,train,5
42,4447,train,0
42,338,train,7
42,5988,train,2
42,5980,train,4
42,3183,train,9
42,3505,train,5
42,400,train,8
42,1822,train,6
42,547,train,3
42,3914,train,3
42,1067,train,3
42,2251,train,2
42,7072,train,2
42,7011,train,4
42,3209,train,8
42,5290,train,8
42,1346,train,7
42,6470,train,2
42,3861,train,2
42,2675,train,6
42,4393,train,3
42,5057,train,7
42,5959,train,6
42,3845,train,1
42,2183,train,6
42,1852,train,8
42,1257,train,8
42,2721,train,5
42,265,train,4
42,4305,train,8
42,193,train,2
42,2116,train,5
42,4360,train,5
42,6444,train,7
42,2227,train,3
42,7188,train,6
42,6469,train,7
42,2916,train,1
42,394,train,0
42,4271,train,9
42,1683,train,0
42,3233,train,7
42,4772,train,1
42,3131,train,0
42,3305,train,9
42,6648,train,6
42,3784,train,2
42,6802,train,9
42,2144,train,8
42,2816,train,7
42,3449,train,8
42,4141,train,4
42,5316,train,4
42,1886,train,2
42,2072,train,1
42,6508,train,5
42,812,train,4
42,3655,train,1
42,2842,train,0
42,555,train,4
42,7020,train,3
42,3250,train,0
42,6467,train,9
42,3747,train,4
42,3028,train,1
42,6749,train,1
42,1715,train,8
42,2813,train,1
42,1468,train,4
42,1529,train,2
42,223,train,3
42,7251,train,2
42,1493,train,6
42,5418,train,8
42,4912,train,6
42,2836,train,4
42,5843,train,2
42,1070,train,6
42,107,train,4
42,4038,train,0
42,5468,train,5
42,3753,train,5
42,2427,train,2
42,1870,train,7
42,3155,train,5
42,2453,train,0
42,2187,train,9
42,5225,train,9
42,26,train,2
42,1078,train,4
42,2999,train,7
42,1275,train,1
42,5056,train,6
42,4608,train,3
42,539,train,5
42,3399,train,5
42,803,train,7
42,5213,train,0
42,921,train,0
42,3481,train,1
42,165,train,5
42,2299,train,5
42,3767,train,5
42,4163,train,1
42,4940,train,3
42,3938,train,4
42,525,train,5
42,5942,train,1
42,1356,train,1
42,5206,train,2
42,3582,train,2
42,7316,train,5
42,6493,train,7
42,6071,train,6
42,3628,train,5
42,4645,train,8
42,1574,train,3
42,2781,train,9
42,701,train,4
42,2706,train,1
42,5538,train,1
42,2402,train,0
42,6112,train,3
42,6405,train,5
42,4013,train,1
42,6246,train,1
42,1863,train,5
42,6192,train,3
42,4815,train,8
42,7121,train,1
42,1170,train,9
42,189,train,8
42,6814,train,1
42,4028,train,1
42,6199,train,9
42,3869,train,2
42,2178,train,2
42,580,train,2
42,2561,train,3
42,5479,train,8
42,6529,train,6
42,1792,train,9
42,2539,train,9
42,2744,train,7
42,3147,train,7
42,2167,train,4
42,240,train,8
42,698,train,8
42,3776,train,6
42,6480,train,7
42,6619,train,6
42,3424,train,7
42,1958,train,0
42,110,train,2
42,3415,train,3
42,2828,train,4
42,3413,train,8
42,4057,train,3
42,4012,train,0
42,1137,train,8
42,3208,train,5
42,3026,train,5
42,3024,train,6
42,4580,train,2
42,3662,train,7
42,2855,train,4
42,7026,train,5
42,818,train,7
42,6520,train,6
42,7117,train,7
42,1525,train,5
42,6654,train,2
42,5993,train,3
42,1434,train,4
42,4313,train,3
42,6081,train,5
42,3998,train,9
42,6532,train,1
42,2289,train,0
42,6704,train,2
42,6315,train,3
42,2596,train,4
42,6446,train,1
42,7277,train,2
42,5874,train,6
42,7328,train,4
42,438,train,9
42,3230,train,2
42,2534,train,5
42,3294,train,6
42,6916,train,6
42,33,train,8
42,423,train,7
42,7238,train,7
42,295,train,5
42,1102,train,7
42,5755,train,3
42,3057,train,2
42,117,train,7
42,1876,train,1
42,4273,train,5
42,241,train,3
42,2199,train,1
42,4454,train,9
42,3763,train,0
42,2470,train,2
42,5825,train,5
42,4690,train,2
42,2284,train,8
42,6067,train,3
42,5505,train,3
42,1141,train,1
42,5546,train,1
42,3781,train,4
42,2801,train,8
42,2452,train,2
42,2321,train,7
42,89,train,0
42,900,train,1
42,744,train,5
42,5667,train,3
42,2728,train,1
42,7281,train,6
42,1499,train,0
42,573,train,4
42,7029,train,2
42,4489,train,5
42,7221,train,3
42,35,train,8
42,857,train,3
42,6217,train,1
42,3855,train,4
42,1690,train,0
42,1447,train,4
42,4450,train,0
42,172,train,6
42,1588,train,9
42,3300,train,6
42,4239,train,7
42,6124,train,8
42,2577,train,0
42,3479,train,3
42,3563,train,6
42,1764,train,2
42,3125,train,3
42,6383,train,1
42,537,train,5
42,2280,train,5
42,6613,train,5
42,3274,train,9
42,6625,train,0
42,4160,train,0
42,1694,train,3
42,1384,train,4
42,3334,train,2
42,7103,train,1
42,6841,train,5
42,3079,train,1
42,7222,train,0
42,1565,train,3
42,7073,train,5
42,5858,train,6
42,5916,train,1
42,3513,train,0
42,1641,train,8
42,4192,train,3
42,3054,train,6
42,4597,train,5
42,3480,train,1
42,3806,train,2
42,3615,train,4
42,6241,train,2
42,4415,train,1
42,3378,train,1
42,6035,train,2
42,4735,train,3
42,3593,train,1
42,3510,train,9
42,2232,train,6
42,4195,train,1
42,5163,train,0
42,5090,train,8
42,275,train,8
42,1639,train,5
42,4402,train,0
42,516,train,1
42,1413,train,9
42,1948,train,3
42,5273,train,9
42,6147,train,9
42,6719,train,7
42,6232,train,3
42,6794,train,6
42,1423,train,6
42,1402,train,8
42,257,train,8
42,6177,train,9
42,5797,train,4
42,1520,train,6
42,5182,train,1
42,401,train,8
42,280,train,7
42,7325,train,6
42,2976,train,6
42,6912,train,1
42,4873,train,4
42,5626,train,7
42,5355,train,9
42,3175,train,6
42,5321,train,0
42,4523,train,5
42,5930,train,6
42,704,train,6
42,3940,train,9
42,5635,train,9
42,1168,train,7
42,4929,train,1
42,74,train,9
42,5066,train,4
42,4060,train,2
42,248,train,8
42,4281,train,0
42,287,train,8
42,4971,train,9
42,4188,train,9
42,3818,train,0
42,4973,train,7
42,170,train,3
42,2393,train,0
42,2145,train,1
42,7172,train,8
42,2013,train,9
42,1699,train,7
42,5091,train,6
42,2935,train,0
42,3492,train,2
42,2124,train,3
42,2467,train,0
42,4233,train,4
42,4962,train,9
42,6992,train,5
42,2100,train,9
42,998,train,1
42,7346,train,8
42,4782,train,0
42,5918,train,2
42,5431,train,9
42,5796,train,0
42,3597,train,8
42,4744,train,6
42,2957,train,4
42,6050,train,4
42,528,train,8
42,6017,train,9
42,5902,train,3
42,3444,train,9
42,2294,train,4
42,4259,train,7
42,3217,train,3
42,5488,train,5
42,6344,train,8
42,884,train,9
42,93,train,4
42,3035,train,1
42,4907,train,0
42,556,train,0
42,7280,train,2
42,6158,train,6
42,1095,train,5
42,2185,train,3
42,810,train,6
42,1759,train,2
42,3578,train,1
42,3343,train,2
42,2860,train,3
42,3823,train,0
42,4916,train,3
42,7168,train,9
42,3275,train,9
42,6176,train,1
42,6721,train,2
42,3247,train,8
42,950,train,0
42,1187,train,3
42,1768,train,5
42,7059,train,5
42,685,train,7
42,1186,train,2
42,3107,train,4
42,5660,train,5
42,1869,train,6
42,2528,train,6
42,6077,train,1
42,6282,train,8
42,4711,train,4
42,4428,train,7
42,6048,train,7
42,5711,train,3
42,1323,train,8
42,449,train,0
42,1229,train,8
42,2003,train,2
42,2597,train,9
42,3467,train,1
42,1806,train,0
42,7093,train,8
42,4165,train,9
42,2037,train,8
42,3313,train,8
42,6409,train,9
42,7035,train,3
42,3895,train,6
42,3879,train,2
42,3295,train,0
42,4813,train,2
42,3001,train,8
42,674,train,9
42,6549,train,4
42,995,train,2
42,2774,train,5
42,4604,train,1
42,2702,train,5
42,6766,train,5
42,3241,train,2
42,2091,train,0
42,386,train,7
42,4181,train,4
42,5179,train,3
42,4322,train,1
42,6293,train,8
42,6569,train,5
42,5977,train,7
42,740,train,7
42,533,train,9
42,5214,train,6
42,4387,train,3
42,5143,train,5
42,1878,train,3
42,3055,train,7
42,163,train,5
42,3333,train,5
42,6639,train,0
42,3623,train,5
42,2062,train,4
42,6566,train,2
42,1732,train,1
42,3421,train,5
42,19,train,6
42,6651,train,0
42,294,train,9
42,5563,train,2
42,1215,train,6
42,3009,train,5
42,4358,train,7
42,2341,train,7
42,657,train,5
42,6660,train,4
42,5440,train,4
42,3848,train,1
42,6060,train,3
42,5339,train,7
42,4983,train,0
42,2445,train,4
42,2531,train,1
42,1595,train,1
42,144,train,3
42,1306,train,7
42,1271,train,8
42,6468,train,2
42,391,train,4
42,1392,train,6
42,4992,train,6
42,3981,train,7
42,215,train,4
42,3194,train,4
42,3447,train,1
42,7253,train,3
42,1202,train,0
42,2694,train,4
42,3204,train,0
42,58,train,2
42,1710,train,4
42,3959,train,5
42,5216,train,0
42,4679,train,4
42,5391,train,5
42,6785,train,9
42,6386,train,8
42,4126,train,2
42,4290,train,3
42,2412,train,9
42,5708,train,6
42,1246,train,8
42,4053,train,1
42,6276,train,6
42,3504,train,6
42,6240,train,8
42,2907,train,9
42,7269,train,3
42,1014,train,8
42,3898,train,4
42,550,train,2
42,5113,train,6
42,1843,train,7
42,178,train,8
42,6424,train,1
42,577,train,4
42,2805,train,9
42,7284,train,2
42,5480,train,0
42,3762,train,6
42,5726,train,0
42,3229,train,9
42,5382,train,6
42,6546,train,6
42,595,train,5
42,4344,train,3
42,878,train,0
42,4032,train,9
42,5458,train,4
42,605,train,4
42,2540,train,4
42,6328,train,5
42,6415,train,6
42,4969,train,9
42,3161,train,3
42,2886,train,4
42,4436,train,1
42,2888,train,0
42,691,train,2
42,2487,train,8
42,797,train,1
42,1214,train,8
42,5061,train,2
42,748,train,8
42,3808,train,4
42,7169,train,5
42,2669,train,4
42,1729,train,8
42,4341,train,0
42,5414,train,6
42,6091,train,1
42,4040,train,3
42,598,train,0
42,5285,train,6
42,7311,train,3
42,5120,train,2
42,5778,train,5
42,1461,train,1
42,6552,train,8
42,5082,train,8
42,823,train,0
42,4278,train,3
42,3681,train,1
42,3728,train,6
42,2766,train,0
42,363,train,8
42,1570,train,4
42,3195,train,7
42,3178,train,3
42,2067,train,9
42,1156,train,6
42,769,train,3
42,6002,train,4
42,5326,train,3
42,4406,train,4
42,3596,train,5
42,6221,train,1
42,5582,train,8
42,3442,train,1
42,5679,train,6
42,5286,train,0
42,2567,train,2
42,3651,train,7
42,5924,train,8
42,7022,train,3
42,229,train,2
42,5131,train,2
42,7030,train,8
42,6672,train,1
42,2140,train,3
42,4525,train,8
42,1568,train,1
42,5805,train,5
42,6421,train,4
42,6554,train,3
42,2181,train,7
42,6784,train,6
42,6895,train,8
42,3663,train,3
42,5079,train,6
42,6765,train,7
42,750,train,3
42,3215,train,0
42,4655,train,3
42,6,train,7
42,6272,train,8
42,4872,train,8
42,2135,train,7
42,5654,train,9
42,187,train,7
42,4495,train,2
42,2139,train,3
42,2379,train,1
42,4214,train,0
42,5252,train,1
42,5619,train,0
42,5529,train,5
42,617,train,4
42,5158,train,1
42,2543,train,7
42,6018,train,5
42,6630,train,9
42,6958,train,0
42,2304,train,5
42,571,train,6
42,4683,train,9
42,4733,train,6
42,4355,train,4
42,6413,train,7
42,1591,train,2
42,1706,train,5
42,436,train,9
42,3678,train,4
42,2823,train,4
42,7091,train,2
42,7297,train,5
42,5395,train,1
42,497,train,4
42,3034,train,4
42,131,train,0
42,7014,train,8
42,5219,train,7
42,3974,train,7
42,7127,train,6
42,967,train,8
42,5389,train,5
42,743,train,6
42,387,train,5
42,6368,train,7
42,3829,train,4
42,6816,train,7
42,3831,train,9
42,4686,train,0
42,7046,train,6
42,2048,train,4
42,4443,train,2
42,7262,train,4
42,41,train,8
42,705,train,1
42,4506,train,4
42,4622,train,5
42,1802,train,2
42,457,train,4
42,2568,train,0
42,348,train,9
42,6312,train,4
42,7138,train,6
42,5781,train,6
42,2646,train,5
42,7197,train,9
42,4999,train,9
42,465,train,3
42,1700,train,6
42,1830,train,7
42,1338,train,3
42,1481,train,0
42,5121,train,9
42,7215,train,7
42,7051,train,5
42,2530,train,3
42,6230,train,6
42,2670,train,6
42,2975,train,7
42,2222,train,1
42,209,train,7
42,5736,train,7
42,4295,train,1
42,7273,train,2
42,1353,train,8
42,1609,train,6
42,6845,train,0
42,3774,train,4
42,1027,train,7
42,196,train,3
42,1701,train,6
42,4662,train,4
42,4568,train,1
42,3499,train,4
42,6662,train,8
42,2588,train,0
42,574,train,9
42,2791,train,3
42,1490,train,6
42,6817,train,2
42,4420,train,6
42,1255,train,3
42,4503,train,9
42,3453,train,3
42,1951,train,1
42,3551,train,3
42,6097,train,7
42,4763,train,6
42,4728,train,3
42,3814,train,9
42,4668,train,4
42,273,train,7
42,4713,train,6
42,2925,train,7
42,666,train,1
42,850,train,1
42,342,train,2
42,4669,train,3
42,1988,train,6
42,2827,train,1
42,5658,train,9
42,5040,train,1
42,3164,train,1
42,4862,train,3
42,2351,train,0
42,1133,train,8
42,4942,train,9
42,2897,train,1
42,2457,train,5
42,6213,train,3
42,1069,train,4
42,7296,train,4
42,4535,train,6
42,4596,train,3
42,5826,train,7
42,4925,train,1
42,2570,train,5
42,4435,train,0
42,6268,train,1
42,1262,train,4
42,3719,train,4
42,2950,train,4
42,1256,train,7
42,6040,train,4
42,993,train,3
42,808,train,8
42,1540,train,2
42,2771,train,8
42,1265,train,3
42,3452,train,8
42,245,train,5
42,7141,train,4
42,3156,train,2
42,6755,train,0
42,1407,train,2
42,3354,train,8
42,4934,train,5
42,3953,train,8
42,4964,train,8
42,2987,train,6
42,3458,train,7
42,2408,train,3
42,5611,train,2
42,5694,train,6
42,6773,train,4
42,2127,train,0
42,7167,train,3
42,3115,train,4
42,4949,train,7
42,1781,train,5
42,1101,train,1
42,5612,train,5
42,2685,train,3
42,6069,train,5
42,3461,train,9
42,2268,train,5
42,1474,train,4
42,4644,train,1
42,5204,train,1
42,1716,train,2
42,2119,train,7
42,1903,train,3
42,1967,train,8
42,512,train,7
42,3591,train,6
42,263,train,9
42,2921,train,7
42,1626,train,8
42,6250,train,0
42,5377,train,8
42,419,train,3
42,3122,train,8
42,3647,train,8
42,6681,train,5
42,354,train,6
42,931,train,7
42,3805,train,0
42,6994,train,4
42,4899,train,9
42,2074,train,3
42,1399,train,5
42,2225,train,8
42,4673,train,6
42,3105,train,0
42,2475,train,3
42,2207,train,3
42,2796,train,4
42,3720,train,5
42,3609,train,4
42,1446,train,0
42,1578,train,3
42,2131,train,5
42,7365,train,1
42,6516,train,0
42,5015,train,0
42,5788,train,2
42,7001,train,2
42,2664,train,8
42,2204,train,4
42,3617,train,3
42,3181,train,9
42,4789,train,7
42,5142,train,0
42,2374,train,2
42,1789,train,6
42,1744,train,8
42,164,train,4
42,6096,train,9
42,6335,train,3
42,5199,train,4
42,7256,train,2
42,3472,train,6
42,1436,train,0
42,3550,train,0
42,6635,train,1
42,6472,train,2
42,296,train,2
42,3660,train,0
42,2661,train,6
42,5254,train,7
42,3630,train,4
42,1091,train,4
42,3491,train,9
42,7159,train,3
42,4284,train,3
42,2894,train,5
42,6298,train,4
42,3989,train,5
42,5037,train,6
42,5202,train,3
42,2510,train,1
42,3027,train,5
42,1837,train,6
42,2406,train,9
42,5573,train,8
42,861,train,2
42,6590,train,4
42,7333,train,8
42,254,train,3
42,6825,train,7
42,1325,train,8
42,2143,train,0
42,2684,train,4
42,2541,train,5
42,1149,train,1
42,2591,train,3
42,3139,train,7
42,123,train,3
42,5314,train,6
42,3951,train,0
42,2409,train,2
42,6271,train,7
42,1365,train,3
42,1382,train,0
42,1130,train,6
42,5722,train,0
42,3495,train,8
42,3400,train,5
42,490,train,5
42,6836,train,1
42,6990,train,4
42,5740,train,7
42,3039,train,9
42,5568,train,8
42,6133,train,3
42,4977,train,0
42,1375,train,4
42,4706,train,9
42,545,train,3
42,5233,train,3
42,4039,train,8
42,396,train,6
42,6519,train,8
42,1364,train,5
42,7226,train,1
42,2647,train,1
42,6278,train,7
42,3133,train,3
42,6961,train,6
42,1943,train,6
42,5236,train,0
42,2681,train,7
42,5790,train,1
42,1381,train,8
42,2288,train,8
42,4403,train,7
42,4007,train,2
42,432,train,0
42,3016,train,0
42,3432,train,6
42,3255,train,8
42,4540,train,2
42,2653,train,1
42,4497,train,2
42,2515,train,5
42,5207,train,9
42,667,train,0
42,79,train,1
42,3531,train,6
42,6729,train,8
42,3138,train,4
42,956,train,0
42,5145,train,4
42,4351,train,3
42,6345,train,1
42,722,train,5
42,1968,train,5
42,656,train,1
42,1180,train,5
42,6353,train,8
42,1881,train,8
42,1733,train,0
42,1536,train,3
42,3541,train,4
42,5026,train,9
42,2021,train,3
42,3911,train,0
42,5883,train,9
42,6116,train,4
42,2844,train,3
42,3368,train,1
42,5423,train,5
42,4793,train,6
42,48,train,8
42,2834,train,1
42,6440,train,1
42,7211,train,6
42,4830,train,8
42,5221,train,9
42,5045,train,7
42,2463,train,4
42,2566,train,9
42,891,train,3
42,5311,train,3
42,6492,train,5
42,6234,train,2
42,4765,train,6
42,4991,train,3
42,852,train,0
42,5174,train,3
42,398,train,8
42,4865,train,1
42,194,train,9
42,4019,train,1
42,1955,train,5
42,2574,train,2
42,1473,train,8
42,3473,train,0
42,5328,train,1
42,3428,train,7
42,6683,train,8
42,2962,train,5
42,477,train,8
42,922,train,2
42,5274,train,6
42,5464,train,7
42,2949,train,8
42,5007,train,8
42,5261,train,4
42,1151,train,4
42,3174,train,1
42,6612,train,6
42,7149,train,1
42,6543,train,2
42,1088,train,8
42,6380,train,6
42,1250,train,7
42,4149,train,9
42,7037,train,2
42,6115,train,4
42,2083,train,8
42,5649,train,9
42,2784,train,4
42,4255,train,3
42,1600,train,2
42,3822,train,3
42,160,train,0
42,6644,train,0
42,4162,train,1
42,1508,train,1
42,2691,train,1
42,4863,train,5
42,4429,train,3
42,3153,train,9
42,3852,train,2
42,3468,train,7
42,6391,train,7
42,4183,train,3
42,1087,train,7
42,3604,train,2
42,3769,train,9
42,3880,train,3
42,3412,train,9
42,6257,train,2
42,5972,train,7
42,3509,train,9
42,4904,train,8
42,2750,train,8
42,4672,train,4
42,4110,train,5
42,2559,train,8
42,1302,train,6
42,4001,train,4
42,643,train,0
42,2789,train,3
42,6572,train,6
42,5404,train,1
42,7184,train,6
42,6236,train,6
42,3603,train,7
42,2055,train,4
42,5812,train,7
42,1300,train,9
42,6483,train,4
42,5310,train,8
42,2264,train,3
42,5599,train,9
42,2075,train,5
42,2600,train,8
42,1152,train,1
42,5387,train,0
42,2122,train,7
42,2455,train,3
42,4618,train,6
42,147,train,3
42,3381,train,4
42,6390,train,3
42,25,train,4
42,6873,train,4
42,309,train,7
42,138,train,2
42,6560,train,0
42,2046,train,0
42,623,train,1
42,5652,train,2
42,345,train,2
42,6826,train,3
42,6588,train,0
42,4619,train,4
42,4823,train,3
42,794,train,4
42,6699,train,1
42,2426,train,8
42,1530,train,7
42,5364,train,0
42,1754,train,5
42,683,train,4
42,5270,train,2
42,1834,train,5
42,1046,train,3
42,4779,train,4
42,5486,train,3
42,6684,train,9
42,6598,train,5
42,5996,train,8
42,3765,train,7
42,6263,train,4
42,5107,train,4
42,2537,train,8
42,2677,train,1
42,6913,train,5
42,3318,train,9
42,822,train,4
42,4842,train,7
42,6918,train,3
42,2615,train,2
42,6939,train,4
42,2527,train,3
42,1541,train,9
42,1057,train,0
42,6247,train,2
42,1420,train,5
42,6591,train,6
42,2718,train,6
42,1293,train,2
42,4966,train,5
42,3117,train,3
42,2448,train,2
42,4423,train,0
42,1343,train,5
42,1327,train,4
42,570,train,4
42,4020,train,3
42,4500,train,0
42,2865,train,0
42,2493,train,4
42,1126,train,6
42,4199,train,1
42,962,train,4
42,6034,train,2
42,2129,train,0
42,1738,train,0
42,6661,train,8
42,4911,train,3
42,2340,train,6
42,6242,train,9
42,65,train,0
42,6892,train,1
42,902,train,4
42,4275,train,4
42,1203,train,7
42,5419,train,2
42,7015,train,4
42,1607,train,2
42,4394,train,2
42,4624,train,9
42,2435,train,2
42,3168,train,3
42,2701,train,4
42,946,train,9
42,6890,train,4
42,3127,train,3
42,7,train,7
42,116,train,4
42,2665,train,6
42,1941,train,1
42,2934,train,9
42,1007,train,7
42,4641,train,7
42,6064,train,4
42,943,train,7
42,5766,train,7
42,2850,train,3
42,3644,train,5
42,4115,train,2
42,4809,train,5
42,6769,train,2
42,4340,train,4
42,30,train,6
42,4168,train,4
42,2852,train,0
42,1979,train,1
42,4528,train,5
42,7100,train,4
42,6180,train,1
42,2785,train,6
42,4070,train,8
42,7033,train,5
42,4634,train,8
42,7129,train,7
42,1835,train,9
42,6253,train,0
42,315,train,5
42,6460,train,5
42,5053,train,0
42,1076,train,7
42,757,train,3
42,5537,train,8
42,2648,train,7
42,5064,train,7
42,2954,train,1
42,2985,train,0
42,6189,train,8
42,6491,train,3
42,7087,train,1
42,520,train,6
42,188,train,6
42,7210,train,3
42,3562,train,4
42,4607,train,5
42,3837,train,4
42,6620,train,3
42,1752,train,9
42,472,train,3
42,6140,train,1
42,4251,train,0
42,1944,train,8
42,5763,train,8
42,2760,train,2
42,6373,train,5
42,2910,train,8
42,4718,train,2
42,3690,train,9
42,1278,train,5
42,1426,train,2
42,587,train,8
42,1997,train,0
42,5852,train,1
42,6703,train,4
42,2708,train,6
42,1361,train,3
42,2377,train,4
42,515,train,2
42,3006,train,0
42,2819,train,5
42,1884,train,9
42,2751,train,3
42,6957,train,6
42,909,train,0
42,5184,train,2
42,2202,train,0
42,5525,train,1
42,1688,train,6
42,6715,train,6
42,6245,train,4
42,652,train,5
42,5901,train,2
42,4158,train,1
42,5365,train,8
42,2859,train,7
42,2172,train,0
42,6171,train,5
42,6195,train,1
42,1261,train,6
42,6008,train,9
42,3369,train,5
42,1120,train,8
42,6129,train,7
42,4366,train,8
42,1820,train,6
42,2407,train,7
42,1801,train,4
42,6832,train,4
42,5967,train,3
42,6760,train,5
42,5926,train,4
42,3888,train,3
42,2318,train,7
42,5472,train,7
42,6167,train,1
42,184,train,6
42,4603,train,0
42,5110,train,7
42,600,train,4
42,5470,train,0
42,7153,train,9
42,3886,train,1
42,3538,train,1
42,5782,train,0
42,5833,train,1
42,3191,train,4
42,7208,train,2
42,6138,train,9
42,670,train,0
42,3029,train,3
42,7094,train,2
42,1042,train,6
42,4098,train,5
42,4483,train,8
42,264,train,4
42,5823,train,9
42,1477,train,3
42,4513,train,1
42,6059,train,8
42,2177,train,0
42,1380,train,1
42,5083,train,9
42,5030,train,1
42,3697,train,4
42,619,train,7
42,1337,train,5
42,437,train,5
42,452,train,4
42,463,train,0
42,5799,train,7
42,2386,train,8
42,7303,train,7
42,821,train,6
42,6605,train,6
42,2159,train,1
42,3680,train,2
42,511,train,1
42,6559,train,0
42,564,train,9
42,3943,train,0
42,2870,train,5
42,7272,train,3
42,3440,train,3
42,2383,train,1
42,6434,train,7
42,6433,train,3
42,6857,train,7
42,6779,train,1
42,6498,train,8
42,1523,train,2
42,5808,train,1
42,5809,train,8
42,5885,train,8
42,213,train,3
42,283,train,1
42,5751,train,2
42,7276,train,9
42,1396,train,9
42,1100,train,5
42,3445,train,0
42,3885,train,8
42,5047,train,0
42,3123,train,0
42,5752,train,4
42,2504,train,4
42,5399,train,9
42,113,train,5
42,481,train,6
42,6856,train,8
42,5334,train,8
42,7007,train,4
42,6359,train,6
42,4884,train,9
42,5237,train,0
42,3422,train,7
42,693,train,3
42,1498,train,3
42,6503,train,9
42,6548,train,8
42,4335,train,6
42,7069,train,7
42,1411,train,0
42,837,train,1
42,747,train,2
42,2015,train,0
42,6839,train,7
42,6168,train,3
42,583,train,9
42,2257,train,4
42,3554,train,2
42,2830,train,0
42,3317,train,6
42,101,train,0
42,2456,train,3
42,7268,train,6
42,1511,train,4
42,5196,train,8
42,590,train,0
42,474,train,7
42,7307,train,1
42,1805,train,1
42,1319,train,3
42,4118,train,7
42,6925,train,9
42,6185,train,5
42,569,train,7
42,4059,train,2
42,1717,train,6
42,2319,train,7
42,1753,train,0
42,2576,train,6
42,4794,train,6
42,4337,train,4
42,3585,train,0
42,340,train,5
42,3836,train,5
42,2176,train,3
42,2255,train,5
42,4891,train,0
42,2599,train,7
42,6233,train,6
42,5932,train,6
42,5022,train,5
42,5498,train,2
42,7308,train,2
42,7292,train,9
42,3931,train,0
42,1812,train,1
42,6010,train,2
42,7081,train,9
42,1646,train,2
42,1158,train,7
42,3799,train,5
42,6640,train,3
42,2709,train,8
42,29,train,7
42,3420,train,6
42,6603,train,1
42,4676,train,1
42,7067,train,9
42,6182,train,3
42,6320,train,3
42,2772,train,9
42,5152,train,8
42,4588,train,2
42,1190,train,9
42,1412,train,7
42,1901,train,2
42,7055,train,4
42,6489,train,7
42,3771,train,7
42,2054,train,0
42,4316,train,9
42,6783,train,8
42,5855,train,0
42,1197,train,7
42,2300,train,2
42,2343,train,6
42,4481,train,9
42,4090,train,4
42,6422,train,9
42,6143,train,5
42,5081,train,8
42,5699,train,7
42,5043,train,3
42,3648,train,6
42,4801,train,5
42,1303,train,5
42,7203,train,3
42,2495,train,6
42,36,train,7
42,7120,train,2
42,4067,train,5
42,6145,train,9
42,5021,train,3
42,6542,train,6
42,1073,train,2
42,1182,train,3
42,2307,train,2
42,3136,train,1
42,3874,train,8
42,1418,train,9
42,43,train,8
42,814,train,6
42,3407,train,8
42,6675,train,1
42,2161,train,6
42,3527,train,3
42,985,train,8
42,2133,train,8
42,7044,train,5
42,1394,train,1
42,1017,train,7
42,696,train,4
42,575,train,9
42,2112,train,8
42,3306,train,8
42,4148,train,5
42,3374,train,2
42,1492,train,2
42,5831,train,8
42,5570,train,2
42,7334,train,2
42,1440,train,2
42,4970,train,2
42,3768,train,4
42,6950,train,0
42,1610,train,5
42,2016,train,1
42,6186,train,7
42,6570,train,0
42,7099,train,1
42,2447,train,3
42,2465,train,9
42,7295,train,1
42,4856,train,2
42,3482,train,4
42,2899,train,0
42,2824,train,1
42,4418,train,5
42,3362,train,2
42,4348,train,6
42,1513,train,7
42,397,train,9
42,3783,train,2
42,7000,train,3
42,6231,train,3
42,5467,train,9
42,2611,train,5
42,3858,train,3
42,3789,train,1
42,2424,train,5
42,517,train,6
42,5647,train,4
42,2115,train,4
42,1254,train,3
42,6066,train,2
42,5853,train,8
42,3037,train,2
42,2686,train,6
42,1118,train,6
42,3315,train,1
42,3101,train,2
42,339,train,9
42,5750,train,0
42,3851,train,7
42,5211,train,3
42,5785,train,1
42,300,train,2
42,2797,train,0
42,5569,train,9
42,3705,train,7
42,1776,train,1
42,5125,train,5
42,3158,train,3
42,1362,train,4
42,446,train,6
42,2328,train,1
42,3341,train,2
42,135,train,1
42,1467,train,6
42,4085,train,5
42,615,train,9
42,5499,train,8
42,5747,train,1
42,3800,train,3
42,5469,train,2
42,390,train,5
42,6360,train,1
42,3670,train,5
42,5878,train,0
42,3338,train,9
42,7322,train,1
42,5070,train,8
42,7219,train,0
42,5493,train,9
42,2057,train,1
42,872,train,6
42,5295,train,3
42,2857,train,0
42,5147,train,9
42,1326,train,5
42,1953,train,3
42,4323,train,2
42,5363,train,8
42,1405,train,7
42,3130,train,7
42,2959,train,1
42,6576,train,8
42,1887,train,3
42,126,train,5
42,5882,train,4
42,6537,train,9
42,7119,train,4
42,4109,train,0
42,1475,train,7
42,2608,train,9
42,4056,train,0
42,4637,train,9
42,2779,train,0
42,5547,train,3
42,347,train,4
42,489,train,1
42,4876,train,9
42,3635,train,1
42,1582,train,1
42,1783,train,3
42,863,train,3
42,6389,train,7
42,3684,train,2
42,2071,train,4
42,936,train,2
42,7234,train,1
42,6946,train,7
42,1622,train,9
42,6628,train,8
42,7319,train,4
42,970,train,4
42,6106,train,9
42,3828,train,3
42,1555,train,2
42,6820,train,1
42,364,train,9
42,2326,train,4
42,2849,train,2
42,4564,train,3
42,5837,train,8
42,4775,train,2
42,1483,train,1
42,6637,train,4
42,5139,train,3
42,2278,train,9
42,6610,train,3
42,370,train,5
42,4036,train,6
42,6880,train,5
42,6936,train,4
42,4838,train,3
42,2560,train,6
42,6601,train,6
42,6904,train,1
42,7002,train,8
42,2631,train,8
42,957,train,3
42,5686,train,8
42,3507,train,7
42,2598,train,7
42,6867,train,5
42,5197,train,6
42,4130,train,5
42,5870,train,8
42,1144,train,0
42,2739,train,4
42,1668,train,4
42,2203,train,1
42,100,train,2
42,7202,train,1
42,7175,train,0
42,4720,train,0
42,4153,train,9
42,2076,train,6
42,2033,train,0
42,2930,train,2
42,1551,train,5
42,756,train,6
42,3960,train,4
42,1942,train,9
42,514,train,0
42,5186,train,4
42,1844,train,7
42,3277,train,7
42,5792,train,3
42,4177,train,1
42,6351,train,9
42,559,train,9
42,4485,train,2
42,4317,train,1
42,4573,train,7
42,4018,train,9
42,1022,train,6
42,6100,train,9
42,4327,train,1
42,2974,train,2
42,7105,train,7
42,1579,train,4
42,330,train,8
42,692,train,2
42,4894,train,4
42,6706,train,7
42,3023,train,9
42,4736,train,9
42,1880,train,3
42,4246,train,5
42,2182,train,7
42,1723,train,2
42,941,train,2
42,6791,train,0
42,2533,train,0
42,4219,train,7
42,5511,train,6
42,987,train,0
42,6862,train,9
42,5246,train,3
42,375,train,0
42,4859,train,2
42,1560,train,8
42,2970,train,3
42,6858,train,4
42,1597,train,1
42,56,train,0
42,7191,train,9
42,6953,train,8
42,6968,train,7
42,493,train,8
42,4661,train,4
42,6567,train,8
42,4128,train,0
42,2464,train,0
42,6206,train,2
42,5171,train,4
42,2839,train,9
42,6738,train,7
42,4076,train,9
42,5095,train,6
42,6194,train,0
42,6111,train,7
42,7287,train,8
42,2638,train,1
42,877,train,7
42,4633,train,2
42,376,train,6
42,1506,train,4
42,439,train,9
42,6237,train,8
42,4286,train,6
42,7161,train,9
42,1289,train,0
42,2948,train,5
42,3220,train,3
42,4375,train,2
42,5897,train,9
42,6676,train,4
42,2512,train,1
42,2768,train,8
42,7232,train,4
42,2235,train,6
42,2980,train,6
42,1980,train,1
42,4261,train,5
42,3954,train,2
42,3957,train,5
42,5456,train,4
42,5503,train,6
42,6072,train,8
42,3077,train,1
42,6844,train,5
42,1211,train,0
42,6695,train,5
42,321,train,4
42,4210,train,8
42,4206,train,9
42,838,train,8
42,1798,train,0
42,6983,train,8
42,5670,train,6
42,7212,train,7
42,4773,train,3
42,2138,train,6
42,1770,train,3
42,5989,train,1
42,6956,train,6
42,966,train,5
42,1489,train,6
42,3431,train,0
42,5608,train,9
42,5774,train,4
42,1907,train,6
42,4831,train,5
42,291,train,3
42,1925,train,6
42,778,train,3
42,2693,train,6
42,6682,train,9
42,5374,train,3
42,2117,train,6
42,727,train,5
42,4306,train,0
42,6500,train,2
42,4704,train,3
42,4734,train,5
42,4321,train,0
42,6000,train,6
42,1208,train,2
42,1617,train,7
42,3357,train,6
42,6985,train,3
42,1865,train,8
42,1439,train,9
42,5191,train,8
42,5835,train,8
42,4157,train,1
42,2234,train,6
42,5132,train,9
42,379,train,8
42,804,train,7
42,6229,train,1
42,4004,train,1
42,4555,train,3
42,4071,train,6
42,5349,train,0
42,5006,train,4
42,3867,train,5
42,2347,train,0
42,5454,train,7
42,7006,train,0
42,2041,train,2
42,4024,train,4
42,3187,train,2
42,6665,train,1
42,990,train,5
42,1263,train,4
42,4853,train,4
42,1678,train,1
42,455,train,5
42,2619,train,2
42,3881,train,8
42,4459,train,2
42,6417,train,3
42,5331,train,6
42,3266,train,9
42,2748,train,8
42,1162,train,2
42,2462,train,7
42,1719,train,4
42,6338,train,3
42,5337,train,9
42,6733,train,6
42,5251,train,7
42,6506,train,5
42,7060,train,5
42,5657,train,2
42,3002,train,2
42,3074,train,0
42,3724,train,8
42,4572,train,6
42,1339,train,2
42,3748,train,1
42,86,train,0
42,7358,train,1
42,217,train,9
42,5742,train,4
42,3811,train,0
42,1348,train,6
42,199,train,0
42,4675,train,2
42,3030,train,7
42,7245,train,4
42,3546,train,8
42,5724,train,2
42,2250,train,3
42,1369,train,7
42,2758,train,3
42,965,train,1
42,6183,train,9
42,129,train,9
42,5714,train,1
42,1751,train,1
42,7024,train,4
42,3388,train,1
42,1097,train,8
42,4913,train,7
42,4551,train,5
42,5687,train,4
42,4952,train,7
42,405,train,9
42,3512,train,0
42,3395,train,7
42,4096,train,7
42,634,train,7
42,1971,train,0
42,4422,train,4
42,1590,train,4
42,6945,train,6
42,473,train,3
42,6122,train,3
42,7225,train,4
42,5379,train,6
42,2064,train,5
42,3918,train,7
42,6162,train,2
42,1218,train,1
42,297,train,7
42,466,train,7
42,236,train,7
42,2476,train,5
42,6461,train,5
42,1122,train,8
42,4959,train,9
42,5193,train,2
42,7300,train,8
42,4051,train,7
42,7151,train,5
42,4161,train,1
42,5412,train,5
42,5663,train,4
42,5224,train,8
42,176,train,0
42,2605,train,8
42,5217,train,0
42,3019,train,4
42,7344,train,0
42,7110,train,6
42,1648,train,0
42,768,train,9
42,5651,train,1
42,2077,train,5
42,4951,train,8
42,1799,train,7
42,3530,train,1
42,1308,train,3
42,16,train,2
42,6466,train,6
42,2113,train,2
42,3462,train,9
42,7054,train,0
42,1167,train,8
42,5345,train,0
42,1866,train,3
42,3558,train,6
42,2002,train,6
42,899,train,4
42,2080,train,3
42,6594,train,3
42,5353,train,3
42,1698,train,5
42,1225,train,1
42,5004,train,4
42,3639,train,8
42,3754,train,3
42,1924,train,0
42,237,train,0
42,3515,train,4
42,3602,train,5
42,3015,train,2
42,2997,train,6
42,5558,train,8
42,5240,train,7
42,6535,train,1
42,5920,train,5
42,3907,train,1
42,945,train,5
42,1975,train,1
42,3962,train,9
42,6264,train,5
42,682,train,9
42,134,train,5
42,6218,train,4
42,6701,train,6
42,6649,train,6
42,1782,train,2
42,4014,train,7
42,6488,train,6
42,5396,train,9
42,2245,train,9
42,6652,train,3
42,2793,train,0
42,4748,train,0
42,1486,train,5
42,6907,train,1
42,6319,train,6
42,4699,train,6
42,7163,train,9
42,4314,train,5
42,4356,train,6
42,867,train,0
42,6655,train,7
42,2361,train,0
42,3249,train,9
42,6991,train,2
42,4974,train,5
42,5087,train,8
42,2663,train,3
42,2620,train,5
42,2938,train,3
42,7049,train,9
42,1283,train,0
42,5802,train,5
42,4632,train,3
42,1500,train,3
42,4852,train,6
42,6270,train,2
42,7086,train,8
42,5208,train,9
42,3429,train,1
42,6555,train,5
42,5609,train,1
42,2946,train,6
42,1704,train,3
42,4025,train,4
42,2216,train,0
42,3281,train,9
42,2440,train,8
42,1562,train,2
42,724,train,8
42,1044,train,5
42,1874,train,8
42,1539,train,5
42,5448,train,2
42,4923,train,4
42,1060,train,1
42,5828,train,7
42,3085,train,9
42,2303,train,1
42,6215,train,5
42,5473,train,6
42,5673,train,8
42,2342,train,0
42,5536,train,1
42,4900,train,3
42,4819,train,0
42,6098,train,6
42,4307,train,1
42,1914,train,1
42,6680,train,0
42,4855,train,2
42,3761,train,8
42,6997,train,4
42,3031,train,6
42,5702,train,5
42,1561,train,2
42,6689,train,9
42,4579,train,7
42,503,train,7
42,994,train,2
42,6212,train,3
42,5128,train,3
42,2155,train,7
42,4808,train,3
42,2472,train,7
42,1179,train,0
42,820,train,5
42,414,train,8
42,5385,train,4
42,5905,train,6
42,3182,train,9
42,1425,train,2
42,951,train,3
42,2423,train,4
42,1463,train,5
42,1033,train,2
42,4232,train,4
42,3699,train,9
42,7052,train,0
42,4567,train,1
42,2329,train,5
42,1702,train,5
42,2953,train,9
42,1458,train,0
42,540,train,0
42,4697,train,6
42,7162,train,4
42,5691,train,3
42,4625,train,9
42,1904,train,3
42,2783,train,6
42,973,train,3
42,5156,train,5
42,816,train,8
42,1858,train,9
42,313,train,8
42,3882,train,6
42,3566,train,4
42,3738,train,6
42,2491,train,9
42,6557,train,2
42,5839,train,8
42,4750,train,8
42,2157,train,7
42,307,train,9
42,250,train,9
42,5506,train,8
42,5080,train,0
42,4029,train,7
42,2529,train,7
42,1210,train,9
42,459,train,5
42,5398,train,1
42,68,train,0
42,1546,train,0
42,6398,train,0
42,1605,train,5
42,6764,train,2
42,5892,train,3
42,5092,train,6
42,2838,train,3
42,6428,train,8
42,6314,train,2
42,3925,train,3
42,5194,train,1
42,2548,train,4
42,6297,train,5
42,2283,train,2
42,6141,train,8
42,726,train,6
42,3245,train,2
42,6418,train,8
42,4469,train,0
42,3575,train,0
42,2526,train,2
42,4009,train,5
42,6248,train,5
42,1259,train,0
42,1372,train,2
42,148,train,8
42,403,train,7
42,1045,train,2
42,3484,train,2
42,3542,train,2
42,4457,train,1
42,5981,train,0
42,3013,train,8
42,183,train,3
42,4455,train,9
42,2940,train,5
42,6949,train,0
42,4671,train,0
42,4521,train,8
42,2893,train,1
42,4811,train,7
42,854,train,5
42,6350,train,2
42,1842,train,1
42,6476,train,8
42,889,train,1
42,4822,train,6
42,4889,train,7
42,3600,train,9
42,6256,train,9
42,2349,train,0
42,5605,train,3
42,5020,train,4
42,1740,train,3
42,7306,train,5
42,4200,train,7
42,3417,train,0
42,4055,train,4
42,3654,train,0
42,553,train,8
42,4248,train,6
42,7355,train,9
42,1518,train,4
42,6786,train,0
42,2622,train,1
42,3901,train,9
42,2509,train,4
42,6970,train,1
42,3843,train,8
42,3072,train,6
42,5720,train,4
42,3170,train,3
42,5689,train,2
42,4136,train,3
42,3842,train,5
42,4881,train,9
42,2051,train,6
42,4421,train,6
42,6146,train,7
42,680,train,1
42,6179,train,4
42,1664,train,9
42,3436,train,6
42,2240,train,5
42,1961,train,1
42,2421,train,7
42,2956,train,2
42,1569,train,3
42,6530,train,9
42,1129,train,0
42,3172,train,5
42,7062,train,1
42,1535,train,7
42,7146,train,6
42,2313,train,4
42,487,train,8
42,3947,train,5
42,7113,train,7
42,6798,train,6
42,6300,train,4
42,6120,train,5
42,6279,train,9
42,1176,train,6
42,2249,train,4
42,2194,train,5
42,5562,train,1
42,2872,train,7
42,2874,train,3
42,762,train,1
42,4075,train,9
42,2654,train,3
42,752,train,5
42,944,train,6
42,4173,train,4
42,5779,train,9
42,4172,train,7
42,64,train,4
42,5954,train,7
42,1296,train,6
42,5819,train,1
42,4414,train,6
42,5048,train,6
42,2151,train,1
42,4125,train,2
42,6137,train,4
42,7097,train,3
42,7330,train,9
42,4395,train,1
42,1592,train,3
42,5544,train,3
42,2617,train,6
42,5439,train,2
42,5994,train,0
42,1777,train,5
42,2111,train,8
42,4052,train,6
42,1026,train,6
42,1435,train,5
42,7298,train,2
42,1927,train,1
42,6545,train,9
42,3970,train,7
42,6881,train,9
42,6105,train,5
42,4944,train,3
42,7349,train,1
42,6616,train,5
42,69,train,4
42,4591,train,9
42,3707,train,8
42,1503,train,1
42,1032,train,3
42,2513,train,8
42,2853,train,9
42,858,train,7
42,5949,train,6
42,2442,train,1
42,381,train,3
42,717,train,0
42,3336,train,9
42,1652,train,9
42,4354,train,1
42,5378,train,7
42,6763,train,6
42,1898,train,8
42,1316,train,2
42,1804,train,7
42,20,train,9
42,4757,train,8
42,3758,train,9
42,3533,train,6
42,1371,train,6
42,3451,train,4
42,2812,train,5
42,6638,train,8
42,3717,train,3
42,5842,train,0
42,1748,train,2
42,5257,train,1
42,3189,train,1
42,5572,train,6
42,2578,train,5
42,6687,train,0
42,2095,train,0
42,1428,train,2
42,5231,train,9
42,2919,train,7
42,7074,train,0
42,3694,train,1
42,4369,train,3
42,4621,train,8
42,3733,train,4
42,6927,train,6
42,4599,train,3
42,2927,train,0
42,5947,train,5
42,6915,train,3
42,2101,train,7
42,6243,train,8
42,268,train,5
42,2542,train,6
42,4840,train,7
42,3988,train,3
42,6663,train,3
42,4407,train,1
42,5035,train,3
42,3179,train,7
42,4170,train,3
42,1324,train,6
42,1742,train,1
42,1310,train,2
42,4050,train,6
42,2821,train,4
42,3731,train,6
42,1009,train,5
42,833,train,3
42,1642,train,3
42,3854,train,4
42,3070,train,6
42,4778,train,4
42,4541,train,9
42,2964,train,1
42,3996,train,8
42,7170,train,0
42,6723,train,3
42,6362,train,8
42,4879,train,7
42,281,train,2
42,3545,train,8
42,4843,train,3
42,3347,train,4
42,1910,train,8
42,505,train,6
42,6397,train,8
42,1855,train,8
42,1928,train,8
42,161,train,2
42,6284,train,3
42,2477,train,8
42,6090,train,1
42,5636,train,0
42,369,train,6
42,3643,train,2
42,2060,train,5
42,216,train,0
42,789,train,3
42,2594,train,2
42,6321,train,3
42,2937,train,6
42,3439,train,3
42,6089,train,4
42,3701,train,4
42,3618,train,3
42,4187,train,7
42,3787,train,4
42,155,train,6
42,1977,train,5
42,2378,train,9
42,5361,train,4
42,4719,train,6
42,1047,train,4
42,4698,train,1
42,1221,train,0
42,6119,train,3
42,3423,train,3
42,2498,train,7
42,1419,train,2
42,7364,train,1
42,6646,train,9
42,2931,train,1
42,3173,train,5
42,1207,train,7
42,6524,train,1
42,3572,train,1
42,1243,train,2
42,6917,train,6
42,3254,train,8
42,4885,train,3
42,5275,train,4
42,6822,train,8
42,3689,train,2
42,2945,train,9
42,3443,train,4
42,1926,train,6
42,684,train,6
42,5106,train,4
42,5417,train,5
42,3047,train,4
42,2820,train,6
42,7143,train,2
42,4225,train,1
42,3965,train,1
42,1635,train,5
42,2885,train,3
42,5765,train,9
42,4347,train,1
42,5220,train,0
42,6636,train,5
42,609,train,7
42,2887,train,9
42,2571,train,7
42,2612,train,4
42,5917,train,4
42,2459,train,0
42,355,train,4
42,1307,train,4
42,3535,train,4
42,654,train,6
42,7058,train,7
42,1659,train,3
42,6130,train,6
42,3772,train,2
42,6711,train,7
42,1415,train,1
42,2334,train,4
42,5953,train,7
42,1116,train,0
42,3379,train,2
42,6658,train,4
42,1921,train,6
42,3004,train,7
42,709,train,6
42,3899,train,4
42,1762,train,1
42,2579,train,5
42,1629,train,7
42,418,train,2
42,4494,train,0
42,4888,train,9
42,6538,train,7
42,5592,train,9
42,4559,train,1
42,4532,train,6
42,6587,train,6
42,6484,train,5
42,1772,train,5
42,1916,train,6
42,658,train,4
42,5784,train,0
42,5925,train,9
42,795,train,5
42,5939,train,3
42,4759,train,8
42,7019,train,4
42,766,train,9
42,6205,train,5
42,715,train,4
42,3361,train,0
42,5974,train,1
42,6487,train,4
42,2047,train,9
42,5957,train,2
42,4392,train,4
42,843,train,7
42,2804,train,0
42,953,train,2
42,687,train,8
42,6870,train,4
42,5154,train,7
42,2915,train,8
42,3889,train,7
42,914,train,8
42,5579,train,8
42,5594,train,6
42,4363,train,0
42,3282,train,0
42,372,train,7
42,3875,train,9
42,5000,train,0
42,3346,train,5
42,6121,train,3
42,3571,train,1
42,6369,train,8
42,5567,train,5
42,7258,train,8
42,5910,train,1
42,3386,train,9
42,3008,train,2
42,6441,train,0
42,3154,train,6
42,7031,train,4
42,603,train,2
42,3942,train,7
42,5869,train,6
42,6906,train,4
42,1098,train,2
42,2034,train,9
42,3715,train,1
42,6727,train,8
42,1765,train,5
42,7043,train,4
42,6286,train,5
42,4834,train,4
42,796,train,7
42,3497,train,0
42,104,train,2
42,7356,train,7
42,5623,train,1
42,6347,train,2
42,7353,train,2
42,4777,train,2
42,2366,train,6
42,5975,train,8
42,5678,train,3
42,6455,train,3
42,4217,train,6
42,3581,train,2
42,6033,train,4
42,786,train,8
42,7252,train,1
42,536,train,4
42,3207,train,1
42,3272,train,7
42,91,train,8
42,4507,train,3
42,6432,train,8
42,3730,train,1
42,3007,train,0
42,2310,train,6
42,6937,train,7
42,4563,train,9
42,1270,train,1
42,5962,train,1
42,1682,train,3
42,2084,train,4
42,6011,train,2
42,5438,train,3
42,3157,train,5
42,1079,train,8
42,3303,train,4
42,4954,train,0
42,5303,train,9
42,1330,train,5
42,1836,train,9
42,630,train,2
42,5933,train,3
42,2218,train,6
42,6579,train,6
42,4725,train,1
42,3073,train,2
42,269,train,1
42,4870,train,0
42,2273,train,0
42,6828,train,3
42,1155,train,2
42,186,train,9
42,476,train,9
42,2431,train,2
42,2803,train,6
42,3025,train,0
42,6019,train,6
42,3576,train,6
42,6563,train,7
42,2163,train,7
42,2079,train,6
42,1572,train,0
42,6647,train,2
42,6518,train,5
42,2995,train,4
42,6854,train,4
42,6198,train,6
42,3543,train,7
42,3099,train,7
42,4901,train,7
42,2229,train,0
42,2368,train,7
42,6941,train,5
42,3579,train,9
42,1851,train,0
42,6026,train,3
42,3633,train,4
42,6414,train,3
42,1188,train,4
42,6731,train,4
42,1526,train,8
42,5935,train,4
42,2332,train,3
42,6851,train,8
42,284,train,6
42,703,train,4
42,5810,train,6
42,6977,train,7
42,6430,train,3
42,6465,train,1
42,5181,train,6
42,6809,train,8
42,4037,train,9
42,1735,train,3
42,4381,train,0
42,7266,train,4
42,2164,train,1
42,4589,train,2
42,904,train,7
42,1389,train,3
42,1879,train,4
42,1826,train,5
42,1985,train,8
42,2524,train,3
42,5494,train,3
42,5129,train,0
42,221,train,3
42,4437,train,4
42,2146,train,9
42,6903,train,0
42,3410,train,1
42,2740,train,5
42,4574,train,5
42,2031,train,3
42,6694,train,7
42,2988,train,0
42,6861,train,4
42,7112,train,2
42,1521,train,0
42,1107,train,8
42,5060,train,0
42,2545,train,5
42,4880,train,7
42,5265,train,3
42,1201,train,5
42,111,train,3
42,5936,train,1
42,5999,train,4
42,3622,train,8
42,3119,train,4
42,3674,train,4
42,4247,train,1
42,4946,train,8
42,3351,train,2
42,1655,train,5
42,352,train,5
42,5005,train,3
42,7237,train,7
42,3022,train,3
42,3798,train,8
42,1286,train,7
42,71,train,9
42,3930,train,1
42,1387,train,8
42,1931,train,3
42,5841,train,5
42,2573,train,2
42,429,train,2
42,3454,train,0
42,3433,train,2
42,3056,train,5
42,6046,train,3
42,5123,train,5
42,751,train,7
42,2162,train,7
42,2778,train,3
42,5894,train,1
42,2233,train,5
42,4180,train,1
42,2965,train,0
42,4176,train,9
42,5576,train,7
42,3126,train,2
42,2316,train,1
42,4376,train,3
42,3519,train,8
42,7359,train,4
42,592,train,7
42,3723,train,0
42,2024,train,7
42,4499,train,3
42,800,train,4
42,4646,train,8
42,1522,train,8
42,3791,train,1
42,3912,train,2
42,191,train,3
42,5287,train,7
42,5571,train,8
42,6134,train,5
42,5665,train,4
42,6914,train,3
42,1920,train,0
42,5203,train,1
42,7034,train,9
42,5806,train,4
42,996,train,4
42,4816,train,0
42,3813,train,1
42,3969,train,5
42,5180,train,8
42,1893,train,2
42,718,train,7
42,4958,train,8
42,2395,train,4
42,4089,train,4
42,6370,train,3
42,6160,train,8
42,6070,train,4
42,4667,train,3
42,5531,train,5
42,832,train,5
42,399,train,0
42,522,train,8
42,1086,train,6
42,3012,train,1
42,3656,train,7
42,3569,train,9
42,6341,train,9
42,6896,train,3
42,4766,train,6
42,7106,train,4
42,5341,train,2
42,2763,train,9
42,6348,train,6
42,849,train,9
42,272,train,8
42,2274,train,1
42,3114,train,8
42,1787,train,5
42,6208,train,0
42,5187,train,4
42,983,train,8
42,412,train,3
42,2736,train,9
42,5909,train,7
42,1816,train,7
42,5413,train,2
42,4920,train,2
42,1813,train,4
42,1547,train,9
42,1003,train,6
42,6807,train,0
42,3120,train,6
42,2979,train,4
42,7053,train,9
42,5945,train,4
42,7329,train,0
42,3111,train,0
42,4260,train,6
42,6998,train,6
42,1031,train,0
42,5159,train,8
42,5541,train,1
42,344,train,6
42,6525,train,5
42,694,train,2
42,1454,train,3
42,1722,train,3
42,7318,train,1
42,1959,train,7
42,551,train,0
42,3071,train,2
42,3165,train,3
42,5176,train,6
42,3577,train,9
42,758,train,0
42,3887,train,5
42,4882,train,2
42,4142,train,3
42,6527,train,0
42,1857,train,0
42,2643,train,4
42,5914,train,7
42,5166,train,1
42,5640,train,7
42,1821,train,2
42,2800,train,6
42,1398,train,2
42,3236,train,8
42,4486,train,1
42,6216,train,2
42,6451,train,9
42,3190,train,4
42,3177,train,7
42,3985,train,7
42,4640,train,7
42,3430,train,3
42,1065,train,6
42,3666,train,8
42,6750,train,5
42,433,train,2
42,5793,train,8
42,2330,train,6
42,2710,train,6
42,5958,train,2
42,12,train,5
42,2583,train,7
42,3258,train,6
42,5434,train,9
42,799,train,5
42,2093,train,7
42,7180,train,5
42,2434,train,4
42,4968,train,9
42,346,train,1
42,3524,train,9
42,4659,train,5
42,4143,train,0
42,4903,train,3
42,2562,train,9
42,7260,train,8
42,6016,train,2
42,3323,train,0
42,3993,train,1
42,3337,train,1
42,1608,train,6
42,1018,train,2
42,865,train,4
42,1731,train,5
42,5502,train,5
42,4710,train,2
42,6860,train,7
42,3518,train,2
42,5450,train,5
42,7185,train,0
42,1749,train,2
42,4033,train,8
42,3744,train,5
42,1936,train,3
42,3522,train,8
42,7025,train,7
42,2230,train,8
42,2790,train,0
42,4820,train,2
42,4368,train,9
42,4215,train,4
42,5884,train,0
42,4480,train,1
42,1640,train,7
42,928,train,4
42,589,train,2
42,4630,train,1
42,3389,train,7
42,2996,train,2
42,59,train,8
42,108,train,3
42,2952,train,6
42,4867,train,7
42,4708,train,8
42,4967,train,1
42,5648,train,5
42,4586,train,6
42,6084,train,9
42,2961,train,0
42,4837,train,4
42,4972,train,2
42,2169,train,5
42,5098,train,9
42,932,train,0
42,7165,train,8
42,5868,train,0
42,3203,train,6
42,2208,train,0
42,2026,train,5
42,4771,train,6
42,1534,train,5
42,2337,train,8
42,4008,train,0
42,3256,train,1
42,5322,train,6
42,3952,train,5
42,7206,train,8
42,3638,train,1
42,4976,train,8
42,5860,train,3
42,3064,train,8
42,6622,train,5
42,4138,train,9
42,2000,train,2
42,4606,train,9
42,6849,train,6
42,7147,train,3
42,2652,train,1
42,169,train,4
42,3309,train,2
42,427,train,7
42,568,train,9
42,2680,train,9
42,4424,train,2
42,3398,train,6
42,5625,train,3
42,5133,train,7
42,2725,train,0
42,6139,train,0
42,5031,train,4
42,690,train,0
42,1317,train,0
42,4083,train,4
42,912,train,0
42,5430,train,1
42,5768,train,6
42,2136,train,2
42,2104,train,2
42,5195,train,0
42,4078,train,1
42,6589,train,0
42,277,train,3
42,6136,train,3
42,5903,train,6
42,6310,train,7
42,3231,train,3
42,6481,train,2
42,5247,train,0
42,6829,train,3
42,642,train,7
42,5114,train,0
42,6720,train,5
42,4635,train,3
42,262,train,0
42,2188,train,4
42,6343,train,1
42,1643,train,5
42,1235,train,2
42,3327,train,7
42,4030,train,6
42,4531,train,9
42,4451,train,4
42,87,train,6
42,5376,train,9
42,621,train,9
42,5518,train,1
42,2132,train,2
42,2059,train,7
42,4470,train,4
42,4190,train,9
42,456,train,5
42,3584,train,7
42,2212,train,2
42,4796,train,9
42,2551,train,9
42,159,train,8
42,6643,train,5
42,54,train,0
42,1636,train,3
42,6085,train,3
42,6730,train,3
42,3394,train,0
42,77,train,7
42,1131,train,6
42,3373,train,6
42,4663,train,9
42,6831,train,6
42,1993,train,6
42,3283,train,1
42,2698,train,9
42,3339,train,1
42,2506,train,5
42,4396,train,1
42,6600,train,0
42,4723,train,8
42,4452,train,9
42,4612,train,9
42,7150,train,0
42,1841,train,6
42,1793,train,3
42,3278,train,6
42,6203,train,9
42,5076,train,3
42,773,train,0
42,6025,train,8
42,6225,train,1
42,3841,train,5
42,3434,train,9
42,1680,train,6
42,6142,train,3
42,7045,train,2
42,927,train,0
42,3737,train,9
42,7286,train,7
42,894,train,2
42,3729,train,9
42,4345,train,2
42,6354,train,7
42,181,train,2
42,5775,train,5
42,2604,train,2
42,1743,train,7
42,1900,train,2
42,3109,train,2
42,4477,train,7
42,2339,train,5
42,1169,train,6
42,5489,train,1
42,5659,train,0
42,220,train,6
42,3893,train,6
42,1368,train,8
42,4377,train,8
42,2038,train,2
42,830,train,4
42,4333,train,8
42,1991,train,5
42,2286,train,2
42,2875,train,9
42,3718,train,9
42,3583,train,7
42,4550,train,4
42,5844,train,4
42,660,train,8
42,2511,train,7
42,4514,train,1
42,2944,train,9
42,2642,train,4
42,4202,train,5
42,2641,train,9
42,7181,train,9
42,2843,train,5
42,5602,train,9
42,6027,train,1
42,6875,train,4
42,1178,train,1
42,7005,train,7
42,3257,train,9
42,5593,train,7
42,3409,train,9
42,6058,train,5
42,1147,train,9
42,4990,train,2
42,6471,train,1
42,2635,train,3
42,911,train,4
42,1194,train,0
42,2926,train,9
42,5772,train,7
42,4298,train,7
42,5590,train,2
42,5103,train,4
42,3868,train,2
42,579,train,5
42,3523,train,9
42,3709,train,2
42,6599,train,7
42,2474,train,1
42,4546,train,9
42,1347,train,6
42,2195,train,3
42,6511,train,6
42,6556,train,2
42,366,train,3
42,3548,train,8
42,1015,train,1
42,2958,train,2
42,5097,train,2
42,1847,train,5
42,5282,train,7
42,6976,train,9
42,331,train,8
42,3751,train,8
42,3795,train,7
42,6259,train,7
42,3129,train,6
42,5348,train,6
42,2983,train,5
42,3642,train,1
42,1656,train,0
42,2649,train,6
42,1606,train,4
42,6790,train,0
42,7148,train,7
42,5685,train,6
42,5987,train,6
42,3557,train,0
42,977,train,4
42,1662,train,4
42,5990,train,4
42,2898,train,7
42,1135,train,0
42,3688,train,0
42,2683,train,5
42,3289,train,1
42,2982,train,0
42,1828,train,2
42,3113,train,1
42,4207,train,7
42,1277,train,0
42,4208,train,5
42,132,train,5
42,4905,train,7
42,3944,train,1
42,1515,train,6
42,4570,train,7
42,2676,train,7
42,4682,train,2
42,855,train,0
42,1965,train,9
42,6685,train,3
42,1000,train,7
42,3325,train,7
42,6307,train,8
42,2629,train,1
42,3834,train,5
42,2390,train,8
42,1647,train,3
42,2279,train,7
42,2936,train,3
42,1444,train,0
42,2519,train,4
42,6713,train,9
42,4556,train,2
42,1957,train,3
42,4628,train,5
42,824,train,3
42,4887,train,4
42,7190,train,0
42,1986,train,8
42,57,train,9
42,2040,train,4
42,3235,train,9
42,1998,train,7
42,3665,train,4
42,5264,train,8
42,3104,train,0
42,3636,train,5
42,2418,train,0
42,4461,train,2
42,6159,train,9
42,3342,train,2
42,5698,train,7
42,4332,train,0
42,5787,train,2
42,851,train,3
42,7064,train,3
42,3741,train,5
42,1199,train,0
42,5642,train,0
42,5055,train,9
42,7107,train,7
42,4756,train,6
42,2863,train,8
42,5280,train,7
42,1538,train,3
42,80,train,6
42,158,train,9
42,960,train,9
42,6584,train,9
42,424,train,3
42,3756,train,2
42,3385,train,5
42,7343,train,6
42,4694,train,6
42,647,train,5
42,171,train,4
42,597,train,9
42,5601,train,8
42,881,train,4
42,361,train,8
42,2798,train,6
42,1476,train,8
42,4318,train,5
42,6889,train,7
42,4297,train,5
42,5243,train,9
42,4804,train,7
42,2411,train,9
42,719,train,6
42,4861,train,7
42,4987,train,8
42,3833,train,2
42,6745,train,6
42,5452,train,1
42,210,train,9
42,1774,train,0
42,6999,train,6
42,2362,train,3
42,6837,train,8
42,3675,train,5
42,940,train,5
42,6285,train,9
42,6055,train,5
42,1401,train,9
42,6361,train,8
42,2215,train,6
42,7345,train,2
42,496,train,2
42,3760,train,5
42,2711,train,4
42,6485,train,5
42,6840,train,8
42,706,train,1
42,2248,train,7
42,5135,train,4
42,6041,train,7
42,2765,train,7
42,4537,train,8
42,1466,train,8
42,5791,train,3
42,7357,train,0
42,6376,train,4
42,807,train,7
42,2323,train,8
42,2066,train,2
42,3964,train,2
42,2098,train,5
42,5817,train,1
42,5067,train,1
42,930,train,1
42,2276,train,3
42,903,train,2
42,1056,train,2
42,1594,train,9
42,7332,train,7
42,2549,train,4
42,4601,train,8
42,504,train,1
42,3766,train,0
42,1524,train,9
42,1451,train,0
42,4398,train,6
42,5029,train,3
42,2928,train,9
42,6797,train,0
42,876,train,5
42,454,train,1
42,6534,train,4
42,6922,train,6
42,6507,train,9
42,4301,train,5
42,1517,train,0
42,5757,train,2
42,5407,train,4
42,1124,train,3
42,5402,train,2
42,5484,train,5
42,488,train,0
42,6980,train,5
42,7130,train,2
42,5210,train,6
42,2756,train,5
42,5226,train,9
42,5444,train,9
42,5941,train,0
42,2544,train,2
42,3588,train,7
42,1268,train,1
42,2587,train,2
42,4545,train,2
42,3752,train,6
42,6336,train,7
42,925,train,9
42,6367,train,0
42,6959,train,0
42,6249,train,2
42,3817,train,0
42,1872,train,6
42,1184,train,4
42,2782,train,1
42,7070,train,8
42,6887,train,9
42,1360,train,0
42,6921,train,8
42,442,train,8
42,3326,train,0
42,2532,train,1
42,5829,train,3
42,501,train,0
42,4787,train,0
42,3020,train,6
42,5961,train,9
42,4095,train,5
42,4616,train,8
42,5554,train,2
42,3896,train,6
42,274,train,5
42,6742,train,1
42,7341,train,8
42,383,train,6
42,6722,train,3
42,6919,train,0
42,549,train,2
42,6099,train,1
42,2298,train,9
42,5118,train,8
42,4267,train,0
42,1114,train,9
42,988,train,2
42,3939,train,8
42,676,train,3
42,6227,train,2
42,6621,train,7
42,306,train,8
42,6872,train,6
42,7200,train,4
42,2481,train,2
42,3631,train,5
42,6087,train,8
42,6824,train,0
42,5228,train,2
42,4812,train,7
42,3782,train,7
42,2856,train,6
42,4123,train,3
42,3506,train,8
42,7095,train,1
42,6435,train,0
42,166,train,7
42,2282,train,8
42,5336,train,5
42,1618,train,3
42,6940,train,1
42,4061,train,2
42,3098,train,1
42,1163,train,9
42,4557,train,5
42,4382,train,8
42,31,train,5
42,1654,train,6
42,6029,train,6
42,2149,train,2
42,2547,train,8
42,4119,train,3
42,6061,train,9
42,999,train,1
42,1465,train,8
42,7114,train,3
42,4230,train,5
42,3418,train,4
42,2913,train,4
42,3984,train,3
42,3866,train,5
42,976,train,9
42,5908,train,5
42,640,train,2
42,1119,train,0
42,395,train,3
42,6333,train,8
42,3348,train,7
42,1274,train,3
42,3110,train,6
42,2242,train,6
42,5335,train,8
42,2262,train,7
42,2911,train,7
42,228,train,3
42,1290,train,2
42,5443,train,7
42,5749,train,4
42,3488,train,0
42,7367,train,8
42,5717,train,3
42,6261,train,6
42,1586,train,7
42,4620,train,2
42,6664,train,5
42,3777,train,1
42,3360,train,6
42,3483,train,1
42,367,train,2
42,1021,train,4
42,2,train,2
42,5616,train,9
42,5069,train,0
42,5834,train,4
42,2376,train,8
42,7098,train,5
42,5263,train,9
42,5943,train,2
42,4565,train,2
42,6463,train,9
42,2538,train,9
42,3416,train,1
42,6255,train,4
42,7196,train,9
42,7230,train,9
42,1050,train,5
42,700,train,4
42,2667,train,2
42,1352,train,3
42,5099,train,0
42,5890,train,7
42,4400,train,0
42,4696,train,5
42,2380,train,1
42,3667,train,5
42,6517,train,4
42,1756,train,3
42,174,train,3
42,1644,train,9
42,2655,train,3
42,4774,train,0
42,1859,train,6
42,5956,train,1
42,4016,train,5
42,1779,train,3
42,793,train,2
42,880,train,5
42,1485,train,7
42,6039,train,1
42,1554,train,2
42,713,train,6
42,353,train,3
42,2128,train,2
42,4832,train,1
42,5432,train,2
42,5915,train,7
42,4784,train,8
42,4046,train,7
42,4927,train,8
42,7083,train,0
42,4585,train,1
42,3587,train,9
42,4814,train,9
42,5190,train,2
42,7010,train,4
42,267,train,6
42,4312,train,1
42,6086,train,2
42,6001,train,3
42,6574,train,2
42,2502,train,4
42,926,train,9
42,4072,train,7
42,7179,train,8
42,4285,train,7
42,2422,train,5
42,413,train,3
42,602,train,2
42,5260,train,5
42,2027,train,2
42,4380,train,0
42,1329,train,8
42,5001,train,1
42,3877,train,3
42,1090,train,7
42,3197,train,1
42,893,train,5
42,6891,train,9
42,6277,train,5
42,6522,train,5
42,3878,train,8
42,6187,train,2
42,2569,train,2
42,5574,train,1
42,4262,train,6
42,1814,train,9
42,6942,train,6
42,4146,train,2
42,2672,train,4
42,3871,train,4
42,402,train,1
42,5008,train,1
42,864,train,5
42,2050,train,1
42,3810,train,5
42,4405,train,7
42,4000,train,7
42,591,train,8
42,6346,train,3
42,4082,train,6
42,3419,train,6
42,3358,train,8
42,5138,train,5
42,5629,train,5
42,3650,train,9
42,2822,train,1
42,461,train,0
42,4058,train,7
42,6244,train,7
42,1248,train,9
42,2473,train,4
42,4677,train,6
42,6504,train,2
42,3568,train,7
42,5528,train,4
42,5813,train,0
42,7310,train,9
42,3980,train,7
42,7317,train,7
42,4412,train,5
42,7360,train,4
42,2483,train,2
42,4274,train,3
42,5400,train,5
42,7177,train,4
42,1388,train,5
42,362,train,4
42,6374,train,8
42,1604,train,7
42,1581,train,4
42,2741,train,8
42,4836,train,1
42,6782,train,0
42,601,train,1
42,2451,train,9
42,1049,train,5
42,4941,train,8
42,6165,train,0
42,7263,train,4
42,3773,train,4
42,2722,train,9
42,6075,train,1
42,2847,train,0
42,462,train,3
42,978,train,3
42,2626,train,0
42,7294,train,7
42,4245,train,0
42,285,train,6
42,1041,train,1
42,5997,train,4
42,2727,train,7
42,4788,train,9
42,1350,train,4
42,4979,train,8
42,3553,train,1
42,1725,train,5
42,2189,train,7
42,3304,train,1
42,3976,train,3
42,6022,train,7
42,5992,train,9
42,1661,train,3
42,4463,train,9
42,5952,train,5
42,1905,train,3
42,6262,train,4
42,2833,train,8
42,6869,train,0
42,4068,train,2
42,1670,train,8
42,1989,train,7
42,6686,train,2
42,13,train,1
42,447,train,7
42,2967,train,0
42,5735,train,7
42,2535,train,7
42,3478,train,8
42,1148,train,4
42,1771,train,0
42,4910,train,7
42,7028,train,5
42,678,train,2
42,4287,train,2
42,3590,train,5
42,6331,train,0
42,3991,train,6
42,3301,train,9
42,1727,train,9
42,4144,train,5
42,3058,train,5
42,1867,train,4
42,5931,train,9
42,1919,train,3
42,5209,train,3
42,1391,train,2
42,2880,train,7
42,5556,train,9
42,153,train,6
42,2668,train,7
42,7207,train,9
42,3755,train,0
42,3941,train,6
42,5108,train,9
42,3046,train,5
42,6051,train,6
42,2826,train,7
42,4995,train,6
42,224,train,3
42,4467,train,7
42,2678,train,8
42,825,train,3
42,2388,train,0
42,127,train,3
42,42,train,1
42,7101,train,8
42,5077,train,0
42,1621,train,9
42,5248,train,2
42,6426,train,6
42,6739,train,4
42,1029,train,5
42,3237,train,4
42,5356,train,4
42,5078,train,5
42,6495,train,5
42,325,train,2
42,2994,train,8
42,2020,train,9
42,6805,train,7
42,906,train,4
42,5889,train,4
42,734,train,4
42,3364,train,4
42,1673,train,9
42,6768,train,4
42,3184,train,1
42,3010,train,6
42,3846,train,5
42,6431,train,2
42,5907,train,7
42,6452,train,6
42,1237,train,3
42,6770,train,2
42,3892,train,9
42,3890,train,1
42,3372,train,4
42,1132,train,8
42,6358,train,3
42,6175,train,1
42,6038,train,9
42,1048,train,8
42,1999,train,3
42,3163,train,0
42,3679,train,5
42,3405,train,7
42,5696,train,0
42,3950,train,4
42,3042,train,2
42,37,train,1
42,417,train,9
42,5872,train,8
42,2042,train,5
42,1053,train,5
42,3087,train,7
42,1028,train,4
42,5157,train,3
42,5068,train,3
42,2292,train,8
42,3862,train,2
42,2618,train,4
42,1627,train,8
42,3196,train,0
42,7134,train,7
42,554,train,3
42,2085,train,7
42,1552,train,4
42,6448,train,4
42,377,train,6
42,434,train,9
42,5780,train,4
42,3086,train,5
42,5215,train,5
42,737,train,8
42,1062,train,2
42,4534,train,7
42,2109,train,8
42,1657,train,7
42,4482,train,5
42,1206,train,3
42,2352,train,2
42,2032,train,8
42,4147,train,4
42,5075,train,9
42,7321,train,7
42,6871,train,1
42,4320,train,1
42,5746,train,8
42,6741,train,7
42,4902,train,7
42,82,train,4
42,2808,train,8
42,1653,train,5
42,3276,train,9
42,4825,train,3
42,2868,train,3
42,4433,train,7
42,6173,train,2
42,5495,train,7
42,828,train,8
42,7363,train,4
42,3352,train,9
42,5857,train,7
42,329,train,8
42,1231,train,9
42,2811,train,5
42,3096,train,0
42,6775,train,0
42,6155,train,3
42,4797,train,3
42,1556,train,9
42,2810,train,5
42,1344,train,6
42,3599,train,2
42,3917,train,0
42,507,train,7
42,2884,train,7
42,653,train,5
42,5705,train,0
42,6088,train,1
42,6597,train,5
42,4087,train,8
42,1453,train,1
42,2992,train,5
42,4617,train,8
42,6774,train,7
42,1567,train,5
42,1651,train,5
42,261,train,7
42,5013,train,5
42,2488,train,9
42,5789,train,3
42,4724,train,4
42,3456,train,1
42,1871,train,2
42,2335,train,7
42,6396,train,9
42,699,train,3
42,6969,train,3
42,869,train,8
42,90,train,7
42,392,train,8
42,4234,train,6
42,7205,train,7
42,1075,train,4
42,3963,train,0
42,7047,train,1
42,546,train,7
42,6838,train,6
42,5449,train,2
42,2634,train,4
42,6955,train,4
42,2389,train,0
42,2069,train,3
42,6902,train,7
42,5937,train,4
42,639,train,3
42,3251,train,6
42,2281,train,9
42,5707,train,9
42,5388,train,7
42,2308,train,8
42,1584,train,8
42,5150,train,5
42,2466,train,5
42,4370,train,5
42,6224,train,2
42,1052,train,2
42,6705,train,7
42,6012,train,4
42,1036,train,3
42,961,train,6
42,6170,train,2
42,4244,train,5
42,779,train,5
42,5416,train,8
42,6228,train,9
42,206,train,3
42,3702,train,5
42,3471,train,2
42,4981,train,6
42,5485,train,9
42,2575,train,5
42,6631,train,7
42,6062,train,5
42,6047,train,4
42,4359,train,5
42,2243,train,2
42,2593,train,0
42,3764,train,2
42,6596,train,9
42,2263,train,1
42,5296,train,5
42,10,train,4
42,4309,train,2
42,6015,train,2
42,4914,train,4
42,2121,train,5
42,4878,train,4
42,557,train,9
42,4691,train,9
42,5117,train,6
42,4807,train,4
42,3916,train,6
42,4915,train,9
42,6528,train,8
42,2358,train,3
42,279,train,4
42,2762,train,8
42,1862,train,1
42,75,train,0
42,5756,train,6
42,5534,train,0
42,5460,train,1
42,1305,train,7
42,2854,train,9
42,6420,train,2
42,6659,train,5
42,3700,train,3
42,4152,train,0
42,5824,train,0
42,2174,train,1
42,917,train,4
42,1383,train,8
42,771,train,1
42,2923,train,5
42,1929,train,8
42,5692,train,7
42,1791,train,7
42,1634,train,0
42,7126,train,3
42,3726,train,7
42,3839,train,0
42,5032,train,3
42,1602,train,6
42,270,train,0
42,721,train,5
42,5116,train,3
42,5849,train,0
42,4365,train,7
42,2312,train,1
42,1797,train,1
42,7041,train,8
42,478,train,9
42,6494,train,5
42,2385,train,0
42,3740,train,5
42,548,train,8
42,2972,train,4
42,4252,train,9
42,4505,train,9
42,2630,train,1
42,4231,train,9
42,5039,train,7
42,5089,train,9
42,4755,train,3
42,5865,train,8
42,2871,train,3
42,6962,train,2
42,5814,train,1
42,3977,train,6
42,1672,train,9
42,5238,train,7
42,3353,train,7
42,4342,train,9
42,6626,train,7
42,8,train,0
42,2480,train,5
42,646,train,0
42,2939,train,6
42,3106,train,5
42,1260,train,5
42,2699,train,8
42,6501,train,1
42,4538,train,2
42,3961,train,2
42,5517,train,5
42,1832,train,5
42,420,train,1
42,594,train,7
42,1166,train,3
42,920,train,5
42,780,train,8
42,4945,train,4
42,7198,train,1
42,4264,train,4
42,4581,train,9
42,5234,train,1
42,2228,train,7
42,2333,train,1
42,2700,train,6
42,5553,train,2
42,5923,train,7
42,835,train,7
42,2173,train,2
42,310,train,7
42,2737,train,4
42,2045,train,7
42,7195,train,5
42,2673,train,9
42,3076,train,7
42,3145,train,0
42,3149,train,5
42,2508,train,4
42,2858,train,6
42,3223,train,6
42,1689,train,9
42,5319,train,1
42,6930,train,7
42,6593,train,5
42,2485,train,5
42,975,train,3
42,2873,train,2
42,5760,train,8
42,5009,train,5
42,2049,train,5
42,328,train,6
42,3465,train,8
42,6781,train,3
42,2715,train,0
42,115,train,5
42,5262,train,8
42,448,train,0
42,5620,train,4
42,1708,train,3
42,2650,train,7
42,5059,train,6
42,4023,train,6
42,2841,train,0
42,765,train,4
42,7137,train,0
42,558,train,9
42,3226,train,7
42,4097,train,3
42,3291,train,8
42,1906,train,9
42,4642,train,0
42,6172,train,4
42,6323,train,8
42,5175,train,9
42,3536,train,4
42,745,train,8
42,214,train,7
42,2061,train,6
42,182,train,7
42,444,train,9
42,2616,train,0
42,6007,train,5
42,3910,train,7
42,2270,train,4
42,5492,train,8
42,6558,train,5
42,2324,train,3
42,3532,train,8
42,293,train,2
42,3263,train,5
42,5597,train,5
42,5161,train,2
42,2348,train,1
42,2008,train,3
42,2392,train,8
42,607,train,6
42,1933,train,5
42,7115,train,7
42,6385,train,1
42,1115,train,3
42,5507,train,5
42,1516,train,0
42,5266,train,2
42,3792,train,2
42,1505,train,1
42,5515,train,9
42,3900,train,0
42,5023,train,1
42,4732,train,9
42,6756,train,1
42,5155,train,6
42,4310,train,1
42,4768,train,1
42,6083,train,2
42,523,train,6
42,2416,train,6
42,4129,train,3
42,5475,train,0
42,301,train,2
42,3137,train,7
42,289,train,5
42,6539,train,9
42,4155,train,8
42,5105,train,1
42,3547,train,8
42,4785,train,7
42,5297,train,4
42,6339,train,0
42,5516,train,8
42,5919,train,0
42,1127,train,4
42,5982,train,7
42,156,train,4
42,2901,train,0
42,1809,train,6
42,5392,train,9
42,2367,train,2
42,6642,train,2
42,253,train,7
42,3239,train,6
42,1684,train,6
42,7350,train,2
42,3040,train,7
42,4372,train,9
42,3477,train,6
42,3864,train,0
42,422,train,6
42,4818,train,0
42,3264,train,6
42,2253,train,1
42,6975,train,6
42,2563,train,0
42,6967,train,6
42,3053,train,4
42,1564,train,6
42,6732,train,8
42,2799,train,6
42,4490,train,6
42,6855,train,5
42,4229,train,6
42,783,train,2
42,1501,train,8
42,1482,train,1
42,6864,train,1
42,5664,train,8
42,76,train,3
42,3296,train,3
42,3322,train,8
42,1159,train,7
42,4553,train,5
42,7228,train,4
42,760,train,2
42,3435,train,5
42,3426,train,6
42,886,train,6
42,3328,train,2
42,2429,train,2
42,3850,train,1
42,2469,train,8
42,341,train,3
42,5662,train,2
42,552,train,8
42,5160,train,9
42,2206,train,9
42,408,train,2
42,3935,train,5
42,4623,train,0
42,290,train,5
42,5242,train,6
42,5300,train,7
42,5832,train,7
42,4717,train,9
42,2224,train,9
42,1696,train,4
42,4448,train,8
42,809,train,8
42,1902,train,0
42,1242,train,7
42,3722,train,2
42,5807,train,0
42,6885,train,4
42,6496,train,6
42,1601,train,6
42,247,train,5
42,3990,train,4
42,6577,train,1
42,2879,train,9
42,614,train,3
42,3201,train,9
42,6301,train,2
42,4583,train,2
42,6778,train,4
42,1769,train,8
42,1824,train,7
42,4205,train,3
42,2043,train,7
42,6113,train,5
42,2514,train,3
42,2241,train,4
42,5838,train,7
42,1226,train,3
42,2420,train,8
42,2165,train,8
42,5912,train,9
42,4762,train,0
42,5307,train,5
42,6181,train,1
42,708,train,1
42,140,train,0
42,4786,train,3
42,3517,train,9
42,6149,train,3
42,1918,train,4
42,316,train,9
42,1449,train,5
42,55,train,3
42,532,train,8
42,5864,train,1
42,5638,train,6
42,1763,train,7
42,4529,train,8
42,4960,train,7
42,3956,train,1
42,739,train,2
42,7193,train,5
42,4978,train,2
42,6128,train,4
42,4956,train,5
42,470,train,6
42,4821,train,5
42,6327,train,1
42,4194,train,1
42,2036,train,3
42,4918,train,3
42,6806,train,5
42,195,train,7
42,2973,train,8
42,2753,train,1
42,4228,train,3
42,1331,train,0
42,1663,train,8
42,1628,train,6
42,4742,train,8
42,5496,train,4
42,145,train,8
42,4613,train,2
42,4749,train,5
42,130,train,3
42,6803,train,1
42,2359,train,3
42,6536,train,6
42,2331,train,9
42,6717,train,4
42,6833,train,0
42,6759,train,3
42,5003,train,0
42,6700,train,1
42,1790,train,8
42,2428,train,1
42,3555,train,0
42,7270,train,3
42,637,train,8
42,585,train,4
42,1966,train,6
42,6979,train,9
42,1227,train,8
42,4324,train,6
42,4243,train,2
42,4191,train,9
42,1252,train,3
42,3052,train,8
42,6850,train,5
42,1311,train,7
42,6772,train,5
42,5084,train,7
42,2006,train,9
42,5879,train,8
42,3128,train,0
42,6988,train,8
42,343,train,8
42,5898,train,9
42,5632,train,6
42,6811,train,3
42,2754,train,5
42,5991,train,9
42,952,train,6
42,3176,train,8
42,6693,train,2
42,2123,train,8
42,2223,train,2
42,1922,train,7
42,415,train,6
42,382,train,4
42,4858,train,2
42,6971,train,9
42,450,train,5
42,759,train,0
42,1379,train,4
42,3824,train,2
42,819,train,7
42,6893,train,6
42,3671,train,5
42,831,train,1
42,3088,train,4
42,4079,train,4
42,4289,train,9
42,7084,train,0
42,3696,train,1
42,5688,train,5
42,319,train,6
42,3785,train,2
42,4427,train,9
42,494,train,8
42,6044,train,6
42,4432,train,0
42,1728,train,6
42,1345,train,0
42,5289,train,2
42,913,train,5
42,4466,train,1
42,5104,train,8
42,3714,train,8
42,5866,train,7
42,4692,train,2
42,542,train,1
42,3061,train,4
42,1219,train,9
42,3118,train,1
42,4700,train,9
42,2106,train,1
42,157,train,6
42,4328,train,6
42,631,train,2
42,788,train,5
42,6475,train,2
42,7071,train,0
42,3637,train,1
42,6846,train,0
42,3627,train,2
42,4896,train,6
42,4660,train,3
42,2492,train,7
42,2851,train,1
42,3485,train,1
42,7259,train,4
42,4986,train,4
42,5227,train,0
42,5368,train,9
42,4664,train,1
42,3140,train,7
42,3345,train,3
42,1860,train,0
42,3396,train,3
42,3464,train,0
42,1083,train,7
42,1253,train,4
42,4656,train,1
42,226,train,8
42,6210,train,8
42,4084,train,0
42,2697,train,6
42,761,train,2
42,6947,train,1
42,6052,train,2
42,5366,train,0
42,4791,train,8
42,6728,train,4
42,898,train,5
42,6505,train,8
42,1450,train,9
42,938,train,8
42,3928,train,1
42,521,train,8
42,5719,train,7
42,3703,train,7
42,6478,train,5
42,4524,train,1
42,357,train,6
42,6132,train,3
42,416,train,8
42,356,train,9
42,0,train,7
42,1889,train,2
42,775,train,7
42,4520,train,9
42,4171,train,8
42,1815,train,8
42,2363,train,3
42,1193,train,0
42,177,train,0
42,4193,train,1
42,4869,train,6
42,4241,train,2
42,2662,train,2
42,5845,train,0
42,7347,train,5
42,3446,train,9
42,3265,train,7
42,3350,train,4
42,2291,train,2
42,7285,train,0
42,1374,train,6
42,5304,train,4
42,3146,train,3
42,4388,train,4
42,6363,train,9
42,3870,train,3
42,5071,train,6
42,2892,train,5
42,73,train,3
42,2449,train,9
42,6395,train,2
42,1,train,3
42,3005,train,0
42,702,train,2
42,66,train,7
42,5426,train,9
42,567,train,1
42,895,train,8
42,4479,train,9
42,3218,train,7
42,1995,train,8
42,7336,train,7
42,2924,train,1
42,5284,train,8
42,3948,train,6
42,971,train,9
42,1457,train,2
42,3661,train,9
42,728,train,5
42,81,train,8
42,4104,train,2
42,4304,train,7
42,1448,train,6
42,3736,train,2
42,3664,train,8
42,5968,train,3
42,3225,train,7
42,2840,train,4
42,6126,train,9
42,4458,train,0
42,6544,train,5
42,5346,train,6
42,3528,train,1
42,4346,train,2
42,3749,train,3
42,3793,train,1
42,5347,train,7
42,6578,train,0
42,2556,train,1
42,3915,train,0
42,4408,train,5
42,4590,train,5
42,3340,train,5
42,1658,train,0
42,6982,train,5
42,1322,train,8
42,5744,train,6
42,608,train,6
42,826,train,0
42,6117,train,3
42,2521,train,4
42,6453,train,8
42,4554,train,6
42,1811,train,2
42,4449,train,0
42,5963,train,0
42,6497,train,7
42,61,train,2
42,3668,train,2
42,1868,train,0
42,1711,train,3
42,1915,train,5
42,4577,train,1
42,6581,train,0
42,5995,train,3
42,5921,train,1
42,5437,train,0
42,2403,train,1
42,1335,train,4
42,1393,train,3
42,905,train,7
42,5476,train,9
42,2438,train,4
42,2103,train,2
42,2058,train,1
42,234,train,4
42,2802,train,9
42,6905,train,1
42,5394,train,2
42,1264,train,2
42,1267,train,7
42,443,train,4
42,4512,train,6
42,2657,train,2
42,3924,train,8
42,2503,train,3
42,1795,train,8
42,5424,train,5
42,5201,train,2
42,7186,train,3
42,866,train,6
42,2053,train,7
42,6163,train,8
42,2028,train,2
42,5277,train,6
42,3302,train,4
42,190,train,5
42,5358,train,8
42,3669,train,5
42,4256,train,2
42,1750,train,5
42,2601,train,7
42,896,train,2
42,2271,train,1
42,873,train,5
42,3411,train,3
42,6827,train,1
42,5483,train,3
42,1631,train,9
42,4105,train,8
42,4980,train,6
42,1397,train,4
42,384,train,6
42,28,train,3
42,4035,train,8
42,7242,train,3
42,4121,train,3
42,5126,train,4
42,1341,train,5
42,1946,train,8
42,5851,train,2
42,5308,train,8
42,3923,train,3
42,2764,train,0
42,4094,train,5
42,2200,train,1
42,1408,train,5
42,2105,train,2
42,388,train,1
42,2166,train,1
42,746,train,2
42,635,train,9
42,4441,train,9
42,3695,train,0
42,1024,train,4
42,2606,train,4
42,6709,train,5
42,632,train,5
42,3921,train,2
42,4841,train,2
42,3075,train,8
42,1238,train,3
42,947,train,4
42,6582,train,9
42,686,train,5
42,7102,train,0
42,5192,train,2
42,5249,train,8
42,2468,train,3
42,5753,train,5
42,6984,train,7
42,5490,train,7
42,5034,train,3
42,7314,train,9
42,4605,train,2
42,5764,train,8
42,7085,train,4
42,4487,train,4
42,3676,train,7
42,7178,train,4
42,6712,train,0
42,7027,train,8
42,3570,train,8
42,1134,train,9
42,5715,train,0
42,5317,train,3
42,5581,train,9
42,4722,train,3
42,2168,train,2
42,146,train,1
42,1807,train,9
42,4416,train,1
42,3066,train,0
42,4993,train,6
42,3612,train,1
42,2226,train,7
42,3143,train,1
42,599,train,9
42,5922,train,0
42,1527,train,0
42,3825,train,9
42,4877,train,1
42,2806,train,9
42,88,train,5
42,3121,train,4
42,6624,train,2
42,2108,train,7
42,4088,train,6
42,1598,train,1
42,5721,train,2
42,3919,train,8
42,4917,train,0
42,3425,train,9
42,1724,train,5
42,51,train,5
42,1543,train,1
42,4746,train,2
42,6419,train,6
42,1161,train,9
42,1679,train,2
42,6291,train,5
42,544,train,4
42,1496,train,0
42,3355,train,6
42,6423,train,5
42,4031,train,0
42,6604,train,7
42,5235,train,3
42,7302,train,9
42,5367,train,7
42,2285,train,5
42,359,train,5
42,6688,train,6
42,4845,train,2
42,669,train,7
42,2572,train,8
42,7348,train,4
42,3494,train,2
42,3872,train,1
42,7164,train,7
42,2918,train,6
42,561,train,0
42,133,train,7
42,1332,train,8
42,3212,train,1
42,5477,train,6
42,4150,train,7
42,6736,train,6
42,218,train,9
42,6531,train,4
42,1599,train,4
42,4961,train,3
42,3059,train,5
42,6382,train,1
42,6274,train,7
42,7166,train,4
42,4726,train,0
42,1707,train,3
42,5342,train,5
42,7288,train,6
42,1113,train,0
42,764,train,3
42,3595,train,6
42,2679,train,5
42,535,train,0
42,6151,train,5
42,933,train,4
42,844,train,5
42,1363,train,2
42,4114,train,4
42,6042,train,4
42,2500,train,1
42,3796,train,6
42,7224,train,5
42,7155,train,1
42,2905,train,0
42,5986,train,4
42,96,train,5
42,3598,train,3
42,3081,train,4
42,5455,train,2
42,1882,train,1
42,1066,train,8
42,4175,train,7
42,5283,train,9
42,7182,train,9
42,1786,train,8
42,173,train,7
42,919,train,8
42,4409,train,2
42,1441,train,1
42,5320,train,9
42,4926,train,6
42,428,train,2
42,5877,train,3
42,1025,train,3
42,6863,train,6
42,6609,train,9
42,1823,train,6
42,4065,train,4
42,1695,train,8
42,1239,train,3
42,2258,train,2
42,3041,train,9
42,3573,train,2
42,6993,train,1
42,6078,train,7
42,3521,train,6
42,5614,train,8
42,2640,train,7
42,6696,train,3
42,2238,train,0
42,1665,train,1
42,3367,train,7
42,7192,train,1
42,6611,train,9
42,1469,train,4
42,3501,train,1
42,1583,train,1
42,3540,train,9
42,3865,train,4
42,85,train,2
42,5540,train,3
42,1923,train,3
42,1685,train,1
42,5446,train,1
42,916,train,3
42,7337,train,4
42,1111,train,4
42,4847,train,7
42,4473,train,4
42,6295,train,3
42,175,train,5
42,2775,train,3
42,6714,train,0
42,1894,train,2
42,6724,train,0
42,7291,train,6
42,3438,train,1
42,6239,train,5
42,2906,train,9
42,6883,train,7
42,6761,train,7
42,2382,train,9
42,1808,train,7
42,2584,train,7
42,1970,train,5
42,5725,train,8
42,4439,train,7
42,3835,train,6
42,581,train,1
42,2943,train,2
42,1667,train,1
42,1234,train,4
42,2387,train,4
42,6908,train,1
42,5559,train,5
42,2486,train,4
42,4385,train,8
42,7271,train,9
42,1456,train,1
42,5610,train,0
42,3043,train,0
42,5818,train,0
42,2022,train,0
42,6617,train,3
42,6154,train,3
42,2018,train,3
42,4984,train,5
42,5141,train,5
42,3884,train,7
42,7187,train,2
42,5727,train,4
42,2986,train,4
42,2314,train,4
42,5165,train,8
42,3857,train,2
42,6835,train,3
42,4222,train,8
42,2881,train,2
42,484,train,4
42,5164,train,8
42,4781,train,1
42,949,train,6
42,1625,train,0
42,5607,train,8
42,5811,train,1
42,4137,train,4
42,1051,train,2
42,6102,train,0
42,4702,train,1
42,2704,train,5
42,6777,train,2
42,2384,train,5
42,1373,train,8
42,2217,train,3
42,774,train,1
42,5351,train,6
42,7145,train,4
42,4303,train,0
42,2660,train,1
42,4122,train,9
42,258,train,2
42,2518,train,6
42,2719,train,7
42,1110,train,1
42,6308,train,4
42,2716,train,7
42,4270,train,1
42,6305,train,9
42,2595,train,2
42,3384,train,0
42,3859,train,6
42,6349,train,1
42,118,train,6
42,4223,train,4
42,1013,train,8
42,4102,train,1
42,5668,train,7
42,5861,train,1
42,1693,train,0
42,681,train,3
42,5542,train,5
42,4292,train,3
42,7032,train,4
42,649,train,3
42,3607,train,5
42,2592,train,8
42,1312,train,7
42,992,train,0
42,4140,train,8
42,5054,train,3
42,578,train,4
42,7362,train,8
42,4636,train,8
42,6748,train,4
42,5801,train,1
42,3922,train,5
42,2586,train,2
42,5891,train,8
42,6923,train,0
42,4544,train,5
42,4145,train,5
42,4493,train,7
42,2867,train,7
42,6329,train,7
42,7301,train,2
42,483,train,8
42,1455,train,8
42,5804,train,4
42,733,train,8
42,7247,train,6
42,1349,train,2
42,2557,train,6
42,5591,train,2
42,3466,train,7
42,7255,train,2
42,6788,train,9
42,5551,train,3
42,5112,train,3
42,2682,train,8
42,1030,train,2
42,3544,train,6
42,6238,train,1
42,6020,train,9
42,1223,train,3
42,3185,train,9
42,4364,train,3
42,675,train,0
42,6439,train,9
42,334,train,7
42,63,train,1
42,4963,train,4
42,6009,train,1
42,7236,train,8
42,4011,train,0
42,6726,train,6
42,6948,train,2
42,242,train,7
42,1803,train,0
42,791,train,2
42,4226,train,5
42,312,train,2
42,1845,train,2
42,4712,train,9
42,471,train,0
42,2876,train,3
42,3344,train,6
42,282,train,7
42,1996,train,1
42,4650,train,0
42,1674,train,8
42,1340,train,8
42,2645,train,0
42,6776,train,7
42,5124,train,5
42,3683,train,4
42,2396,train,4
42,5712,train,1
42,47,train,4
42,1061,train,4
42,1840,train,4
42,4716,train,3
42,5543,train,8
42,407,train,8
42,4693,train,8
42,2731,train,2
42,6377,train,0
42,5162,train,8
42,5674,train,1
42,5743,train,5
42,204,train,0
42,5816,train,2
42,244,train,0
42,4670,train,6
42,2773,train,2
42,5258,train,9
42,6513,train,8
42,6502,train,4
42,5294,train,1
42,4516,train,1
42,790,train,7
42,3601,train,1
42,3380,train,2
42,1846,train,6
42,3393,train,1
42,6326,train,2
42,4374,train,6
42,2295,train,2
42,2345,train,8
42,4936,train,3
42,5445,train,5
42,4386,train,7
42,1559,train,3
42,5457,train,8
42,3463,train,1
42,5093,train,3
42,7056,train,8
42,6296,train,5
42,7218,train,0
42,3876,train,1
42,5934,train,4
42,3844,train,2
42,3827,train,9
42,2963,train,4
42,4302,train,1
42,3134,train,2
42,2971,train,6
42,4044,train,5
42,7216,train,6
42,3238,train,5
42,1414,train,1
42,6987,train,7
42,1940,train,3
42,5441,train,6
42,3640,train,3
42,203,train,4
42,1757,train,9
42,7214,train,5
42,2190,train,7
42,655,train,5
42,1154,train,3
42,6306,train,3
42,5628,train,8
42,7013,train,7
42,6214,train,6
42,260,train,9
42,4752,train,9
42,5624,train,8
42,5406,train,0
42,4371,train,0
42,2742,train,7
42,5033,train,7
42,827,train,7
42,72,train,4
42,1897,train,3
42,179,train,1
42,3202,train,8
42,4453,train,7
42,389,train,8
42,1298,train,9
42,5713,train,7
42,5587,train,6
42,2546,train,8
42,4539,train,2
42,2890,train,9
42,2786,train,2
42,5656,train,4
42,5887,train,8
42,136,train,2
42,1410,train,2
42,3721,train,9
42,6602,train,8
42,2755,train,4
42,5119,train,7
42,767,train,0
42,1123,train,6
42,2951,train,3
42,5465,train,6
42,3966,train,7
42,616,train,7
42,4293,train,9
42,7361,train,1
42,1284,train,3
42,6258,train,1
42,5969,train,4
42,663,train,3
42,3739,train,4
42,5393,train,7
42,3902,train,9
42,259,train,3
42,565,train,4
42,1856,train,9
42,2707,train,3
42,4189,train,1
42,3561,train,0
42,1006,train,3
42,6054,train,2
42,6698,train,7
42,360,train,6
42,7124,train,1
42,1833,train,2
42,506,train,3
42,2878,train,5
42,7135,train,3
42,3100,train,5
42,1108,train,1
42,5422,train,6
42,5767,train,1
42,3725,train,2
42,327,train,9
42,1236,train,0
42,4800,train,2
42,1982,train,9
42,6499,train,4
42,5695,train,7
42,5850,train,6
42,1251,train,6
42,5827,train,0
42,6757,train,1
42,6411,train,2
42,7042,train,2
42,1589,train,0
42,4508,train,3
42,5411,train,4
42,4197,train,9
42,6337,train,6
42,222,train,2
42,4729,train,7
42,1612,train,7
42,7220,train,7
42,4383,train,9
42,2044,train,7
42,6303,train,8
42,5716,train,6
42,6299,train,4
42,955,train,7
42,4806,train,9
42,4985,train,9
42,1099,train,3
42,1784,train,0
42,168,train,7
42,4721,train,1
42,2397,train,3
42,286,train,7
42,1760,train,1
42,5086,train,3
42,4638,train,8
42,1891,train,7
42,3682,train,6
42,5253,train,1
42,3830,train,1
42,1309,train,6
42,4404,train,5
42,1037,train,1
42,4930,train,0
42,4283,train,5
42,5306,train,7
42,2690,train,2
42,4235,train,9
42,2158,train,2
42,3475,train,3
42,3574,train,0
42,2914,train,8
42,1969,train,7
42,4526,train,3
42,2097,train,2
42,4186,train,0
42,749,train,1
42,4536,train,5
42,959,train,6
42,5539,train,8
42,4203,train,3
42,3735,train,9
42,4054,train,1
42,6834,train,7
42,4627,train,8
42,6454,train,4
42,1125,train,1
42,1429,train,2
42,2891,train,7
42,2968,train,6
42,2499,train,8
42,5383,train,2
42,5985,train,6
42,3124,train,0
42,5370,train,8
42,6209,train,8
42,939,train,5
42,6746,train,5
42,1471,train,3
42,2729,train,1
42,5946,train,0
42,2966,train,5
42,1281,train,9
42,3746,train,8
42,5730,train,0
42,1245,train,0
42,7050,train,7
42,84,train,6
42,5173,train,8
42,6164,train,3
42,1939,train,5
42,3641,train,1
42,5759,train,2
42,3011,train,3
42,2883,train,4
42,5532,train,4
42,2732,train,6
42,2507,train,8
42,924,train,0
42,6645,train,7
42,5940,train,0
42,124,train,9
42,3946,train,9
42,5998,train,8
42,4647,train,8
42,4411,train,8
42,5189,train,2
42,5481,train,1
42,5745,train,8
42,3366,train,2
42,2070,train,9
42,5168,train,4
42,5598,train,1
42,5177,train,3
42,5058,train,2
42,4216,train,8
42,4315,train,2
42,3093,train,7
42,4257,train,4
42,4827,train,3
42,2947,train,3
42,6005,train,1
42,6317,train,1
42,3102,train,6
42,6808,train,6
42,2025,train,7
42,6737,train,5
42,5646,train,2
42,1938,train,4
42,1140,train,3
42,2777,train,2
42,255,train,2
42,2052,train,7
42,2371,train,3
42,3261,train,3
42,3716,train,8
42,6479,train,0
42,6289,train,5
42,6995,train,5
42,3152,train,2
42,5065,train,8
42,2902,train,3
42,323,train,1
42,1785,train,4
42,1055,train,7
42,753,train,2
42,1495,train,6
42,425,train,4
42,2602,train,8
42,4611,train,0
42,1128,train,3
42,2068,train,6
42,3284,train,3
42,6190,train,6
42,1342,train,9
42,5677,train,8
42,5550,train,3
42,4042,train,5
42,3778,train,0
42,1909,train,1
42,1085,train,2
42,7079,train,8
42,1054,train,1
42,4833,train,4
42,4045,train,2
42,1367,train,2
42,2991,train,7
42,4250,train,2
42,1638,train,4
42,1593,train,6
42,5491,train,2
42,6585,train,8
42,991,train,3
42,2327,train,6
42,1216,train,9
42,1172,train,6
42,2743,train,2
42,6753,train,2
42,6595,train,6
42,5948,train,9
42,1853,train,9
42,4106,train,4
42,6197,train,4
42,7246,train,3
42,5497,train,9
42,5401,train,8
42,2114,train,9
42,3298,train,2
42,4362,train,6
42,5268,train,7
42,853,train,5
42,954,train,8
42,4685,train,7
42,1145,train,5
42,4868,train,6
42,5017,train,2
42,500,train,2
42,4875,train,7
42,1175,train,4
42,1142,train,1
42,3883,train,8
42,1106,train,3
42,4440,train,1
42,6073,train,6
42,3801,train,9
42,5983,train,1
42,2065,train,2
42,5223,train,9
42,5830,train,5
42,6316,train,0
42,1431,train,1
42,5461,train,0
42,3526,train,8
42,3742,train,2
42,5728,train,8
42,629,train,9
42,2922,train,5
42,7217,train,1
42,5519,train,5
42,2198,train,4
42,989,train,4
42,6325,train,6
42,6201,train,1
42,4111,train,0
42,1488,train,8
42,4518,train,1
42,1767,train,6
42,7209,train,9
42,2929,train,2
42,5508,train,1
42,4086,train,4
42,1059,train,5
42,1885,train,3
42,6043,train,6
42,1315,train,2
42,4587,train,6
42,4237,train,3
42,6592,train,7
42,7264,train,7
42,430,train,4
42,6184,train,5
42,2357,train,8
42,1976,train,3
42,929,train,7
42,5732,train,7
42,6561,train,8
42,5408,train,7
42,2555,train,7
42,232,train,1
42,5565,train,6
42,314,train,9
42,3018,train,1
42,543,train,9
42,4003,train,0
42,6926,train,4
42,368,train,6
42,6650,train,7
42,3065,train,2
42,1850,train,5
42,1623,train,6
42,2752,train,1
42,6573,train,9
42,1258,train,2
42,7108,train,3
42,1877,train,5
42,1864,train,3
42,4883,train,8
42,5102,train,7
42,2156,train,2
42,4389,train,3
42,672,train,8
42,5149,train,7
42,2254,train,0
42,1043,train,0
42,7229,train,5
42,901,train,7
42,6734,train,4
42,5269,train,7
42,2558,train,9
42,3455,train,5
42,892,train,7
42,3775,train,6
42,2489,train,5
42,1433,train,6
42,2089,train,3
42,2209,train,0
42,2437,train,0
42,7352,train,4
42,4504,train,9
42,3564,train,0
42,1810,train,1
42,1472,train,0
42,5617,train,8
42,5630,train,1
42,1745,train,0
42,3308,train,9
42,3616,train,6
42,1912,train,2
42,776,train,0
42,3672,train,7
42,3144,train,9
42,4795,train,3
42,5212,train,3
42,3727,train,5
42,5410,train,5
42,6897,train,1
42,3032,train,5
42,5381,train,9
42,1287,train,0
42,841,train,1
42,6364,train,5
42,6152,train,6
42,1266,train,9
42,661,train,3
42,6226,train,0
42,1010,train,5
42,6514,train,7
42,3279,train,0
42,6740,train,2
42,5513,train,6
42,5188,train,4
42,3404,train,0
42,6447,train,1
42,1460,train,5
42,5886,train,6
42,6877,train,7
42,5848,train,7
42,2776,train,7
42,1217,train,6
42,4997,train,1
42,4948,train,4
42,5301,train,3
42,2296,train,1
42,2073,train,7
42,2287,train,4
42,3273,train,9
42,1292,train,4
42,4965,train,5
42,3496,train,4
42,1557,train,0
42,839,train,3
42,3539,train,7
42,3188,train,8
42,5403,train,6
42,5504,train,7
42,1157,train,5
42,142,train,1
42,3979,train,3
42,4465,train,5
42,4167,train,8
42,1071,train,9
42,6416,train,3
42,34,train,4
42,530,train,6
42,4120,train,8
42,3897,train,8
42,4026,train,3
42,1288,train,1
42,6541,train,7
42,4908,train,7
42,5637,train,0
42,964,train,3
42,7017,train,0
42,1596,train,0
42,292,train,6
42,3646,train,1
42,2877,train,7
42,836,train,4
42,5360,train,4
42,6211,train,5
42,6273,train,0
42,7315,train,2
42,6482,train,9
42,4468,train,3
42,3605,train,1
42,5428,train,5
42,5970,train,6
42,7335,train,4
42,3049,train,4
42,2417,train,8
42,847,train,5
42,1548,train,5
42,3062,train,4
42,787,train,3
42,2260,train,4
42,1177,train,6
42,3050,train,0
42,2197,train,1
42,2861,train,3
42,2625,train,0
42,883,train,0
42,7116,train,9
42,6526,train,4
42,1895,train,8
42,4871,train,4
42,6989,train,1
42,1990,train,7
42,3820,train,6
42,1519,train,2
42,3978,train,8
42,1934,train,4
42,1358,train,5
42,7233,train,3
42,7366,train,6
42,645,train,9
42,2749,train,9
42,5063,train,0
42,4015,train,6
42,235,train,9
42,2471,train,6
42,5042,train,3
42,2306,train,5
42,5847,train,3
42,4131,train,6
42,1077,train,4
42,610,train,2
42,707,train,9
42,4006,train,8
42,2536,train,8
42,4397,train,6
42,2494,train,4
42,1736,train,9
42,3414,train,2
42,3975,train,4
42,3926,train,4
42,3734,train,4
42,620,train,4
42,5603,train,4
42,3788,train,6
42,1174,train,1
42,1464,train,8
42,6884,train,6
42,5397,train,8
42,4547,train,4
42,5038,train,6
42,5821,train,3
42,2520,train,8
42,7140,train,6
42,1537,train,3
42,1692,train,3
42,802,train,4
42,14,train,3
42,4828,train,0
42,2590,train,0
42,2369,train,6
42,6462,train,9
42,4258,train,9
42,212,train,0
42,1081,train,1
42,1484,train,5
42,4198,train,6
42,1794,train,8
42,1913,train,1
42,3267,train,2
42,4022,train,0
42,612,train,4
42,1611,train,3
42,1780,train,1
42,3160,train,6
42,2848,train,6
42,2864,train,9
42,618,train,1
42,4631,train,4
42,318,train,7
42,1074,train,5
42,4850,train,0
42,3677,train,1
42,3580,train,4
42,5255,train,1
42,6148,train,2
42,6882,train,4
42,763,train,4
42,5873,train,6
42,4714,train,7
42,3516,train,9
42,4975,train,8
42,5288,train,0
42,1550,train,7
42,6793,train,6
42,7066,train,4
42,2734,train,3
42,3132,train,3
42,6260,train,0
42,3437,train,9
42,3290,train,3
42,1273,train,9
42,5405,train,8
42,4445,train,1
42,2712,train,1
42,7173,train,1
42,78,train,5
42,11,train,5
42,6996,train,7
42,1788,train,5
42,5966,train,9
42,2360,train,0
42,2419,train,9
42,6101,train,2
42,7299,train,8
42,1269,train,4
42,1510,train,7
42,1861,train,9
42,3853,train,1
42,5354,train,0
42,2550,train,6
42,4221,train,9
42,3292,train,4
42,5474,train,7
42,4598,train,4
42,6108,train,8
42,4209,train,6
42,4350,train,3
42,4043,train,8
42,4277,train,0
42,871,train,8
42,5011,train,9
42,4764,train,5
42,3169,train,5
42,5466,train,6
42,2147,train,9
42,4064,train,2
42,4279,train,9
42,6842,train,8
42,6220,train,1
42,2436,train,5
42,2501,train,4
42,358,train,0
42,2405,train,9
42,1726,train,6
42,526,train,7
42,4460,train,3
42,469,train,9
42,3003,train,5
42,2705,train,7
42,5704,train,1
42,2770,train,6
42,3838,train,4
42,4767,train,0
42,6586,train,5
42,219,train,7
42,6045,train,6
42,1533,train,6
42,4282,train,1
42,1896,train,0
42,4751,train,3
42,2912,train,7
42,249,train,9
42,1987,train,9
42,2231,train,0
42,3320,train,4
42,5661,train,8
42,6251,train,3
42,38,train,8
42,4649,train,8
42,6888,train,7
42,7239,train,8
42,5012,train,2
42,4707,train,4
42,772,train,7
42,633,train,9
42,5267,train,9
42,1279,train,9
42,7227,train,1
42,3192,train,0
42,458,train,7
42,5773,train,5
42,4701,train,4
42,6821,train,8
42,7223,train,0
42,2738,train,8
42,3198,train,5
42,151,train,5
42,3365,train,1
42,5723,train,4
42,3686,train,3
42,5062,train,5
42,1960,train,8
42,1666,train,5
42,1532,train,1
42,4769,train,3
42,1165,train,6
42,4343,train,9
42,2998,train,4
42,5278,train,7
42,23,train,4
42,6207,train,8
42,3863,train,2
42,4989,train,3
42,738,train,4
42,1633,train,8
42,730,train,2
42,4753,train,8
42,4939,train,8
42,3332,train,3
42,1686,train,2
42,3525,train,4
42,3383,train,2
42,302,train,4
42,4897,train,8
42,1908,train,1
42,125,validation,8
42,5862,validation,8
42,4049,validation,2
42,4357,validation,8
42,5183,validation,6
42,5344,validation,0
42,17,validation,2
42,2214,validation,1
42,4533,validation,9
42,4425,validation,3
42,192,validation,0
42,3329,validation,8
42,2832,validation,9
42,1109,validation,1
42,6065,validation,4
42,6562,validation,3
42,6049,validation,2
42,502,validation,4
42,6400,validation,2
42,1994,validation,8
42,2747,validation,2
42,4127,validation,8
42,3244,validation,2
42,2014,validation,2
42,6565,validation,2
42,5560,validation,4
42,5244,validation,2
42,2305,validation,7
42,4442,validation,5
42,4081,validation,1
42,6718,validation,1
42,4802,validation,0
42,162,validation,8
42,2154,validation,1
42,2446,validation,8
42,6443,validation,8
42,1531,validation,9
42,2441,validation,3
42,5315,validation,9
42,6169,validation,3
42,6193,validation,5
42,2439,validation,0
42,6104,validation,5
42,5372,validation,7
42,4124,validation,4
42,5684,validation,4
42,4300,validation,8
42,6928,validation,4
42,3391,validation,0
42,7351,validation,0
42,3269,validation,9
42,4410,validation,5
42,5291,validation,6
42,6392,validation,1
42,2107,validation,5
42,2696,validation,9
42,1241,validation,5
42,5643,validation,2
42,3377,validation,4
42,5680,validation,1
42,3849,validation,2
42,2425,validation,5
42,4272,validation,8
42,3802,validation,0
42,2582,validation,4
42,5786,validation,7
42,6371,validation,4
42,2978,validation,1
42,3363,validation,0
42,4592,validation,3
42,4444,validation,8
42,3103,validation,4
42,3470,validation,2
42,3649,validation,9
42,6402,validation,4
42,3698,validation,0
42,4955,validation,8
42,2780,validation,2
42,1935,validation,2
42,1220,validation,1
42,7157,validation,3
42,7096,validation,7
42,662,validation,3
42,3552,validation,8
42,805,validation,9
42,7076,validation,1
42,6671,validation,7
42,211,validation,3
42,6697,validation,7
42,5427,validation,1
42,3193,validation,3
42,695,validation,1
42,4639,validation,0
42,6037,validation,3
42,3044,validation,8
42,2266,validation,6
42,7338,validation,9
42,6673,validation,1
42,5281,validation,9
42,7171,validation,4
42,3089,validation,4
42,5552,validation,0
42,1084,validation,8
42,4569,validation,6
42,2815,validation,4
42,4943,validation,5
42,5577,validation,0
42,2895,validation,5
42,411,validation,8
42,2628,validation,6
42,1351,validation,8
42,5815,validation,7
42,668,validation,4
42,4472,validation,8
42,6674,validation,4
42,3945,validation,9
42,3913,validation,7
42,1721,validation,7
42,3619,validation,0
42,5951,validation,5
42,440,validation,9
42,2019,validation,9
42,3469,validation,2
42,3983,validation,7
42,4474,validation,0
42,5776,validation,5
42,7289,validation,4
42,4211,validation,7
42,3856,validation,7
42,2666,validation,8
42,4353,validation,5
42,6804,validation,5
42,114,validation,8
42,6473,validation,5
42,624,validation,1
42,3151,validation,3
42,6972,validation,8
42,336,validation,7
42,6030,validation,3
42,4419,validation,6
42,1438,validation,4
42,524,validation,6
42,2213,validation,2
42,5606,validation,2
42,6853,validation,8
42,1403,validation,5
42,4754,validation,3
42,2787,validation,7
42,2564,validation,5
42,576,validation,6
42,1280,validation,8
42,3271,validation,4
42,2302,validation,1
42,2171,validation,3
42,7176,validation,7
42,5146,validation,2
42,7278,validation,0
42,6540,validation,4
42,2829,validation,8
42,4196,validation,3
42,4578,validation,3
42,6107,validation,5
42,202,validation,9
42,5621,validation,5
42,5074,validation,6
42,3316,validation,3
42,2315,validation,4
42,5676,validation,4
42,1304,validation,0
42,6944,validation,4
42,2651,validation,0
42,4113,validation,5
42,3033,validation,9
42,5369,validation,0
42,5293,validation,5
42,5822,validation,0
42,1096,validation,3
42,3460,validation,4
42,3335,validation,4
42,3116,validation,9
42,2153,validation,5
42,1487,validation,6
42,3955,validation,6
42,7340,validation,8
42,6403,validation,1
42,3520,validation,2
42,7061,validation,7
42,4561,validation,3
42,2400,validation,6
42,3017,validation,0
42,1984,validation,4
42,5276,validation,1
42,3402,validation,5
42,979,validation,3
42,1603,validation,5
42,4446,validation,1
42,7257,validation,2
42,6743,validation,8
42,3397,validation,8
42,1019,validation,7
42,6381,validation,7
42,1514,validation,9
42,963,validation,9
42,6819,validation,8
42,2703,validation,3
42,3457,validation,3
42,942,validation,7
42,5520,validation,8
42,4253,validation,6
42,3706,validation,6
42,6859,validation,5
42,5362,validation,6
42,1669,validation,4
42,2831,validation,4
42,5863,validation,3
42,4296,validation,5
42,4517,validation,9
42,2523,validation,8
42,3759,validation,4
42,6667,validation,9
42,509,validation,7
42,2792,validation,4
42,4361,validation,2
42,1713,validation,7
42,1553,validation,0
42,6607,validation,0
42,2180,validation,5
42,806,validation,3
42,1357,validation,1
42,1542,validation,5
42,5984,validation,0
42,4653,validation,8
42,673,validation,1
42,6412,validation,5
42,3068,validation,0
42,44,validation,5
42,3382,validation,6
42,1386,validation,7
42,2394,validation,3
42,2713,validation,6
42,1773,validation,3
42,1011,validation,6
42,2607,validation,4
42,6490,validation,7
42,5044,validation,4
42,2517,validation,2
42,755,validation,0
42,7189,validation,4
42,815,validation,1
42,2490,validation,5
42,1181,validation,1
42,4776,validation,1
42,1681,validation,7
42,2565,validation,2
42,2404,validation,4
42,1230,validation,9
42,1404,validation,6
42,3909,validation,1
42,5425,validation,8
42,5979,validation,0
42,324,validation,0
42,335,validation,1
42,2990,validation,8
42,6521,validation,3
42,3556,validation,8
42,5352,validation,3
42,5738,validation,8
42,1981,validation,6
42,720,validation,4
42,2056,validation,6
42,365,validation,5
42,98,validation,8
42,1691,validation,8
42,5471,validation,9
42,1012,validation,3
42,1355,validation,3
42,628,validation,5
42,15,validation,7
42,627,validation,3
42,2353,validation,2
42,2269,validation,9
42,3816,validation,5
42,1195,validation,3
42,1766,validation,4
42,908,validation,1
42,4864,validation,0
42,139,validation,0
42,2004,validation,1
42,5052,validation,0
42,3779,validation,5
42,2461,validation,1
42,4288,validation,1
42,6174,validation,5
42,5739,validation,9
42,2005,validation,1
42,7282,validation,9
42,4560,validation,8
42,1089,validation,0
42,1400,validation,1
42,6568,validation,8
42,6028,validation,2
42,7109,validation,9
42,6006,validation,2
42,4770,validation,4
42,1117,validation,6
42,3503,validation,1
42,6933,validation,1
42,45,validation,1
42,1978,validation,6
42,4476,validation,0
42,2757,validation,6
42,3502,validation,2
42,2375,validation,0
42,980,validation,6
42,659,validation,2
42,3214,validation,4
42,6865,validation,9
42,6103,validation,1
42,1575,validation,5
42,6751,validation,9
42,4166,validation,7
42,3228,validation,2
42,4932,validation,5
42,4982,validation,7
42,2259,validation,6
42,2090,validation,8
42,3860,validation,6
42,5655,validation,0
42,4935,validation,8
42,1185,validation,3
42,2142,validation,4
42,1183,validation,9
42,934,validation,1
42,7123,validation,0
42,2460,validation,4
42,5421,validation,1
42,6200,validation,3
42,1580,validation,0
42,5134,validation,6
42,910,validation,9
42,2092,validation,0
42,5014,validation,9
42,112,validation,3
42,4996,validation,3
42,4705,validation,2
42,4426,validation,5
42,2656,validation,1
42,1213,validation,2
42,974,validation,3
42,4263,validation,0
42,1676,validation,0
42,2450,validation,9
42,6265,validation,6
42,2338,validation,3
42,1945,validation,3
42,7156,validation,5
42,5888,validation,6
42,3500,validation,6
42,3045,validation,6
42,5718,validation,4
42,6792,validation,4
42,3082,validation,0
42,1873,validation,8
42,27,validation,5
42,3691,validation,6
42,6799,validation,6
42,2659,validation,1
42,3078,validation,9
42,3809,validation,3
42,613,validation,7
42,997,validation,5
42,5697,validation,5
42,3770,validation,1
42,6931,validation,3
42,5298,validation,6
42,4626,validation,4
42,4615,validation,8
42,6292,validation,8
42,5096,validation,3
42,3166,validation,5
42,572,validation,0
42,6634,validation,8
42,1198,validation,8
42,3324,validation,1
42,5682,validation,9
42,1224,validation,2
42,3474,validation,1
42,3704,validation,2
42,1480,validation,9
42,7267,validation,5
42,6450,validation,3
42,2277,validation,5
42,4600,validation,3
42,2969,validation,2
42,3321,validation,0
42,1196,validation,1
42,6267,validation,9
42,1276,validation,3
42,4399,validation,3
42,3222,validation,4
42,4099,validation,6
42,5357,validation,5
42,7139,validation,4
42,4798,validation,5
42,4651,validation,2
42,1854,validation,9
42,7021,validation,3
42,6847,validation,0
42,105,validation,5
42,4280,validation,4
42,6910,validation,2
42,5526,validation,4
42,239,validation,0
42,4844,validation,0
42,5305,validation,8
42,560,validation,3
42,2012,validation,7
42,70,validation,8
42,4511,validation,3
42,3401,validation,8
42,6135,validation,2
42,3559,validation,5
42,1899,validation,7
42,5555,validation,9
42,4689,validation,9
42,6393,validation,5
42,4154,validation,1
42,1620,validation,7
42,4566,validation,9
42,875,validation,7
42,266,validation,4
42,817,validation,3
42,2265,validation,5
42,6127,validation,1
42,3441,validation,7
42,6690,validation,7
42,378,validation,2
42,5631,validation,2
42,697,validation,9
42,3511,validation,5
42,5700,validation,0
42,460,validation,5
42,1650,validation,8
42,6408,validation,1
42,626,validation,1
42,5380,validation,5
42,2192,validation,2
42,4957,validation,8
42,3840,validation,6
42,3995,validation,6
42,1573,validation,5
42,3370,validation,6
42,6437,validation,1
42,3319,validation,7
42,5523,validation,4
42,4367,validation,4
42,5327,validation,9
42,622,validation,7
42,2692,validation,0
42,6456,validation,9
42,2993,validation,9
42,4727,validation,0
42,491,validation,1
42,3112,validation,2
42,208,validation,7
42,201,validation,9
42,2175,validation,3
42,3929,validation,4
42,1139,validation,4
42,4103,validation,2
42,3376,validation,2
42,4311,validation,6
42,3234,validation,9
42,2818,validation,5
42,467,validation,6
42,882,validation,0
42,5435,validation,5
42,5650,validation,3
42,5584,validation,0
42,6144,validation,6
42,4242,validation,5
42,2903,validation,8
42,5548,validation,5
42,1645,validation,0
42,1649,validation,3
42,6843,validation,4
42,464,validation,5
42,5318,validation,6
42,5758,validation,9
42,1233,validation,3
42,6123,validation,4
42,6131,validation,4
42,5198,validation,3
42,6800,validation,1
42,3537,validation,4
42,1295,validation,8
42,6425,validation,6
42,534,validation,9
42,2981,validation,3
42,3246,validation,6
42,1143,validation,3
42,4922,validation,7
42,5633,validation,1
42,7309,validation,7
42,6283,validation,1
42,4492,validation,4
42,6458,validation,0
42,5683,validation,7
42,2846,validation,4
42,4156,validation,7
42,1528,validation,3
42,6252,validation,4
42,1616,validation,1
42,671,validation,7
42,5136,validation,0
42,2399,validation,3
42,4584,validation,0
42,3906,validation,9
42,2835,validation,1
42,3493,validation,1
42,6669,validation,4
42,2941,validation,3
42,2322,validation,5
42,4548,validation,7
42,4824,validation,4
42,4937,validation,3
42,3297,validation,6
42,5690,validation,7
42,2120,validation,2
42,2210,validation,3
42,197,validation,2
42,508,validation,8
42,4291,validation,7
42,22,validation,8
42,4739,validation,0
42,3508,validation,3
42,409,validation,2
42,7194,validation,3
42,3927,validation,7
42,1121,validation,7
42,3286,validation,2
42,6304,validation,2
42,349,validation,1
42,7128,validation,6
42,4063,validation,2
42,6334,validation,6
42,1848,validation,7
42,3797,validation,2
42,5671,validation,6
42,2900,validation,5
42,4933,validation,0
42,4760,validation,9
42,5653,validation,0
42,200,validation,8
42,3997,validation,4
42,3750,validation,4
42,3253,validation,3
42,4496,validation,7
42,874,validation,5
42,3259,validation,8
42,6747,validation,3
42,2221,validation,4
42,2256,validation,3
42,5803,validation,2
42,7342,validation,4
42,6407,validation,6
42,2364,validation,9
42,636,validation,4
42,3632,validation,8
42,5645,validation,5
42,4185,validation,7
42,5088,validation,6
42,1105,validation,8
42,2432,validation,6
42,1687,validation,4
42,5271,validation,4
42,1512,validation,8
42,4,validation,4
42,1443,validation,1
42,4077,validation,3
42,4947,validation,6
42,6342,validation,2
42,6406,validation,3
42,5279,validation,2
42,5329,validation,6
42,2205,validation,5
42,2917,validation,6
42,3821,validation,5
42,5442,validation,8
42,6014,validation,4
42,1563,validation,5
42,6079,validation,0
42,3359,validation,9
42,3095,validation,3
42,4643,validation,7
42,5016,validation,7
42,4339,validation,3
42,1892,validation,3
42,3804,validation,2
42,337,validation,2
42,3819,validation,3
42,3653,validation,7
42,6614,validation,3
42,5073,validation,6
42,7039,validation,3
42,4329,validation,7
42,2726,validation,8
42,7003,validation,5
42,6878,validation,1
42,3262,validation,8
42,4227,validation,8
42,2658,validation,2
42,6404,validation,6
42,2862,validation,0
42,935,validation,0
42,5906,validation,4
42,4236,validation,2
42,4268,validation,5
42,5893,validation,1
42,5896,validation,9
42,3745,validation,7
42,2239,validation,7
42,92,validation,3
42,4595,validation,7
42,6509,validation,4
42,3148,validation,9
42,6670,validation,9
42,5085,validation,7
42,4745,validation,3
42,1950,validation,7
42,2094,validation,9
42,6003,validation,8
42,2837,validation,7
42,5169,validation,5
42,1875,validation,1
42,3620,validation,6
42,5557,validation,1
42,664,validation,9
42,4073,validation,6
42,4417,validation,8
42,777,validation,8
42,7089,validation,2
42,2759,validation,7
42,1333,validation,4
42,3213,validation,8
42,6564,validation,6
42,5900,validation,8
42,6031,validation,8
42,3832,validation,7
42,1839,validation,0
42,1334,validation,9
42,4384,validation,4
42,1747,validation,1
42,4594,validation,9
42,3659,validation,7
42,3560,validation,6
42,5600,validation,1
42,3356,validation,2
42,6758,validation,1
42,6125,validation,0
42,6608,validation,2
42,6618,validation,0
42,4674,validation,8
42,4549,validation,4
42,3514,validation,4
42,2733,validation,9
42,7132,validation,3
42,6330,validation,7
42,4107,validation,0
42,2458,validation,1
42,2735,validation,7
42,1817,validation,0
42,7283,validation,6
42,5583,validation,5
42,3150,validation,8
42,7131,validation,6
42,4462,validation,2
42,5706,validation,2
42,4890,validation,5
42,1038,validation,2
42,5239,validation,1
42,3692,validation,1
42,6375,validation,1
42,1244,validation,0
42,1549,validation,8
42,5527,validation,1
42,6311,validation,9
42,6818,validation,0
42,6580,validation,2
42,1494,validation,3
42,6629,validation,2
42,3199,validation,9
42,2746,validation,0
42,252,validation,2
42,1705,validation,4
42,227,validation,5
42,4658,validation,1
42,7077,validation,4
42,1737,validation,9
42,2909,validation,1
42,5330,validation,7
42,5049,validation,3
42,40,validation,1
42,3307,validation,0
42,7111,validation,2
42,4325,validation,0
42,246,validation,8
42,3565,validation,8
42,2011,validation,5
42,482,validation,0
42,3903,validation,0
42,4562,validation,5
42,742,validation,1
42,3403,validation,2
42,4542,validation,0
42,67,validation,2
42,3200,validation,8
42,4456,validation,6
42,380,validation,4
42,1328,validation,4
42,7290,validation,7
42,1299,validation,7
42,6023,validation,6
42,3486,validation,5
42,1470,validation,3
42,5115,validation,2
42,4005,validation,6
42,2373,validation,0
42,7240,validation,1
42,7274,validation,3
42,6787,validation,3
42,2078,validation,3
42,3934,validation,0
42,7122,validation,1
42,6909,validation,6
42,6161,validation,3
42,7144,validation,2
42,3891,validation,0
42,2609,validation,5
42,4857,validation,1
42,1956,validation,9
42,4666,validation,9
42,486,validation,6
42,4080,validation,8
42,6879,validation,9
42,3036,validation,4
42,62,validation,1
42,3227,validation,2
42,1632,validation,9
42,972,validation,3
42,3092,validation,7
42,233,validation,7
42,2825,validation,4
42,4688,validation,0
42,4021,validation,2
42,5218,validation,9
42,326,validation,6
42,2110,validation,7
42,122,validation,5
42,421,validation,8
42,4464,validation,2
42,3243,validation,1
42,2984,validation,6
42,3260,validation,3
42,1072,validation,4
42,2081,validation,7
42,1035,validation,1
42,6449,validation,4
42,6823,validation,8
42,3205,validation,0
42,6886,validation,2
42,725,validation,3
42,4178,validation,4
42,480,validation,2
42,4829,validation,8
42,1972,validation,0
42,6235,validation,7
42,5777,validation,1
42,1954,validation,5
42,6387,validation,0
42,3652,validation,9
42,1272,validation,2
42,498,validation,8
42,3567,validation,5
42,6332,validation,3
42,60,validation,0
42,2344,validation,7
42,665,validation,1
42,644,validation,0
42,3982,validation,7
42,5028,validation,7
42,6275,validation,1
42,1758,validation,8
42,6223,validation,9
42,2370,validation,5
42,6157,validation,8
42,1376,validation,2
42,3311,validation,9
42,6901,validation,3
42,2126,validation,0
42,3287,validation,3
42,937,validation,2
42,885,validation,1
42,6294,validation,3
42,1080,validation,9
42,4866,validation,6
42,2365,validation,0
42,4835,validation,9
42,4471,validation,5
42,3180,validation,2
42,918,validation,7
42,6627,validation,6
42,784,validation,7
42,7261,validation,9
42,641,validation,4
42,1189,validation,4
42,6384,validation,3
42,1192,validation,5
42,5729,validation,5
42,18,validation,7
42,1200,validation,7
42,5002,validation,0
42,1983,validation,0
42,1004,validation,9
42,3489,validation,2
42,2989,validation,1
42,1209,validation,5
42,5350,validation,4
42,3014,validation,2
42,5250,validation,2
42,6477,validation,6
42,3847,validation,0
42,4792,validation,3
42,5545,validation,0
42,1204,validation,8
42,393,validation,3
42,5241,validation,3
42,1734,validation,9
42,1761,validation,6
42,5578,validation,3
42,5482,validation,0
42,2311,validation,1
42,5854,validation,0
42,5222,validation,1
42,4062,validation,1
42,3826,validation,0
42,5375,validation,7
42,4048,validation,7
42,984,validation,8
42,3624,validation,1
42,4349,validation,6
42,6633,validation,6
42,4266,validation,1
42,5051,validation,6
42,4826,validation,4
42,3000,validation,6
42,1370,validation,9
42,137,validation,0
42,1138,validation,1
42,3905,validation,0
42,3224,validation,5
42,4491,validation,2
42,6815,validation,8
42,1103,validation,1
42,1504,validation,1
42,5512,validation,1
42,3349,validation,4
42,7160,validation,1
42,5734,validation,5
42,5036,validation,4
42,1818,validation,5
42,3280,validation,6
42,7293,validation,2
42,3427,validation,5
42,1566,validation,8
42,6553,validation,6
42,5944,validation,6
42,3992,validation,3
42,6960,validation,6
42,4810,validation,8
42,1452,validation,2
42,230,validation,6
42,3812,validation,3
42,5669,validation,5
42,2621,validation,3
42,4575,validation,0
42,1800,validation,9
42,2454,validation,8
42,6691,validation,4
42,5299,validation,8
42,3973,validation,4
42,1314,validation,9
42,679,validation,4
42,4116,validation,6
42,1947,validation,0
42,305,validation,2
42,4886,validation,5
42,6606,validation,6
42,582,validation,7
42,712,validation,4
42,811,validation,5
42,2196,validation,2
42,1730,validation,9
42,4373,validation,5
42,6410,validation,4
42,1297,validation,6
42,770,validation,9
42,7199,validation,6
42,5895,validation,1
42,5200,validation,8
42,1703,validation,9
42,5928,validation,5
42,716,validation,5
42,846,validation,4
42,149,validation,1
42,7142,validation,3
42,103,validation,7
42,6401,validation,5
42,2633,validation,4
42,5521,validation,0
42,2882,validation,9
42,5795,validation,7
42,1359,validation,0
42,94,validation,6
42,6963,validation,6
42,6287,validation,1
42,5524,validation,6
42,6302,validation,4
42,1039,validation,3
42,404,validation,6
42,4839,validation,5
42,475,validation,2
42,6710,validation,9
42,2160,validation,3
42,1963,validation,2
42,3069,validation,7
42,6952,validation,0
42,3794,validation,6
42,2372,validation,5
42,1104,validation,8
42,5737,validation,9
42,677,validation,1
42,4609,validation,7
42,4238,validation,4
42,6399,validation,3
42,7183,validation,8
42,5050,validation,6
42,5420,validation,1
42,6771,validation,7
42,6459,validation,5
42,3048,validation,4
42,5596,validation,5
42,4092,validation,8
42,3390,validation,6
42,2346,validation,5
42,2553,validation,2
42,3594,validation,1
42,1462,validation,4
42,4034,validation,4
42,4738,validation,9
42,320,validation,2
42,6082,validation,6
42,1587,validation,8
42,2610,validation,5
42,4576,validation,8
42,3908,validation,8
42,2184,validation,2
42,840,validation,7
42,1576,validation,0
42,4159,validation,5
42,2717,validation,4
42,7327,validation,2
42,6876,validation,2
42,1285,validation,9
42,1827,validation,0
42,4703,validation,9
42,4741,validation,7
42,1930,validation,0
42,2695,validation,3
42,2478,validation,8
42,4558,validation,0
42,2261,validation,9
42,2496,validation,7
42,3293,validation,1
42,5771,validation,6
42,588,validation,6
42,5627,validation,2
42,5938,validation,7
42,2398,validation,7
42,986,validation,0
42,6372,validation,0
42,513,validation,3
42,2290,validation,7
42,4849,validation,3
42,5185,validation,3
42,6436,validation,3
42,829,validation,0
42,6281,validation,5
42,4799,validation,4
42,4265,validation,8
42,731,validation,9
42,1637,validation,1
42,6874,validation,9
42,6357,validation,4
42,3968,validation,7
42,7092,validation,9
42,303,validation,0
42,3658,validation,5
42,4522,validation,9
42,1911,validation,5
42,3710,validation,1
42,4066,validation,9
42,3589,validation,9
42,3713,validation,1
42,3894,validation,3
42,5459,validation,8
42,969,validation,5
42,5561,validation,6
42,4761,validation,6
42,4652,validation,9
42,860,validation,6
42,5170,validation,5
42,4352,validation,9
42,1613,validation,7
42,6063,validation,9
42,2246,validation,0
42,5140,validation,2
42,2581,validation,2
42,1577,validation,0
42,4041,validation,4
42,4848,validation,6
42,2320,validation,4
42,5447,validation,4
42,3408,validation,1
42,5101,validation,9
42,1082,validation,8
42,4543,validation,7
42,4299,validation,8
42,4582,validation,7
42,3091,validation,7
42,385,validation,3
42,4515,validation,3
42,6830,validation,6
42,5580,validation,5
42,5530,validation,9
42,792,validation,1
42,6898,validation,9
42,2687,validation,1
42,2211,validation,7
42,6657,validation,7
42,431,validation,0
42,4851,validation,6
42,3971,validation,0
42,1240,validation,8
42,7244,validation,6
42,256,validation,2
42,7213,validation,9
42,2063,validation,5
42,5693,validation,6
42,3219,validation,2
42,1585,validation,3
42,5027,validation,2
42,5024,validation,3
42,3090,validation,9
42,6222,validation,4
42,1720,validation,2
42,6954,validation,8
42,6053,validation,5
42,1502,validation,9
42,4478,validation,1
42,1232,validation,2
42,4730,validation,7
42,5564,validation,4
42,2589,validation,2
42,4434,validation,2
42,7204,validation,1
42,5433,validation,4
42,7065,validation,7
42,5390,validation,1
42,5384,validation,7
42,3606,validation,7
42,4740,validation,3
42,531,validation,3
42,2170,validation,7
42,2401,validation,3
42,1416,validation,3
42,5041,validation,5
42,6702,validation,1
42,2247,validation,6
42,1973,validation,6
42,4665,validation,4
42,870,validation,2
42,4269,validation,3
42,4610,validation,1
42,4010,validation,5
42,584,validation,2
42,6150,validation,5
42,5836,validation,1
42,5463,validation,2
42,6929,validation,0
42,4319,validation,9
42,5575,validation,0
42,7305,validation,3
42,5588,validation,0
42,6813,validation,6
42,5976,validation,9
42,2767,validation,4
42,2637,validation,9
42,4998,validation,4
42,4817,validation,3
42,7248,validation,9
42,5733,validation,8
42,541,validation,6
42,2317,validation,8
42,2220,validation,2
42,7312,validation,3
42,141,validation,5
42,3406,validation,6
42,958,validation,0
42,24,validation,1
42,2769,validation,0
42,1228,validation,1
42,785,validation,3
42,714,validation,6
42,2714,validation,3
42,1058,validation,0
42,451,validation,4
42,4680,validation,7
42,4164,validation,5
42,9,validation,0
42,1424,validation,3
42,1008,validation,8
42,1746,validation,2
42,887,validation,5
42,1964,validation,8
42,371,validation,2
42,7152,validation,7
42,798,validation,2
42,1571,validation,7
42,1775,validation,8
42,7038,validation,5
42,2632,validation,7
42,5137,validation,7
42,180,validation,0
42,4501,validation,4
42,5731,validation,9
42,2017,validation,2
42,5111,validation,4
42,1615,validation,7
42,4017,validation,0
42,7158,validation,0
42,1712,validation,3
42,6920,validation,1
42,4687,validation,1
42,3448,validation,9
42,5309,validation,8
42,518,validation,8
42,5127,validation,4
42,3285,validation,1
42,2150,validation,6
42,5871,validation,7
42,6653,validation,3
42,2671,validation,6
42,2186,validation,5
42,5595,validation,0
42,3634,validation,9
42,4430,validation,2
42,1445,validation,7
42,879,validation,3
42,4931,validation,8
42,6754,validation,2
42,7023,validation,3
42,6677,validation,1
42,6571,validation,9
42,6269,validation,6
42,5681,validation,6
42,968,validation,6
42,6692,validation,9
42,566,validation,6
42,2942,validation,5
42,3450,validation,3
42,1962,validation,9
42,492,validation,9
42,5340,validation,1
42,3986,validation,7
42,5955,validation,9
42,2325,validation,8
42,1093,validation,4
42,801,validation,4
42,2118,validation,5
42,39,validation,6
42,2301,validation,8
42,3060,validation,4
42,723,validation,6
42,6623,validation,4
42,3673,validation,7
42,4928,validation,8
42,5462,validation,9
42,4747,validation,3
42,2908,validation,1
42,4475,validation,8
42,625,validation,0
42,3949,validation,2
42,6074,validation,7
42,6340,validation,2
42,5018,validation,0
42,2433,validation,2
42,6379,validation,5
42,52,validation,4
42,4391,validation,4
42,4069,validation,3
42,3932,validation,1
42,3216,validation,8
42,6196,validation,7
42,3712,validation,6
42,1294,validation,6
42,2391,validation,7
42,5549,validation,8
42,6981,validation,7
42,1313,validation,2
42,7326,validation,1
42,611,validation,1
42,6575,validation,6
42,2889,validation,2
42,6868,validation,4
42,1160,validation,7
42,3159,validation,5
42,923,validation,0
42,3786,validation,9
42,1164,validation,8
42,332,validation,1
42,2381,validation,0
42,6848,validation,9
42,2896,validation,4
42,21,validation,7
42,4218,validation,7
42,2009,validation,4
42,7082,validation,7
42,3141,validation,4
42,4133,validation,6
42,1430,validation,6
42,4338,validation,8
42,4805,validation,8
42,1249,validation,8
42,5867,validation,4
42,2179,validation,4
42,6032,validation,1
42,6445,validation,1
42,278,validation,8
42,2355,validation,3
42,2099,validation,0
42,2639,validation,6
42,6583,validation,0
42,4571,validation,2
42,2275,validation,1
42,5256,validation,2
42,6744,validation,9
42,5359,validation,6
42,2624,validation,5
42,2096,validation,6
42,2413,validation,7
42,406,validation,7
42,4047,validation,8
42,3498,validation,9
42,6812,validation,2
42,3807,validation,7
42,5130,validation,8
42,4488,validation,5
42,6057,validation,8
42,2152,validation,2
42,2087,validation,8
42,6322,validation,9
42,6036,validation,4
42,3534,validation,7
42,2554,validation,1
42,4132,validation,9
42,2623,validation,7
42,121,validation,4
42,3873,validation,6
42,4249,validation,4
42,7088,validation,5
42,4378,validation,1
42,3186,validation,7
42,4919,validation,4
42,3994,validation,3
42,5429,validation,2
42,4874,validation,6
42,2723,validation,6
42,888,validation,0
42,4602,validation,3
42,3933,validation,2
42,1796,validation,2
42,4953,validation,7
42,5875,validation,2
42,6313,validation,5
42,6324,validation,7
42,4892,validation,8
42,3645,validation,9
42,2977,validation,5
42,5178,validation,0
42,5109,validation,8
42,1545,validation,1
42,5122,validation,5
42,1366,validation,9
42,688,validation,8
42,6547,validation,1
42,4204,validation,3
42,1153,validation,4
42,1507,validation,8
42,2336,validation,4
42,1831,validation,6
42,1001,validation,8
42,299,validation,8
42,6394,validation,2
42,7136,validation,8
42,6852,validation,2
42,5153,validation,3
42,5762,validation,2
42,6966,validation,1
42,207,validation,5
42,2010,validation,8
42,6951,validation,1
42,586,validation,8
42,3083,validation,8
42,3162,validation,5
42,4854,validation,0
42,7275,validation,1
42,3270,validation,2
42,848,validation,1
42,1173,validation,1
42,6767,validation,5
42,1671,validation,9
42,1974,validation,7
42,2088,validation,5
42,2788,validation,7
42,6795,validation,7
42,5794,validation,5
42,1838,validation,9
42,1491,validation,2
42,2580,validation,5
42,1406,validation,0
42,5634,validation,2
42,2522,validation,1
42,1409,validation,5
42,4629,validation,2
42,3108,validation,2
42,6932,validation,2
42,4093,validation,3
42,6550,validation,2
42,5151,validation,5
42,3097,validation,6
42,453,validation,5
42,1497,validation,9
42,2479,validation,6
42,3038,validation,4
42,6378,validation,4
42,689,validation,4
42,5205,validation,6
42,2866,validation,4
42,5019,validation,3
42,4182,validation,4
42,333,validation,0
42,4906,validation,8
42,6309,validation,6
42,1421,validation,5
42,4134,validation,0
42,2001,validation,7
42,7004,validation,0
42,5338,validation,6
42,6512,validation,7
42,2745,validation,4
42,3171,validation,2
42,781,validation,3
42,7104,validation,5
42,6801,validation,5
42,53,validation,5
42,2252,validation,4
42,6004,validation,0
42,2795,validation,4
42,1614,validation,9
42,3743,validation,8
42,1063,validation,8
42,6021,validation,0
42,6457,validation,3
42,3803,validation,1
42,563,validation,1
42,6780,validation,6
42,7324,validation,8
42,499,validation,6
42,3210,validation,6
42,6153,validation,0
42,2497,validation,6
42,4336,validation,1
42,732,validation,9
42,4502,validation,2
42,6716,validation,7
42,6429,validation,2
42,2817,validation,4
42,1390,validation,7
42,6092,validation,9
42,4169,validation,8
42,5478,validation,0
42,5965,validation,5
42,948,validation,3
42,5709,validation,9
42,5025,validation,4
42,1992,validation,3
42,5978,validation,4
42,1952,validation,7
42,3790,validation,0
42,1619,validation,2
42,638,validation,1
42,3920,validation,3
42,95,validation,8
42,5245,validation,7
42,2627,validation,5
42,5798,validation,7
42,373,validation,7
42,2102,validation,6
42,3815,validation,2
42,6024,validation,5
42,3240,validation,6
42,4648,validation,5
42,4431,validation,8
42,3757,validation,9
42,2443,validation,0
42,5675,validation,3
42,4743,validation,0
42,2955,validation,9
42,3626,validation,9
42,5913,validation,5
42,1291,validation,0
42,2505,validation,1
42,6789,validation,5
42,6533,validation,0
42,3312,validation,9
42,4994,validation,0
42,981,validation,2
42,6668,validation,7
42,3549,validation,8
42,6056,validation,4
42,5672,validation,6
42,2720,validation,1
42,7320,validation,2
42,6752,validation,7
42,2272,validation,2
42,2236,validation,1
42,2130,validation,1
42,1205,validation,6
42,5770,validation,8
42,4201,validation,3
42,5259,validation,3
42,2920,validation,0
42,5510,validation,6
42,7154,validation,9
42,1320,validation,7
42,519,validation,0
42,2030,validation,6
42,2484,validation,1
42,3330,validation,9
42,7279,validation,2
42,4276,validation,9
42,1883,validation,6
42,6641,validation,6
42,5167,validation,5
42,4002,validation,1
42,1112,validation,9
42,3967,validation,6
42,7323,validation,3
42,150,validation,7
42,6254,validation,7
42,3687,validation,9
42,4331,validation,4
42,3780,validation,8
17,2720,train,1
17,911,train,4
17,3251,train,6
17,2076,train,6
17,6925,train,9
17,2327,train,6
17,1907,train,6
17,5358,train,8
17,1602,train,6
17,5369,train,0
17,5248,train,2
17,2767,train,4
17,2459,train,0
17,575,train,9
17,5677,train,8
17,6349,train,1
17,6683,train,8
17,3026,train,5
17,1018,train,2
17,5593,train,7
17,1197,train,7
17,5110,train,7
17,2848,train,6
17,7187,train,2
17,4350,train,3
17,3379,train,2
17,1121,train,7
17,2879,train,9
17,3246,train,6
17,4161,train,1
17,114,train,8
17,6247,train,2
17,2606,train,4
17,485,train,0
17,7169,train,5
17,5600,train,1
17,946,train,9
17,6887,train,9
17,2276,train,3
17,1958,train,0
17,1270,train,1
17,1560,train,8
17,4048,train,7
17,2214,train,1
17,2412,train,9
17,2233,train,5
17,5530,train,9
17,6314,train,2
17,2881,train,2
17,6637,train,4
17,4938,train,8
17,819,train,7
17,6297,train,5
17,4526,train,3
17,7361,train,1
17,5316,train,4
17,2187,train,9
17,4857,train,1
17,199,train,0
17,6882,train,4
17,6635,train,1
17,1329,train,8
17,1179,train,0
17,1304,train,0
17,5137,train,7
17,4667,train,3
17,5572,train,6
17,1135,train,0
17,3500,train,6
17,4100,train,0
17,3358,train,8
17,3780,train,8
17,5367,train,7
17,7053,train,9
17,803,train,7
17,2338,train,3
17,6860,train,7
17,1856,train,9
17,1416,train,3
17,3120,train,6
17,3606,train,7
17,4462,train,2
17,5575,train,0
17,121,train,4
17,5662,train,2
17,5798,train,7
17,6609,train,9
17,4822,train,6
17,657,train,5
17,1259,train,0
17,4053,train,1
17,3411,train,3
17,6993,train,1
17,720,train,4
17,6650,train,7
17,368,train,6
17,1851,train,0
17,6515,train,7
17,2417,train,8
17,293,train,2
17,3599,train,2
17,6988,train,8
17,4661,train,4
17,7207,train,9
17,60,train,0
17,4979,train,8
17,6551,train,5
17,207,train,5
17,4393,train,3
17,2375,train,0
17,4507,train,3
17,2216,train,0
17,6472,train,2
17,1227,train,8
17,666,train,1
17,1637,train,1
17,5127,train,4
17,5461,train,0
17,1150,train,6
17,5640,train,7
17,4957,train,8
17,4960,train,7
17,3292,train,4
17,5967,train,3
17,169,train,4
17,3952,train,5
17,2293,train,5
17,4947,train,6
17,3946,train,9
17,3446,train,9
17,4362,train,6
17,1081,train,1
17,4931,train,8
17,1655,train,5
17,4158,train,1
17,3888,train,3
17,5632,train,6
17,5975,train,8
17,3221,train,2
17,5920,train,5
17,4138,train,9
17,1487,train,6
17,6444,train,7
17,1799,train,7
17,4168,train,4
17,3035,train,1
17,1971,train,0
17,572,train,0
17,4547,train,4
17,450,train,5
17,5387,train,0
17,6197,train,4
17,7068,train,5
17,4098,train,5
17,5065,train,8
17,2121,train,5
17,371,train,2
17,5970,train,6
17,4570,train,7
17,5811,train,1
17,2573,train,2
17,69,train,4
17,7245,train,4
17,1350,train,4
17,1948,train,3
17,1439,train,9
17,6151,train,5
17,419,train,3
17,4585,train,1
17,3178,train,3
17,2608,train,9
17,6739,train,4
17,552,train,8
17,1314,train,9
17,3716,train,8
17,5573,train,8
17,256,train,2
17,137,train,0
17,3044,train,8
17,4454,train,9
17,6694,train,7
17,7230,train,9
17,2189,train,7
17,5685,train,6
17,3303,train,4
17,3259,train,8
17,6901,train,3
17,1930,train,0
17,4750,train,8
17,5267,train,9
17,2272,train,2
17,3343,train,2
17,6878,train,1
17,5477,train,6
17,6655,train,7
17,332,train,1
17,2240,train,5
17,2443,train,0
17,3215,train,0
17,4581,train,9
17,2623,train,7
17,4413,train,2
17,459,train,5
17,250,train,9
17,6509,train,4
17,5148,train,5
17,4543,train,7
17,5673,train,8
17,1217,train,6
17,2281,train,9
17,2660,train,1
17,5264,train,8
17,6674,train,4
17,5053,train,0
17,2483,train,2
17,201,train,9
17,3357,train,6
17,5272,train,9
17,1319,train,3
17,4976,train,8
17,885,train,1
17,308,train,9
17,3588,train,7
17,6966,train,1
17,2165,train,8
17,7048,train,7
17,2134,train,5
17,4382,train,8
17,1638,train,4
17,5823,train,9
17,6900,train,0
17,1400,train,1
17,4497,train,2
17,4187,train,7
17,330,train,8
17,1075,train,4
17,6813,train,6
17,3578,train,1
17,6835,train,3
17,3789,train,1
17,7307,train,1
17,1045,train,2
17,1647,train,3
17,3592,train,3
17,6830,train,6
17,2313,train,4
17,5306,train,7
17,5443,train,7
17,5654,train,9
17,123,train,3
17,5579,train,8
17,3575,train,0
17,1503,train,1
17,5508,train,1
17,2838,train,3
17,1869,train,6
17,647,train,5
17,4088,train,6
17,457,train,4
17,5509,train,6
17,5749,train,4
17,6023,train,6
17,1852,train,8
17,3383,train,2
17,2951,train,3
17,5655,train,0
17,5532,train,4
17,5485,train,9
17,6358,train,3
17,502,train,4
17,5964,train,0
17,6062,train,5
17,7047,train,1
17,5658,train,9
17,2547,train,8
17,2974,train,2
17,1975,train,1
17,6850,train,5
17,7334,train,2
17,4047,train,8
17,3191,train,4
17,4824,train,4
17,224,train,3
17,5704,train,1
17,6716,train,7
17,5866,train,7
17,3692,train,1
17,4308,train,9
17,2557,train,6
17,1424,train,3
17,1693,train,0
17,7289,train,4
17,7201,train,5
17,6904,train,1
17,287,train,8
17,6732,train,8
17,6421,train,4
17,4276,train,9
17,6863,train,6
17,1221,train,0
17,1843,train,7
17,3659,train,7
17,2287,train,4
17,3960,train,4
17,999,train,1
17,1305,train,7
17,3986,train,7
17,4927,train,8
17,2637,train,9
17,1281,train,9
17,3933,train,2
17,1821,train,2
17,1261,train,6
17,4432,train,0
17,4689,train,9
17,5332,train,1
17,5752,train,4
17,3874,train,8
17,653,train,5
17,263,train,9
17,3219,train,2
17,7099,train,1
17,5262,train,8
17,125,train,8
17,341,train,3
17,6251,train,3
17,1042,train,6
17,6652,train,3
17,1472,train,0
17,6776,train,7
17,2666,train,8
17,3810,train,5
17,4571,train,2
17,3876,train,1
17,5067,train,1
17,7185,train,0
17,4387,train,3
17,553,train,8
17,1196,train,1
17,398,train,8
17,2630,train,1
17,6886,train,2
17,5664,train,8
17,3197,train,1
17,5236,train,0
17,1132,train,8
17,3483,train,1
17,1905,train,3
17,3516,train,9
17,2437,train,0
17,570,train,4
17,2966,train,5
17,5350,train,4
17,2709,train,8
17,386,train,7
17,1137,train,8
17,4026,train,3
17,1404,train,6
17,6682,train,9
17,1890,train,1
17,6307,train,8
17,3186,train,7
17,2419,train,9
17,5371,train,6
17,2635,train,3
17,5609,train,1
17,5762,train,2
17,6588,train,0
17,3008,train,2
17,4472,train,8
17,5535,train,0
17,144,train,3
17,3051,train,3
17,1384,train,4
17,4368,train,9
17,3078,train,9
17,4787,train,0
17,4606,train,9
17,6192,train,3
17,2777,train,2
17,6563,train,7
17,5243,train,9
17,3441,train,7
17,913,train,5
17,6040,train,4
17,5012,train,2
17,3283,train,1
17,2625,train,0
17,2498,train,7
17,4,train,4
17,6321,train,3
17,2325,train,8
17,1714,train,7
17,4833,train,4
17,5788,train,2
17,715,train,4
17,4992,train,6
17,4348,train,6
17,483,train,8
17,239,train,0
17,3054,train,6
17,5099,train,0
17,1244,train,0
17,899,train,4
17,2852,train,0
17,3994,train,3
17,3201,train,9
17,258,train,2
17,1360,train,0
17,3220,train,3
17,1664,train,9
17,3351,train,2
17,301,train,2
17,7186,train,3
17,2678,train,8
17,3281,train,9
17,4998,train,4
17,5382,train,6
17,6962,train,2
17,3675,train,5
17,7288,train,6
17,1084,train,8
17,5868,train,0
17,5507,train,5
17,4619,train,4
17,2771,train,8
17,917,train,4
17,2017,train,2
17,5881,train,1
17,1686,train,2
17,1612,train,7
17,3385,train,5
17,505,train,6
17,1353,train,8
17,3921,train,2
17,5845,train,0
17,5056,train,6
17,4730,train,7
17,685,train,7
17,1247,train,8
17,344,train,6
17,3841,train,5
17,5290,train,8
17,2694,train,4
17,6279,train,9
17,1190,train,9
17,3646,train,1
17,2564,train,5
17,5818,train,0
17,6508,train,5
17,1343,train,5
17,4256,train,2
17,5379,train,6
17,3133,train,3
17,307,train,9
17,4792,train,3
17,2667,train,2
17,1954,train,5
17,2668,train,7
17,3676,train,7
17,4954,train,0
17,2629,train,1
17,4165,train,9
17,2597,train,9
17,7043,train,4
17,6612,train,6
17,3279,train,0
17,3957,train,5
17,2302,train,1
17,856,train,8
17,6417,train,3
17,4007,train,2
17,2968,train,6
17,3429,train,1
17,517,train,6
17,6001,train,3
17,6350,train,2
17,4338,train,8
17,1661,train,3
17,5300,train,7
17,1267,train,7
17,4920,train,2
17,4540,train,2
17,2522,train,1
17,1692,train,3
17,2448,train,2
17,3403,train,2
17,6678,train,5
17,4198,train,6
17,1026,train,6
17,5525,train,1
17,4847,train,7
17,2031,train,3
17,4479,train,9
17,2909,train,1
17,2047,train,9
17,949,train,6
17,822,train,4
17,2480,train,5
17,2361,train,0
17,6433,train,3
17,472,train,3
17,893,train,5
17,6132,train,3
17,3231,train,3
17,2596,train,4
17,4605,train,2
17,5233,train,3
17,37,train,1
17,5984,train,0
17,754,train,1
17,4016,train,5
17,7077,train,4
17,5842,train,0
17,327,train,9
17,3356,train,2
17,5325,train,3
17,3525,train,4
17,2950,train,4
17,4386,train,7
17,2983,train,5
17,4069,train,3
17,2531,train,1
17,696,train,4
17,4475,train,8
17,6680,train,0
17,4180,train,1
17,4082,train,6
17,1268,train,1
17,3123,train,0
17,5928,train,5
17,2726,train,8
17,4075,train,9
17,2428,train,1
17,1295,train,8
17,5561,train,6
17,4408,train,5
17,841,train,1
17,5495,train,7
17,1959,train,7
17,2383,train,1
17,3596,train,5
17,5139,train,3
17,531,train,3
17,6388,train,5
17,3389,train,7
17,2626,train,0
17,6951,train,1
17,6273,train,0
17,1256,train,7
17,5988,train,2
17,1421,train,5
17,968,train,6
17,6234,train,2
17,1263,train,4
17,2959,train,1
17,4333,train,8
17,7365,train,1
17,6443,train,8
17,2555,train,7
17,3473,train,0
17,115,train,5
17,3290,train,3
17,5703,train,1
17,7297,train,5
17,1330,train,5
17,1824,train,7
17,6911,train,2
17,3706,train,6
17,3784,train,2
17,3758,train,9
17,3406,train,6
17,1911,train,5
17,4332,train,0
17,7071,train,0
17,2242,train,6
17,4969,train,9
17,5474,train,7
17,3997,train,4
17,3386,train,9
17,3754,train,3
17,6983,train,8
17,4153,train,9
17,4799,train,4
17,1558,train,6
17,439,train,9
17,4859,train,2
17,338,train,7
17,4106,train,4
17,6795,train,7
17,5472,train,7
17,34,train,4
17,6168,train,3
17,3422,train,7
17,3472,train,6
17,1840,train,4
17,2298,train,9
17,3756,train,2
17,875,train,7
17,975,train,3
17,5380,train,5
17,7175,train,0
17,5792,train,3
17,5257,train,1
17,2690,train,2
17,7296,train,4
17,2235,train,6
17,4477,train,7
17,2149,train,2
17,5446,train,1
17,6954,train,8
17,6939,train,4
17,127,train,3
17,3541,train,4
17,4147,train,4
17,3450,train,3
17,4409,train,2
17,4599,train,3
17,6775,train,0
17,4391,train,4
17,3494,train,2
17,4326,train,9
17,5501,train,7
17,6527,train,0
17,283,train,1
17,5476,train,9
17,4163,train,1
17,3109,train,2
17,1152,train,1
17,6474,train,2
17,2935,train,0
17,6780,train,6
17,1199,train,0
17,2574,train,2
17,573,train,4
17,2161,train,6
17,6499,train,4
17,1899,train,7
17,4084,train,0
17,4948,train,4
17,1768,train,5
17,6221,train,1
17,1932,train,7
17,510,train,3
17,508,train,8
17,4840,train,7
17,4064,train,2
17,5105,train,1
17,6519,train,8
17,3030,train,7
17,2995,train,4
17,5102,train,7
17,2345,train,8
17,5354,train,0
17,6861,train,4
17,4405,train,7
17,7343,train,6
17,4781,train,1
17,4059,train,2
17,7000,train,3
17,5445,train,5
17,1584,train,8
17,6367,train,0
17,372,train,7
17,4495,train,2
17,731,train,9
17,4154,train,1
17,5185,train,3
17,6087,train,8
17,1847,train,5
17,5519,train,5
17,5131,train,2
17,3970,train,7
17,6770,train,2
17,832,train,5
17,1707,train,3
17,4934,train,5
17,1696,train,4
17,2591,train,3
17,2493,train,4
17,463,train,0
17,4955,train,8
17,1374,train,6
17,4388,train,4
17,3245,train,2
17,3488,train,0
17,6981,train,7
17,5130,train,8
17,1248,train,9
17,6495,train,5
17,2388,train,0
17,2939,train,6
17,6000,train,6
17,4928,train,8
17,3325,train,7
17,59,train,8
17,1685,train,1
17,1316,train,2
17,4745,train,3
17,1981,train,6
17,1004,train,9
17,3908,train,8
17,2283,train,2
17,2079,train,6
17,535,train,0
17,3649,train,9
17,149,train,1
17,1928,train,8
17,1017,train,7
17,2225,train,8
17,6458,train,0
17,5128,train,3
17,7257,train,2
17,1923,train,3
17,1389,train,3
17,2791,train,3
17,2096,train,6
17,7106,train,4
17,1849,train,8
17,3504,train,6
17,2519,train,4
17,4428,train,7
17,7075,train,4
17,3755,train,0
17,4765,train,6
17,5558,train,8
17,1605,train,5
17,4191,train,9
17,7315,train,2
17,1386,train,7
17,1807,train,9
17,6731,train,4
17,4964,train,8
17,693,train,3
17,7366,train,6
17,7224,train,5
17,6036,train,4
17,427,train,7
17,3430,train,3
17,900,train,1
17,3072,train,6
17,5761,train,1
17,3584,train,7
17,2831,train,4
17,4464,train,2
17,6977,train,7
17,2725,train,0
17,945,train,5
17,1934,train,4
17,4680,train,7
17,7241,train,0
17,2107,train,5
17,2546,train,8
17,5488,train,5
17,4742,train,8
17,3681,train,1
17,1352,train,3
17,1193,train,0
17,4277,train,0
17,6435,train,0
17,2112,train,8
17,2362,train,3
17,5003,train,0
17,7215,train,7
17,4660,train,3
17,6889,train,7
17,2213,train,2
17,2095,train,0
17,6807,train,0
17,5983,train,1
17,4900,train,3
17,3144,train,9
17,6649,train,6
17,5005,train,3
17,2680,train,9
17,749,train,1
17,5498,train,2
17,594,train,7
17,3342,train,2
17,1177,train,6
17,891,train,3
17,3820,train,6
17,6186,train,7
17,3550,train,0
17,2109,train,8
17,7216,train,6
17,3857,train,2
17,674,train,9
17,6369,train,8
17,2530,train,3
17,2524,train,3
17,992,train,0
17,4115,train,2
17,2875,train,9
17,141,train,5
17,2817,train,4
17,3392,train,6
17,5925,train,9
17,1865,train,8
17,3415,train,3
17,3137,train,7
17,5767,train,1
17,3926,train,4
17,5784,train,0
17,2863,train,8
17,5683,train,7
17,958,train,0
17,5258,train,9
17,4213,train,3
17,5956,train,1
17,3791,train,1
17,4031,train,0
17,716,train,5
17,2346,train,5
17,2849,train,2
17,6517,train,4
17,1854,train,9
17,194,train,9
17,2949,train,8
17,1070,train,6
17,4665,train,4
17,349,train,1
17,3721,train,9
17,2436,train,5
17,3424,train,7
17,730,train,2
17,4038,train,0
17,6888,train,7
17,2551,train,9
17,5652,train,2
17,4374,train,6
17,675,train,0
17,6432,train,8
17,2137,train,4
17,102,train,3
17,4592,train,3
17,5247,train,0
17,3185,train,9
17,3563,train,6
17,1013,train,8
17,4300,train,8
17,585,train,4
17,4656,train,1
17,7006,train,0
17,6579,train,6
17,2860,train,3
17,4952,train,7
17,831,train,1
17,3172,train,5
17,2255,train,5
17,1539,train,5
17,5781,train,6
17,4565,train,2
17,663,train,3
17,2173,train,2
17,7204,train,1
17,3526,train,8
17,7031,train,4
17,6008,train,9
17,4383,train,9
17,5228,train,2
17,6304,train,2
17,661,train,3
17,5359,train,6
17,6165,train,0
17,6207,train,8
17,4133,train,6
17,4968,train,9
17,4511,train,3
17,7171,train,4
17,1594,train,9
17,1544,train,0
17,3307,train,0
17,6158,train,6
17,3571,train,1
17,3975,train,4
17,1697,train,5
17,4816,train,0
17,3783,train,2
17,3610,train,2
17,614,train,3
17,5780,train,4
17,3002,train,2
17,6437,train,1
17,4429,train,3
17,2948,train,5
17,1873,train,8
17,6877,train,7
17,4659,train,5
17,6816,train,7
17,4724,train,4
17,3295,train,0
17,4304,train,7
17,7,train,7
17,2648,train,7
17,2761,train,5
17,5657,train,2
17,5026,train,9
17,2473,train,4
17,5581,train,9
17,5383,train,2
17,5351,train,6
17,6844,train,5
17,5909,train,7
17,5077,train,0
17,1886,train,2
17,4520,train,9
17,1601,train,6
17,1470,train,3
17,656,train,1
17,3852,train,2
17,4056,train,0
17,2928,train,9
17,5192,train,2
17,6056,train,4
17,6687,train,0
17,7029,train,2
17,5119,train,7
17,1897,train,3
17,274,train,5
17,1597,train,1
17,1144,train,0
17,672,train,8
17,7160,train,1
17,4901,train,7
17,1463,train,5
17,4204,train,3
17,4693,train,8
17,2336,train,4
17,173,train,7
17,6847,train,0
17,4734,train,5
17,2961,train,0
17,6263,train,4
17,2654,train,3
17,353,train,3
17,4534,train,7
17,3466,train,7
17,5251,train,7
17,6514,train,7
17,5341,train,2
17,132,train,5
17,2201,train,8
17,1909,train,1
17,2609,train,5
17,1618,train,3
17,1344,train,6
17,6090,train,1
17,7013,train,7
17,6594,train,3
17,3833,train,2
17,5478,train,0
17,6530,train,9
17,6109,train,0
17,3557,train,0
17,3715,train,1
17,1388,train,5
17,5738,train,8
17,5384,train,7
17,6843,train,4
17,5793,train,8
17,1482,train,1
17,3679,train,5
17,5571,train,8
17,2051,train,6
17,4234,train,6
17,6482,train,9
17,3163,train,0
17,6199,train,9
17,4849,train,3
17,547,train,3
17,5090,train,8
17,988,train,2
17,382,train,4
17,5191,train,8
17,1993,train,6
17,3087,train,7
17,6230,train,6
17,4879,train,7
17,6797,train,0
17,400,train,8
17,6228,train,9
17,394,train,0
17,3194,train,4
17,3509,train,9
17,1363,train,2
17,3619,train,0
17,4752,train,9
17,5879,train,8
17,4628,train,5
17,2856,train,6
17,3268,train,0
17,7226,train,1
17,3527,train,3
17,4006,train,8
17,558,train,9
17,2398,train,7
17,5346,train,6
17,3330,train,9
17,2089,train,3
17,5370,train,8
17,7195,train,5
17,1219,train,9
17,1469,train,4
17,2495,train,6
17,5895,train,1
17,5270,train,2
17,3549,train,8
17,411,train,8
17,3066,train,0
17,2487,train,8
17,500,train,2
17,4684,train,9
17,3831,train,9
17,7277,train,2
17,1529,train,2
17,5242,train,6
17,3272,train,7
17,2740,train,5
17,760,train,2
17,7113,train,7
17,3125,train,3
17,4123,train,3
17,3029,train,3
17,4669,train,3
17,7338,train,9
17,4993,train,6
17,6175,train,1
17,5676,train,4
17,1433,train,6
17,801,train,4
17,1235,train,2
17,6836,train,1
17,5001,train,1
17,1184,train,4
17,6611,train,9
17,82,train,4
17,4278,train,3
17,5299,train,8
17,259,train,3
17,5020,train,4
17,2262,train,7
17,3467,train,1
17,2402,train,0
17,5260,train,5
17,2113,train,2
17,1204,train,8
17,2468,train,3
17,1043,train,0
17,5730,train,0
17,719,train,6
17,3711,train,1
17,5711,train,3
17,3324,train,1
17,3417,train,0
17,4149,train,9
17,3333,train,5
17,4823,train,3
17,83,train,1
17,6476,train,8
17,3847,train,0
17,903,train,2
17,6035,train,2
17,3146,train,3
17,5797,train,4
17,2278,train,9
17,4672,train,4
17,4843,train,3
17,5096,train,3
17,2911,train,7
17,763,train,4
17,6654,train,2
17,5452,train,1
17,4418,train,5
17,1631,train,9
17,2057,train,1
17,987,train,0
17,6383,train,1
17,7292,train,9
17,1721,train,7
17,727,train,5
17,1957,train,3
17,1964,train,8
17,4702,train,1
17,6540,train,4
17,3207,train,1
17,1754,train,5
17,1454,train,3
17,5666,train,7
17,690,train,0
17,890,train,2
17,3434,train,9
17,465,train,3
17,700,train,4
17,983,train,8
17,1090,train,7
17,1866,train,3
17,1842,train,1
17,7339,train,9
17,1178,train,1
17,6445,train,1
17,70,train,8
17,1767,train,6
17,3067,train,2
17,6719,train,7
17,5168,train,4
17,2873,train,2
17,2511,train,7
17,7212,train,7
17,2297,train,7
17,1497,train,9
17,3860,train,6
17,6534,train,4
17,4804,train,7
17,466,train,7
17,346,train,1
17,1276,train,3
17,612,train,4
17,6589,train,0
17,6525,train,5
17,2420,train,8
17,2390,train,8
17,2797,train,0
17,3497,train,0
17,1218,train,1
17,2043,train,7
17,1124,train,3
17,3033,train,9
17,6916,train,6
17,3631,train,5
17,6883,train,7
17,3907,train,1
17,5844,train,4
17,4358,train,7
17,5707,train,9
17,4271,train,9
17,3016,train,0
17,972,train,3
17,6083,train,2
17,6095,train,8
17,2756,train,5
17,3103,train,4
17,6333,train,8
17,2275,train,1
17,7152,train,7
17,3779,train,5
17,6841,train,5
17,5132,train,9
17,4946,train,8
17,1648,train,0
17,103,train,7
17,5482,train,0
17,2770,train,6
17,2004,train,1
17,3983,train,7
17,2212,train,2
17,1949,train,0
17,5688,train,5
17,6416,train,3
17,235,train,9
17,2594,train,2
17,4506,train,4
17,6638,train,8
17,2295,train,2
17,1332,train,8
17,1108,train,1
17,409,train,2
17,2163,train,7
17,4877,train,1
17,4815,train,8
17,3312,train,9
17,5977,train,7
17,6624,train,2
17,3633,train,4
17,348,train,9
17,718,train,7
17,3529,train,4
17,282,train,7
17,4645,train,8
17,1543,train,1
17,930,train,1
17,3200,train,8
17,2585,train,8
17,1805,train,1
17,683,train,4
17,7086,train,8
17,5766,train,7
17,6486,train,6
17,591,train,8
17,3141,train,4
17,3934,train,0
17,6123,train,4
17,1492,train,2
17,1917,train,8
17,4905,train,7
17,3915,train,0
17,1723,train,2
17,6101,train,2
17,6968,train,7
17,486,train,6
17,6409,train,9
17,6765,train,7
17,1827,train,0
17,2063,train,5
17,1885,train,3
17,44,train,5
17,918,train,7
17,567,train,1
17,1341,train,5
17,5454,train,7
17,3792,train,2
17,3974,train,7
17,3193,train,3
17,3759,train,4
17,5615,train,1
17,418,train,2
17,7263,train,4
17,4903,train,3
17,7084,train,0
17,369,train,6
17,3327,train,7
17,2607,train,4
17,4811,train,7
17,5480,train,0
17,6254,train,7
17,3639,train,8
17,3486,train,5
17,6302,train,4
17,7317,train,7
17,4588,train,2
17,176,train,0
17,1761,train,6
17,4425,train,3
17,260,train,9
17,3697,train,4
17,7332,train,7
17,1994,train,8
17,5516,train,8
17,2545,train,5
17,2934,train,9
17,5388,train,7
17,1939,train,5
17,1485,train,7
17,4623,train,0
17,1246,train,8
17,6787,train,3
17,2068,train,6
17,4063,train,2
17,4985,train,9
17,1391,train,2
17,3260,train,3
17,6110,train,4
17,2592,train,8
17,316,train,9
17,6554,train,3
17,240,train,8
17,3807,train,7
17,6303,train,8
17,1428,train,2
17,493,train,8
17,884,train,9
17,637,train,8
17,1588,train,9
17,6064,train,4
17,6518,train,5
17,4397,train,6
17,1535,train,7
17,5775,train,5
17,193,train,2
17,1399,train,5
17,5366,train,0
17,2507,train,8
17,3665,train,4
17,385,train,3
17,1046,train,3
17,2766,train,0
17,2074,train,3
17,1662,train,4
17,5548,train,5
17,3011,train,3
17,955,train,7
17,2454,train,8
17,2578,train,5
17,676,train,3
17,6170,train,2
17,4532,train,6
17,4553,train,5
17,151,train,5
17,4642,train,0
17,249,train,9
17,4182,train,4
17,2284,train,8
17,7027,train,8
17,5360,train,4
17,3556,train,8
17,376,train,6
17,6457,train,3
17,5990,train,4
17,2144,train,8
17,4880,train,7
17,3022,train,3
17,6871,train,1
17,5583,train,5
17,6542,train,6
17,6380,train,6
17,7214,train,5
17,2844,train,3
17,4062,train,1
17,6116,train,4
17,2730,train,9
17,5949,train,6
17,5693,train,6
17,4826,train,4
17,6618,train,0
17,4485,train,2
17,5786,train,7
17,5922,train,0
17,2374,train,2
17,2052,train,7
17,6055,train,5
17,2794,train,8
17,2739,train,4
17,7145,train,4
17,6536,train,6
17,4653,train,8
17,6067,train,3
17,5368,train,9
17,621,train,9
17,534,train,9
17,7017,train,0
17,6626,train,7
17,2457,train,5
17,1339,train,2
17,3452,train,8
17,6479,train,0
17,7050,train,7
17,5045,train,7
17,4537,train,8
17,4337,train,4
17,2862,train,0
17,4257,train,4
17,4939,train,8
17,6235,train,7
17,6622,train,5
17,6122,train,3
17,1468,train,4
17,4119,train,3
17,6553,train,6
17,6441,train,0
17,2827,train,1
17,3979,train,3
17,4185,train,7
17,7218,train,0
17,1942,train,9
17,7265,train,5
17,3517,train,9
17,190,train,5
17,4550,train,4
17,3914,train,3
17,3793,train,1
17,4767,train,0
17,2353,train,2
17,3520,train,2
17,5016,train,7
17,2414,train,2
17,2046,train,0
17,3949,train,2
17,5897,train,9
17,495,train,4
17,860,train,6
17,4699,train,6
17,5048,train,6
17,3695,train,0
17,3250,train,0
17,5149,train,7
17,2528,train,6
17,4862,train,3
17,1701,train,6
17,5060,train,0
17,6315,train,3
17,2914,train,8
17,1356,train,1
17,5805,train,5
17,2763,train,9
17,6481,train,2
17,7229,train,5
17,6281,train,5
17,1413,train,9
17,340,train,5
17,6597,train,5
17,2753,train,1
17,3046,train,5
17,5182,train,1
17,3183,train,9
17,6555,train,5
17,3547,train,8
17,6963,train,6
17,4422,train,4
17,2080,train,3
17,378,train,2
17,6651,train,0
17,2929,train,2
17,1864,train,3
17,4458,train,0
17,379,train,8
17,1169,train,6
17,2710,train,6
17,2549,train,4
17,5625,train,3
17,3084,train,5
17,4967,train,1
17,6256,train,9
17,5011,train,9
17,4600,train,3
17,1660,train,2
17,6372,train,0
17,2978,train,1
17,4376,train,3
17,6659,train,5
17,174,train,3
17,482,train,0
17,1023,train,5
17,4171,train,8
17,6339,train,0
17,5091,train,6
17,2328,train,1
17,806,train,3
17,1658,train,0
17,2301,train,8
17,4112,train,8
17,6030,train,3
17,3802,train,0
17,3448,train,9
17,7261,train,9
17,7052,train,0
17,6858,train,4
17,5544,train,3
17,5995,train,3
17,2565,train,2
17,2851,train,1
17,430,train,4
17,6296,train,5
17,4618,train,6
17,2256,train,3
17,7124,train,1
17,2572,train,8
17,1744,train,8
17,1604,train,7
17,1694,train,3
17,2167,train,4
17,5865,train,8
17,530,train,6
17,5618,train,7
17,6125,train,0
17,6893,train,6
17,178,train,8
17,3560,train,6
17,4545,train,2
17,3724,train,8
17,367,train,2
17,2044,train,7
17,3397,train,8
17,2593,train,0
17,4798,train,5
17,6214,train,6
17,646,train,0
17,5318,train,6
17,4688,train,0
17,3355,train,6
17,1585,train,3
17,4250,train,2
17,6574,train,2
17,4971,train,9
17,6459,train,5
17,4874,train,6
17,4747,train,3
17,3270,train,2
17,4668,train,4
17,7198,train,1
17,954,train,8
17,155,train,6
17,77,train,7
17,2579,train,5
17,3071,train,2
17,6752,train,7
17,2277,train,5
17,5430,train,1
17,4282,train,1
17,4770,train,4
17,4261,train,5
17,6391,train,7
17,7032,train,4
17,3602,train,5
17,6386,train,8
17,5081,train,8
17,6771,train,7
17,2339,train,5
17,4602,train,3
17,7280,train,2
17,2661,train,6
17,4766,train,6
17,7120,train,2
17,5152,train,8
17,5699,train,7
17,2719,train,7
17,7209,train,9
17,3515,train,4
17,4590,train,5
17,227,train,5
17,2642,train,4
17,6710,train,9
17,4916,train,3
17,6105,train,5
17,6541,train,7
17,5103,train,4
17,3930,train,1
17,6802,train,9
17,422,train,6
17,4296,train,5
17,1478,train,5
17,5459,train,8
17,2679,train,5
17,744,train,5
17,5955,train,9
17,6376,train,4
17,6510,train,7
17,3005,train,0
17,6613,train,5
17,2924,train,1
17,4694,train,6
17,4884,train,9
17,5349,train,0
17,4166,train,7
17,5694,train,6
17,2387,train,4
17,679,train,4
17,1481,train,0
17,2691,train,1
17,1495,train,6
17,6894,train,4
17,6759,train,3
17,4963,train,4
17,3147,train,7
17,2639,train,6
17,3559,train,5
17,2,train,2
17,537,train,5
17,6726,train,6
17,654,train,6
17,665,train,1
17,7101,train,8
17,446,train,6
17,936,train,2
17,5339,train,7
17,5691,train,3
17,5052,train,0
17,49,train,7
17,817,train,3
17,2759,train,7
17,6960,train,6
17,1838,train,9
17,4882,train,2
17,5249,train,8
17,6215,train,5
17,2347,train,0
17,6857,train,7
17,2926,train,9
17,4468,train,3
17,140,train,0
17,5771,train,6
17,2223,train,2
17,2944,train,9
17,7182,train,9
17,1089,train,0
17,916,train,3
17,3811,train,0
17,1833,train,2
17,1484,train,5
17,6538,train,7
17,4591,train,9
17,3237,train,4
17,7258,train,8
17,4435,train,0
17,5473,train,6
17,6190,train,6
17,6891,train,9
17,2537,train,8
17,3432,train,6
17,1962,train,9
17,2150,train,6
17,3380,train,2
17,704,train,6
17,4542,train,0
17,3093,train,7
17,2892,train,5
17,5608,train,9
17,1091,train,4
17,5919,train,0
17,1889,train,2
17,5791,train,3
17,7202,train,1
17,6590,train,4
17,3537,train,4
17,5974,train,1
17,4190,train,9
17,1906,train,9
17,1903,train,3
17,5315,train,9
17,3714,train,8
17,5612,train,5
17,609,train,7
17,3686,train,3
17,3222,train,4
17,6225,train,1
17,2749,train,9
17,5280,train,7
17,1271,train,8
17,3243,train,1
17,2510,train,1
17,4014,train,7
17,2798,train,6
17,2021,train,3
17,4930,train,0
17,2795,train,4
17,1636,train,3
17,6331,train,0
17,6673,train,1
17,4045,train,2
17,1036,train,3
17,818,train,7
17,5153,train,3
17,4410,train,5
17,3931,train,0
17,4621,train,8
17,4780,train,0
17,4078,train,1
17,196,train,3
17,6081,train,5
17,480,train,2
17,5963,train,0
17,2355,train,3
17,2379,train,1
17,2757,train,6
17,6293,train,8
17,5116,train,3
17,4254,train,4
17,3059,train,5
17,6980,train,5
17,6015,train,2
17,3381,train,4
17,4629,train,2
17,4263,train,0
17,4546,train,9
17,5661,train,8
17,3387,train,7
17,3643,train,2
17,4603,train,0
17,2185,train,3
17,3693,train,0
17,4197,train,9
17,3781,train,4
17,3992,train,3
17,982,train,3
17,6022,train,7
17,1252,train,3
17,4162,train,1
17,3958,train,9
17,388,train,1
17,6241,train,2
17,364,train,9
17,2245,train,9
17,4101,train,3
17,753,train,2
17,5416,train,8
17,3729,train,9
17,4827,train,3
17,1811,train,2
17,5167,train,5
17,6644,train,0
17,5448,train,2
17,7271,train,9
17,1771,train,0
17,709,train,6
17,965,train,1
17,306,train,8
17,2897,train,1
17,4183,train,3
17,5022,train,5
17,4801,train,5
17,5321,train,0
17,2898,train,7
17,6581,train,0
17,5319,train,1
17,6075,train,1
17,1627,train,8
17,815,train,1
17,3421,train,5
17,5834,train,4
17,5556,train,9
17,1831,train,6
17,234,train,4
17,4232,train,4
17,1034,train,4
17,2655,train,3
17,2745,train,4
17,211,train,3
17,1110,train,1
17,3097,train,6
17,166,train,7
17,2205,train,5
17,5827,train,0
17,2006,train,9
17,1986,train,8
17,1746,train,2
17,4810,train,8
17,6973,train,5
17,5863,train,3
17,3638,train,1
17,5606,train,2
17,7155,train,1
17,757,train,3
17,4087,train,8
17,5327,train,9
17,1096,train,3
17,4909,train,8
17,4712,train,9
17,4363,train,0
17,1006,train,3
17,3316,train,3
17,6310,train,7
17,6249,train,2
17,6340,train,2
17,2559,train,8
17,4634,train,8
17,4987,train,8
17,3826,train,0
17,3630,train,4
17,2135,train,7
17,4703,train,9
17,5395,train,1
17,2203,train,1
17,4205,train,3
17,1202,train,0
17,1357,train,1
17,2599,train,7
17,3624,train,1
17,3038,train,4
17,1303,train,5
17,5175,train,9
17,426,train,8
17,2752,train,1
17,1650,train,8
17,7098,train,5
17,3294,train,6
17,6627,train,6
17,2124,train,3
17,2012,train,7
17,6944,train,4
17,5755,train,3
17,6712,train,0
17,5336,train,5
17,2050,train,1
17,1290,train,2
17,4404,train,5
17,264,train,4
17,2685,train,3
17,6811,train,3
17,4372,train,9
17,1616,train,1
17,3407,train,8
17,6524,train,1
17,4486,train,1
17,5324,train,4
17,333,train,0
17,1348,train,6
17,6187,train,2
17,2714,train,3
17,1727,train,9
17,4886,train,5
17,3478,train,8
17,2086,train,2
17,6885,train,4
17,3014,train,2
17,2381,train,0
17,2024,train,7
17,3168,train,3
17,5903,train,6
17,3007,train,0
17,1853,train,9
17,5989,train,1
17,5347,train,7
17,6910,train,2
17,1208,train,2
17,7189,train,4
17,5342,train,5
17,5908,train,5
17,2525,train,6
17,221,train,3
17,5942,train,1
17,1732,train,1
17,3585,train,0
17,456,train,5
17,1792,train,9
17,4091,train,6
17,1434,train,4
17,4584,train,0
17,4317,train,1
17,6414,train,3
17,5113,train,6
17,3700,train,3
17,5114,train,0
17,6411,train,2
17,2207,train,3
17,6129,train,7
17,1073,train,2
17,3928,train,1
17,2782,train,1
17,4065,train,4
17,4415,train,1
17,252,train,2
17,4021,train,2
17,2132,train,2
17,2159,train,1
17,5669,train,5
17,3118,train,1
17,5499,train,8
17,5605,train,3
17,261,train,7
17,995,train,2
17,4289,train,9
17,5404,train,1
17,5071,train,6
17,5938,train,7
17,3101,train,2
17,2426,train,8
17,625,train,0
17,489,train,1
17,4419,train,6
17,2181,train,7
17,1436,train,0
17,5665,train,4
17,922,train,2
17,3289,train,1
17,618,train,1
17,6145,train,9
17,5595,train,0
17,6450,train,3
17,854,train,5
17,383,train,6
17,2410,train,6
17,3837,train,4
17,7211,train,6
17,6750,train,5
17,5162,train,8
17,5231,train,9
17,2900,train,5
17,352,train,5
17,869,train,8
17,4129,train,3
17,6195,train,1
17,3853,train,1
17,217,train,9
17,4384,train,4
17,1266,train,9
17,4788,train,9
17,4130,train,5
17,1548,train,5
17,1372,train,2
17,4359,train,5
17,3682,train,6
17,1520,train,6
17,3285,train,1
17,1729,train,8
17,6037,train,3
17,1203,train,7
17,6065,train,4
17,6923,train,0
17,172,train,6
17,1480,train,9
17,4022,train,0
17,5847,train,3
17,3188,train,8
17,6516,train,0
17,509,train,7
17,6371,train,4
17,1643,train,5
17,525,train,5
17,3885,train,8
17,7102,train,0
17,2826,train,7
17,6200,train,3
17,4970,train,2
17,6260,train,0
17,5124,train,5
17,2020,train,9
17,1617,train,7
17,6478,train,5
17,99,train,3
17,1551,train,5
17,732,train,9
17,2509,train,4
17,5295,train,3
17,1583,train,1
17,1128,train,3
17,5066,train,4
17,4756,train,6
17,5826,train,7
17,6829,train,3
17,7005,train,7
17,5668,train,7
17,4389,train,3
17,1912,train,2
17,4481,train,9
17,3607,train,5
17,150,train,7
17,7342,train,4
17,633,train,9
17,4819,train,0
17,4043,train,8
17,5732,train,7
17,2622,train,1
17,5689,train,2
17,6870,train,4
17,3617,train,3
17,5927,train,5
17,1795,train,8
17,5564,train,4
17,5560,train,4
17,7157,train,3
17,6394,train,2
17,3990,train,4
17,4426,train,5
17,5679,train,6
17,5435,train,5
17,3512,train,0
17,1577,train,0
17,5304,train,4
17,6464,train,5
17,6203,train,9
17,3656,train,7
17,6286,train,5
17,4890,train,5
17,658,train,4
17,1759,train,2
17,2461,train,1
17,3503,train,1
17,1656,train,0
17,7141,train,4
17,1659,train,3
17,5109,train,8
17,4099,train,6
17,1955,train,5
17,6298,train,4
17,5559,train,5
17,935,train,0
17,6334,train,6
17,6046,train,3
17,2986,train,4
17,4594,train,9
17,5331,train,6
17,1960,train,8
17,7037,train,2
17,4095,train,5
17,3139,train,7
17,5219,train,7
17,4899,train,9
17,620,train,4
17,4320,train,1
17,2850,train,3
17,1947,train,0
17,76,train,3
17,5623,train,1
17,4538,train,2
17,6189,train,8
17,4582,train,7
17,748,train,8
17,1172,train,6
17,1810,train,1
17,4313,train,3
17,828,train,8
17,7295,train,1
17,5301,train,3
17,2532,train,1
17,5520,train,8
17,6401,train,5
17,7147,train,3
17,7236,train,8
17,1974,train,7
17,5089,train,9
17,3664,train,8
17,5320,train,9
17,4679,train,4
17,6233,train,6
17,88,train,5
17,6053,train,5
17,3566,train,4
17,2028,train,2
17,3079,train,1
17,878,train,0
17,3233,train,7
17,1521,train,0
17,5527,train,1
17,3667,train,5
17,5549,train,8
17,2039,train,2
17,4846,train,6
17,2615,train,2
17,2108,train,7
17,2999,train,7
17,3140,train,7
17,1858,train,9
17,2100,train,9
17,4489,train,5
17,2803,train,6
17,805,train,9
17,1596,train,0
17,5628,train,8
17,783,train,2
17,522,train,8
17,2279,train,7
17,1896,train,0
17,4746,train,2
17,5528,train,4
17,6052,train,2
17,323,train,1
17,6217,train,1
17,4595,train,7
17,3788,train,6
17,2814,train,2
17,4283,train,5
17,973,train,3
17,3870,train,3
17,1859,train,6
17,3003,train,5
17,4508,train,3
17,6721,train,2
17,526,train,7
17,4131,train,6
17,6520,train,6
17,4612,train,9
17,2220,train,2
17,4124,train,4
17,6220,train,1
17,5822,train,0
17,1504,train,1
17,229,train,2
17,2808,train,8
17,1493,train,6
17,5412,train,5
17,6319,train,6
17,4666,train,9
17,5207,train,9
17,6817,train,2
17,87,train,6
17,3825,train,9
17,3058,train,5
17,4807,train,4
17,1452,train,2
17,4789,train,7
17,4531,train,9
17,5183,train,6
17,3126,train,2
17,4159,train,5
17,5140,train,2
17,4994,train,0
17,1170,train,9
17,6926,train,4
17,1325,train,8
17,4194,train,1
17,1848,train,7
17,1776,train,1
17,513,train,3
17,3490,train,6
17,4451,train,4
17,523,train,6
17,4211,train,7
17,4380,train,0
17,4103,train,2
17,1876,train,1
17,1364,train,5
17,6264,train,5
17,7096,train,7
17,277,train,3
17,3636,train,5
17,2779,train,0
17,4152,train,0
17,6159,train,9
17,1567,train,5
17,574,train,9
17,1946,train,8
17,1580,train,0
17,2002,train,6
17,2750,train,8
17,1922,train,7
17,1913,train,1
17,1791,train,7
17,3640,train,3
17,660,train,8
17,5976,train,9
17,5744,train,6
17,5961,train,9
17,1802,train,2
17,3043,train,0
17,1653,train,5
17,1782,train,2
17,451,train,4
17,3179,train,7
17,6930,train,7
17,180,train,0
17,4323,train,2
17,4701,train,4
17,4541,train,9
17,4732,train,9
17,6274,train,7
17,3394,train,0
17,3848,train,1
17,3310,train,0
17,1573,train,5
17,880,train,5
17,7112,train,2
17,7118,train,4
17,2880,train,7
17,2384,train,5
17,5057,train,7
17,4114,train,4
17,242,train,7
17,2106,train,1
17,4759,train,8
17,839,train,3
17,3942,train,7
17,5943,train,2
17,32,train,9
17,944,train,6
17,3480,train,1
17,7144,train,2
17,3065,train,2
17,3701,train,4
17,1425,train,2
17,5208,train,9
17,5100,train,6
17,1765,train,5
17,4482,train,5
17,2318,train,7
17,1501,train,8
17,4344,train,3
17,2249,train,4
17,1556,train,9
17,1313,train,2
17,864,train,5
17,318,train,7
17,6368,train,7
17,4779,train,4
17,4796,train,9
17,1649,train,3
17,6864,train,1
17,4310,train,1
17,7166,train,4
17,6178,train,7
17,736,train,9
17,1619,train,2
17,5678,train,3
17,5007,train,8
17,4445,train,1
17,2884,train,7
17,191,train,3
17,2062,train,4
17,6208,train,0
17,4260,train,6
17,2774,train,5
17,4607,train,5
17,2792,train,4
17,365,train,5
17,4284,train,3
17,5589,train,3
17,3402,train,5
17,5181,train,6
17,1861,train,9
17,4089,train,4
17,1382,train,0
17,2206,train,9
17,7284,train,2
17,2093,train,7
17,5049,train,3
17,5098,train,9
17,4751,train,3
17,4611,train,0
17,5674,train,1
17,6933,train,1
17,5860,train,3
17,2737,train,4
17,7203,train,3
17,5487,train,5
17,5635,train,9
17,3300,train,6
17,3187,train,2
17,1418,train,9
17,1440,train,2
17,1572,train,0
17,1101,train,1
17,733,train,8
17,6604,train,7
17,7340,train,8
17,2682,train,8
17,3032,train,5
17,7279,train,2
17,6097,train,7
17,2064,train,5
17,5610,train,0
17,7091,train,2
17,4202,train,5
17,3075,train,8
17,1743,train,7
17,1814,train,9
17,7148,train,7
17,2226,train,7
17,6469,train,7
17,5276,train,1
17,2683,train,5
17,5729,train,5
17,3762,train,6
17,3723,train,0
17,5659,train,0
17,4193,train,1
17,1927,train,1
17,1186,train,2
17,1079,train,8
17,2415,train,3
17,2018,train,3
17,7264,train,7
17,6010,train,2
17,1936,train,3
17,2653,train,1
17,3751,train,8
17,6455,train,3
17,5326,train,3
17,2175,train,3
17,802,train,4
17,80,train,6
17,587,train,8
17,4501,train,4
17,3519,train,8
17,5513,train,6
17,1874,train,8
17,2621,train,3
17,6073,train,6
17,827,train,7
17,1770,train,3
17,1937,train,9
17,6806,train,5
17,1321,train,7
17,581,train,1
17,3962,train,9
17,2883,train,4
17,6511,train,6
17,1540,train,2
17,2131,train,5
17,4586,train,6
17,5795,train,7
17,6164,train,3
17,1282,train,5
17,425,train,4
17,6299,train,4
17,1555,train,2
17,6646,train,9
17,833,train,3
17,5496,train,4
17,1171,train,4
17,98,train,8
17,218,train,9
17,39,train,6
17,3731,train,6
17,181,train,2
17,5841,train,5
17,1850,train,5
17,6668,train,7
17,2440,train,8
17,1318,train,6
17,3561,train,0
17,3203,train,6
17,608,train,6
17,5269,train,7
17,3208,train,5
17,5136,train,0
17,3980,train,7
17,4744,train,6
17,2857,train,0
17,1165,train,6
17,6173,train,2
17,1406,train,0
17,544,train,4
17,1490,train,6
17,42,train,1
17,5653,train,0
17,6610,train,3
17,6463,train,9
17,5047,train,0
17,1014,train,8
17,313,train,8
17,4041,train,4
17,2868,train,3
17,5808,train,1
17,2638,train,1
17,5837,train,8
17,4844,train,0
17,7324,train,8
17,3426,train,6
17,164,train,4
17,5884,train,0
17,6312,train,4
17,7167,train,3
17,2712,train,1
17,6556,train,2
17,1561,train,2
17,4096,train,7
17,3161,train,3
17,2423,train,4
17,3923,train,3
17,3555,train,0
17,6688,train,6
17,7213,train,9
17,4726,train,0
17,962,train,4
17,6348,train,6
17,3976,train,3
17,1764,train,2
17,104,train,2
17,2215,train,6
17,6278,train,7
17,3720,train,5
17,4683,train,9
17,2646,train,5
17,1451,train,0
17,6341,train,9
17,2115,train,4
17,4033,train,8
17,2365,train,0
17,11,train,5
17,6947,train,1
17,2616,train,0
17,3305,train,9
17,1894,train,2
17,4758,train,7
17,3255,train,8
17,2755,train,4
17,4604,train,1
17,3437,train,9
17,3868,train,2
17,2958,train,2
17,2274,train,1
17,186,train,9
17,3710,train,1
17,722,train,5
17,4090,train,4
17,1460,train,5
17,4552,train,1
17,5118,train,8
17,238,train,3
17,3042,train,2
17,3192,train,0
17,175,train,5
17,397,train,9
17,3384,train,0
17,4651,train,2
17,6353,train,8
17,128,train,7
17,2083,train,8
17,6706,train,7
17,6662,train,8
17,7081,train,9
17,3770,train,1
17,3313,train,8
17,1250,train,7
17,7023,train,3
17,5733,train,8
17,7138,train,6
17,2548,train,4
17,6003,train,8
17,4339,train,3
17,5244,train,2
17,4117,train,7
17,5403,train,6
17,5710,train,4
17,75,train,0
17,2110,train,7
17,5165,train,8
17,4036,train,6
17,501,train,0
17,4128,train,0
17,5517,train,5
17,1334,train,9
17,3627,train,2
17,4417,train,8
17,5708,train,6
17,846,train,4
17,2445,train,4
17,417,train,9
17,370,train,5
17,2350,train,6
17,4264,train,4
17,2127,train,0
17,980,train,6
17,2434,train,4
17,391,train,4
17,7026,train,5
17,5417,train,5
17,906,train,4
17,1517,train,0
17,3416,train,1
17,2581,train,2
17,3823,train,0
17,3484,train,2
17,6413,train,7
17,5216,train,0
17,1523,train,2
17,4245,train,0
17,4309,train,2
17,5770,train,8
17,5023,train,1
17,7311,train,3
17,339,train,9
17,592,train,7
17,4648,train,5
17,1262,train,4
17,7345,train,2
17,5437,train,0
17,5856,train,8
17,4032,train,9
17,3036,train,4
17,3618,train,3
17,7184,train,6
17,4235,train,9
17,862,train,8
17,2241,train,4
17,324,train,0
17,3020,train,6
17,1180,train,5
17,1752,train,9
17,2708,train,6
17,2742,train,7
17,5199,train,4
17,4228,train,3
17,2801,train,8
17,4461,train,2
17,5809,train,8
17,3334,train,2
17,991,train,3
17,2718,train,6
17,6605,train,6
17,4610,train,1
17,2526,train,2
17,3196,train,0
17,6210,train,8
17,4020,train,3
17,6617,train,3
17,3256,train,1
17,2344,train,7
17,6288,train,8
17,2652,train,1
17,2186,train,5
17,5567,train,5
17,2133,train,8
17,2180,train,5
17,1047,train,4
17,7159,train,3
17,5054,train,3
17,2538,train,9
17,4249,train,4
17,5188,train,4
17,3062,train,4
17,7177,train,4
17,697,train,9
17,2734,train,3
17,1678,train,1
17,4974,train,5
17,3425,train,9
17,3971,train,0
17,2886,train,4
17,4875,train,7
17,71,train,9
17,4794,train,6
17,4932,train,5
17,2580,train,5
17,2925,train,7
17,3347,train,4
17,4109,train,0
17,1455,train,8
17,1593,train,6
17,1895,train,8
17,2627,train,5
17,3687,train,9
17,3048,train,4
17,7194,train,3
17,3039,train,9
17,129,train,9
17,6592,train,7
17,6984,train,7
17,4051,train,7
17,5237,train,0
17,599,train,9
17,402,train,1
17,4449,train,0
17,5715,train,0
17,1453,train,1
17,4966,train,5
17,3604,train,2
17,7127,train,6
17,5460,train,1
17,3626,train,9
17,6426,train,6
17,915,train,1
17,3235,train,9
17,230,train,6
17,762,train,1
17,7001,train,2
17,3689,train,2
17,5555,train,9
17,2820,train,6
17,3213,train,8
17,6921,train,8
17,2534,train,5
17,310,train,7
17,887,train,5
17,271,train,8
17,1924,train,0
17,7181,train,9
17,565,train,4
17,3709,train,2
17,1031,train,0
17,3565,train,8
17,2508,train,4
17,5138,train,5
17,7222,train,0
17,6890,train,4
17,1297,train,6
17,5803,train,2
17,6014,train,4
17,5716,train,6
17,6543,train,2
17,2260,train,4
17,3138,train,4
17,5491,train,2
17,2307,train,2
17,2611,train,5
17,4528,train,5
17,4527,train,4
17,325,train,2
17,784,train,7
17,3838,train,4
17,1466,train,8
17,4513,train,1
17,6397,train,8
17,1590,train,4
17,6475,train,2
17,3625,train,6
17,7060,train,5
17,2901,train,0
17,3438,train,1
17,5565,train,6
17,2194,train,5
17,2034,train,9
17,2612,train,4
17,7192,train,1
17,6169,train,3
17,5436,train,6
17,1817,train,0
17,6902,train,7
17,1499,train,0
17,4707,train,4
17,1657,train,7
17,3945,train,9
17,769,train,3
17,4273,train,5
17,2465,train,9
17,4729,train,7
17,1448,train,6
17,5289,train,2
17,350,train,6
17,3818,train,0
17,7219,train,0
17,6927,train,6
17,366,train,3
17,7251,train,2
17,2788,train,7
17,4838,train,3
17,919,train,8
17,1254,train,3
17,2963,train,4
17,6480,train,7
17,4548,train,7
17,1914,train,1
17,311,train,5
17,6311,train,9
17,2442,train,1
17,5169,train,5
17,5783,train,0
17,4657,train,8
17,5670,train,6
17,5690,train,7
17,165,train,5
17,2120,train,2
17,3708,train,6
17,6504,train,2
17,4345,train,2
17,7350,train,2
17,4578,train,3
17,5794,train,5
17,6703,train,4
17,6088,train,1
17,1443,train,1
17,7259,train,4
17,5088,train,6
17,5210,train,6
17,7248,train,9
17,5392,train,9
17,3130,train,7
17,772,train,7
17,5727,train,4
17,3436,train,6
17,7117,train,7
17,1068,train,8
17,4631,train,4
17,3521,train,6
17,6326,train,2
17,539,train,5
17,5250,train,2
17,6161,train,3
17,2053,train,7
17,5522,train,2
17,4377,train,8
17,5179,train,3
17,2733,train,9
17,3111,train,0
17,3893,train,6
17,1123,train,6
17,52,train,4
17,2918,train,6
17,2496,train,7
17,3662,train,7
17,4925,train,1
17,6855,train,5
17,6406,train,3
17,2970,train,3
17,4802,train,0
17,4861,train,7
17,4929,train,1
17,1836,train,9
17,5566,train,9
17,2424,train,5
17,7309,train,7
17,3582,train,2
17,4517,train,9
17,3057,train,2
17,6124,train,8
17,6431,train,2
17,6141,train,8
17,6979,train,9
17,3328,train,2
17,4057,train,3
17,3927,train,7
17,126,train,5
17,343,train,8
17,5376,train,9
17,2799,train,6
17,1359,train,0
17,745,train,8
17,1126,train,6
17,5643,train,2
17,157,train,6
17,2157,train,7
17,6033,train,4
17,5849,train,0
17,1351,train,8
17,6764,train,2
17,5886,train,6
17,3132,train,3
17,6442,train,7
17,4241,train,2
17,6039,train,1
17,1549,train,8
17,1774,train,0
17,940,train,5
17,5582,train,8
17,6647,train,2
17,5329,train,6
17,6099,train,1
17,4573,train,7
17,3905,train,0
17,7196,train,9
17,942,train,7
17,1891,train,7
17,2481,train,2
17,6810,train,3
17,3298,train,2
17,3218,train,7
17,1145,train,5
17,6111,train,7
17,3608,train,6
17,2243,train,2
17,6786,train,0
17,3000,train,6
17,2713,train,6
17,7173,train,1
17,5900,train,8
17,4803,train,7
17,4142,train,3
17,2370,train,5
17,2164,train,1
17,6439,train,9
17,703,train,4
17,4347,train,1
17,4403,train,7
17,7054,train,0
17,4102,train,1
17,5070,train,8
17,4219,train,7
17,118,train,6
17,7130,train,2
17,6653,train,3
17,3124,train,0
17,5584,train,0
17,5490,train,7
17,6412,train,5
17,1426,train,2
17,6820,train,1
17,5854,train,0
17,6664,train,5
17,2567,train,2
17,6318,train,2
17,5123,train,5
17,232,train,1
17,6448,train,4
17,6821,train,8
17,6026,train,3
17,4991,train,3
17,4716,train,3
17,6702,train,1
17,3543,train,7
17,2029,train,4
17,5106,train,4
17,5890,train,7
17,6573,train,9
17,4647,train,8
17,756,train,6
17,1467,train,6
17,2367,train,2
17,4341,train,0
17,4709,train,9
17,6595,train,6
17,6539,train,9
17,2447,train,3
17,3047,train,4
17,4868,train,6
17,4790,train,8
17,203,train,4
17,1105,train,8
17,4949,train,7
17,5307,train,5
17,1818,train,5
17,1532,train,1
17,4268,train,5
17,18,train,7
17,3683,train,4
17,1496,train,0
17,4533,train,9
17,143,train,7
17,2494,train,4
17,1113,train,0
17,5796,train,0
17,5126,train,4
17,5302,train,0
17,2485,train,5
17,1039,train,3
17,6639,train,0
17,5946,train,0
17,2765,train,7
17,6139,train,0
17,2872,train,7
17,2705,train,7
17,6007,train,5
17,1589,train,0
17,4251,train,0
17,4176,train,9
17,5848,train,7
17,6745,train,6
17,4655,train,3
17,2155,train,7
17,6715,train,6
17,2421,train,7
17,4324,train,6
17,6564,train,6
17,1035,train,1
17,81,train,8
17,6799,train,6
17,2349,train,0
17,6809,train,8
17,5953,train,7
17,1829,train,0
17,2431,train,2
17,6484,train,5
17,2843,train,5
17,4493,train,7
17,3508,train,3
17,5950,train,5
17,5709,train,9
17,2322,train,5
17,2291,train,2
17,45,train,1
17,4888,train,9
17,2540,train,4
17,1450,train,9
17,7240,train,1
17,5041,train,5
17,6834,train,7
17,6709,train,5
17,1057,train,0
17,6407,train,6
17,3999,train,4
17,4301,train,5
17,4209,train,6
17,603,train,2
17,2624,train,5
17,94,train,6
17,6361,train,8
17,1311,train,7
17,5725,train,8
17,937,train,2
17,3568,train,7
17,896,train,2
17,2081,train,7
17,5840,train,0
17,6054,train,2
17,2973,train,8
17,5649,train,9
17,3735,train,9
17,4027,train,2
17,5386,train,1
17,3377,train,4
17,4786,train,3
17,5365,train,8
17,6006,train,2
17,5718,train,4
17,433,train,2
17,3474,train,1
17,1112,train,9
17,1512,train,8
17,711,train,1
17,2982,train,0
17,6295,train,3
17,4355,train,4
17,5838,train,7
17,120,train,9
17,7228,train,4
17,5991,train,9
17,5015,train,0
17,7227,train,1
17,4010,train,5
17,1527,train,0
17,4058,train,7
17,924,train,0
17,253,train,7
17,2965,train,0
17,5245,train,7
17,1069,train,4
17,1621,train,9
17,600,train,4
17,5713,train,7
17,4401,train,3
17,2229,train,0
17,2030,train,6
17,396,train,6
17,1965,train,9
17,984,train,8
17,4536,train,5
17,4741,train,7
17,3877,train,3
17,4502,train,2
17,6237,train,8
17,6636,train,5
17,4024,train,4
17,412,train,3
17,5972,train,7
17,6774,train,7
17,5697,train,5
17,2195,train,3
17,4231,train,9
17,1712,train,3
17,4085,train,5
17,6801,train,5
17,770,train,9
17,4252,train,9
17,5737,train,9
17,6206,train,2
17,6587,train,6
17,4609,train,7
17,883,train,0
17,1845,train,2
17,1065,train,6
17,6031,train,8
17,1298,train,9
17,2399,train,3
17,1533,train,6
17,245,train,5
17,2821,train,4
17,2512,train,1
17,2142,train,4
17,6121,train,3
17,5802,train,5
17,1725,train,5
17,3180,train,2
17,3773,train,4
17,5493,train,9
17,7123,train,0
17,1049,train,5
17,4641,train,7
17,7321,train,7
17,5441,train,6
17,5080,train,0
17,6047,train,4
17,5542,train,5
17,966,train,5
17,5622,train,9
17,7035,train,3
17,507,train,7
17,5202,train,3
17,407,train,8
17,4630,train,1
17,4686,train,0
17,1963,train,2
17,1564,train,6
17,2497,train,6
17,623,train,1
17,1022,train,6
17,4662,train,4
17,1552,train,4
17,3280,train,6
17,836,train,4
17,6494,train,5
17,3752,train,6
17,6561,train,8
17,4018,train,9
17,4169,train,8
17,4365,train,7
17,5726,train,0
17,6150,train,5
17,5323,train,2
17,1867,train,4
17,926,train,9
17,2416,train,6
17,925,train,9
17,2962,train,5
17,1531,train,9
17,6990,train,4
17,219,train,7
17,2016,train,1
17,7170,train,0
17,7347,train,5
17,5515,train,9
17,1370,train,9
17,548,train,8
17,888,train,0
17,1021,train,4
17,4335,train,6
17,2570,train,5
17,2819,train,5
17,6621,train,7
17,1345,train,0
17,7122,train,1
17,5660,train,5
17,4977,train,0
17,1212,train,6
17,7285,train,0
17,4830,train,8
17,3021,train,1
17,1380,train,1
17,2193,train,1
17,6919,train,0
17,154,train,8
17,2662,train,2
17,2728,train,1
17,7044,train,5
17,3661,train,9
17,6777,train,2
17,5004,train,4
17,4155,train,8
17,2224,train,9
17,4835,train,9
17,5650,train,3
17,5828,train,7
17,6699,train,1
17,904,train,7
17,5686,train,8
17,1407,train,2
17,170,train,3
17,3361,train,0
17,3539,train,7
17,21,train,7
17,3849,train,2
17,2919,train,7
17,3286,train,2
17,5287,train,7
17,3122,train,8
17,2806,train,9
17,3335,train,4
17,6700,train,1
17,5292,train,3
17,7274,train,3
17,2657,train,2
17,7299,train,8
17,5541,train,1
17,3239,train,6
17,6166,train,5
17,6019,train,6
17,5624,train,8
17,2356,train,7
17,6505,train,8
17,7275,train,1
17,6701,train,6
17,6155,train,3
17,4845,train,2
17,2764,train,0
17,6582,train,9
17,5910,train,1
17,1063,train,8
17,6645,train,7
17,1591,train,2
17,1709,train,2
17,6091,train,1
17,4446,train,1
17,981,train,2
17,4783,train,7
17,1444,train,0
17,2529,train,7
17,7129,train,7
17,3937,train,2
17,6912,train,1
17,48,train,8
17,2290,train,7
17,4793,train,6
17,4484,train,2
17,3677,train,1
17,1680,train,6
17,1306,train,7
17,7298,train,2
17,2696,train,9
17,6487,train,4
17,85,train,2
17,2025,train,7
17,5440,train,4
17,4559,train,1
17,5157,train,3
17,6907,train,1
17,2382,train,9
17,2647,train,1
17,5374,train,3
17,823,train,0
17,2601,train,7
17,5394,train,2
17,5997,train,4
17,2168,train,2
17,7179,train,8
17,6825,train,7
17,315,train,5
17,5616,train,9
17,630,train,2
17,7281,train,6
17,6093,train,0
17,1383,train,8
17,6978,train,0
17,7208,train,2
17,2744,train,7
17,5006,train,4
17,1633,train,8
17,5042,train,3
17,7210,train,3
17,6153,train,0
17,3964,train,2
17,6352,train,8
17,5479,train,8
17,6569,train,5
17,4329,train,7
17,3726,train,7
17,4144,train,5
17,6756,train,1
17,2998,train,4
17,6108,train,8
17,5911,train,9
17,3969,train,5
17,3642,train,1
17,23,train,4
17,6796,train,7
17,3514,train,4
17,2946,train,6
17,6942,train,6
17,5418,train,8
17,2505,train,1
17,6160,train,8
17,6950,train,0
17,5680,train,1
17,1054,train,1
17,4172,train,7
17,6934,train,5
17,2257,train,4
17,702,train,2
17,3911,train,0
17,4498,train,2
17,134,train,5
17,6946,train,7
17,2937,train,6
17,6429,train,2
17,4023,train,6
17,699,train,3
17,2736,train,9
17,4942,train,9
17,6670,train,9
17,4173,train,4
17,3352,train,9
17,6106,train,9
17,1736,train,9
17,5614,train,8
17,5647,train,4
17,3875,train,9
17,3248,train,7
17,2575,train,5
17,3463,train,1
17,5079,train,6
17,5912,train,9
17,1176,train,6
17,3269,train,9
17,1748,train,2
17,3902,train,9
17,4259,train,7
17,6842,train,8
17,2435,train,2
17,3595,train,6
17,5050,train,6
17,2586,train,2
17,6965,train,1
17,6483,train,4
17,6393,train,5
17,2613,train,0
17,5829,train,3
17,1412,train,7
17,2273,train,0
17,4915,train,9
17,5812,train,7
17,2877,train,7
17,2471,train,6
17,1855,train,8
17,6470,train,2
17,5399,train,9
17,6696,train,3
17,5,train,4
17,5415,train,5
17,4983,train,0
17,5947,train,5
17,3353,train,7
17,7190,train,0
17,3644,train,5
17,1371,train,6
17,1668,train,4
17,5240,train,7
17,2577,train,0
17,559,train,9
17,421,train,8
17,5030,train,1
17,3184,train,1
17,2832,train,9
17,1265,train,3
17,814,train,6
17,6576,train,8
17,3391,train,0
17,6347,train,2
17,6243,train,8
17,7016,train,6
17,4369,train,3
17,1457,train,2
17,2145,train,1
17,3018,train,1
17,6092,train,9
17,5095,train,6
17,961,train,6
17,4887,train,4
17,3175,train,6
17,774,train,1
17,2674,train,3
17,1269,train,4
17,1665,train,1
17,5923,train,7
17,5945,train,4
17,7256,train,2
17,6970,train,1
17,6964,train,5
17,50,train,9
17,4492,train,4
17,3740,train,5
17,5941,train,0
17,996,train,4
17,7121,train,1
17,7018,train,8
17,6174,train,5
17,4120,train,8
17,1159,train,7
17,6366,train,1
17,6181,train,1
17,4514,train,1
17,7069,train,7
17,2303,train,1
17,2969,train,2
17,6342,train,2
17,1394,train,1
17,2686,train,6
17,1691,train,8
17,5040,train,1
17,1576,train,0
17,1609,train,6
17,5397,train,8
17,6094,train,3
17,2588,train,0
17,1109,train,1
17,782,train,0
17,2993,train,9
17,142,train,1
17,1087,train,7
17,3896,train,6
17,3548,train,8
17,1784,train,0
17,3863,train,2
17,4040,train,3
17,1149,train,1
17,4722,train,3
17,7335,train,4
17,1639,train,5
17,4864,train,0
17,3229,train,9
17,897,train,4
17,6343,train,1
17,2326,train,4
17,63,train,1
17,6783,train,8
17,3439,train,3
17,4715,train,6
17,5745,train,8
17,1255,train,3
17,4312,train,1
17,4704,train,3
17,1205,train,6
17,3691,train,6
17,106,train,0
17,1417,train,2
17,3454,train,0
17,3938,train,4
17,297,train,7
17,6211,train,5
17,7306,train,5
17,5747,train,1
17,2045,train,7
17,2711,train,4
17,2330,train,6
17,2566,train,9
17,281,train,2
17,2300,train,2
17,7331,train,1
17,2188,train,4
17,1688,train,6
17,4342,train,9
17,4733,train,6
17,5585,train,9
17,4081,train,1
17,6640,train,3
17,652,train,5
17,6461,train,5
17,4034,train,4
17,6456,train,9
17,413,train,3
17,1435,train,5
17,6717,train,4
17,1100,train,5
17,5529,train,5
17,314,train,9
17,4860,train,2
17,1005,train,6
17,6537,train,9
17,6884,train,6
17,4287,train,2
17,3024,train,6
17,808,train,8
17,3304,train,1
17,5389,train,5
17,4299,train,8
17,3216,train,8
17,1284,train,3
17,3690,train,9
17,1086,train,6
17,145,train,8
17,7346,train,8
17,7199,train,6
17,5322,train,6
17,3637,train,1
17,3544,train,6
17,2314,train,4
17,1747,train,1
17,7163,train,9
17,1916,train,6
17,3055,train,7
17,2310,train,6
17,5859,train,3
17,3765,train,7
17,1882,train,1
17,6049,train,2
17,5550,train,3
17,6600,train,0
17,2055,train,4
17,5362,train,6
17,7146,train,6
17,1175,train,4
17,2406,train,9
17,6266,train,2
17,280,train,7
17,68,train,0
17,499,train,6
17,6583,train,0
17,1550,train,7
17,2184,train,2
17,284,train,6
17,4490,train,6
17,1837,train,6
17,4921,train,4
17,4893,train,6
17,2864,train,9
17,6119,train,3
17,6061,train,9
17,4922,train,7
17,4959,train,9
17,6819,train,8
17,3064,train,8
17,1935,train,2
17,908,train,1
17,6628,train,8
17,2945,train,9
17,4258,train,9
17,2568,train,0
17,7125,train,2
17,667,train,0
17,1839,train,0
17,3108,train,2
17,6896,train,3
17,7276,train,9
17,6735,train,3
17,6438,train,1
17,5134,train,6
17,6446,train,1
17,4272,train,8
17,2397,train,3
17,2536,train,8
17,1708,train,3
17,1542,train,5
17,2514,train,3
17,3457,train,3
17,4336,train,1
17,424,train,3
17,2920,train,0
17,4778,train,4
17,3684,train,2
17,2562,train,9
17,5778,train,5
17,2251,train,2
17,1705,train,4
17,6327,train,1
17,7313,train,4
17,5154,train,7
17,5431,train,9
17,4936,train,3
17,4076,train,9
17,3546,train,8
17,6766,train,5
17,295,train,5
17,6567,train,8
17,2003,train,2
17,849,train,9
17,632,train,5
17,2166,train,1
17,4438,train,0
17,2036,train,3
17,6360,train,1
17,3570,train,8
17,4292,train,3
17,5816,train,2
17,444,train,9
17,3461,train,9
17,6544,train,5
17,5036,train,4
17,4189,train,1
17,1669,train,4
17,1437,train,9
17,5205,train,6
17,7040,train,6
17,2170,train,7
17,4728,train,3
17,3866,train,5
17,3534,train,7
17,4221,train,9
17,2492,train,7
17,3230,train,2
17,3551,train,3
17,1163,train,9
17,6869,train,0
17,4447,train,0
17,4378,train,1
17,1008,train,8
17,3227,train,2
17,4150,train,7
17,1115,train,3
17,5735,train,7
17,5121,train,9
17,1237,train,3
17,5163,train,0
17,4761,train,6
17,648,train,1
17,1775,train,8
17,2268,train,5
17,582,train,7
17,2731,train,2
17,1988,train,6
17,6471,train,1
17,1274,train,3
17,2072,train,1
17,7191,train,9
17,2889,train,2
17,865,train,4
17,7329,train,0
17,5432,train,2
17,1327,train,4
17,590,train,0
17,766,train,9
17,1884,train,9
17,2432,train,6
17,2649,train,6
17,5639,train,8
17,1582,train,1
17,4067,train,5
17,3319,train,7
17,7304,train,3
17,2915,train,8
17,5058,train,2
17,4298,train,7
17,3345,train,3
17,3257,train,9
17,4924,train,7
17,5193,train,2
17,6415,train,6
17,3121,train,4
17,1052,train,2
17,7003,train,5
17,3083,train,8
17,579,train,5
17,1420,train,5
17,4116,train,6
17,4297,train,5
17,2366,train,6
17,6152,train,6
17,3297,train,6
17,1834,train,5
17,0,train,7
17,6329,train,7
17,2288,train,8
17,3096,train,0
17,5858,train,6
17,4739,train,0
17,6013,train,8
17,2888,train,0
17,5345,train,0
17,4589,train,2
17,607,train,6
17,820,train,5
17,3228,train,2
17,6974,train,7
17,5195,train,0
17,1029,train,5
17,2026,train,5
17,6679,train,3
17,429,train,2
17,4755,train,3
17,4113,train,5
17,4598,train,4
17,3214,train,4
17,3766,train,0
17,6423,train,5
17,6711,train,7
17,1883,train,6
17,626,train,1
17,1116,train,0
17,4236,train,2
17,6718,train,1
17,4554,train,6
17,4572,train,6
17,3481,train,1
17,2829,train,8
17,7083,train,0
17,4381,train,0
17,1381,train,8
17,4156,train,7
17,6909,train,6
17,2430,train,2
17,4008,train,0
17,2446,train,8
17,5924,train,8
17,4503,train,9
17,4390,train,9
17,3932,train,1
17,787,train,3
17,6867,train,5
17,6420,train,2
17,6404,train,6
17,4093,train,3
17,7024,train,4
17,4476,train,0
17,848,train,1
17,4809,train,5
17,3685,train,4
17,2247,train,6
17,5992,train,9
17,4111,train,0
17,3367,train,7
17,2329,train,5
17,1989,train,7
17,6572,train,6
17,4430,train,2
17,5009,train,5
17,1302,train,6
17,5648,train,5
17,7154,train,9
17,6856,train,8
17,688,train,8
17,4937,train,3
17,1574,train,3
17,4865,train,1
17,5722,train,0
17,6623,train,4
17,6059,train,8
17,6548,train,8
17,4869,train,6
17,1968,train,5
17,6693,train,2
17,3004,train,7
17,163,train,5
17,3344,train,6
17,4436,train,1
17,3241,train,2
17,4558,train,0
17,130,train,3
17,2296,train,1
17,3322,train,8
17,5298,train,6
17,7217,train,1
17,1088,train,8
17,1731,train,5
17,361,train,8
17,2787,train,7
17,5158,train,1
17,4608,train,3
17,3451,train,4
17,2154,train,1
17,1224,train,2
17,2335,train,7
17,3771,train,7
17,453,train,5
17,3117,train,3
17,4469,train,0
17,2286,train,2
17,4280,train,4
17,5993,train,3
17,22,train,8
17,6535,train,1
17,2569,train,2
17,6815,train,8
17,4509,train,4
17,5935,train,4
17,2001,train,7
17,5173,train,8
17,717,train,0
17,6118,train,5
17,6403,train,1
17,1740,train,3
17,3763,train,0
17,4757,train,8
17,6603,train,1
17,4230,train,5
17,4972,train,2
17,2084,train,4
17,2754,train,5
17,947,train,4
17,2743,train,2
17,6028,train,2
17,6113,train,5
17,872,train,6
17,1423,train,6
17,6791,train,0
17,1438,train,4
17,5112,train,3
17,894,train,2
17,2392,train,8
17,5438,train,3
17,3127,train,3
17,1863,train,5
17,437,train,5
17,6128,train,4
17,6227,train,2
17,6658,train,4
17,5406,train,0
17,7197,train,9
17,6578,train,0
17,3418,train,4
17,3240,train,6
17,7349,train,1
17,7028,train,5
17,3739,train,4
17,5675,train,3
17,4795,train,3
17,2833,train,8
17,4951,train,8
17,3320,train,4
17,4632,train,3
17,4775,train,2
17,1571,train,7
17,7136,train,8
17,1809,train,6
17,5604,train,5
17,7364,train,1
17,3880,train,3
17,6322,train,9
17,4480,train,1
17,3564,train,0
17,6676,train,4
17,5888,train,6
17,2619,train,2
17,1681,train,7
17,4353,train,5
17,5028,train,7
17,761,train,2
17,4203,train,3
17,3264,train,6
17,780,train,8
17,6381,train,7
17,3291,train,8
17,1367,train,2
17,5588,train,0
17,7341,train,8
17,1733,train,0
17,5434,train,9
17,3,train,1
17,5960,train,3
17,7109,train,9
17,5552,train,0
17,1369,train,7
17,2444,train,9
17,1700,train,6
17,3056,train,5
17,1690,train,0
17,6063,train,9
17,1251,train,6
17,3917,train,0
17,2368,train,7
17,7303,train,7
17,5039,train,7
17,8,train,0
17,5601,train,8
17,1537,train,3
17,729,train,4
17,289,train,5
17,6467,train,9
17,4334,train,6
17,6632,train,1
17,4636,train,8
17,5063,train,0
17,743,train,6
17,577,train,4
17,909,train,0
17,4233,train,4
17,3336,train,9
17,7278,train,0
17,7243,train,9
17,2104,train,2
17,3753,train,5
17,1952,train,7
17,634,train,7
17,2670,train,6
17,5723,train,4
17,2393,train,0
17,1628,train,6
17,605,train,4
17,1682,train,3
17,4491,train,2
17,852,train,0
17,5633,train,1
17,3468,train,7
17,1610,train,5
17,6430,train,3
17,4713,train,6
17,7020,train,3
17,773,train,0
17,956,train,0
17,1354,train,1
17,4723,train,8
17,3972,train,6
17,1076,train,7
17,644,train,0
17,4005,train,6
17,5265,train,3
17,2644,train,1
17,4136,train,3
17,6839,train,7
17,5594,train,6
17,6179,train,4
17,153,train,6
17,5776,train,5
17,5444,train,9
17,3768,train,4
17,2658,train,2
17,5852,train,1
17,1630,train,2
17,4763,train,6
17,1944,train,8
17,1474,train,4
17,6496,train,6
17,2271,train,1
17,3881,train,8
17,631,train,2
17,2160,train,3
17,6812,train,2
17,6549,train,4
17,3224,train,5
17,3428,train,7
17,1828,train,2
17,2116,train,5
17,2441,train,3
17,5002,train,0
17,3449,train,8
17,1373,train,8
17,5800,train,0
17,1230,train,9
17,6692,train,9
17,6728,train,4
17,3061,train,4
17,4054,train,1
17,7128,train,6
17,2818,train,5
17,4220,train,1
17,2772,train,9
17,2656,train,1
17,4989,train,3
17,6370,train,3
17,2673,train,9
17,4697,train,6
17,4518,train,1
17,4108,train,0
17,3041,train,9
17,208,train,7
17,2523,train,8
17,183,train,3
17,6038,train,9
17,443,train,4
17,7235,train,8
17,2037,train,8
17,2620,train,5
17,4314,train,5
17,4420,train,6
17,3835,train,6
17,5226,train,9
17,4265,train,8
17,5230,train,0
17,3657,train,9
17,359,train,5
17,1553,train,0
17,5414,train,6
17,957,train,3
17,7063,train,3
17,5143,train,5
17,4331,train,4
17,347,train,4
17,1710,train,4
17,2111,train,8
17,168,train,7
17,6899,train,8
17,5073,train,6
17,4551,train,5
17,1926,train,6
17,2071,train,4
17,6194,train,0
17,7049,train,9
17,1970,train,5
17,5407,train,4
17,746,train,2
17,4691,train,9
17,1058,train,0
17,3460,train,4
17,1902,train,0
17,5553,train,2
17,1182,train,3
17,4601,train,8
17,2689,train,6
17,7351,train,0
17,2011,train,5
17,5511,train,6
17,1368,train,8
17,148,train,8
17,1117,train,6
17,4587,train,6
17,1674,train,8
17,2340,train,6
17,4412,train,5
17,7132,train,3
17,6427,train,5
17,6271,train,7
17,1288,train,1
17,4676,train,1
17,7252,train,1
17,1919,train,3
17,960,train,9
17,519,train,0
17,1408,train,5
17,5409,train,9
17,462,train,3
17,1379,train,4
17,758,train,0
17,5580,train,5
17,1830,train,7
17,1104,train,8
17,4357,train,8
17,6267,train,9
17,5939,train,3
17,4777,train,2
17,5151,train,5
17,2672,train,4
17,543,train,9
17,1471,train,3
17,2265,train,5
17,5979,train,0
17,4981,train,6
17,2363,train,3
17,3165,train,3
17,4695,train,6
17,2324,train,3
17,3887,train,5
17,275,train,8
17,3143,train,1
17,6142,train,3
17,3302,train,4
17,5085,train,7
17,5916,train,1
17,24,train,1
17,4295,train,1
17,4664,train,1
17,416,train,8
17,1080,train,9
17,6922,train,6
17,3431,train,0
17,617,train,4
17,994,train,2
17,2732,train,6
17,6737,train,5
17,1315,train,2
17,4638,train,8
17,5500,train,7
17,335,train,1
17,5402,train,2
17,5913,train,5
17,436,train,9
17,3410,train,1
17,38,train,8
17,3492,train,2
17,4157,train,1
17,3445,train,0
17,845,train,2
17,3321,train,0
17,3844,train,2
17,4402,train,0
17,1337,train,5
17,1945,train,3
17,3284,train,3
17,6021,train,0
17,1292,train,4
17,3843,train,8
17,146,train,1
17,1131,train,6
17,404,train,6
17,5363,train,8
17,1880,train,3
17,6724,train,0
17,740,train,7
17,2700,train,6
17,1695,train,8
17,3267,train,2
17,2253,train,1
17,89,train,0
17,3262,train,8
17,6762,train,2
17,2334,train,4
17,3645,train,9
17,1554,train,2
17,6684,train,9
17,6895,train,8
17,3567,train,5
17,6559,train,0
17,738,train,4
17,4311,train,6
17,6284,train,3
17,2228,train,7
17,3495,train,8
17,520,train,6
17,3668,train,2
17,2179,train,4
17,2783,train,6
17,2097,train,2
17,566,train,6
17,6991,train,2
17,4700,train,9
17,2027,train,2
17,6156,train,1
17,1019,train,7
17,1671,train,9
17,4104,train,2
17,724,train,8
17,6747,train,3
17,4192,train,3
17,1728,train,6
17,4127,train,8
17,1390,train,7
17,6246,train,1
17,6585,train,8
17,2775,train,3
17,5286,train,0
17,1786,train,8
17,3226,train,7
17,2676,train,7
17,1411,train,0
17,1385,train,3
17,5902,train,3
17,6656,train,4
17,1002,train,3
17,4132,train,9
17,160,train,0
17,3009,train,5
17,3688,train,0
17,1977,train,5
17,604,train,3
17,943,train,7
17,4926,train,6
17,4872,train,8
17,3836,train,5
17,3757,train,9
17,2967,train,0
17,2834,train,1
17,742,train,1
17,4394,train,2
17,789,train,3
17,1666,train,5
17,6740,train,2
17,6048,train,7
17,985,train,8
17,93,train,4
17,7161,train,9
17,1973,train,6
17,1003,train,6
17,445,train,8
17,939,train,5
17,1085,train,2
17,2102,train,6
17,6526,train,4
17,1819,train,8
17,1098,train,2
17,2411,train,9
17,792,train,1
17,3988,train,3
17,2887,train,9
17,3808,train,4
17,64,train,4
17,1242,train,7
17,2980,train,6
17,5266,train,2
17,4470,train,4
17,2972,train,4
17,3074,train,0
17,5620,train,4
17,6751,train,9
17,30,train,6
17,6070,train,4
17,788,train,5
17,357,train,6
17,1611,train,3
17,6931,train,3
17,3210,train,6
17,2940,train,5
17,2153,train,5
17,2342,train,0
17,1072,train,4
17,7363,train,4
17,6301,train,2
17,73,train,3
17,5293,train,5
17,1245,train,0
17,4616,train,8
17,886,train,6
17,7080,train,8
17,3569,train,9
17,2902,train,3
17,406,train,7
17,3978,train,8
17,3944,train,1
17,2172,train,0
17,986,train,0
17,3464,train,0
17,3809,train,3
17,6375,train,1
17,2617,train,6
17,6601,train,6
17,4923,train,4
17,1294,train,6
17,6503,train,9
17,4762,train,0
17,1720,train,2
17,7158,train,0
17,1525,train,5
17,2604,train,2
17,2065,train,2
17,794,train,4
17,6531,train,4
17,4673,train,6
17,1361,train,3
17,6660,train,4
17,375,train,0
17,1683,train,0
17,2140,train,3
17,1210,train,9
17,4918,train,3
17,3209,train,8
17,110,train,2
17,963,train,9
17,454,train,1
17,1941,train,1
17,3750,train,4
17,109,train,7
17,1684,train,6
17,6794,train,6
17,7328,train,4
17,1183,train,9
17,2033,train,0
17,4841,train,2
17,771,train,1
17,3813,train,1
17,4821,train,5
17,6183,train,9
17,205,train,1
17,6982,train,5
17,272,train,8
17,2816,train,7
17,6689,train,9
17,328,train,6
17,2957,train,4
17,2923,train,5
17,6043,train,6
17,3616,train,6
17,1915,train,5
17,6255,train,4
17,35,train,8
17,855,train,0
17,5760,train,8
17,6498,train,8
17,6222,train,4
17,2058,train,1
17,5200,train,8
17,7019,train,4
17,1673,train,9
17,589,train,2
17,4164,train,5
17,6120,train,5
17,6002,train,4
17,2866,train,4
17,4583,train,2
17,4244,train,5
17,3727,train,5
17,5405,train,8
17,5830,train,5
17,1698,train,5
17,2558,train,9
17,1140,train,3
17,3678,train,4
17,3862,train,2
17,2780,train,2
17,101,train,0
17,5198,train,3
17,4982,train,7
17,5806,train,4
17,3920,train,3
17,1581,train,4
17,225,train,1
17,6306,train,3
17,2931,train,1
17,3232,train,5
17,1310,train,2
17,640,train,2
17,7290,train,7
17,5313,train,2
17,6846,train,0
17,6826,train,3
17,3796,train,6
17,5017,train,2
17,835,train,7
17,479,train,5
17,1158,train,7
17,5940,train,0
17,4556,train,2
17,4463,train,9
17,2895,train,5
17,7088,train,5
17,6265,train,6
17,3413,train,8
17,464,train,5
17,5656,train,4
17,3718,train,9
17,6999,train,6
17,1099,train,3
17,2305,train,7
17,6242,train,9
17,4488,train,5
17,6193,train,5
17,4217,train,6
17,4302,train,1
17,5068,train,3
17,4706,train,9
17,6577,train,1
17,4663,train,9
17,5400,train,5
17,6422,train,9
17,7232,train,4
17,2395,train,4
17,7021,train,3
17,236,train,7
17,1447,train,4
17,2556,train,1
17,4360,train,5
17,1228,train,1
17,5821,train,3
17,3412,train,9
17,3157,train,5
17,1888,train,1
17,4530,train,1
17,1146,train,5
17,2202,train,0
17,4361,train,2
17,4398,train,6
17,3717,train,3
17,4828,train,0
17,571,train,6
17,2768,train,8
17,6204,train,3
17,6276,train,6
17,2990,train,8
17,4079,train,4
17,2232,train,6
17,6533,train,0
17,6313,train,5
17,3581,train,2
17,3399,train,5
17,2894,train,5
17,595,train,5
17,6117,train,3
17,2056,train,6
17,2553,train,2
17,2811,train,5
17,4837,train,4
17,2933,train,3
17,7164,train,7
17,1346,train,7
17,2013,train,9
17,4813,train,2
17,5214,train,6
17,840,train,7
17,4143,train,0
17,5521,train,0
17,4743,train,0
17,2996,train,2
17,4073,train,6
17,4003,train,0
17,7110,train,6
17,2060,train,5
17,5469,train,2
17,1415,train,1
17,6663,train,3
17,428,train,2
17,1174,train,1
17,1879,train,4
17,4450,train,0
17,1020,train,4
17,1429,train,2
17,684,train,6
17,2837,train,7
17,6971,train,9
17,6176,train,1
17,3169,train,5
17,5721,train,2
17,5833,train,1
17,3476,train,4
17,4980,train,6
17,5094,train,2
17,3812,train,3
17,6915,train,3
17,5871,train,7
17,2598,train,7
17,1758,train,8
17,4891,train,0
17,1464,train,8
17,810,train,6
17,5166,train,1
17,6937,train,7
17,4392,train,4
17,4416,train,1
17,3315,train,1
17,5631,train,2
17,1646,train,2
17,440,train,9
17,920,train,5
17,6325,train,6
17,1164,train,8
17,3913,train,7
17,6998,train,6
17,6172,train,4
17,5790,train,1
17,7153,train,9
17,1064,train,7
17,6418,train,8
17,393,train,3
17,5032,train,3
17,2561,train,3
17,6289,train,5
17,6568,train,8
17,2270,train,4
17,6338,train,3
17,557,train,9
17,5447,train,4
17,636,train,4
17,5851,train,2
17,796,train,7
17,4907,train,0
17,273,train,7
17,2098,train,5
17,3672,train,7
17,4094,train,5
17,1796,train,2
17,4773,train,3
17,1675,train,8
17,3116,train,9
17,4253,train,6
17,2230,train,8
17,4443,train,2
17,1187,train,3
17,6532,train,1
17,4195,train,1
17,3363,train,0
17,3912,train,2
17,793,train,2
17,5634,train,2
17,441,train,8
17,4349,train,6
17,138,train,2
17,7367,train,8
17,1703,train,9
17,2354,train,5
17,821,train,6
17,3996,train,8
17,5107,train,4
17,6608,train,2
17,1569,train,3
17,3935,train,5
17,3832,train,7
17,5159,train,8
17,1037,train,1
17,4208,train,5
17,6862,train,9
17,6908,train,1
17,5696,train,0
17,3612,train,1
17,5831,train,8
17,3925,train,3
17,216,train,0
17,4267,train,0
17,3623,train,5
17,1534,train,5
17,4640,train,7
17,1592,train,3
17,3296,train,3
17,2513,train,8
17,4071,train,6
17,2960,train,3
17,220,train,6
17,152,train,8
17,5505,train,3
17,6892,train,1
17,6788,train,9
17,578,train,4
17,2250,train,3
17,6005,train,1
17,853,train,5
17,2191,train,9
17,226,train,8
17,6522,train,5
17,4784,train,8
17,3513,train,0
17,3470,train,2
17,7042,train,2
17,3614,train,6
17,2602,train,8
17,6675,train,1
17,5504,train,7
17,6034,train,2
17,7352,train,4
17,6575,train,6
17,3629,train,5
17,5671,train,6
17,4137,train,4
17,1506,train,4
17,5423,train,5
17,5864,train,1
17,5926,train,4
17,6833,train,0
17,4560,train,8
17,1441,train,1
17,3398,train,6
17,3469,train,2
17,2067,train,9
17,5222,train,1
17,3846,train,5
17,3249,train,9
17,6277,train,5
17,2971,train,6
17,851,train,3
17,3542,train,2
17,1287,train,0
17,4290,train,3
17,678,train,2
17,2870,train,5
17,7231,train,2
17,6283,train,1
17,673,train,1
17,1066,train,8
17,3049,train,4
17,5463,train,2
17,7356,train,7
17,4852,train,6
17,2321,train,7
17,6845,train,0
17,1547,train,9
17,2738,train,8
17,2177,train,0
17,17,train,2
17,4070,train,8
17,3150,train,8
17,2504,train,4
17,3674,train,4
17,7076,train,1
17,3967,train,6
17,3867,train,5
17,6521,train,3
17,721,train,5
17,3854,train,4
17,1342,train,9
17,6782,train,0
17,6744,train,9
17,6244,train,7
17,5396,train,9
17,3653,train,7
17,6761,train,7
17,1375,train,4
17,1358,train,5
17,5278,train,7
17,3276,train,9
17,4004,train,1
17,5043,train,3
17,5261,train,4
17,668,train,4
17,2014,train,2
17,5887,train,8
17,540,train,0
17,5764,train,8
17,4978,train,2
17,1258,train,2
17,2091,train,0
17,2234,train,6
17,1106,train,3
17,6513,train,8
17,2910,train,8
17,1107,train,8
17,6681,train,5
17,10,train,4
17,2723,train,6
17,5951,train,5
17,6584,train,9
17,1857,train,0
17,2521,train,4
17,2146,train,9
17,1961,train,1
17,5574,train,1
17,5312,train,6
17,6224,train,2
17,5996,train,8
17,7358,train,1
17,3278,train,6
17,2118,train,5
17,4764,train,5
17,6231,train,3
17,3609,train,4
17,7325,train,6
17,4170,train,3
17,4226,train,5
17,6607,train,0
17,2628,train,6
17,843,train,7
17,881,train,4
17,3530,train,1
17,4134,train,0
17,532,train,8
17,5918,train,2
17,712,train,4
17,5471,train,9
17,624,train,1
17,563,train,1
17,4717,train,9
17,182,train,7
17,6866,train,5
17,1642,train,3
17,3884,train,7
17,6880,train,5
17,686,train,5
17,2703,train,3
17,269,train,1
17,6492,train,5
17,1586,train,7
17,162,train,8
17,6163,train,8
17,204,train,0
17,6428,train,8
17,6686,train,2
17,1793,train,3
17,1622,train,9
17,1093,train,4
17,3790,train,0
17,3531,train,6
17,6596,train,9
17,3443,train,4
17,3734,train,4
17,5466,train,6
17,6359,train,6
17,4908,train,7
17,392,train,8
17,4025,train,4
17,3648,train,6
17,4897,train,8
17,5224,train,8
17,1393,train,3
17,3308,train,9
17,401,train,8
17,4237,train,3
17,2239,train,7
17,512,train,7
17,4622,train,5
17,2237,train,5
17,2264,train,3
17,4720,train,0
17,795,train,5
17,7103,train,1
17,6468,train,2
17,5599,train,9
17,4705,train,2
17,1790,train,8
17,2876,train,3
17,6897,train,1
17,6501,train,1
17,3613,train,3
17,952,train,6
17,363,train,8
17,3015,train,2
17,4690,train,2
17,3225,train,7
17,7010,train,4
17,892,train,7
17,6945,train,6
17,6218,train,4
17,5180,train,8
17,434,train,9
17,1528,train,3
17,5777,train,1
17,3063,train,4
17,5789,train,3
17,7066,train,4
17,3834,train,5
17,1130,train,6
17,2469,train,8
17,4711,train,4
17,3892,train,9
17,5543,train,8
17,6804,train,5
17,5072,train,7
17,7234,train,1
17,222,train,2
17,2439,train,0
17,734,train,4
17,5698,train,7
17,1679,train,2
17,6989,train,1
17,447,train,7
17,478,train,9
17,124,train,9
17,3236,train,8
17,2299,train,5
17,4039,train,8
17,3722,train,2
17,1139,train,4
17,6669,train,4
17,1757,train,9
17,4649,train,8
17,2269,train,9
17,4243,train,2
17,5291,train,6
17,3728,train,6
17,1067,train,3
17,3099,train,7
17,6758,train,1
17,6077,train,1
17,5875,train,2
17,7254,train,0
17,423,train,7
17,5626,train,7
17,3924,train,8
17,2917,train,6
17,5255,train,1
17,5458,train,4
17,2041,train,2
17,4863,train,5
17,4046,train,7
17,2408,train,3
17,246,train,8
17,5712,train,1
17,3805,train,0
17,1536,train,3
17,6955,train,4
17,4037,train,9
17,1111,train,4
17,3309,train,2
17,4577,train,1
17,6131,train,4
17,1735,train,3
17,6734,train,4
17,969,train,5
17,524,train,6
17,681,train,3
17,6305,train,9
17,3323,train,0
17,2842,train,0
17,562,train,6
17,4854,train,0
17,6949,train,0
17,7045,train,2
17,5630,train,1
17,1787,train,5
17,14,train,3
17,5000,train,0
17,707,train,9
17,4002,train,1
17,292,train,6
17,601,train,1
17,1738,train,0
17,4178,train,4
17,4749,train,5
17,5531,train,5
17,2846,train,4
17,6565,train,2
17,5731,train,9
17,550,train,2
17,5019,train,3
17,3948,train,6
17,6917,train,6
17,177,train,0
17,2671,train,6
17,7100,train,4
17,6784,train,6
17,4529,train,8
17,514,train,0
17,5135,train,4
17,4294,train,0
17,5687,train,4
17,3671,train,5
17,5035,train,3
17,494,train,8
17,4330,train,0
17,3131,train,0
17,5862,train,8
17,7149,train,1
17,6672,train,1
17,5450,train,5
17,6823,train,8
17,2706,train,1
17,3600,train,9
17,1308,train,3
17,4768,train,1
17,2702,train,5
17,6134,train,5
17,6180,train,1
17,4876,train,9
17,3372,train,4
17,156,train,4
17,1028,train,4
17,5076,train,3
17,3955,train,6
17,4452,train,9
17,2218,train,6
17,3205,train,0
17,2129,train,0
17,6345,train,1
17,3827,train,9
17,460,train,5
17,3487,train,5
17,2158,train,2
17,195,train,7
17,1979,train,1
17,2019,train,9
17,3148,train,9
17,2371,train,3
17,627,train,3
17,5824,train,0
17,278,train,8
17,29,train,7
17,7079,train,8
17,4328,train,6
17,593,train,0
17,5692,train,7
17,3088,train,4
17,6631,train,7
17,4687,train,1
17,7030,train,8
17,4303,train,0
17,5843,train,2
17,529,train,6
17,1154,train,3
17,3444,train,9
17,2651,train,0
17,858,train,7
17,5524,train,6
17,5915,train,7
17,4725,train,1
17,7344,train,0
17,3528,train,1
17,4414,train,6
17,3012,train,1
17,3764,train,2
17,1524,train,9
17,5739,train,9
17,6071,train,6
17,6149,train,3
17,5083,train,9
17,6240,train,8
17,243,train,3
17,3364,train,4
17,6089,train,4
17,5442,train,8
17,938,train,8
17,5024,train,3
17,588,train,6
17,2126,train,0
17,6044,train,6
17,3100,train,5
17,3961,train,2
17,2460,train,4
17,5878,train,0
17,342,train,2
17,816,train,8
17,4808,train,3
17,6697,train,7
17,6308,train,4
17,1011,train,6
17,1663,train,8
17,1625,train,0
17,4596,train,3
17,4246,train,5
17,6300,train,4
17,5211,train,3
17,6545,train,9
17,584,train,2
17,2101,train,7
17,3206,train,1
17,7025,train,7
17,3019,train,4
17,1494,train,3
17,6292,train,8
17,649,train,3
17,4953,train,7
17,528,train,8
17,7336,train,7
17,5917,train,4
17,6223,train,9
17,55,train,3
17,5413,train,2
17,2312,train,1
17,6851,train,8
17,1198,train,8
17,5108,train,9
17,1095,train,5
17,95,train,8
17,4399,train,3
17,7172,train,8
17,1877,train,5
17,977,train,4
17,4842,train,7
17,610,train,2
17,4107,train,0
17,4286,train,6
17,3261,train,3
17,7095,train,1
17,3872,train,1
17,3053,train,4
17,5155,train,6
17,5536,train,1
17,202,train,9
17,5741,train,9
17,6275,train,1
17,6928,train,4
17,3040,train,7
17,5111,train,4
17,5958,train,2
17,3273,train,9
17,6814,train,1
17,4825,train,3
17,3167,train,0
17,3326,train,0
17,6285,train,9
17,5348,train,6
17,1846,train,6
17,414,train,8
17,3396,train,3
17,2209,train,0
17,3037,train,2
17,3371,train,9
17,799,train,5
17,5502,train,5
17,3085,train,9
17,7046,train,6
17,6377,train,0
17,1283,train,0
17,1059,train,5
17,5429,train,2
17,4658,train,1
17,6245,train,4
17,6045,train,6
17,7206,train,8
17,4834,train,4
17,3554,train,2
17,1562,train,2
17,5174,train,3
17,200,train,8
17,147,train,3
17,2984,train,6
17,545,train,3
17,964,train,3
17,2994,train,8
17,3956,train,1
17,3341,train,2
17,5986,train,4
17,7012,train,9
17,7193,train,5
17,51,train,5
17,5252,train,1
17,5229,train,9
17,6803,train,1
17,3159,train,5
17,79,train,1
17,6570,train,0
17,825,train,3
17,6272,train,8
17,1632,train,9
17,6634,train,8
17,3070,train,6
17,3840,train,6
17,4478,train,1
17,3859,train,6
17,6392,train,1
17,3660,train,0
17,3586,train,6
17,3698,train,0
17,105,train,5
17,1997,train,0
17,2221,train,4
17,7176,train,7
17,304,train,6
17,4448,train,8
17,874,train,5
17,6832,train,4
17,7087,train,1
17,6935,train,5
17,1414,train,1
17,6493,train,7
17,4917,train,0
17,7283,train,6
17,4889,train,7
17,1538,train,3
17,2698,train,9
17,1194,train,0
17,5598,train,1
17,6024,train,5
17,3376,train,2
17,7070,train,8
17,5867,train,4
17,1929,train,8
17,3540,train,9
17,1296,train,6
17,6749,train,1
17,933,train,4
17,2762,train,8
17,1122,train,8
17,1405,train,7
17,2869,train,1
17,2458,train,1
17,2317,train,8
17,5982,train,7
17,3287,train,3
17,2955,train,9
17,6961,train,6
17,3050,train,0
17,1892,train,3
17,7131,train,6
17,3475,train,3
17,4856,train,2
17,3395,train,7
17,5084,train,7
17,4535,train,6
17,4805,train,8
17,6630,train,9
17,1025,train,3
17,929,train,7
17,4125,train,2
17,288,train,1
17,5619,train,0
17,4457,train,1
17,5857,train,7
17,2162,train,7
17,3442,train,1
17,2904,train,0
17,5562,train,1
17,689,train,4
17,6167,train,1
17,863,train,3
17,5932,train,6
17,5494,train,3
17,2217,train,3
17,2244,train,2
17,5029,train,3
17,1779,train,3
17,3919,train,8
17,4797,train,3
17,4160,train,0
17,2847,train,0
17,4175,train,7
17,435,train,2
17,7090,train,1
17,2727,train,7
17,2484,train,1
17,1502,train,9
17,616,train,7
17,6903,train,0
17,7266,train,4
17,5275,train,4
17,373,train,7
17,362,train,4
17,824,train,3
17,112,train,3
17,53,train,5
17,2499,train,8
17,5225,train,9
17,1953,train,3
17,3801,train,9
17,7174,train,1
17,3493,train,1
17,1598,train,1
17,6216,train,2
17,5142,train,0
17,2684,train,4
17,6824,train,0
17,1077,train,4
17,3713,train,1
17,2518,train,6
17,1719,train,4
17,7041,train,8
17,321,train,4
17,2975,train,7
17,6452,train,6
17,638,train,1
17,3845,train,1
17,317,train,0
17,3510,train,9
17,6390,train,3
17,1461,train,1
17,5147,train,9
17,2633,train,4
17,6743,train,8
17,305,train,2
17,458,train,7
17,2636,train,5
17,3119,train,4
17,1449,train,5
17,6512,train,7
17,2769,train,0
17,3654,train,0
17,4364,train,3
17,1168,train,7
17,4434,train,2
17,735,train,6
17,3694,train,1
17,67,train,2
17,1347,train,6
17,7246,train,3
17,837,train,1
17,5145,train,4
17,866,train,6
17,2913,train,4
17,2614,train,4
17,5239,train,1
17,6362,train,8
17,3329,train,8
17,5753,train,5
17,3013,train,8
17,1715,train,8
17,3861,train,2
17,6324,train,7
17,2474,train,1
17,1967,train,8
17,4354,train,1
17,4044,train,5
17,6557,train,2
17,7353,train,2
17,3787,train,4
17,1277,train,0
17,4442,train,5
17,1950,train,7
17,4563,train,9
17,542,train,1
17,5570,train,2
17,2600,train,8
17,72,train,4
17,3782,train,7
17,1189,train,4
17,6126,train,9
17,1148,train,4
17,1211,train,0
17,6967,train,6
17,1456,train,1
17,1872,train,6
17,7162,train,4
17,4223,train,4
17,3306,train,8
17,5061,train,2
17,3774,train,4
17,2099,train,0
17,5646,train,2
17,3747,train,4
17,4593,train,0
17,2707,train,3
17,212,train,0
17,2082,train,8
17,5539,train,8
17,5817,train,1
17,1640,train,7
17,3491,train,9
17,487,train,8
17,2632,train,7
17,4678,train,1
17,7009,train,7
17,2773,train,2
17,4030,train,6
17,1044,train,5
17,36,train,7
17,4898,train,8
17,2358,train,3
17,6,train,7
17,3105,train,0
17,4145,train,5
17,6872,train,6
17,3621,train,7
17,979,train,3
17,2865,train,0
17,5846,train,0
17,5807,train,0
17,3253,train,3
17,1216,train,9
17,6143,train,5
17,1990,train,7
17,5870,train,8
17,3622,train,8
17,5636,train,0
17,2874,train,3
17,66,train,7
17,6879,train,9
17,2805,train,9
17,5044,train,4
17,3094,train,5
17,5896,train,9
17,3589,train,9
17,5785,train,1
17,1395,train,6
17,3587,train,9
17,251,train,0
17,136,train,2
17,108,train,3
17,4997,train,1
17,4077,train,3
17,6868,train,4
17,4674,train,8
17,1825,train,0
17,5746,train,8
17,231,train,8
17,5093,train,3
17,2078,train,3
17,1157,train,5
17,4721,train,1
17,4439,train,7
17,5217,train,0
17,2488,train,9
17,3113,train,1
17,2259,train,6
17,5882,train,4
17,1151,train,4
17,5981,train,0
17,2152,train,2
17,1275,train,1
17,267,train,6
17,3238,train,5
17,1541,train,9
17,879,train,3
17,6096,train,9
17,5215,train,5
17,4913,train,7
17,2222,train,1
17,5586,train,6
17,4483,train,8
17,4473,train,4
17,2103,train,2
17,1015,train,1
17,4305,train,8
17,5213,train,0
17,1403,train,5
17,2643,train,4
17,1231,train,9
17,6485,train,5
17,556,train,0
17,6619,train,6
17,5966,train,9
17,1243,train,2
17,3404,train,0
17,5419,train,2
17,5285,train,6
17,725,train,3
17,5999,train,4
17,3265,train,7
17,659,train,2
17,4904,train,8
17,2722,train,9
17,5021,train,3
17,7183,train,8
17,1167,train,8
17,6657,train,7
17,5750,train,0
17,6066,train,2
17,5701,train,1
17,1082,train,8
17,2589,train,2
17,1241,train,5
17,1938,train,4
17,2478,train,8
17,5577,train,0
17,4083,train,4
17,2138,train,6
17,3378,train,1
17,4424,train,2
17,139,train,0
17,4499,train,3
17,1226,train,3
17,7078,train,9
17,6451,train,9
17,5645,train,5
17,5914,train,7
17,1815,train,8
17,5682,train,9
17,4240,train,6
17,6317,train,1
17,496,train,2
17,215,train,4
17,800,train,4
17,4696,train,5
17,6051,train,6
17,5483,train,3
17,2576,train,6
17,7143,train,2
17,4262,train,6
17,6229,train,1
17,1312,train,7
17,7092,train,9
17,4945,train,4
17,399,train,0
17,4214,train,0
17,4212,train,3
17,5010,train,0
17,1844,train,7
17,5563,train,2
17,5994,train,0
17,5959,train,6
17,786,train,8
17,5177,train,3
17,6987,train,7
17,1119,train,0
17,2952,train,6
17,2462,train,7
17,2049,train,5
17,16,train,2
17,705,train,1
17,5172,train,4
17,6419,train,6
17,5481,train,1
17,4670,train,6
17,5475,train,0
17,4958,train,8
17,5596,train,5
17,4635,train,3
17,6929,train,0
17,1486,train,5
17,107,train,4
17,7239,train,8
17,3898,train,4
17,3538,train,1
17,390,train,5
17,5453,train,9
17,1687,train,4
17,4013,train,1
17,3760,train,5
17,2199,train,1
17,7062,train,1
17,2122,train,7
17,92,train,3
17,405,train,9
17,6996,train,7
17,6058,train,5
17,4375,train,2
17,336,train,7
17,1376,train,2
17,1102,train,7
17,7002,train,8
17,5835,train,8
17,1392,train,6
17,5901,train,2
17,6146,train,7
17,7272,train,3
17,2664,train,8
17,1910,train,8
17,2748,train,8
17,2822,train,1
17,3375,train,3
17,1299,train,7
17,797,train,1
17,3523,train,9
17,3817,train,0
17,990,train,5
17,2403,train,1
17,3089,train,4
17,6196,train,7
17,2114,train,9
17,6102,train,0
17,2320,train,4
17,3704,train,2
17,5546,train,1
17,857,train,3
17,188,train,6
17,6906,train,4
17,2587,train,2
17,1220,train,1
17,2800,train,6
17,4597,train,5
17,3795,train,7
17,5933,train,3
17,1563,train,5
17,1125,train,1
17,5305,train,8
17,2294,train,4
17,5064,train,7
17,6354,train,7
17,726,train,6
17,6546,train,6
17,3737,train,9
17,3806,train,2
17,868,train,6
17,7011,train,4
17,122,train,5
17,3522,train,8
17,1730,train,9
17,3869,train,2
17,5748,train,5
17,1783,train,3
17,3615,train,4
17,642,train,7
17,6250,train,0
17,5576,train,7
17,7323,train,3
17,2640,train,7
17,1606,train,4
17,967,train,8
17,4042,train,5
17,5717,train,3
17,5880,train,6
17,5638,train,6
17,4061,train,2
17,4902,train,7
17,4346,train,2
17,7074,train,0
17,5425,train,8
17,1513,train,7
17,7059,train,5
17,1956,train,9
17,2405,train,9
17,1635,train,5
17,527,train,9
17,7126,train,3
17,3360,train,6
17,4883,train,8
17,974,train,3
17,1234,train,4
17,2778,train,3
17,3458,train,7
17,1055,train,7
17,847,train,5
17,6754,train,2
17,1595,train,1
17,6104,train,5
17,7268,train,6
17,2912,train,7
17,3705,train,7
17,4820,train,2
17,4225,train,1
17,3895,train,6
17,1331,train,0
17,1445,train,7
17,6705,train,7
17,1530,train,7
17,3532,train,8
17,6852,train,2
17,6328,train,5
17,5804,train,4
17,791,train,2
17,4943,train,5
17,2464,train,0
17,3736,train,2
17,20,train,9
17,6226,train,0
17,6790,train,0
17,6874,train,9
17,491,train,1
17,5724,train,2
17,5930,train,6
17,3591,train,6
17,2991,train,7
17,6643,train,5
17,4433,train,7
17,645,train,9
17,1462,train,4
17,1335,train,4
17,4996,train,3
17,5206,train,2
17,1800,train,9
17,4515,train,3
17,5568,train,8
17,4885,train,3
17,1033,train,2
17,5965,train,5
17,560,train,3
17,4919,train,4
17,4242,train,5
17,5538,train,1
17,4853,train,4
17,3746,train,8
17,953,train,2
17,7115,train,7
17,3641,train,1
17,5813,train,0
17,927,train,0
17,778,train,3
17,7072,train,2
17,829,train,0
17,1012,train,3
17,5398,train,1
17,5317,train,3
17,7333,train,8
17,4737,train,6
17,2119,train,7
17,2022,train,0
17,6849,train,6
17,1920,train,0
17,6280,train,3
17,1546,train,0
17,7286,train,7
17,538,train,5
17,3154,train,6
17,521,train,8
17,1797,train,1
17,1972,train,0
17,2427,train,2
17,2463,train,4
17,3590,train,5
17,6085,train,3
17,2380,train,1
17,650,train,9
17,2560,train,6
17,7348,train,4
17,1545,train,1
17,871,train,8
17,1465,train,8
17,13,train,1
17,5557,train,1
17,7119,train,4
17,4181,train,4
17,5353,train,3
17,2603,train,2
17,1401,train,9
17,2813,train,1
17,61,train,2
17,5787,train,2
17,5390,train,1
17,1803,train,0
17,2343,train,6
17,2878,train,5
17,7310,train,9
17,3455,train,5
17,2544,train,2
17,1982,train,9
17,1600,train,2
17,4896,train,6
17,6838,train,6
17,6268,train,1
17,3878,train,8
17,5518,train,1
17,2503,train,3
17,3409,train,9
17,257,train,8
17,3594,train,1
17,5062,train,5
17,5355,train,9
17,1476,train,8
17,1832,train,5
17,1264,train,2
17,1751,train,1
17,1951,train,1
17,2341,train,7
17,1677,train,7
17,3274,train,9
17,759,train,0
17,1519,train,2
17,1223,train,3
17,5186,train,4
17,4366,train,8
17,4421,train,6
17,569,train,7
17,976,train,9
17,2663,train,3
17,3190,train,4
17,826,train,0
17,6943,train,1
17,1007,train,7
17,3797,train,2
17,7360,train,4
17,1718,train,0
17,6633,train,6
17,1083,train,7
17,276,train,9
17,3666,train,8
17,3107,train,4
17,6725,train,6
17,1142,train,1
17,2693,train,6
17,7036,train,2
17,4207,train,7
17,4692,train,2
17,695,train,1
17,4643,train,7
17,2174,train,1
17,57,train,9
17,5969,train,4
17,1780,train,1
17,1431,train,1
17,1,train,3
17,2645,train,0
17,5464,train,7
17,5607,train,8
17,3337,train,1
17,798,train,2
17,7116,train,9
17,6779,train,1
17,4431,train,8
17,5220,train,0
17,1804,train,7
17,248,train,8
17,1278,train,5
17,5357,train,5
17,326,train,6
17,2178,train,2
17,3680,train,2
17,4523,train,5
17,1711,train,3
17,1778,train,4
17,2977,train,5
17,3786,train,9
17,1402,train,8
17,2252,train,4
17,1566,train,8
17,5196,train,8
17,3533,train,6
17,5337,train,9
17,5985,train,6
17,546,train,7
17,3879,train,2
17,3593,train,1
17,3973,train,4
17,598,train,0
17,6620,train,3
17,7067,train,9
17,2905,train,0
17,3311,train,9
17,6269,train,6
17,5344,train,0
17,7180,train,5
17,3963,train,0
17,3977,train,6
17,5971,train,4
17,41,train,8
17,395,train,3
17,1134,train,9
17,6667,train,9
17,2337,train,8
17,6041,train,7
17,448,train,0
17,1291,train,0
17,564,train,9
17,2618,train,4
17,4873,train,4
17,5700,train,0
17,3951,train,0
17,3090,train,9
17,2631,train,8
17,1651,train,5
17,4288,train,1
17,950,train,0
17,467,train,6
17,5150,train,5
17,1419,train,2
17,6733,train,6
17,804,train,7
17,2916,train,1
17,4407,train,1
17,2466,train,5
17,6523,train,0
17,1056,train,2
17,4566,train,9
17,1516,train,0
17,7156,train,5
17,3499,train,4
17,4962,train,9
17,3110,train,6
17,692,train,2
17,6434,train,7
17,6606,train,6
17,4239,train,7
17,5086,train,3
17,619,train,7
17,7085,train,4
17,4576,train,8
17,1978,train,6
17,90,train,7
17,2219,train,8
17,6213,train,3
17,3423,train,3
17,490,train,5
17,1933,train,5
17,2584,train,7
17,4988,train,1
17,1038,train,2
17,5171,train,4
17,7139,train,4
17,671,train,7
17,3153,train,9
17,2927,train,0
17,7287,train,8
17,7108,train,3
17,2835,train,1
17,6598,train,5
17,6785,train,9
17,1061,train,4
17,1206,train,3
17,2583,train,7
17,91,train,8
17,3871,train,4
17,3772,train,2
17,5621,train,5
17,5681,train,6
17,6148,train,2
17,7111,train,2
17,3149,train,5
17,4066,train,9
17,6793,train,6
17,1613,train,7
17,4516,train,1
17,3106,train,5
17,1893,train,2
17,5334,train,8
17,1509,train,6
17,6336,train,7
17,6356,train,2
17,2210,train,3
17,1078,train,4
17,834,train,5
17,2836,train,4
17,2130,train,1
17,6191,train,7
17,1887,train,3
17,209,train,7
17,4731,train,3
17,355,train,4
17,6593,train,5
17,6185,train,5
17,6695,train,5
17,5742,train,4
17,5921,train,1
17,5978,train,4
17,5754,train,8
17,764,train,3
17,3368,train,1
17,6098,train,6
17,2197,train,1
17,1871,train,2
17,4524,train,1
17,7034,train,9
17,5221,train,9
17,1378,train,0
17,6952,train,0
17,3369,train,5
17,5235,train,3
17,5055,train,9
17,6550,train,2
17,4406,train,4
17,932,train,0
17,844,train,5
17,1898,train,8
17,1753,train,0
17,5241,train,3
17,2386,train,8
17,2563,train,0
17,830,train,4
17,6873,train,4
17,2552,train,6
17,1904,train,3
17,2332,train,3
17,6424,train,1
17,2699,train,8
17,3707,train,8
17,3839,train,0
17,2542,train,6
17,1841,train,6
17,1755,train,0
17,2467,train,0
17,3317,train,6
17,5850,train,6
17,3998,train,9
17,5254,train,7
17,1984,train,4
17,1801,train,4
17,7273,train,2
17,5503,train,6
17,1860,train,0
17,213,train,3
17,971,train,9
17,1323,train,8
17,5597,train,5
17,4800,train,2
17,7082,train,7
17,1756,train,3
17,6840,train,8
17,993,train,3
17,3842,train,5
17,3959,train,5
17,1998,train,7
17,1652,train,9
17,1214,train,8
17,3670,train,5
17,2907,train,9
17,334,train,7
17,6157,train,8
17,2882,train,9
17,31,train,5
17,6068,train,6
17,4613,train,2
17,5873,train,6
17,3211,train,9
17,3212,train,1
17,6236,train,6
17,3069,train,7
17,131,train,0
17,1141,train,1
17,6332,train,3
17,5190,train,2
17,1812,train,1
17,3299,train,5
17,5898,train,9
17,5246,train,3
17,322,train,6
17,5303,train,9
17,6602,train,8
17,850,train,1
17,4940,train,3
17,6316,train,0
17,4986,train,4
17,3393,train,1
17,706,train,1
17,384,train,6
17,6147,train,9
17,5160,train,9
17,2139,train,3
17,1772,train,5
17,3234,train,9
17,931,train,7
17,1634,train,0
17,4965,train,5
17,171,train,4
17,2823,train,4
17,2716,train,7
17,5836,train,1
17,5433,train,4
17,713,train,6
17,7319,train,4
17,1565,train,3
17,4423,train,0
17,629,train,9
17,3023,train,9
17,210,train,9
17,5284,train,8
17,3060,train,4
17,3181,train,9
17,7314,train,9
17,3890,train,1
17,3936,train,4
17,6760,train,5
17,6291,train,5
17,2009,train,4
17,285,train,6
17,4580,train,2
17,2304,train,5
17,5141,train,5
17,408,train,2
17,3953,train,8
17,1191,train,4
17,5758,train,9
17,1901,train,2
17,4895,train,2
17,2192,train,2
17,2520,train,8
17,3242,train,9
17,1741,train,1
17,415,train,6
17,244,train,0
17,4870,train,0
17,5176,train,6
17,5420,train,1
17,5957,train,2
17,4307,train,1
17,5952,train,5
17,2378,train,9
17,4740,train,3
17,4812,train,7
17,2183,train,6
17,6566,train,2
17,5492,train,8
17,889,train,1
17,3182,train,9
17,5728,train,8
17,506,train,3
17,2595,train,2
17,1992,train,3
17,2482,train,9
17,6320,train,3
17,1980,train,1
17,7293,train,2
17,2650,train,7
17,279,train,4
17,3266,train,9
17,78,train,5
17,3940,train,9
17,606,train,6
17,6389,train,7
17,5534,train,0
17,1253,train,4
17,2688,train,2
17,1181,train,1
17,3553,train,1
17,3558,train,6
17,2372,train,5
17,2042,train,5
17,2360,train,0
17,6768,train,4
17,475,train,2
17,4285,train,7
17,2554,train,1
17,5189,train,2
17,6018,train,5
17,5314,train,6
17,46,train,5
17,3247,train,8
17,2348,train,1
17,247,train,5
17,471,train,0
17,5232,train,6
17,1156,train,6
17,838,train,8
17,4933,train,0
17,6748,train,4
17,1127,train,4
17,701,train,4
17,7094,train,2
17,1273,train,9
17,2605,train,8
17,5815,train,7
17,2953,train,9
17,914,train,8
17,3275,train,9
17,6115,train,4
17,3350,train,4
17,775,train,7
17,498,train,8
17,1724,train,5
17,7250,train,6
17,4614,train,4
17,3850,train,1
17,2015,train,0
17,1009,train,5
17,2092,train,0
17,6769,train,2
17,3804,train,2
17,5545,train,0
17,4652,train,9
17,2000,train,2
17,3338,train,9
17,5408,train,7
17,6025,train,8
17,1094,train,4
17,710,train,5
17,3482,train,4
17,2922,train,5
17,4510,train,5
17,5424,train,5
17,5025,train,4
17,882,train,0
17,5282,train,7
17,3904,train,9
17,4321,train,0
17,7133,train,9
17,7220,train,7
17,2903,train,8
17,187,train,7
17,7038,train,5
17,3447,train,1
17,4769,train,3
17,497,train,4
17,74,train,9
17,662,train,3
17,3176,train,8
17,3794,train,6
17,3073,train,2
17,755,train,0
17,4738,train,9
17,1040,train,2
17,5125,train,5
17,1987,train,9
17,1155,train,2
17,5014,train,9
17,1750,train,5
17,3136,train,1
17,6402,train,4
17,809,train,8
17,1475,train,7
17,3258,train,6
17,5987,train,6
17,3151,train,3
17,255,train,2
17,1309,train,6
17,6798,train,6
17,6736,train,6
17,4411,train,8
17,6082,train,6
17,113,train,5
17,4097,train,3
17,3171,train,2
17,4500,train,0
17,4227,train,8
17,1201,train,5
17,5259,train,3
17,2075,train,5
17,1459,train,6
17,5101,train,9
17,5506,train,8
17,3453,train,3
17,5773,train,5
17,2391,train,7
17,997,train,5
17,2941,train,3
17,2987,train,6
17,628,train,5
17,4941,train,8
17,4266,train,1
17,4356,train,6
17,5268,train,7
17,4373,train,5
17,3579,train,9
17,6859,train,5
17,5427,train,1
17,807,train,7
17,4105,train,8
17,2871,train,3
17,6586,train,5
17,1114,train,9
17,5799,train,7
17,2285,train,5
17,4984,train,5
17,4455,train,9
17,7270,train,3
17,5422,train,6
17,4139,train,0
17,3673,train,7
17,870,train,2
17,1365,train,3
17,3456,train,1
17,6753,train,2
17,374,train,6
17,2069,train,3
17,6238,train,1
17,5356,train,4
17,5377,train,8
17,3545,train,8
17,1293,train,2
17,6789,train,5
17,708,train,1
17,2128,train,2
17,473,train,3
17,179,train,1
17,1138,train,1
17,6042,train,4
17,1409,train,5
17,1051,train,2
17,5899,train,3
17,6913,train,5
17,902,train,4
17,2489,train,5
17,1120,train,8
17,5617,train,8
17,4215,train,4
17,2008,train,3
17,776,train,0
17,5891,train,8
17,5038,train,6
17,1349,train,2
17,6205,train,5
17,941,train,2
17,1153,train,4
17,5037,train,6
17,7233,train,3
17,3459,train,8
17,6828,train,3
17,1749,train,2
17,4871,train,4
17,7322,train,1
17,1704,train,3
17,5611,train,2
17,1340,train,8
17,7064,train,3
17,3034,train,4
17,2853,train,9
17,4395,train,1
17,6491,train,3
17,3091,train,7
17,907,train,7
17,3572,train,1
17,56,train,0
17,1940,train,3
17,6924,train,1
17,4682,train,2
17,4708,train,8
17,2236,train,1
17,4318,validation,5
17,1870,validation,7
17,2156,validation,2
17,3301,validation,9
17,3598,validation,3
17,2319,validation,7
17,4238,validation,4
17,1900,validation,2
17,488,validation,0
17,329,validation,8
17,6351,validation,9
17,1568,validation,1
17,877,validation,7
17,3134,validation,2
17,4017,validation,0
17,2571,validation,7
17,1875,validation,1
17,7089,validation,2
17,6985,validation,3
17,779,validation,5
17,3941,validation,6
17,3906,validation,9
17,5273,validation,9
17,6252,validation,4
17,2125,validation,5
17,4522,validation,9
17,4218,validation,7
17,1713,validation,7
17,6875,validation,4
17,5087,validation,8
17,377,validation,6
17,4549,validation,4
17,1676,validation,0
17,3987,validation,7
17,117,validation,7
17,2997,validation,6
17,2490,validation,5
17,555,validation,4
17,6865,validation,9
17,15,validation,7
17,576,validation,6
17,741,validation,2
17,2418,validation,0
17,1781,validation,5
17,4306,validation,0
17,2938,validation,3
17,84,validation,6
17,1654,validation,6
17,476,validation,9
17,6382,validation,1
17,5772,validation,7
17,4210,validation,8
17,1136,validation,5
17,6133,validation,3
17,5428,validation,5
17,4911,validation,3
17,26,validation,2
17,438,validation,9
17,3465,validation,8
17,6344,validation,8
17,1161,validation,9
17,3400,validation,5
17,2533,validation,0
17,2789,validation,3
17,1215,validation,6
17,1614,validation,9
17,5115,validation,2
17,1195,validation,3
17,3822,validation,3
17,7073,validation,5
17,6948,validation,2
17,5554,validation,2
17,3195,validation,7
17,3903,validation,0
17,4626,validation,4
17,3635,validation,1
17,1798,validation,0
17,5120,validation,2
17,97,validation,8
17,2809,validation,8
17,5455,validation,2
17,6373,validation,5
17,27,validation,5
17,3462,validation,9
17,5034,validation,3
17,5263,validation,9
17,5097,validation,2
17,6723,validation,3
17,5876,validation,2
17,4639,validation,0
17,380,validation,4
17,9,validation,0
17,2516,validation,5
17,6248,validation,5
17,6763,validation,6
17,5467,validation,9
17,4000,validation,7
17,2517,validation,2
17,1578,validation,3
17,4881,validation,9
17,2438,validation,4
17,5401,validation,8
17,5361,validation,4
17,4052,validation,6
17,2695,validation,3
17,1442,validation,0
17,5720,validation,4
17,4817,validation,3
17,1607,validation,2
17,4074,validation,2
17,948,validation,3
17,586,validation,8
17,4459,validation,2
17,1053,validation,5
17,873,validation,5
17,3922,validation,5
17,3045,validation,6
17,2088,validation,5
17,6258,validation,1
17,3738,validation,6
17,6074,validation,7
17,4465,validation,5
17,5421,validation,1
17,1991,validation,5
17,1806,validation,0
17,7057,validation,2
17,6212,validation,3
17,4855,validation,2
17,4505,validation,9
17,1338,validation,3
17,4627,validation,8
17,3511,validation,5
17,2400,validation,6
17,3562,validation,4
17,1410,validation,2
17,4748,validation,0
17,4814,validation,9
17,5869,validation,6
17,4494,validation,0
17,2796,validation,4
17,6462,validation,9
17,2010,validation,8
17,1737,validation,9
17,1430,validation,6
17,6378,validation,4
17,5759,validation,2
17,2369,validation,6
17,1489,validation,6
17,2289,validation,0
17,6477,validation,6
17,5184,validation,2
17,4867,validation,7
17,2032,validation,8
17,2105,validation,2
17,3886,validation,1
17,3828,validation,3
17,4710,validation,2
17,3158,validation,3
17,6257,validation,2
17,2394,validation,3
17,3401,validation,8
17,3699,validation,9
17,3244,validation,2
17,6957,validation,6
17,3502,validation,2
17,1483,validation,1
17,7105,validation,7
17,1599,validation,4
17,237,validation,0
17,6261,validation,6
17,5294,validation,1
17,3506,validation,8
17,7015,validation,4
17,1477,validation,3
17,4644,validation,1
17,2396,validation,4
17,4453,validation,7
17,1286,validation,7
17,2786,validation,2
17,4771,validation,6
17,3916,validation,6
17,910,validation,9
17,768,validation,9
17,2282,validation,8
17,2681,validation,7
17,5613,validation,0
17,54,validation,0
17,6707,validation,7
17,4035,validation,8
17,7223,validation,0
17,4935,validation,8
17,3966,validation,7
17,4850,validation,0
17,785,validation,3
17,2409,validation,2
17,4579,validation,7
17,1500,validation,3
17,4654,validation,8
17,2812,validation,5
17,1820,validation,6
17,3865,validation,4
17,3800,validation,3
17,5540,validation,3
17,4471,validation,5
17,5201,validation,2
17,989,validation,4
17,4072,validation,7
17,4718,validation,2
17,2956,validation,2
17,387,validation,5
17,6379,validation,5
17,3732,validation,5
17,6507,validation,9
17,6374,validation,8
17,1279,validation,9
17,6898,validation,9
17,1074,validation,5
17,6614,validation,3
17,1816,validation,7
17,5820,validation,9
17,4352,validation,9
17,5937,validation,4
17,6940,validation,1
17,3006,validation,0
17,3799,validation,5
17,6080,validation,4
17,319,validation,6
17,2005,validation,1
17,197,validation,2
17,4188,validation,9
17,6294,validation,3
17,6853,validation,8
17,320,validation,2
17,6562,validation,3
17,7247,validation,6
17,3440,validation,3
17,5018,validation,0
17,5590,validation,2
17,6355,validation,9
17,3277,validation,7
17,6408,validation,1
17,1333,validation,4
17,5578,validation,3
17,7312,validation,3
17,7022,validation,3
17,4575,validation,0
17,4990,validation,2
17,4466,validation,1
17,3142,validation,8
17,1162,validation,2
17,723,validation,6
17,1200,validation,7
17,2267,validation,6
17,1010,validation,5
17,1092,validation,9
17,3427,validation,5
17,6938,validation,9
17,1272,validation,2
17,6447,validation,1
17,2785,validation,6
17,1575,validation,5
17,5279,validation,2
17,4068,validation,2
17,4080,validation,8
17,867,validation,0
17,4760,validation,9
17,2641,validation,9
17,4322,validation,1
17,5117,validation,6
17,3082,validation,0
17,7359,validation,4
17,3891,validation,0
17,6387,validation,0
17,6219,validation,7
17,765,validation,4
17,3778,validation,0
17,4121,validation,3
17,728,validation,5
17,484,validation,4
17,1603,validation,5
17,6239,validation,5
17,241,validation,3
17,5892,validation,3
17,4216,validation,8
17,5468,validation,5
17,265,validation,4
17,228,validation,3
17,2921,validation,7
17,6130,validation,6
17,1966,validation,6
17,2208,validation,0
17,2807,validation,6
17,4574,validation,5
17,6529,validation,6
17,3076,validation,7
17,1921,validation,6
17,2258,validation,2
17,6959,validation,0
17,4028,validation,1
17,3696,validation,1
17,6489,validation,7
17,7151,validation,5
17,2066,validation,2
17,6016,validation,2
17,1185,validation,3
17,4620,validation,2
17,4222,validation,8
17,28,validation,3
17,2906,validation,9
17,7168,validation,9
17,337,validation,2
17,6881,validation,9
17,5702,validation,5
17,6720,validation,5
17,2989,validation,1
17,1320,validation,7
17,978,validation,3
17,1522,validation,8
17,3741,validation,5
17,2501,validation,4
17,5164,validation,8
17,266,validation,4
17,5074,validation,6
17,3605,validation,1
17,5885,validation,8
17,2451,validation,9
17,1943,validation,6
17,1788,validation,5
17,3505,validation,5
17,1129,validation,0
17,1742,validation,1
17,2746,validation,0
17,6506,validation,5
17,3601,validation,1
17,3748,validation,1
17,4956,validation,5
17,6932,validation,2
17,4646,validation,8
17,6287,validation,1
17,1823,validation,6
17,62,validation,1
17,1473,validation,8
17,2450,validation,9
17,6642,validation,2
17,1620,validation,7
17,1362,validation,4
17,3634,validation,9
17,4894,validation,4
17,2855,validation,4
17,1717,validation,6
17,3477,validation,6
17,3419,validation,6
17,5832,validation,7
17,7134,validation,7
17,5092,validation,6
17,6103,validation,1
17,5156,validation,5
17,4512,validation,6
17,3189,validation,1
17,6201,validation,1
17,6473,validation,5
17,5861,validation,1
17,5547,validation,3
17,3647,validation,8
17,611,validation,1
17,3730,validation,1
17,7318,validation,1
17,3652,validation,9
17,6177,validation,9
17,432,validation,0
17,5497,validation,9
17,1996,validation,1
17,6385,validation,1
17,4015,validation,6
17,1835,validation,9
17,7137,validation,0
17,6395,validation,2
17,299,validation,8
17,1398,validation,2
17,1222,validation,9
17,2456,validation,3
17,3968,validation,7
17,998,validation,1
17,6127,validation,1
17,5393,validation,7
17,1826,validation,5
17,1024,validation,4
17,1322,validation,8
17,3785,validation,2
17,3174,validation,1
17,5462,validation,9
17,3359,validation,9
17,2610,validation,5
17,4247,validation,1
17,5602,validation,9
17,4110,validation,5
17,3348,validation,7
17,1615,validation,7
17,5051,validation,6
17,790,validation,7
17,1387,validation,8
17,6629,validation,2
17,4624,validation,9
17,1041,validation,1
17,3985,validation,7
17,2506,validation,5
17,7255,validation,2
17,3204,validation,0
17,3156,validation,2
17,1324,validation,6
17,33,validation,8
17,4177,validation,1
17,1623,validation,6
17,1498,validation,3
17,2475,validation,3
17,2704,validation,5
17,2433,validation,2
17,7107,validation,7
17,747,validation,2
17,6730,validation,3
17,4092,validation,8
17,1479,validation,7
17,5906,validation,4
17,6032,validation,1
17,262,validation,0
17,7225,validation,4
17,3507,validation,7
17,5980,validation,4
17,2176,validation,3
17,2352,validation,2
17,3414,validation,2
17,5587,validation,6
17,2535,validation,7
17,2038,validation,2
17,1505,validation,1
17,3489,validation,2
17,2830,validation,0
17,2316,validation,1
17,7355,validation,9
17,876,validation,5
17,7308,validation,2
17,3897,validation,8
17,4698,validation,1
17,1969,validation,7
17,7237,validation,7
17,2675,validation,6
17,959,validation,6
17,6994,validation,4
17,3909,validation,1
17,4504,validation,9
17,2550,validation,6
17,7354,validation,4
17,2954,validation,1
17,3815,validation,2
17,4371,validation,0
17,6648,validation,6
17,6738,validation,7
17,6805,validation,7
17,5288,validation,0
17,2721,validation,5
17,3408,validation,1
17,4633,validation,2
17,2059,validation,7
17,1739,validation,0
17,7093,validation,8
17,5839,validation,8
17,5391,validation,5
17,6665,validation,1
17,2455,validation,3
17,2500,validation,1
17,7150,validation,0
17,6691,validation,4
17,4832,validation,1
17,312,validation,2
17,3081,validation,4
17,1209,validation,5
17,6547,validation,1
17,4029,validation,7
17,7007,validation,4
17,3777,validation,1
17,6057,validation,8
17,2141,validation,2
17,2087,validation,8
17,3524,validation,9
17,4291,validation,7
17,4567,validation,1
17,3340,validation,5
17,6202,validation,0
17,1734,validation,9
17,7337,validation,4
17,664,validation,9
17,3420,validation,6
17,5372,validation,7
17,6773,validation,4
17,5705,validation,0
17,7320,validation,2
17,431,validation,0
17,3574,validation,0
17,5271,validation,4
17,2401,validation,3
17,669,validation,7
17,2169,validation,5
17,4248,validation,6
17,1213,validation,2
17,5523,validation,4
17,6997,validation,4
17,5672,validation,6
17,1016,validation,7
17,5931,validation,9
17,5663,validation,4
17,2204,validation,4
17,3098,validation,1
17,2839,validation,9
17,781,validation,3
17,3102,validation,6
17,3031,validation,6
17,5706,validation,2
17,7008,validation,4
17,159,validation,8
17,6936,validation,4
17,970,validation,4
17,4906,validation,8
17,47,validation,4
17,2263,validation,1
17,3873,validation,6
17,536,validation,4
17,4050,validation,6
17,2930,validation,2
17,6497,validation,7
17,3170,validation,3
17,4735,validation,3
17,5684,validation,4
17,3776,validation,6
17,3498,validation,9
17,2841,validation,0
17,6072,validation,8
17,5512,validation,1
17,4379,validation,3
17,1670,validation,8
17,3202,validation,8
17,3373,validation,6
17,1366,validation,9
17,6591,validation,6
17,3769,validation,9
17,4293,validation,9
17,6616,validation,5
17,3655,validation,1
17,2885,validation,3
17,5104,validation,8
17,5644,validation,2
17,5378,validation,7
17,286,validation,7
17,2035,validation,1
17,5819,validation,1
17,6599,validation,7
17,6704,validation,2
17,2985,validation,0
17,6792,validation,4
17,2231,validation,0
17,2486,validation,4
17,677,validation,1
17,4858,validation,2
17,6107,validation,5
17,6757,validation,1
17,3947,validation,5
17,3819,validation,3
17,2979,validation,4
17,3889,validation,7
17,65,validation,0
17,7178,validation,4
17,1699,validation,7
17,2582,validation,4
17,3669,validation,5
17,4325,validation,0
17,4460,validation,3
17,7305,validation,3
17,5253,validation,1
17,5769,validation,8
17,214,validation,7
17,1976,validation,3
17,331,validation,8
17,5756,validation,6
17,1307,validation,4
17,813,validation,5
17,5456,validation,4
17,4167,validation,8
17,6722,validation,3
17,2007,validation,3
17,3331,validation,6
17,2151,validation,1
17,1510,validation,7
17,7362,validation,8
17,6986,validation,0
17,6363,validation,9
17,6262,validation,4
17,2491,validation,9
17,4274,validation,3
17,6086,validation,2
17,5948,validation,9
17,5197,validation,6
17,2280,validation,5
17,4327,validation,1
17,6209,validation,8
17,3314,validation,1
17,3742,validation,2
17,4135,validation,9
17,1644,validation,9
17,5486,validation,3
17,1397,validation,4
17,2810,validation,5
17,2308,validation,8
17,7238,validation,7
17,111,validation,3
17,3883,validation,8
17,7114,validation,3
17,912,validation,0
17,7221,validation,3
17,2452,validation,2
17,2687,validation,1
17,7249,validation,2
17,5352,validation,3
17,2964,validation,1
17,4186,validation,0
17,6309,validation,6
17,1488,validation,8
17,1511,validation,4
17,5695,validation,7
17,4011,validation,0
17,4151,validation,4
17,2476,validation,5
17,6995,validation,5
17,481,validation,6
17,3712,validation,6
17,1766,validation,4
17,5751,validation,2
17,5122,validation,5
17,5129,validation,0
17,233,validation,7
17,7267,validation,5
17,1789,validation,6
17,4055,validation,4
17,3370,validation,6
17,7065,validation,7
17,3135,validation,3
17,6398,validation,0
17,3271,validation,4
17,4681,validation,2
17,2781,validation,9
17,3346,validation,5
17,2054,validation,0
17,7014,validation,8
17,615,validation,9
17,5533,validation,0
17,4677,validation,6
17,3745,validation,7
17,3856,validation,7
17,2701,validation,4
17,6956,validation,6
17,3177,validation,7
17,1239,validation,3
17,1514,validation,9
17,2238,validation,0
17,4839,validation,5
17,4148,validation,5
17,1667,validation,1
17,923,validation,0
17,410,validation,7
17,3628,validation,5
17,5651,validation,1
17,687,validation,8
17,3954,validation,2
17,6011,validation,2
17,2677,validation,1
17,1689,validation,9
17,901,validation,7
17,2292,validation,8
17,7269,validation,3
17,1794,validation,8
17,2815,validation,4
17,7294,validation,7
17,2932,validation,5
17,403,validation,7
17,698,validation,8
17,6661,validation,8
17,7200,validation,4
17,2477,validation,8
17,1030,validation,2
17,6698,validation,7
17,5905,validation,6
17,6069,validation,5
17,6941,validation,5
17,5335,validation,8
17,2479,validation,6
17,4444,validation,8
17,898,validation,5
17,5059,validation,6
17,2200,validation,1
17,2802,validation,9
17,4568,validation,1
17,3349,validation,4
17,6460,validation,5
17,354,validation,6
17,6822,validation,8
17,1173,validation,1
17,7004,validation,0
17,5274,validation,6
17,3471,validation,2
17,1518,validation,4
17,6685,validation,3
17,309,validation,7
17,3254,validation,8
17,951,validation,3
17,4557,validation,5
17,6138,validation,9
17,116,validation,4
17,5872,validation,8
17,6465,validation,1
17,19,validation,6
17,5385,validation,4
17,6182,validation,3
17,4818,validation,0
17,4174,validation,2
17,1336,validation,2
17,1808,validation,7
17,6198,validation,6
17,6772,validation,5
17,449,validation,0
17,1868,validation,0
17,5774,validation,4
17,6708,validation,6
17,3981,validation,7
17,3382,validation,6
17,2804,validation,0
17,6560,validation,0
17,2784,validation,4
17,4754,validation,3
17,2085,validation,7
17,3900,validation,0
17,3995,validation,6
17,1629,validation,7
17,1908,validation,1
17,358,validation,0
17,3496,validation,4
17,6727,validation,8
17,6975,validation,6
17,4009,validation,5
17,1745,validation,0
17,5381,validation,9
17,2117,validation,6
17,1422,validation,6
17,5203,validation,1
17,4829,validation,8
17,6136,validation,3
17,2211,validation,7
17,5526,validation,4
17,4785,validation,7
17,1377,validation,4
17,303,validation,0
17,2171,validation,3
17,2261,validation,9
17,895,validation,8
17,6992,validation,5
17,3651,validation,7
17,2227,validation,3
17,2717,validation,4
17,86,validation,0
17,2793,validation,0
17,6365,validation,1
17,2331,validation,9
17,3435,validation,5
17,6078,validation,7
17,6020,validation,9
17,5008,validation,1
17,4316,validation,9
17,7260,validation,8
17,7302,validation,9
17,5281,validation,9
17,6050,validation,4
17,5814,validation,1
17,5297,validation,4
17,1188,validation,4
17,1260,validation,5
17,1160,validation,7
17,1722,validation,3
17,2246,validation,0
17,4617,validation,8
17,1983,validation,0
17,2357,validation,8
17,6440,validation,1
17,4782,validation,0
17,3744,validation,5
17,6837,validation,8
17,1233,validation,3
17,4615,validation,8
17,345,validation,2
17,4396,validation,1
17,596,validation,8
17,5591,validation,2
17,4385,validation,8
17,3894,validation,3
17,1931,validation,3
17,3162,validation,5
17,6781,validation,3
17,1706,validation,5
17,296,validation,2
17,294,validation,9
17,3112,validation,2
17,2943,validation,2
17,1645,validation,0
17,3405,validation,7
17,5340,validation,1
17,3702,validation,5
17,3282,validation,0
17,6400,validation,2
17,5904,validation,5
17,7301,validation,2
17,6741,validation,7
17,5855,validation,0
17,3855,validation,4
17,3918,validation,7
17,2992,validation,5
17,2867,validation,7
17,2429,validation,2
17,2070,validation,9
17,5629,validation,5
17,6017,validation,9
17,5765,validation,9
17,5146,validation,2
17,3199,validation,9
17,2896,validation,4
17,541,validation,6
17,5364,validation,0
17,1048,validation,8
17,2751,validation,3
17,1526,validation,8
17,5075,validation,9
17,5642,validation,0
17,3318,validation,9
17,270,validation,0
17,7058,validation,7
17,3001,validation,8
17,3535,validation,4
17,4060,validation,2
17,6848,validation,9
17,7357,validation,0
17,1762,validation,1
17,1515,validation,6
17,6009,validation,1
17,3901,validation,9
17,1355,validation,3
17,1508,validation,1
17,597,validation,9
17,6137,validation,4
17,1326,validation,5
17,1050,validation,5
17,1769,validation,8
17,5078,validation,5
17,1249,validation,8
17,5810,validation,6
17,6029,validation,6
17,639,validation,3
17,2364,validation,9
17,4562,validation,5
17,6337,validation,6
17,2407,validation,7
17,4229,validation,6
17,3725,validation,2
17,6396,validation,9
17,2359,validation,3
17,5187,validation,4
17,158,validation,9
17,3573,validation,2
17,3160,validation,6
17,3198,validation,5
17,921,validation,0
17,3580,validation,4
17,4950,validation,2
17,4912,validation,6
17,3374,validation,2
17,7135,validation,3
17,1999,validation,3
17,2936,validation,3
17,1587,validation,8
17,4199,validation,1
17,6969,validation,3
17,5013,validation,5
17,7330,validation,9
17,2541,validation,5
17,2942,validation,5
17,3166,validation,5
17,1240,validation,8
17,1103,validation,1
17,1813,validation,4
17,5470,validation,0
17,5256,validation,2
17,461,validation,0
17,583,validation,9
17,5457,validation,8
17,1317,validation,0
17,268,validation,5
17,1624,validation,8
17,4319,validation,9
17,2023,validation,8
17,5883,validation,9
17,6976,validation,9
17,5637,validation,0
17,5719,validation,7
17,1166,validation,3
17,40,validation,1
17,2198,validation,4
17,6282,validation,8
17,5308,validation,8
17,4496,validation,7
17,6330,validation,7
17,3761,validation,8
17,4671,validation,0
17,714,validation,6
17,6188,validation,0
17,4753,validation,8
17,2747,validation,2
17,1641,validation,8
17,3899,validation,4
17,6232,validation,3
17,6466,validation,6
17,455,validation,5
17,2061,validation,6
17,5853,validation,8
17,4487,validation,4
17,3803,validation,1
17,5426,validation,9
17,1491,validation,2
17,5569,validation,9
17,6270,validation,2
17,1027,validation,7
17,842,validation,6
17,6920,validation,1
17,420,validation,1
17,5046,validation,4
17,1925,validation,6
17,7142,validation,3
17,2254,validation,0
17,2472,validation,7
17,302,validation,4
17,4999,validation,9
17,4831,validation,5
17,5627,validation,2
17,7300,validation,8
17,5223,validation,9
17,356,validation,9
17,7140,validation,6
17,2840,validation,4
17,43,validation,8
17,6162,validation,2
17,6905,validation,1
17,5768,validation,6
17,2859,validation,7
17,4866,validation,6
17,6615,validation,0
17,2422,validation,5
17,5893,validation,1
17,6490,validation,7
17,2790,validation,0
17,7188,validation,6
17,4474,validation,0
17,1289,validation,0
17,4774,validation,0
17,1396,validation,9
17,381,validation,3
17,2776,validation,7
17,3767,validation,5
17,6357,validation,4
17,5330,validation,7
17,3164,validation,1
17,928,validation,4
17,3025,validation,0
17,2266,validation,6
17,6808,validation,6
17,3982,validation,7
17,4400,validation,0
17,3518,validation,2
17,5209,validation,3
17,5296,validation,5
17,1060,validation,1
17,3929,validation,4
17,6666,validation,7
17,504,validation,1
17,1062,validation,2
17,2315,validation,4
17,1918,validation,4
17,4914,validation,4
17,5801,validation,1
17,2190,validation,7
17,3479,validation,3
17,3362,validation,2
17,3080,validation,6
17,4279,validation,9
17,5238,validation,7
17,2828,validation,4
17,1763,validation,7
17,5451,validation,7
17,1773,validation,3
17,3632,validation,8
17,3597,validation,8
17,3824,validation,2
17,3864,validation,0
17,5763,validation,8
17,6112,validation,3
17,5373,validation,7
17,3650,validation,9
17,2470,validation,2
17,5889,validation,4
17,3611,validation,2
17,3989,validation,5
17,694,validation,2
17,3993,validation,1
17,4637,validation,9
17,189,validation,8
17,4140,validation,8
17,5734,validation,5
17,5309,validation,8
17,602,validation,2
17,6713,validation,9
17,6625,validation,0
17,6488,validation,6
17,3703,validation,7
17,3388,validation,1
17,1507,validation,8
17,6144,validation,6
17,3010,validation,6
17,5603,validation,4
17,5537,validation,8
17,1446,validation,0
17,7056,validation,8
17,2890,validation,9
17,492,validation,9
17,6746,validation,5
17,3816,validation,5
17,3939,validation,8
17,1726,validation,6
17,1881,validation,8
17,3743,validation,8
17,2413,validation,7
17,3052,validation,8
17,7242,validation,3
17,6335,validation,3
17,4727,validation,0
17,6140,validation,1
17,4555,validation,3
17,300,validation,2
17,6171,validation,5
17,2515,validation,5
17,7326,validation,1
17,3583,validation,7
17,5894,validation,1
17,6100,validation,9
17,6154,validation,3
17,6253,validation,0
17,670,validation,0
17,3965,validation,1
17,7165,validation,8
17,2077,validation,5
17,2073,validation,7
17,4892,validation,8
17,6818,validation,0
17,2590,validation,0
17,477,validation,8
17,4201,validation,3
17,5907,validation,7
17,533,validation,9
17,4944,validation,3
17,5033,validation,7
17,6259,validation,7
17,2040,validation,4
17,5194,validation,1
17,1232,validation,2
17,6364,validation,5
17,2385,validation,0
17,3603,validation,7
17,1777,validation,5
17,3077,validation,1
17,1238,validation,3
17,5934,validation,4
17,1985,validation,8
17,6114,validation,0
17,4456,validation,6
17,2543,validation,7
17,2136,validation,2
17,5973,validation,1
17,4370,validation,5
17,3173,validation,5
17,7253,validation,3
17,6778,validation,4
17,859,validation,4
17,167,validation,0
17,6084,validation,9
17,4206,validation,9
17,3104,validation,0
17,4650,validation,0
17,4564,validation,3
17,5514,validation,5
17,1427,validation,4
17,2527,validation,3
17,680,validation,1
17,100,validation,2
17,1862,validation,1
17,4675,validation,2
17,6714,validation,0
17,6558,validation,5
17,655,validation,5
17,1300,validation,9
17,4544,validation,5
17,5962,validation,1
17,3798,validation,8
17,2351,validation,0
17,6399,validation,3
17,4427,validation,9
17,2981,validation,3
17,3830,validation,1
17,811,validation,5
17,6449,validation,4
17,1785,validation,4
17,184,validation,6
17,554,validation,3
17,1570,validation,4
17,6831,validation,6
17,1097,validation,8
17,468,validation,6
17,5161,validation,2
17,3354,validation,8
17,2196,validation,2
17,1147,validation,9
17,561,validation,0
17,4437,validation,4
17,691,validation,2
17,3114,validation,8
17,1702,validation,5
17,5234,validation,1
17,2861,validation,3
17,3086,validation,5
17,2147,validation,9
17,2048,validation,4
17,3821,validation,5
17,2758,validation,3
17,5027,validation,2
17,1760,validation,1
17,4118,validation,7
17,6405,validation,5
17,1626,validation,8
17,1000,validation,7
17,3339,validation,1
17,1285,validation,9
17,452,validation,4
17,3332,validation,3
17,5375,validation,7
17,6690,validation,7
17,2669,validation,4
17,5082,validation,8
17,5465,validation,6
17,2845,validation,7
17,2715,validation,0
17,4269,validation,3
17,3851,validation,7
17,3390,validation,6
17,3288,validation,5
17,6184,validation,5
17,3293,validation,1
17,7316,validation,5
17,291,validation,3
17,4049,validation,2
17,4019,validation,1
17,6528,validation,8
17,6436,validation,3
17,3068,validation,0
17,206,validation,3
17,5551,validation,3
17,5929,validation,2
17,2502,validation,4
17,4343,validation,9
17,4719,validation,6
17,2825,validation,4
17,5782,validation,0
17,2248,validation,7
17,5170,validation,5
17,3620,validation,6
17,470,validation,6
17,119,validation,3
17,6671,validation,7
17,4806,validation,9
17,2425,validation,5
17,6953,validation,8
17,6876,validation,2
17,4848,validation,6
17,4961,validation,3
17,2306,validation,5
17,12,validation,5
17,4878,validation,4
17,254,validation,3
17,469,validation,9
17,549,validation,2
17,5736,validation,7
17,290,validation,5
17,3027,validation,5
17,2453,validation,0
17,3991,validation,6
17,4200,validation,7
17,3485,validation,1
17,651,validation,8
17,192,validation,0
17,6453,validation,8
17,2893,validation,1
17,752,validation,5
17,7033,validation,5
17,3749,validation,3
17,6580,validation,2
17,1225,validation,1
17,635,validation,9
17,7262,validation,4
17,3536,validation,4
17,5178,validation,0
17,2148,validation,6
17,2373,validation,0
17,1608,validation,6
17,1716,validation,2
17,6012,validation,4
17,2634,validation,4
17,5069,validation,0
17,7104,validation,5
17,511,validation,1
17,5877,validation,3
17,6500,validation,2
17,2323,validation,8
17,351,validation,4
17,6004,validation,0
17,3366,validation,2
17,3092,validation,7
17,198,validation,6
17,6410,validation,4
17,905,validation,7
17,934,validation,1
17,643,validation,0
17,4270,validation,1
17,3433,validation,2
17,4255,validation,3
17,5874,validation,6
17,4315,validation,2
17,5439,validation,2
17,4440,validation,1
17,1579,validation,4
17,3115,validation,4
17,7097,validation,3
17,1133,validation,8
17,5740,validation,7
17,6384,validation,3
17,2143,validation,0
17,5144,validation,0
17,739,validation,2
17,2665,validation,6
17,580,validation,2
17,4975,validation,8
17,4910,validation,7
17,3910,validation,7
17,551,validation,0
17,6425,validation,6
17,1328,validation,4
17,3223,validation,6
17,6027,validation,1
17,1878,validation,3
17,3719,validation,4
17,2891,validation,7
17,2899,validation,0
17,2376,validation,8
17,5743,validation,5
17,2404,validation,4
17,3028,validation,1
17,2724,validation,9
17,7291,validation,6
17,6918,validation,3
17,7205,validation,7
17,5031,validation,4
17,5667,validation,3
17,2094,validation,9
17,2741,validation,8
17,5133,validation,7
17,6323,validation,8
17,613,validation,7
17,4196,validation,3
17,751,validation,7
17,1143,validation,3
17,5944,validation,6
17,5510,validation,6
17,5212,validation,3
17,2182,validation,7
17,4467,validation,7
17,3577,validation,9
17,4772,validation,1
17,6972,validation,8
17,5954,validation,7
17,6346,validation,3
17,3152,validation,2
17,3663,validation,3
17,2309,validation,2
17,4146,validation,2
17,4441,validation,9
17,3829,validation,4
17,6641,validation,6
17,2659,validation,1
17,4973,validation,7
17,5204,validation,1
17,6502,validation,4
17,5592,validation,9
17,389,validation,8
17,2449,validation,9
17,442,validation,8
17,6827,validation,1
17,185,validation,1
17,5411,validation,4
17,622,validation,7
17,4995,validation,6
17,4340,validation,4
17,5311,validation,3
17,3775,validation,6
17,2697,validation,6
17,133,validation,7
17,5328,validation,1
17,3943,validation,0
17,5338,validation,6
17,25,validation,4
17,5227,validation,0
17,3501,validation,1
17,5968,validation,3
17,4685,validation,7
17,4141,validation,4
17,5714,validation,1
17,2389,validation,0
17,2735,validation,7
17,3145,validation,0
17,2333,validation,1
17,5779,validation,9
17,4179,validation,6
17,5333,validation,6
17,5449,validation,2
17,5283,validation,9
17,7327,validation,2
17,6076,validation,6
17,682,validation,9
17,1192,validation,5
17,6677,validation,1
17,6060,validation,3
17,4126,validation,2
17,6755,validation,0
17,4519,validation,9
17,516,validation,1
17,2729,validation,1
17,4851,validation,6
17,6767,validation,5
17,2692,validation,0
17,2988,validation,0
17,1236,validation,0
17,5277,validation,6
17,2539,validation,9
17,6135,validation,2
17,4001,validation,4
17,6729,validation,8
17,4224,validation,5
17,3882,validation,6
17,5998,validation,8
17,3984,validation,3
17,135,validation,1
17,1559,validation,3
17,58,validation,2
17,3658,validation,5
17,4122,validation,9
17,568,validation,9
17,1822,validation,6
17,3733,validation,4
17,6914,validation,3
17,1995,validation,8
17,4525,validation,8
17,7244,validation,6
17,3552,validation,8
17,3252,validation,3
17,2377,validation,4
17,1257,validation,8
17,4367,validation,4
17,4776,validation,1
17,1458,validation,0
17,1557,validation,0
17,4539,validation,2
17,3365,validation,1
17,3129,validation,6
17,1118,validation,6
17,4275,validation,4
17,503,validation,7
17,641,validation,4
17,5489,validation,1
17,777,validation,8
17,6571,validation,9
17,6290,validation,5
17,3858,validation,3
17,5410,validation,5
17,4012,validation,0
17,3095,validation,3
17,2824,validation,1
17,4569,validation,6
17,474,validation,7
17,7055,validation,4
17,2123,validation,8
17,3217,validation,3
17,3128,validation,0
17,737,validation,8
17,4281,validation,0
17,767,validation,0
17,6552,validation,8
17,3950,validation,4
17,298,validation,4
17,4184,validation,1
17,2908,validation,1
17,4351,validation,3
17,4791,validation,8
17,2090,validation,8
17,1032,validation,3
17,5218,validation,9
17,1207,validation,7
17,96,validation,5
17,5484,validation,5
17,6800,validation,1
17,3263,validation,5
17,3017,validation,0
17,5641,validation,6
17,360,validation,6
17,6854,validation,4
17,3155,validation,5
17,6958,validation,0
17,5936,validation,1
17,7282,validation,9
17,4086,validation,4
17,750,validation,3
17,223,validation,3
17,7039,validation,3
17,5310,validation,8
17,4736,validation,9
17,5825,validation,5
17,1280,validation,8
17,1229,validation,8
17,6454,validation,4
17,6742,validation,1
17,2858,validation,6
17,812,validation,4
17,4521,validation,8
17,2976,validation,6
17,1001,validation,8
17,861,validation,2
17,1672,validation,9
17,2947,validation,3
17,1432,validation,7
17,3576,validation,6
17,4714,validation,7
17,4836,validation,1
17,7061,validation,7
17,7051,validation,5
17,2854,validation,9
17,2311,validation,1
17,2760,validation,2
17,515,validation,2
17,4561,validation,3
17,518,validation,8
17,4625,validation,9
17,6079,validation,0
17,5343,validation,0
17,161,validation,2
17,1071,validation,9
17,1301,validation,0
17,3814,validation,9
17,5757,validation,2
29,5287,train,7
29,423,train,7
29,1312,train,7
29,2095,train,0
29,1888,train,1
29,1619,train,2
29,3077,train,1
29,6136,train,3
29,1774,train,0
29,6373,train,5
29,7243,train,9
29,876,train,5
29,6790,train,0
29,280,train,7
29,4346,train,2
29,7276,train,9
29,6999,train,6
29,4471,train,5
29,3627,train,2
29,3160,train,6
29,2220,train,2
29,3575,train,0
29,1719,train,4
29,5383,train,2
29,6381,train,7
29,1505,train,1
29,540,train,0
29,6061,train,9
29,5915,train,7
29,4559,train,1
29,5260,train,5
29,3465,train,8
29,5978,train,4
29,4980,train,6
29,2999,train,7
29,4088,train,6
29,4691,train,9
29,7043,train,4
29,4749,train,5
29,4020,train,3
29,3848,train,1
29,729,train,4
29,2996,train,2
29,1180,train,5
29,2131,train,5
29,2422,train,5
29,6015,train,2
29,4675,train,2
29,5274,train,6
29,5811,train,1
29,3705,train,7
29,3762,train,6
29,4445,train,1
29,2768,train,8
29,2408,train,3
29,1129,train,0
29,4066,train,9
29,2978,train,1
29,79,train,1
29,504,train,1
29,1496,train,0
29,4043,train,8
29,6247,train,2
29,3591,train,6
29,2293,train,5
29,2115,train,4
29,599,train,9
29,2390,train,8
29,3412,train,9
29,1836,train,9
29,3004,train,7
29,6249,train,2
29,4388,train,4
29,6074,train,7
29,2062,train,4
29,6900,train,0
29,2308,train,8
29,7118,train,4
29,5448,train,2
29,7004,train,0
29,5216,train,0
29,1578,train,3
29,4665,train,4
29,71,train,9
29,2674,train,3
29,3369,train,5
29,3714,train,8
29,3821,train,5
29,3788,train,6
29,1838,train,9
29,2701,train,4
29,906,train,4
29,5712,train,1
29,3986,train,7
29,5633,train,1
29,3149,train,5
29,5993,train,3
29,4208,train,5
29,2649,train,6
29,234,train,4
29,7153,train,9
29,2439,train,0
29,211,train,3
29,638,train,1
29,6425,train,6
29,5601,train,8
29,1593,train,6
29,6644,train,0
29,1380,train,1
29,3034,train,4
29,441,train,8
29,1997,train,0
29,3244,train,2
29,2763,train,9
29,4239,train,7
29,66,train,7
29,1145,train,5
29,3001,train,8
29,4050,train,6
29,4943,train,5
29,6814,train,1
29,3589,train,9
29,264,train,4
29,5340,train,1
29,5328,train,1
29,6907,train,1
29,4298,train,7
29,1554,train,2
29,5016,train,7
29,6832,train,4
29,7326,train,1
29,1356,train,1
29,3366,train,2
29,2436,train,5
29,6250,train,0
29,7249,train,2
29,2757,train,6
29,2671,train,6
29,880,train,5
29,518,train,8
29,2581,train,2
29,788,train,5
29,7095,train,1
29,2746,train,0
29,4816,train,0
29,4498,train,2
29,3434,train,9
29,3188,train,8
29,29,train,7
29,2770,train,6
29,2059,train,7
29,3914,train,3
29,7148,train,7
29,5695,train,7
29,251,train,0
29,3398,train,6
29,2939,train,6
29,917,train,4
29,4906,train,8
29,3249,train,9
29,2789,train,3
29,5143,train,5
29,2742,train,7
29,5247,train,0
29,2599,train,7
29,658,train,4
29,6192,train,3
29,2073,train,7
29,6612,train,6
29,4338,train,8
29,315,train,5
29,6682,train,9
29,2304,train,5
29,1895,train,8
29,6323,train,8
29,5397,train,8
29,4849,train,3
29,1676,train,0
29,4374,train,6
29,3638,train,1
29,5943,train,2
29,6988,train,8
29,1295,train,8
29,1733,train,0
29,1171,train,4
29,2626,train,0
29,62,train,1
29,77,train,7
29,3925,train,3
29,3320,train,4
29,892,train,7
29,6882,train,4
29,2354,train,5
29,2121,train,5
29,124,train,9
29,35,train,8
29,4566,train,9
29,6643,train,5
29,5909,train,7
29,4775,train,2
29,3842,train,5
29,3837,train,4
29,6293,train,8
29,2984,train,6
29,4644,train,1
29,5330,train,7
29,4924,train,7
29,6179,train,4
29,4748,train,0
29,2377,train,4
29,3631,train,5
29,6785,train,9
29,5899,train,3
29,1073,train,2
29,435,train,2
29,5894,train,1
29,7142,train,3
29,6619,train,6
29,5983,train,1
29,6559,train,0
29,2944,train,9
29,3298,train,2
29,5598,train,1
29,1436,train,0
29,7052,train,0
29,4210,train,8
29,5560,train,4
29,2319,train,7
29,2977,train,5
29,6669,train,4
29,5241,train,3
29,6971,train,9
29,5504,train,7
29,3612,train,1
29,269,train,1
29,2150,train,6
29,4249,train,4
29,3743,train,8
29,6876,train,2
29,2593,train,0
29,1289,train,0
29,5209,train,3
29,4510,train,5
29,3282,train,0
29,2066,train,2
29,4228,train,3
29,6407,train,6
29,6738,train,7
29,3021,train,1
29,1645,train,0
29,2992,train,5
29,4752,train,9
29,3110,train,6
29,6973,train,5
29,6048,train,7
29,5593,train,7
29,7113,train,7
29,5654,train,9
29,2072,train,1
29,7205,train,7
29,2782,train,1
29,1642,train,3
29,3922,train,5
29,2653,train,1
29,3036,train,4
29,528,train,8
29,1635,train,5
29,4677,train,6
29,6755,train,0
29,7315,train,2
29,1668,train,4
29,151,train,5
29,650,train,9
29,3323,train,0
29,830,train,4
29,5612,train,5
29,3658,train,5
29,41,train,8
29,121,train,4
29,641,train,4
29,3274,train,9
29,171,train,4
29,4853,train,4
29,226,train,8
29,732,train,9
29,4685,train,7
29,2650,train,7
29,4864,train,0
29,4739,train,0
29,6526,train,4
29,3917,train,0
29,2544,train,2
29,7102,train,0
29,4238,train,4
29,4726,train,0
29,1390,train,7
29,4484,train,2
29,2961,train,0
29,5698,train,7
29,2591,train,3
29,2927,train,0
29,2007,train,3
29,1620,train,7
29,4989,train,3
29,5923,train,7
29,4983,train,0
29,5898,train,9
29,4063,train,2
29,6002,train,4
29,1921,train,6
29,3562,train,4
29,6837,train,8
29,4699,train,6
29,3507,train,7
29,6667,train,9
29,322,train,6
29,3898,train,4
29,6926,train,4
29,6337,train,6
29,3858,train,3
29,1710,train,4
29,5836,train,1
29,6760,train,5
29,3053,train,4
29,369,train,6
29,7130,train,2
29,1362,train,4
29,779,train,5
29,4811,train,7
29,109,train,7
29,3962,train,9
29,4610,train,1
29,2611,train,5
29,361,train,8
29,6171,train,5
29,1184,train,4
29,6841,train,5
29,2535,train,7
29,1595,train,1
29,2467,train,0
29,2343,train,6
29,1969,train,7
29,4551,train,5
29,4396,train,1
29,4362,train,6
29,26,train,2
29,4594,train,9
29,6224,train,2
29,3732,train,5
29,3360,train,6
29,7202,train,1
29,7352,train,4
29,1442,train,0
29,3626,train,9
29,59,train,8
29,7091,train,2
29,1477,train,3
29,4057,train,3
29,3531,train,6
29,2774,train,5
29,561,train,0
29,6716,train,7
29,6200,train,3
29,2249,train,4
29,5102,train,7
29,960,train,9
29,3153,train,9
29,6801,train,5
29,440,train,9
29,3625,train,6
29,573,train,4
29,2580,train,5
29,2541,train,5
29,1693,train,0
29,5884,train,0
29,5475,train,0
29,4467,train,7
29,4186,train,0
29,3885,train,8
29,2044,train,7
29,1984,train,4
29,1830,train,7
29,6079,train,0
29,6310,train,7
29,3576,train,6
29,6165,train,0
29,4288,train,1
29,4921,train,4
29,4348,train,6
29,4948,train,4
29,6788,train,9
29,6437,train,1
29,5471,train,9
29,6353,train,8
29,6097,train,7
29,6510,train,7
29,2887,train,9
29,4903,train,3
29,3946,train,9
29,1231,train,9
29,5061,train,2
29,3212,train,1
29,6183,train,9
29,3793,train,1
29,1925,train,6
29,3164,train,1
29,6609,train,9
29,6521,train,3
29,6470,train,2
29,3238,train,5
29,6379,train,5
29,216,train,0
29,1596,train,0
29,7222,train,0
29,1919,train,3
29,4436,train,1
29,5262,train,8
29,2399,train,3
29,4248,train,6
29,5329,train,6
29,7123,train,0
29,2252,train,4
29,3770,train,1
29,5492,train,8
29,3168,train,3
29,7083,train,0
29,5237,train,0
29,5602,train,9
29,6579,train,6
29,4562,train,5
29,5370,train,8
29,5410,train,5
29,2926,train,9
29,5788,train,2
29,1705,train,4
29,3966,train,7
29,5763,train,8
29,4469,train,0
29,6519,train,8
29,2884,train,7
29,5025,train,4
29,2242,train,6
29,4386,train,7
29,3819,train,3
29,4482,train,5
29,5946,train,0
29,5689,train,2
29,1273,train,9
29,6734,train,4
29,2745,train,4
29,2418,train,0
29,4031,train,0
29,2456,train,3
29,4487,train,4
29,4509,train,4
29,5548,train,5
29,4280,train,4
29,2507,train,8
29,7067,train,9
29,2240,train,5
29,5146,train,2
29,6866,train,5
29,2690,train,2
29,1750,train,5
29,2167,train,4
29,4511,train,3
29,2786,train,2
29,2492,train,7
29,1747,train,1
29,5409,train,9
29,2546,train,8
29,1930,train,0
29,5270,train,2
29,4319,train,9
29,3107,train,4
29,1195,train,3
29,3541,train,4
29,5046,train,4
29,5223,train,9
29,2325,train,8
29,4438,train,0
29,6082,train,6
29,4411,train,8
29,3903,train,0
29,5113,train,6
29,3761,train,8
29,1791,train,7
29,2262,train,7
29,1060,train,1
29,4977,train,0
29,5170,train,5
29,2357,train,8
29,1865,train,8
29,3822,train,3
29,844,train,5
29,910,train,9
29,1167,train,8
29,4822,train,6
29,2881,train,2
29,4624,train,9
29,6292,train,8
29,1314,train,9
29,4697,train,6
29,838,train,8
29,272,train,8
29,677,train,1
29,532,train,8
29,4681,train,2
29,3735,train,9
29,2090,train,8
29,7125,train,2
29,5382,train,6
29,1381,train,8
29,5022,train,5
29,6881,train,9
29,1929,train,8
29,6908,train,1
29,791,train,2
29,4197,train,9
29,4732,train,9
29,5458,train,4
29,3613,train,3
29,5031,train,4
29,4753,train,8
29,1411,train,0
29,5941,train,0
29,4047,train,8
29,3998,train,9
29,4153,train,9
29,4087,train,8
29,1564,train,6
29,5027,train,2
29,5349,train,0
29,1951,train,1
29,2568,train,0
29,5004,train,4
29,4226,train,5
29,3632,train,8
29,990,train,5
29,1823,train,6
29,3193,train,3
29,6937,train,7
29,6562,train,3
29,6045,train,6
29,704,train,6
29,4667,train,3
29,1248,train,9
29,2130,train,1
29,7139,train,4
29,402,train,1
29,2960,train,3
29,200,train,8
29,5554,train,2
29,3303,train,4
29,3354,train,8
29,7028,train,5
29,4716,train,3
29,555,train,4
29,5474,train,7
29,3365,train,1
29,1687,train,4
29,4422,train,4
29,5618,train,7
29,1300,train,9
29,7282,train,9
29,5175,train,9
29,4984,train,5
29,419,train,3
29,4110,train,5
29,2433,train,2
29,5636,train,0
29,258,train,2
29,7086,train,8
29,3707,train,8
29,4759,train,8
29,1306,train,7
29,6430,train,3
29,4576,train,8
29,5137,train,7
29,3404,train,0
29,4790,train,8
29,6994,train,4
29,5567,train,5
29,2159,train,1
29,7219,train,0
29,1035,train,1
29,5371,train,6
29,5339,train,7
29,2450,train,9
29,4706,train,9
29,3411,train,3
29,6432,train,8
29,7072,train,2
29,6596,train,9
29,2666,train,8
29,5140,train,2
29,2309,train,2
29,4859,train,2
29,799,train,5
29,4582,train,7
29,1622,train,9
29,3846,train,5
29,529,train,6
29,4517,train,9
29,5778,train,5
29,531,train,3
29,5502,train,5
29,6933,train,1
29,4940,train,3
29,2672,train,4
29,5701,train,1
29,3044,train,8
29,6827,train,1
29,6163,train,8
29,5231,train,9
29,2085,train,7
29,5595,train,0
29,2726,train,8
29,6811,train,3
29,6951,train,1
29,3305,train,9
29,4603,train,0
29,1053,train,5
29,691,train,2
29,4818,train,0
29,2898,train,7
29,7204,train,1
29,5988,train,2
29,2339,train,5
29,334,train,7
29,1698,train,5
29,1222,train,9
29,6300,train,4
29,753,train,2
29,912,train,0
29,3668,train,2
29,5721,train,2
29,5021,train,3
29,352,train,5
29,953,train,2
29,3694,train,1
29,2838,train,3
29,6862,train,9
29,3779,train,5
29,3229,train,9
29,1655,train,5
29,4,train,4
29,2032,train,8
29,5414,train,6
29,2785,train,6
29,3567,train,5
29,3982,train,7
29,6984,train,7
29,5176,train,6
29,2047,train,9
29,5149,train,7
29,7264,train,7
29,2873,train,2
29,4126,train,2
29,2976,train,6
29,1868,train,0
29,1985,train,8
29,1352,train,3
29,3062,train,4
29,2006,train,9
29,5785,train,1
29,7336,train,7
29,709,train,6
29,5668,train,7
29,2964,train,1
29,1085,train,2
29,1068,train,8
29,5769,train,8
29,4857,train,1
29,756,train,6
29,5720,train,4
29,4115,train,2
29,2322,train,5
29,506,train,3
29,3223,train,6
29,4779,train,4
29,3656,train,7
29,5754,train,8
29,267,train,6
29,1425,train,2
29,310,train,7
29,4514,train,1
29,5629,train,5
29,482,train,0
29,443,train,4
29,5810,train,6
29,5724,train,2
29,5581,train,9
29,403,train,7
29,1108,train,1
29,7069,train,7
29,1317,train,0
29,5392,train,9
29,4243,train,2
29,6435,train,0
29,2534,train,5
29,418,train,2
29,4065,train,4
29,4602,train,3
29,2880,train,7
29,3883,train,8
29,6223,train,9
29,2024,train,7
29,248,train,8
29,208,train,7
29,471,train,0
29,359,train,5
29,6859,train,5
29,7191,train,9
29,4806,train,9
29,2787,train,7
29,4443,train,2
29,1179,train,0
29,1199,train,0
29,642,train,7
29,5345,train,0
29,6103,train,1
29,3322,train,8
29,4423,train,0
29,5390,train,1
29,223,train,3
29,3057,train,2
29,6762,train,2
29,4735,train,3
29,6902,train,7
29,757,train,3
29,3505,train,5
29,5491,train,2
29,3934,train,0
29,2276,train,3
29,5673,train,8
29,2622,train,1
29,17,train,2
29,378,train,2
29,5577,train,0
29,6008,train,9
29,1893,train,2
29,6706,train,7
29,2478,train,8
29,6022,train,7
29,1163,train,9
29,3532,train,8
29,2498,train,7
29,3319,train,7
29,563,train,1
29,789,train,3
29,4274,train,3
29,1514,train,9
29,1722,train,3
29,2141,train,2
29,1221,train,0
29,1093,train,4
29,4893,train,6
29,5305,train,8
29,904,train,7
29,1218,train,1
29,1493,train,6
29,6184,train,5
29,6260,train,0
29,1282,train,5
29,1236,train,0
29,5079,train,6
29,5284,train,8
29,4323,train,2
29,4565,train,2
29,5942,train,1
29,1789,train,6
29,3542,train,2
29,257,train,8
29,6895,train,8
29,350,train,6
29,3179,train,7
29,1164,train,8
29,4355,train,4
29,4398,train,6
29,2282,train,8
29,2453,train,0
29,4161,train,1
29,5544,train,3
29,4235,train,9
29,7250,train,6
29,4746,train,2
29,846,train,4
29,5956,train,1
29,3409,train,9
29,6193,train,5
29,1503,train,1
29,273,train,7
29,1412,train,7
29,3678,train,4
29,4477,train,7
29,4232,train,4
29,4645,train,8
29,3681,train,1
29,2820,train,6
29,4564,train,3
29,6891,train,9
29,3403,train,2
29,905,train,7
29,2129,train,0
29,6493,train,7
29,7232,train,4
29,6662,train,8
29,5799,train,7
29,742,train,1
29,808,train,8
29,2037,train,8
29,1905,train,3
29,6815,train,8
29,7273,train,2
29,6674,train,4
29,5152,train,8
29,6864,train,1
29,1607,train,2
29,6301,train,2
29,4079,train,4
29,2029,train,4
29,5625,train,3
29,5258,train,9
29,5904,train,5
29,2751,train,3
29,2680,train,9
29,6709,train,5
29,5772,train,7
29,45,train,1
29,5104,train,8
29,5455,train,2
29,1803,train,0
29,4764,train,5
29,4647,train,8
29,2897,train,1
29,5417,train,5
29,4343,train,9
29,2070,train,9
29,1769,train,8
29,2889,train,2
29,7096,train,7
29,916,train,3
29,5517,train,5
29,2445,train,4
29,4718,train,2
29,6890,train,4
29,4269,train,3
29,3005,train,0
29,4766,train,6
29,2696,train,9
29,3009,train,5
29,1551,train,5
29,3776,train,6
29,2122,train,7
29,4704,train,3
29,6877,train,7
29,2899,train,0
29,5415,train,5
29,5963,train,0
29,6065,train,4
29,4435,train,0
29,3242,train,9
29,449,train,0
29,5826,train,7
29,3094,train,5
29,567,train,1
29,4157,train,1
29,921,train,0
29,5713,train,7
29,5871,train,7
29,1947,train,0
29,6443,train,8
29,461,train,0
29,5463,train,2
29,1708,train,3
29,4465,train,5
29,6681,train,5
29,6438,train,1
29,2462,train,7
29,2933,train,3
29,174,train,3
29,1614,train,9
29,4761,train,6
29,3090,train,9
29,4728,train,3
29,4286,train,6
29,4539,train,2
29,2543,train,7
29,499,train,6
29,4114,train,4
29,5585,train,9
29,3711,train,1
29,1294,train,6
29,1534,train,5
29,182,train,7
29,2853,train,9
29,6143,train,5
29,7227,train,1
29,1728,train,6
29,5273,train,9
29,987,train,0
29,7115,train,7
29,3588,train,7
29,4291,train,7
29,6823,train,8
29,6237,train,8
29,149,train,1
29,2812,train,5
29,5442,train,8
29,2796,train,4
29,2547,train,8
29,571,train,6
29,5470,train,0
29,4045,train,2
29,1462,train,4
29,4040,train,3
29,2561,train,3
29,1301,train,0
29,2393,train,0
29,4476,train,0
29,1082,train,8
29,6066,train,2
29,5168,train,4
29,2372,train,5
29,102,train,3
29,1659,train,3
29,6764,train,2
29,885,train,1
29,1269,train,4
29,4293,train,9
29,5765,train,9
29,6591,train,6
29,2149,train,2
29,2614,train,4
29,1160,train,7
29,199,train,0
29,6295,train,3
29,5745,train,8
29,4008,train,0
29,1545,train,1
29,6658,train,4
29,7229,train,5
29,6818,train,0
29,411,train,8
29,4955,train,8
29,754,train,1
29,2867,train,7
29,2430,train,2
29,3080,train,6
29,3590,train,5
29,2210,train,3
29,817,train,3
29,1636,train,3
29,1518,train,4
29,6395,train,2
29,4234,train,6
29,5762,train,2
29,4363,train,0
29,5623,train,1
29,710,train,5
29,1825,train,0
29,3610,train,2
29,2718,train,6
29,4769,train,3
29,6604,train,7
29,6327,train,1
29,2223,train,2
29,6108,train,8
29,7051,train,5
29,3187,train,2
29,5873,train,6
29,4654,train,8
29,2368,train,7
29,4404,train,5
29,6873,train,4
29,645,train,9
29,5975,train,8
29,5333,train,6
29,133,train,7
29,4973,train,7
29,6722,train,3
29,5500,train,7
29,3420,train,6
29,85,train,2
29,7108,train,3
29,5121,train,9
29,4095,train,5
29,601,train,1
29,468,train,6
29,5101,train,9
29,4360,train,5
29,671,train,7
29,2133,train,8
29,7003,train,5
29,3799,train,5
29,3942,train,7
29,6024,train,5
29,2955,train,9
29,82,train,4
29,6960,train,6
29,2225,train,8
29,5748,train,5
29,5411,train,4
29,3987,train,7
29,5476,train,9
29,5277,train,6
29,4919,train,4
29,490,train,5
29,6266,train,2
29,2617,train,6
29,6677,train,1
29,6258,train,1
29,1531,train,9
29,872,train,6
29,1832,train,5
29,3180,train,2
29,2109,train,8
29,5412,train,5
29,3471,train,2
29,5468,train,5
29,3248,train,7
29,341,train,3
29,4831,train,5
29,5319,train,1
29,4219,train,7
29,5238,train,7
29,5301,train,3
29,7226,train,1
29,166,train,7
29,3769,train,9
29,4592,train,3
29,5682,train,9
29,6954,train,8
29,3547,train,8
29,3018,train,1
29,6819,train,8
29,1792,train,9
29,3203,train,6
29,2925,train,7
29,1892,train,3
29,6,train,7
29,392,train,8
29,7133,train,9
29,6939,train,4
29,609,train,7
29,5707,train,9
29,5518,train,1
29,4383,train,9
29,3362,train,2
29,3344,train,6
29,604,train,3
29,6421,train,4
29,4616,train,8
29,989,train,4
29,2216,train,0
29,2428,train,1
29,1454,train,3
29,5719,train,7
29,6402,train,4
29,5640,train,7
29,1322,train,8
29,3870,train,3
29,5627,train,2
29,2709,train,8
29,4137,train,4
29,4932,train,5
29,3500,train,6
29,1460,train,5
29,444,train,9
29,1512,train,8
29,7354,train,4
29,3565,train,8
29,6718,train,1
29,2215,train,6
29,6504,train,2
29,5355,train,9
29,1157,train,5
29,1055,train,7
29,4885,train,3
29,1850,train,5
29,3906,train,9
29,3284,train,3
29,301,train,2
29,4402,train,0
29,3782,train,7
29,4689,train,9
29,3874,train,8
29,5821,train,3
29,3231,train,3
29,7137,train,0
29,1235,train,2
29,3750,train,4
29,4713,train,6
29,5426,train,9
29,2762,train,8
29,4992,train,6
29,5141,train,5
29,3382,train,6
29,2952,train,6
29,913,train,5
29,6842,train,8
29,4193,train,1
29,5037,train,6
29,6090,train,1
29,1658,train,0
29,744,train,5
29,3641,train,1
29,1609,train,6
29,4991,train,3
29,1516,train,0
29,767,train,0
29,1813,train,4
29,145,train,8
29,614,train,3
29,7080,train,8
29,6587,train,6
29,5308,train,8
29,2237,train,5
29,191,train,3
29,4251,train,0
29,4417,train,8
29,3924,train,8
29,6930,train,7
29,3545,train,8
29,1966,train,6
29,1110,train,1
29,634,train,7
29,6496,train,6
29,6039,train,1
29,6174,train,5
29,3790,train,0
29,6055,train,5
29,594,train,7
29,3506,train,8
29,3951,train,0
29,1227,train,8
29,2001,train,7
29,4730,train,7
29,6992,train,5
29,1303,train,5
29,7015,train,4
29,1079,train,8
29,2254,train,0
29,4789,train,7
29,4690,train,2
29,201,train,9
29,6263,train,4
29,3318,train,9
29,4046,train,7
29,1524,train,9
29,6794,train,6
29,4525,train,8
29,2629,train,1
29,5827,train,0
29,5077,train,0
29,4241,train,2
29,173,train,7
29,5204,train,1
29,5562,train,1
29,5980,train,4
29,2652,train,1
29,2982,train,0
29,3232,train,5
29,7266,train,4
29,4421,train,6
29,5605,train,3
29,4905,train,7
29,1831,train,6
29,143,train,7
29,4389,train,3
29,3258,train,6
29,7221,train,3
29,2099,train,0
29,3949,train,2
29,6830,train,6
29,1234,train,4
29,2632,train,7
29,3587,train,9
29,6468,train,2
29,1764,train,2
29,3585,train,0
29,7365,train,1
29,1675,train,8
29,4406,train,4
29,195,train,7
29,3196,train,0
29,4573,train,7
29,4781,train,1
29,2189,train,7
29,975,train,3
29,5311,train,3
29,2395,train,4
29,1591,train,2
29,5830,train,5
29,6868,train,4
29,7255,train,2
29,2423,train,4
29,777,train,8
29,3699,train,9
29,946,train,9
29,4174,train,2
29,2123,train,8
29,875,train,7
29,5875,train,2
29,3747,train,4
29,6763,train,6
29,3268,train,0
29,5914,train,7
29,5360,train,4
29,6556,train,2
29,1337,train,5
29,6291,train,5
29,5280,train,7
29,7009,train,7
29,236,train,7
29,7309,train,7
29,4965,train,5
29,3706,train,6
29,5917,train,4
29,6784,train,6
29,5588,train,0
29,5800,train,0
29,1378,train,0
29,6303,train,8
29,270,train,0
29,1690,train,0
29,2139,train,3
29,2084,train,4
29,1291,train,0
29,2362,train,3
29,1896,train,0
29,6870,train,4
29,5757,train,2
29,3749,train,3
29,5197,train,6
29,1275,train,1
29,1879,train,4
29,4827,train,3
29,2394,train,3
29,1918,train,4
29,1202,train,0
29,2956,train,2
29,7060,train,5
29,6512,train,7
29,5729,train,5
29,5003,train,0
29,1977,train,5
29,4395,train,1
29,2893,train,1
29,2627,train,5
29,2923,train,5
29,4819,train,0
29,5489,train,1
29,5322,train,6
29,4804,train,7
29,2915,train,8
29,2106,train,1
29,4560,train,8
29,5428,train,5
29,4583,train,2
29,3109,train,2
29,3454,train,0
29,739,train,2
29,2473,train,4
29,2431,train,2
29,582,train,7
29,5459,train,8
29,1664,train,9
29,2161,train,6
29,6405,train,5
29,6529,train,6
29,3022,train,3
29,6009,train,1
29,3746,train,8
29,2183,train,6
29,470,train,6
29,6679,train,3
29,103,train,7
29,999,train,1
29,3572,train,1
29,6058,train,5
29,4872,train,8
29,882,train,0
29,3424,train,7
29,4250,train,2
29,6243,train,8
29,6490,train,7
29,2481,train,2
29,4606,train,9
29,1134,train,9
29,3775,train,6
29,631,train,2
29,5934,train,4
29,3148,train,9
29,4353,train,5
29,6843,train,4
29,2935,train,0
29,4637,train,9
29,4629,train,2
29,4621,train,8
29,6727,train,8
29,3884,train,7
29,3261,train,3
29,4090,train,4
29,6583,train,0
29,1413,train,9
29,1181,train,1
29,5071,train,6
29,5160,train,9
29,5309,train,8
29,1864,train,3
29,396,train,6
29,3426,train,6
29,5847,train,3
29,2972,train,4
29,6025,train,8
29,3863,train,2
29,1653,train,5
29,1511,train,4
29,4643,train,7
29,2461,train,1
29,1089,train,0
29,457,train,4
29,6368,train,7
29,2479,train,6
29,1731,train,5
29,2384,train,5
29,7347,train,5
29,4432,train,0
29,2860,train,3
29,5574,train,1
29,6703,train,4
29,6181,train,1
29,3444,train,9
29,491,train,1
29,2909,train,1
29,1262,train,4
29,3246,train,6
29,3959,train,5
29,3737,train,9
29,4185,train,7
29,1004,train,9
29,4815,train,8
29,6653,train,3
29,417,train,9
29,584,train,2
29,1014,train,8
29,6697,train,7
29,2169,train,5
29,6350,train,2
29,2174,train,1
29,1695,train,8
29,6257,train,2
29,5969,train,4
29,2759,train,7
29,4071,train,6
29,1328,train,4
29,3263,train,5
29,5112,train,3
29,4870,train,0
29,1254,train,3
29,6199,train,9
29,693,train,3
29,3301,train,9
29,7334,train,2
29,7066,train,4
29,6552,train,8
29,74,train,9
29,3509,train,9
29,6410,train,4
29,2940,train,5
29,5034,train,3
29,3495,train,8
29,2517,train,2
29,1819,train,8
29,7057,train,2
29,4770,train,4
29,918,train,7
29,2795,train,4
29,5829,train,3
29,4711,train,4
29,6687,train,0
29,4807,train,4
29,6799,train,6
29,697,train,9
29,1713,train,7
29,1970,train,5
29,6027,train,1
29,6127,train,1
29,559,train,9
29,669,train,7
29,5239,train,1
29,4180,train,1
29,1212,train,6
29,4310,train,1
29,5366,train,0
29,7168,train,9
29,2675,train,6
29,5922,train,0
29,7030,train,8
29,4492,train,4
29,4141,train,4
29,6457,train,3
29,1899,train,7
29,5952,train,5
29,4156,train,7
29,1979,train,1
29,4786,train,3
29,2299,train,5
29,3551,train,3
29,1521,train,0
29,1652,train,9
29,5219,train,7
29,1401,train,9
29,6119,train,3
29,7350,train,2
29,3715,train,1
29,6007,train,5
29,5105,train,1
29,222,train,2
29,5666,train,7
29,3892,train,9
29,900,train,1
29,5056,train,6
29,2140,train,3
29,2941,train,3
29,3918,train,7
29,4720,train,0
29,5486,train,3
29,6947,train,1
29,659,train,2
29,3387,train,7
29,5751,train,2
29,3511,train,5
29,6905,train,1
29,117,train,7
29,711,train,1
29,3056,train,5
29,4038,train,0
29,3600,train,9
29,3521,train,6
29,6611,train,9
29,5408,train,7
29,9,train,0
29,3976,train,3
29,6088,train,1
29,136,train,2
29,3637,train,1
29,2088,train,5
29,4294,train,0
29,6285,train,9
29,2837,train,7
29,4300,train,8
29,1001,train,8
29,3943,train,0
29,6770,train,2
29,6262,train,4
29,207,train,5
29,2537,train,8
29,6565,train,2
29,4068,train,2
29,2613,train,0
29,6164,train,3
29,4834,train,4
29,460,train,5
29,2878,train,5
29,421,train,8
29,4674,train,8
29,6467,train,9
29,5007,train,8
29,2151,train,1
29,6634,train,8
29,3349,train,4
29,3774,train,4
29,2039,train,2
29,212,train,0
29,6690,train,7
29,3502,train,2
29,1634,train,0
29,2398,train,7
29,4426,train,5
29,3015,train,2
29,46,train,5
29,2036,train,3
29,4401,train,3
29,1539,train,5
29,7364,train,1
29,1070,train,6
29,5658,train,9
29,1525,train,5
29,7344,train,0
29,3633,train,4
29,6334,train,6
29,10,train,4
29,523,train,6
29,7313,train,4
29,6787,train,3
29,3496,train,4
29,4679,train,4
29,4519,train,9
29,1866,train,3
29,4350,train,3
29,983,train,8
29,6419,train,6
29,6636,train,5
29,1403,train,5
29,2506,train,5
29,1383,train,8
29,2902,train,3
29,6128,train,4
29,1804,train,7
29,2292,train,8
29,2163,train,7
29,6585,train,8
29,1178,train,1
29,1325,train,8
29,4636,train,8
29,2513,train,8
29,718,train,7
29,512,train,7
29,4907,train,0
29,1081,train,1
29,979,train,3
29,374,train,6
29,6333,train,8
29,5435,train,5
29,1654,train,6
29,778,train,3
29,3401,train,8
29,1911,train,5
29,196,train,3
29,5225,train,9
29,2416,train,6
29,4176,train,9
29,6324,train,7
29,5680,train,1
29,5802,train,5
29,2087,train,8
29,4656,train,1
29,3256,train,1
29,63,train,1
29,1376,train,2
29,412,train,3
29,3853,train,1
29,4886,train,5
29,1445,train,7
29,366,train,3
29,6169,train,3
29,2244,train,2
29,3763,train,0
29,935,train,0
29,94,train,6
29,5272,train,9
29,4611,train,0
29,2816,train,7
29,1927,train,1
29,5167,train,5
29,1087,train,7
29,1649,train,3
29,1158,train,7
29,6660,train,4
29,3392,train,6
29,7014,train,8
29,3689,train,2
29,3422,train,7
29,7098,train,5
29,1015,train,1
29,4630,train,1
29,3462,train,9
29,2708,train,6
29,3988,train,3
29,5607,train,8
29,2574,train,2
29,23,train,4
29,6957,train,6
29,2061,train,6
29,3657,train,9
29,6076,train,6
29,69,train,4
29,6780,train,6
29,4486,train,1
29,5485,train,9
29,3271,train,4
29,4023,train,6
29,6390,train,3
29,7074,train,0
29,202,train,9
29,5812,train,7
29,3991,train,6
29,3648,train,6
29,5736,train,7
29,2784,train,4
29,1752,train,9
29,5361,train,4
29,2335,train,7
29,2147,train,9
29,2962,train,5
29,3912,train,2
29,1767,train,6
29,6861,train,4
29,6494,train,5
29,5387,train,0
29,1124,train,3
29,495,train,4
29,1833,train,2
29,3515,train,4
29,2615,train,2
29,7171,train,4
29,4507,train,3
29,725,train,3
29,6189,train,8
29,940,train,5
29,562,train,6
29,5606,train,2
29,1730,train,9
29,771,train,1
29,2301,train,8
29,3391,train,0
29,7314,train,9
29,1006,train,3
29,6598,train,5
29,51,train,5
29,5741,train,9
29,6151,train,5
29,1165,train,6
29,5512,train,1
29,6409,train,9
29,5210,train,6
29,2989,train,1
29,317,train,0
29,4745,train,3
29,5557,train,1
29,3798,train,8
29,1701,train,6
29,4846,train,6
29,2370,train,5
29,745,train,8
29,5291,train,6
29,3800,train,3
29,794,train,4
29,3724,train,8
29,6754,train,2
29,1043,train,0
29,5203,train,1
29,3839,train,0
29,965,train,1
29,2815,train,4
29,806,train,3
29,5644,train,2
29,2017,train,2
29,5290,train,8
29,4537,train,8
29,5251,train,7
29,2135,train,7
29,5256,train,2
29,7268,train,6
29,6239,train,5
29,684,train,6
29,3468,train,7
29,3470,train,2
29,1780,train,1
29,5825,train,5
29,2264,train,3
29,873,train,5
29,2504,train,4
29,4042,train,5
29,6986,train,0
29,537,train,5
29,4236,train,2
29,1666,train,5
29,1594,train,9
29,6465,train,1
29,1515,train,6
29,4687,train,1
29,3787,train,4
29,514,train,0
29,908,train,1
29,5948,train,9
29,4170,train,3
29,2540,train,4
29,612,train,4
29,2630,train,1
29,2657,train,2
29,5752,train,4
29,6874,train,9
29,1444,train,0
29,2089,train,3
29,4400,train,0
29,6846,train,0
29,7256,train,2
29,6423,train,5
29,4183,train,3
29,5018,train,0
29,1433,train,6
29,1771,train,0
29,628,train,5
29,2257,train,4
29,1020,train,4
29,1992,train,3
29,7286,train,7
29,923,train,0
29,4039,train,8
29,3435,train,5
29,6213,train,3
29,1371,train,6
29,5317,train,3
29,5032,train,3
29,899,train,4
29,2493,train,4
29,5746,train,8
29,2908,train,1
29,4330,train,0
29,1052,train,2
29,2550,train,6
29,4273,train,5
29,6484,train,5
29,5728,train,8
29,6338,train,3
29,5674,train,1
29,4119,train,3
29,6833,train,0
29,2158,train,2
29,2009,train,4
29,1672,train,9
29,6196,train,7
29,1138,train,1
29,217,train,9
29,1150,train,6
29,4429,train,3
29,5990,train,4
29,1377,train,4
29,2904,train,0
29,300,train,2
29,974,train,3
29,4452,train,9
29,4782,train,0
29,4785,train,7
29,3394,train,0
29,1033,train,2
29,6563,train,7
29,964,train,3
29,1775,train,8
29,984,train,8
29,5450,train,5
29,5336,train,5
29,2946,train,6
29,4929,train,1
29,6966,train,1
29,5357,train,5
29,588,train,6
29,2407,train,7
29,1024,train,4
29,3370,train,6
29,7077,train,4
29,1214,train,8
29,6680,train,0
29,4449,train,0
29,7089,train,2
29,5181,train,6
29,6339,train,0
29,1326,train,5
29,2008,train,3
29,1908,train,1
29,6029,train,6
29,3395,train,7
29,240,train,8
29,3211,train,9
29,6033,train,4
29,1544,train,0
29,4124,train,4
29,293,train,2
29,5659,train,0
29,4801,train,5
29,5377,train,8
29,487,train,8
29,2364,train,9
29,6782,train,0
29,2500,train,1
29,790,train,7
29,249,train,9
29,6332,train,3
29,2144,train,8
29,7195,train,5
29,3621,train,7
29,5642,train,0
29,4440,train,1
29,936,train,2
29,3974,train,7
29,3443,train,4
29,1745,train,0
29,1063,train,8
29,6963,train,6
29,2472,train,7
29,1579,train,4
29,2658,train,2
29,1748,train,2
29,6041,train,7
29,3592,train,3
29,7285,train,0
29,4128,train,0
29,1410,train,2
29,4412,train,5
29,1123,train,6
29,4661,train,4
29,7293,train,2
29,4149,train,9
29,5932,train,6
29,5528,train,4
29,7160,train,1
29,4607,train,5
29,336,train,7
29,2361,train,0
29,4771,train,6
29,4734,train,5
29,6417,train,3
29,833,train,3
29,5227,train,0
29,308,train,9
29,7301,train,2
29,4936,train,3
29,3068,train,0
29,680,train,1
29,4342,train,9
29,4075,train,9
29,6693,train,2
29,2771,train,8
29,5867,train,4
29,4724,train,4
29,6113,train,5
29,1811,train,2
29,4102,train,1
29,2102,train,6
29,2154,train,1
29,1299,train,7
29,1999,train,3
29,6640,train,3
29,3170,train,3
29,2758,train,3
29,425,train,4
29,1474,train,4
29,7084,train,0
29,351,train,4
29,1809,train,6
29,1491,train,2
29,61,train,2
29,6050,train,4
29,1840,train,4
29,2165,train,8
29,5688,train,5
29,3663,train,3
29,1099,train,3
29,4800,train,2
29,4642,train,0
29,4101,train,3
29,6298,train,4
29,5650,train,3
29,3456,train,1
29,7049,train,9
29,2202,train,0
29,7236,train,8
29,7029,train,2
29,3908,train,8
29,3453,train,3
29,1884,train,9
29,3074,train,0
29,5992,train,9
29,314,train,9
29,5173,train,8
29,353,train,3
29,2724,train,9
29,3092,train,7
29,527,train,9
29,6220,train,1
29,5771,train,6
29,5036,train,4
29,1563,train,5
29,2973,train,8
29,1302,train,6
29,3135,train,3
29,5373,train,7
29,4138,train,9
29,6155,train,3
29,998,train,1
29,1399,train,5
29,1170,train,9
29,3122,train,8
29,323,train,1
29,855,train,0
29,4458,train,0
29,2551,train,9
29,1629,train,7
29,6485,train,5
29,1220,train,1
29,2920,train,0
29,3283,train,1
29,5263,train,9
29,5481,train,1
29,2740,train,5
29,6581,train,0
29,5464,train,7
29,4322,train,1
29,5584,train,0
29,2100,train,9
29,3108,train,2
29,1373,train,8
29,5488,train,5
29,938,train,8
29,6848,train,9
29,4365,train,7
29,325,train,2
29,6715,train,6
29,7186,train,3
29,1954,train,5
29,6536,train,6
29,2549,train,4
29,5094,train,2
29,342,train,2
29,2180,train,5
29,185,train,1
29,4942,train,9
29,7162,train,4
29,2052,train,7
29,5218,train,9
29,5919,train,0
29,3208,train,5
29,6580,train,2
29,2306,train,5
29,5144,train,0
29,5067,train,1
29,3682,train,6
29,2829,train,8
29,5610,train,0
29,1623,train,6
29,3364,train,4
29,57,train,9
29,1330,train,5
29,5423,train,5
29,2565,train,2
29,7178,train,4
29,268,train,5
29,3818,train,0
29,826,train,0
29,1854,train,9
29,2715,train,0
29,3697,train,4
29,4339,train,3
29,4941,train,8
29,847,train,5
29,6348,train,6
29,4698,train,1
29,6625,train,0
29,2405,train,9
29,7284,train,2
29,795,train,5
29,6730,train,3
29,1473,train,8
29,7025,train,7
29,510,train,3
29,3000,train,6
29,3352,train,9
29,4622,train,5
29,4709,train,9
29,3582,train,2
29,387,train,5
29,110,train,2
29,5501,train,7
29,89,train,0
29,6641,train,6
29,4434,train,2
29,5690,train,7
29,1280,train,8
29,6756,train,1
29,5351,train,6
29,706,train,1
29,4173,train,4
29,656,train,1
29,2555,train,7
29,1005,train,6
29,1996,train,1
29,5945,train,4
29,5794,train,5
29,4317,train,1
29,6518,train,5
29,5995,train,3
29,5381,train,9
29,1602,train,6
29,1639,train,5
29,333,train,0
29,6654,train,2
29,4041,train,4
29,3708,train,6
29,6194,train,0
29,3439,train,3
29,772,train,7
29,1990,train,7
29,5717,train,3
29,4491,train,2
29,2402,train,0
29,2002,train,6
29,5638,train,6
29,6018,train,5
29,5737,train,9
29,3570,train,8
29,5710,train,4
29,4192,train,3
29,2794,train,8
29,5093,train,3
29,3888,train,3
29,372,train,7
29,5236,train,0
29,3082,train,0
29,2034,train,9
29,2291,train,2
29,5362,train,6
29,6774,train,7
29,4127,train,8
29,4979,train,8
29,3207,train,1
29,4384,train,4
29,7242,train,3
29,1260,train,5
29,6897,train,1
29,5569,train,9
29,3981,train,7
29,2971,train,6
29,1000,train,7
29,7079,train,8
29,4762,train,0
29,5436,train,6
29,966,train,5
29,393,train,3
29,3131,train,0
29,5700,train,0
29,2283,train,2
29,5939,train,3
29,505,train,6
29,2256,train,3
29,862,train,8
29,6608,train,2
29,728,train,5
29,4091,train,6
29,7034,train,9
29,6757,train,1
29,4441,train,9
29,224,train,3
29,2014,train,2
29,6969,train,3
29,4359,train,5
29,2688,train,2
29,4117,train,7
29,1581,train,4
29,4751,train,3
29,4609,train,7
29,3993,train,1
29,4821,train,5
29,469,train,9
29,995,train,2
29,5645,train,5
29,4520,train,9
29,1323,train,8
29,3194,train,4
29,6826,train,3
29,3895,train,6
29,3257,train,9
29,148,train,8
29,327,train,9
29,5215,train,5
29,7158,train,0
29,1343,train,5
29,2706,train,1
29,6210,train,8
29,4844,train,0
29,6520,train,6
29,4915,train,9
29,931,train,7
29,4296,train,5
29,848,train,1
29,6664,train,5
29,14,train,3
29,6582,train,9
29,3983,train,7
29,7310,train,9
29,3921,train,2
29,7194,train,3
29,128,train,7
29,1264,train,2
29,7228,train,4
29,4939,train,8
29,2857,train,0
29,2792,train,4
29,1568,train,1
29,6387,train,0
29,5285,train,6
29,944,train,6
29,6126,train,9
29,5614,train,8
29,5532,train,4
29,5730,train,0
29,404,train,6
29,84,train,6
29,2872,train,7
29,1844,train,7
29,1308,train,3
29,1697,train,5
29,6955,train,4
29,2524,train,3
29,6156,train,1
29,666,train,1
29,5253,train,1
29,1881,train,8
29,4448,train,8
29,4392,train,4
29,2030,train,6
29,687,train,8
29,3255,train,8
29,7199,train,6
29,4572,train,6
29,7279,train,2
29,7341,train,8
29,3634,train,9
29,1828,train,2
29,5603,train,4
29,6550,train,2
29,5404,train,1
29,5684,train,4
29,2381,train,0
29,288,train,1
29,2870,train,5
29,5087,train,8
29,2023,train,8
29,6161,train,3
29,805,train,9
29,6968,train,7
29,6112,train,3
29,5418,train,8
29,2323,train,8
29,496,train,2
29,2983,train,5
29,2164,train,1
29,2970,train,3
29,2775,train,3
29,2994,train,8
29,1802,train,2
29,3897,train,8
29,6853,train,8
29,3290,train,3
29,6012,train,4
29,2162,train,7
29,556,train,0
29,4077,train,3
29,4495,train,2
29,1702,train,5
29,4021,train,2
29,2046,train,0
29,4634,train,8
29,4266,train,1
29,4188,train,9
29,5041,train,5
29,2844,train,3
29,2145,train,1
29,4140,train,8
29,5279,train,2
29,2932,train,5
29,5498,train,2
29,2288,train,8
29,481,train,6
29,1040,train,2
29,6279,train,9
29,2260,train,4
29,2852,train,0
29,4094,train,5
29,2882,train,9
29,2636,train,5
29,3125,train,3
29,5044,train,4
29,5108,train,9
29,320,train,2
29,5473,train,6
29,4490,train,6
29,2331,train,9
29,3315,train,1
29,5996,train,8
29,3856,train,7
29,5097,train,2
29,5538,train,1
29,1192,train,5
29,907,train,7
29,6426,train,6
29,1382,train,0
29,3649,train,9
29,6400,train,2
29,5483,train,3
29,4324,train,6
29,3339,train,1
29,96,train,5
29,3953,train,8
29,6508,train,5
29,5051,train,6
29,5200,train,8
29,3061,train,4
29,869,train,8
29,2069,train,3
29,1760,train,1
29,3383,train,2
29,3099,train,7
29,2720,train,1
29,4796,train,9
29,7338,train,9
29,4799,train,4
29,3335,train,4
29,5906,train,4
29,3210,train,6
29,2347,train,0
29,1923,train,3
29,6903,train,0
29,781,train,3
29,517,train,6
29,871,train,8
29,6068,train,6
29,2112,train,8
29,3388,train,1
29,5062,train,5
29,2078,train,3
29,2755,train,4
29,1259,train,0
29,3345,train,3
29,3158,train,3
29,5085,train,7
29,6622,train,5
29,2375,train,0
29,2779,train,0
29,274,train,5
29,2333,train,1
29,337,train,2
29,1530,train,7
29,5911,train,9
29,245,train,5
29,787,train,3
29,883,train,0
29,2346,train,5
29,4741,train,7
29,6414,train,3
29,6277,train,5
29,2654,train,3
29,894,train,2
29,5469,train,2
29,2569,train,2
29,5933,train,3
29,7305,train,3
29,1469,train,4
29,2686,train,6
29,3571,train,1
29,4604,train,1
29,858,train,7
29,2290,train,7
29,416,train,8
29,3272,train,7
29,4002,train,1
29,1624,train,8
29,5670,train,6
29,7190,train,0
29,5187,train,4
29,2366,train,6
29,2818,train,5
29,4641,train,7
29,6299,train,4
29,3437,train,9
29,2752,train,1
29,2510,train,1
29,5089,train,9
29,5432,train,2
29,5550,train,3
29,3297,train,6
29,4468,train,3
29,7351,train,0
29,3071,train,2
29,5257,train,1
29,4283,train,5
29,1439,train,9
29,6946,train,7
29,115,train,5
29,2958,train,2
29,3518,train,2
29,4851,train,6
29,2916,train,1
29,3450,train,3
29,5154,train,7
29,1434,train,4
29,4007,train,2
29,3052,train,8
29,7035,train,3
29,2300,train,2
29,4444,train,8
29,3791,train,1
29,4742,train,8
29,4135,train,9
29,6735,train,3
29,5599,train,9
29,3139,train,7
29,5964,train,0
29,4372,train,9
29,1508,train,1
29,5530,train,9
29,4680,train,7
29,1665,train,1
29,5179,train,3
29,2226,train,7
29,2542,train,6
29,782,train,0
29,3353,train,7
29,3259,train,8
29,1679,train,2
29,4758,train,7
29,5616,train,9
29,7131,train,6
29,6452,train,6
29,740,train,7
29,6388,train,5
29,6825,train,7
29,5708,train,6
29,6648,train,6
29,2689,train,6
29,3620,train,6
29,238,train,3
29,1611,train,3
29,2756,train,5
29,5651,train,1
29,3399,train,5
29,6278,train,7
29,4179,train,6
29,448,train,0
29,4335,train,6
29,2713,train,6
29,2764,train,0
29,4914,train,4
29,3923,train,3
29,7332,train,7
29,5511,train,6
29,1367,train,2
29,188,train,6
29,920,train,5
29,2606,train,4
29,851,train,3
29,6776,train,7
29,7360,train,4
29,3181,train,9
29,6081,train,5
29,1782,train,2
29,1032,train,3
29,1915,train,5
29,6896,train,3
29,6269,train,6
29,6588,train,0
29,2389,train,0
29,629,train,9
29,7082,train,7
29,3755,train,0
29,2901,train,0
29,3270,train,2
29,1502,train,9
29,5661,train,8
29,1959,train,7
29,5332,train,1
29,4861,train,7
29,3606,train,7
29,2086,train,2
29,1779,train,3
29,2028,train,2
29,2582,train,4
29,1963,train,2
29,6217,train,1
29,4729,train,7
29,3866,train,5
29,5447,train,4
29,2177,train,0
29,1671,train,9
29,982,train,3
29,5862,train,8
29,6265,train,6
29,3720,train,5
29,1860,train,0
29,49,train,7
29,2429,train,2
29,2447,train,3
29,1355,train,3
29,891,train,3
29,3469,train,2
29,1598,train,1
29,1470,train,3
29,1561,train,2
29,801,train,4
29,5966,train,9
29,1685,train,1
29,7008,train,4
29,3312,train,9
29,5652,train,2
29,1118,train,6
29,2026,train,5
29,6705,train,7
29,3628,train,5
29,2489,train,5
29,4975,train,8
29,6284,train,3
29,1443,train,1
29,2494,train,4
29,3936,train,4
29,2743,train,2
29,6232,train,3
29,5798,train,7
29,4542,train,0
29,4051,train,7
29,1057,train,0
29,4894,train,4
29,3549,train,8
29,6635,train,1
29,2021,train,3
29,5819,train,1
29,1151,train,4
29,1420,train,5
29,4267,train,0
29,7176,train,7
29,6629,train,2
29,5784,train,0
29,4998,train,4
29,4927,train,8
29,494,train,8
29,621,train,9
29,1882,train,1
29,1233,train,3
29,154,train,8
29,597,train,9
29,6133,train,3
29,994,train,2
29,1268,train,1
29,6650,train,7
29,6820,train,1
29,1574,train,3
29,3027,train,5
29,135,train,1
29,4863,train,5
29,6839,train,7
29,7357,train,0
29,4399,train,3
29,4933,train,0
29,1973,train,6
29,5868,train,0
29,6712,train,0
29,736,train,9
29,1047,train,4
29,1321,train,7
29,1122,train,8
29,1646,train,2
29,2736,train,9
29,3316,train,3
29,1307,train,4
29,442,train,8
29,3635,train,1
29,2324,train,3
29,2166,train,1
29,7032,train,4
29,3868,train,2
29,6231,train,3
29,2871,train,3
29,6283,train,1
29,1885,train,3
29,6888,train,7
29,7298,train,2
29,4292,train,3
29,219,train,7
29,2213,train,2
29,7114,train,3
29,4244,train,5
29,6991,train,2
29,3952,train,5
29,2987,train,6
29,2725,train,0
29,4513,train,1
29,5675,train,3
29,2259,train,6
29,1324,train,6
29,5009,train,5
29,1759,train,2
29,1050,train,5
29,5211,train,3
29,5823,train,9
29,5850,train,6
29,477,train,8
29,3859,train,6
29,2344,train,7
29,6264,train,5
29,4430,train,2
29,6778,train,4
29,7027,train,8
29,475,train,2
29,2965,train,0
29,20,train,9
29,1048,train,8
29,1569,train,3
29,2845,train,7
29,1964,train,8
29,7064,train,3
29,819,train,7
29,3902,train,9
29,92,train,3
29,3330,train,9
29,2912,train,7
29,2900,train,5
29,4225,train,1
29,2317,train,8
29,1452,train,2
29,4158,train,1
29,5402,train,2
29,2836,train,4
29,4393,train,3
29,5199,train,4
29,432,train,0
29,5855,train,0
29,1608,train,6
29,1755,train,0
29,190,train,5
29,6806,train,5
29,1835,train,9
29,5692,train,7
29,5586,train,6
29,6617,train,3
29,7105,train,7
29,2530,train,3
29,2951,train,3
29,7040,train,6
29,1553,train,0
29,6321,train,3
29,1949,train,0
29,3111,train,0
29,3969,train,5
29,5556,train,9
29,197,train,2
29,1615,train,7
29,55,train,3
29,3645,train,9
29,3745,train,7
29,6355,train,9
29,5935,train,4
29,1332,train,8
29,454,train,1
29,2071,train,4
29,3165,train,3
29,6695,train,5
29,1405,train,7
29,703,train,4
29,3347,train,4
29,5443,train,7
29,4587,train,6
29,5068,train,3
29,5465,train,6
29,1287,train,0
29,911,train,4
29,1109,train,1
29,1680,train,6
29,1029,train,5
29,2083,train,8
29,5074,train,6
29,6207,train,8
29,7337,train,4
29,2051,train,6
29,5344,train,0
29,4264,train,4
29,865,train,4
29,4268,train,5
29,758,train,0
29,3514,train,4
29,4954,train,0
29,4014,train,7
29,2662,train,2
29,6817,train,2
29,1507,train,8
29,2834,train,1
29,4270,train,1
29,5304,train,4
29,942,train,7
29,1136,train,5
29,7054,train,0
29,6983,train,8
29,2579,train,5
29,3772,train,2
29,6115,train,4
29,5539,train,8
29,804,train,7
29,4581,train,9
29,2995,train,4
29,7206,train,8
29,7013,train,7
29,3876,train,1
29,1423,train,6
29,2691,train,1
29,1421,train,5
29,3810,train,5
29,1906,train,9
29,5632,train,6
29,4808,train,3
29,5212,train,3
29,5298,train,6
29,198,train,6
29,5665,train,4
29,1880,train,3
29,4747,train,3
29,3815,train,2
29,580,train,2
29,3041,train,9
29,153,train,6
29,4774,train,0
29,4518,train,1
29,4195,train,1
29,3831,train,9
29,5870,train,8
29,5012,train,2
29,1297,train,6
29,1435,train,5
29,6028,train,2
29,4407,train,1
29,75,train,0
29,3095,train,3
29,3190,train,4
29,1229,train,8
29,488,train,0
29,2508,train,4
29,2907,train,9
29,5338,train,6
29,1223,train,3
29,1149,train,1
29,5462,train,9
29,6140,train,1
29,593,train,0
29,2298,train,9
29,2646,train,5
29,2056,train,6
29,3945,train,9
29,5413,train,2
29,721,train,5
29,3478,train,8
29,3930,train,1
29,5973,train,1
29,6376,train,4
29,2187,train,9
29,592,train,7
29,4657,train,8
29,1002,train,3
29,6242,train,9
29,6724,train,0
29,497,train,4
29,6370,train,3
29,914,train,8
29,4841,train,2
29,3091,train,7
29,542,train,1
29,2527,train,3
29,1428,train,2
29,6013,train,8
29,2609,train,5
29,5159,train,8
29,5440,train,4
29,2152,train,2
29,27,train,5
29,6638,train,8
29,1597,train,1
29,6433,train,3
29,1640,train,7
29,6741,train,7
29,2842,train,0
29,3854,train,4
29,1887,train,3
29,2476,train,5
29,6234,train,2
29,6914,train,3
29,6645,train,7
29,1013,train,8
29,5878,train,0
29,6858,train,4
29,2211,train,7
29,7367,train,8
29,6506,train,5
29,7106,train,4
29,1812,train,1
29,3235,train,9
29,294,train,9
29,4211,train,7
29,266,train,4
29,2040,train,4
29,5420,train,1
29,716,train,5
29,2219,train,8
29,3025,train,0
29,3118,train,1
29,2452,train,2
29,1041,train,1
29,3012,train,1
29,4651,train,2
29,5852,train,1
29,6320,train,3
29,4571,train,2
29,863,train,3
29,6304,train,2
29,2195,train,3
29,5981,train,0
29,7217,train,1
29,3101,train,2
29,6893,train,6
29,6624,train,2
29,5278,train,7
29,4397,train,6
29,6761,train,7
29,7319,train,4
29,4086,train,4
29,3608,train,6
29,1271,train,8
29,3140,train,7
29,4854,train,0
29,3201,train,9
29,2732,train,6
29,3163,train,0
29,1968,train,5
29,6019,train,6
29,3753,train,5
29,1242,train,7
29,6476,train,8
29,3455,train,5
29,6807,train,0
29,6416,train,3
29,130,train,3
29,5927,train,5
29,1674,train,8
29,7237,train,7
29,835,train,7
29,5930,train,6
29,3055,train,7
29,5178,train,0
29,3031,train,6
29,7278,train,0
29,6605,train,6
29,548,train,8
29,3254,train,8
29,2096,train,6
29,4823,train,3
29,5734,train,5
29,2624,train,5
29,3851,train,7
29,4532,train,6
29,4278,train,3
29,2623,train,7
29,6175,train,1
29,2681,train,7
29,4464,train,2
29,3341,train,2
29,5148,train,5
29,4952,train,7
29,1349,train,2
29,6469,train,7
29,3568,train,7
29,820,train,5
29,785,train,3
29,2848,train,6
29,5161,train,2
29,6786,train,0
29,3723,train,0
29,1484,train,5
29,1916,train,6
29,2496,train,7
29,637,train,8
29,2250,train,3
29,4756,train,6
29,90,train,7
29,4279,train,9
29,1119,train,0
29,5379,train,6
29,1338,train,3
29,6080,train,4
29,1427,train,4
29,6728,train,4
29,2791,train,3
29,692,train,2
29,5155,train,6
29,6637,train,4
29,7136,train,8
29,5314,train,6
29,3905,train,0
29,6357,train,4
29,1872,train,6
29,2495,train,6
29,3624,train,1
29,6453,train,8
29,6603,train,1
29,3073,train,2
29,3070,train,6
29,2571,train,7
29,1670,train,8
29,6172,train,4
29,1732,train,1
29,6251,train,3
29,6451,train,9
29,2074,train,3
29,7289,train,4
29,424,train,3
29,3104,train,0
29,4549,train,4
29,5758,train,9
29,3480,train,1
29,6647,train,2
29,6732,train,8
29,6336,train,7
29,150,train,7
29,4527,train,4
29,64,train,4
29,203,train,4
29,4001,train,4
29,6371,train,4
29,4214,train,0
29,2817,train,4
29,3066,train,0
29,644,train,0
29,1094,train,4
29,796,train,7
29,4373,train,5
29,5732,train,7
29,3046,train,5
29,3607,train,5
29,6120,train,5
29,3063,train,4
29,5858,train,6
29,4131,train,6
29,3855,train,4
29,6480,train,7
29,4367,train,4
29,5441,train,6
29,977,train,4
29,2864,train,9
29,6566,train,2
29,4750,train,8
29,6418,train,8
29,4557,train,5
29,5968,train,3
29,3206,train,1
29,4011,train,0
29,4255,train,3
29,1820,train,6
29,941,train,2
29,7088,train,5
29,2432,train,6
29,792,train,1
29,3999,train,4
29,1019,train,7
29,5697,train,5
29,2101,train,7
29,2127,train,0
29,164,train,4
29,4649,train,8
29,2721,train,5
29,1928,train,8
29,1257,train,8
29,6307,train,8
29,5353,train,3
29,5704,train,1
29,6037,train,3
29,3640,train,3
29,6923,train,0
29,1495,train,6
29,5506,train,8
29,3129,train,6
29,4277,train,0
29,6035,train,2
29,3376,train,2
29,3938,train,4
29,1237,train,3
29,951,train,3
29,2558,train,9
29,371,train,2
29,618,train,1
29,3529,train,4
29,2862,train,0
29,866,train,6
29,6380,train,6
29,4721,train,1
29,6010,train,2
29,4107,train,0
29,4231,train,9
29,4719,train,6
29,3731,train,6
29,338,train,7
29,6306,train,3
29,3291,train,8
29,2562,train,9
29,4934,train,5
29,4891,train,0
29,5907,train,7
29,91,train,8
29,2286,train,2
29,6726,train,6
29,2214,train,1
29,3939,train,8
29,807,train,7
29,88,train,5
29,6404,train,6
29,2799,train,6
29,1008,train,8
29,6129,train,7
29,2981,train,3
29,4662,train,4
29,7329,train,0
29,384,train,6
29,841,train,1
29,98,train,8
29,7238,train,7
29,1062,train,2
29,809,train,8
29,4561,train,3
29,2959,train,1
29,3049,train,4
29,6141,train,8
29,4981,train,6
29,2239,train,7
29,4189,train,1
29,2444,train,9
29,5696,train,0
29,324,train,0
29,1459,train,6
29,4546,train,9
29,4000,train,7
29,5017,train,2
29,3252,train,3
29,5874,train,6
29,4626,train,4
29,3941,train,6
29,6042,train,4
29,5756,train,6
29,620,train,4
29,2937,train,6
29,3929,train,4
29,5592,train,9
29,3429,train,1
29,6305,train,9
29,4568,train,1
29,242,train,7
29,2132,train,2
29,4272,train,8
29,5234,train,1
29,5882,train,4
29,6044,train,6
29,1683,train,0
29,4574,train,5
29,3701,train,4
29,3860,train,6
29,3328,train,2
29,6094,train,3
29,3428,train,7
29,235,train,9
29,4199,train,1
29,4837,train,4
29,4652,train,9
29,3862,train,2
29,4723,train,8
29,5699,train,7
29,3692,train,1
29,5281,train,9
29,6145,train,9
29,6555,train,5
29,3794,train,6
29,318,train,7
29,6533,train,0
29,6442,train,7
29,3484,train,2
29,586,train,8
29,6296,train,5
29,5677,train,8
29,3236,train,8
29,7101,train,8
29,3130,train,7
29,4213,train,3
29,5541,train,1
29,1342,train,9
29,6375,train,1
29,165,train,5
29,6867,train,5
29,1689,train,9
29,4772,train,1
29,4385,train,8
29,1034,train,4
29,422,train,6
29,184,train,6
29,2341,train,7
29,4876,train,9
29,2369,train,6
29,1069,train,4
29,569,train,7
29,861,train,2
29,933,train,4
29,3451,train,4
29,4852,train,6
29,7109,train,9
29,5326,train,3
29,3273,train,9
29,1546,train,0
29,6446,train,1
29,1519,train,2
29,6670,train,9
29,2947,train,3
29,5365,train,8
29,6962,train,2
29,5905,train,6
29,5555,train,9
29,1914,train,1
29,6125,train,0
29,349,train,1
29,4151,train,4
29,5156,train,5
29,4351,train,3
29,4874,train,6
29,3406,train,6
29,6821,train,8
29,4516,train,1
29,1265,train,3
29,6758,train,1
29,3683,train,4
29,549,train,2
29,3838,train,4
29,6910,train,2
29,5331,train,6
29,7094,train,2
29,6749,train,1
29,3278,train,6
29,2022,train,0
29,5202,train,3
29,6382,train,1
29,574,train,9
29,2253,train,1
29,6089,train,4
29,587,train,8
29,6351,train,9
29,4474,train,0
29,5126,train,4
29,4843,train,3
29,4337,train,4
29,2469,train,8
29,7193,train,5
29,3712,train,6
29,6428,train,8
29,5667,train,3
29,2886,train,4
29,1504,train,1
29,5030,train,1
29,3136,train,1
29,6280,train,3
29,5100,train,6
29,4765,train,6
29,4437,train,4
29,4030,train,6
29,1066,train,8
29,1861,train,9
29,702,train,2
29,6099,train,1
29,3410,train,1
29,5876,train,2
29,3872,train,1
29,7345,train,2
29,5127,train,4
29,4361,train,2
29,4862,train,3
29,5749,train,4
29,5213,train,0
29,3010,train,6
29,408,train,2
29,619,train,7
29,959,train,6
29,7262,train,4
29,6744,train,9
29,5545,train,0
29,3716,train,8
29,6725,train,6
29,332,train,1
29,7121,train,1
29,179,train,1
29,3738,train,6
29,7141,train,4
29,2693,train,6
29,5388,train,7
29,4081,train,1
29,2697,train,6
29,1162,train,2
29,5499,train,8
29,502,train,4
29,7163,train,9
29,7210,train,3
29,6144,train,6
29,2068,train,6
29,683,train,4
29,5422,train,6
29,6158,train,6
29,3513,train,0
29,2313,train,4
29,1007,train,7
29,1907,train,6
29,1208,train,2
29,1700,train,6
29,3334,train,2
29,7129,train,7
29,5685,train,6
29,5205,train,6
29,6177,train,9
29,6146,train,7
29,2236,train,1
29,6540,train,4
29,4147,train,4
29,388,train,1
29,5120,train,2
29,285,train,6
29,5859,train,3
29,5271,train,4
29,4922,train,7
29,1606,train,4
29,852,train,0
29,2557,train,6
29,3760,train,5
29,6313,train,5
29,4672,train,4
29,4148,train,5
29,5115,train,2
29,5961,train,9
29,4177,train,1
29,479,train,5
29,5949,train,6
29,6878,train,1
29,6831,train,6
29,4381,train,0
29,4579,train,7
29,3262,train,8
29,2156,train,2
29,7270,train,3
29,53,train,5
29,244,train,0
29,2490,train,5
29,3947,train,5
29,232,train,1
29,3544,train,6
29,3669,train,5
29,2637,train,9
29,2890,train,9
29,4912,train,6
29,19,train,6
29,625,train,0
29,3832,train,7
29,7016,train,6
29,6511,train,6
29,3414,train,2
29,6974,train,7
29,6315,train,3
29,3536,train,4
29,2419,train,9
29,6995,train,5
29,4336,train,1
29,1778,train,4
29,902,train,4
29,2583,train,7
29,5233,train,3
29,5656,train,4
29,4669,train,3
29,2928,train,9
29,68,train,0
29,6487,train,4
29,6570,train,0
29,6976,train,9
29,3598,train,3
29,3402,train,5
29,6216,train,2
29,3260,train,3
29,5583,train,5
29,178,train,8
29,6516,train,0
29,4974,train,5
29,6804,train,5
29,4951,train,8
29,2753,train,1
29,2310,train,6
29,246,train,8
29,6838,train,6
29,4341,train,0
29,4380,train,0
29,2576,train,6
29,2538,train,9
29,2406,train,9
29,1560,train,8
29,2919,train,7
29,3368,train,1
29,3224,train,5
29,6240,train,8
29,6829,train,3
29,557,train,9
29,1510,train,7
29,6341,train,9
29,6594,train,3
29,647,train,5
29,4505,train,9
29,4357,train,8
29,5703,train,1
29,6944,train,4
29,4414,train,6
29,6011,train,2
29,1586,train,7
29,3275,train,9
29,347,train,4
29,4842,train,7
29,5887,train,8
29,1626,train,8
29,6464,train,5
29,6225,train,1
29,5991,train,9
29,5537,train,8
29,1083,train,7
29,3415,train,3
29,6557,train,2
29,1209,train,5
29,2064,train,5
29,1863,train,5
29,2374,train,2
29,5783,train,0
29,6492,train,5
29,4784,train,8
29,4313,train,3
29,3806,train,2
29,4548,train,7
29,544,train,4
29,6021,train,0
29,1213,train,2
29,1497,train,9
29,1388,train,5
29,7149,train,1
29,2359,train,3
29,2913,train,4
29,3085,train,9
29,376,train,6
29,6403,train,1
29,3117,train,3
29,5337,train,9
29,5466,train,6
29,6374,train,8
29,5803,train,2
29,5857,train,7
29,3217,train,3
29,1147,train,9
29,6789,train,5
29,6824,train,0
29,635,train,9
29,4812,train,7
29,5129,train,0
29,3396,train,3
29,2388,train,0
29,7150,train,0
29,4586,train,6
29,1175,train,4
29,1021,train,4
29,2337,train,8
29,3550,train,0
29,7026,train,5
29,3251,train,6
29,1869,train,6
29,4229,train,6
29,6215,train,5
29,447,train,7
29,3778,train,0
29,7328,train,4
29,5824,train,0
29,4368,train,9
29,1409,train,5
29,147,train,3
29,2512,train,1
29,5015,train,0
29,2528,train,6
29,2315,train,4
29,6358,train,3
29,1422,train,6
29,4329,train,7
29,730,train,2
29,5454,train,7
29,3475,train,3
29,2311,train,1
29,6131,train,4
29,2043,train,7
29,3559,train,5
29,1987,train,9
29,1054,train,1
29,303,train,0
29,815,train,1
29,5924,train,8
29,6154,train,3
29,5508,train,1
29,6104,train,5
29,2117,train,6
29,2206,train,9
29,2800,train,6
29,6590,train,4
29,1016,train,7
29,6102,train,0
29,5553,train,2
29,3277,train,7
29,3358,train,8
29,2577,train,0
29,1500,train,3
29,520,train,6
29,3067,train,2
29,724,train,8
29,2588,train,0
29,5268,train,7
29,5484,train,5
29,111,train,3
29,1272,train,2
29,7317,train,7
29,2327,train,6
29,5622,train,9
29,6942,train,6
29,5367,train,7
29,3956,train,1
29,576,train,6
29,6228,train,9
29,463,train,0
29,7198,train,1
29,3043,train,0
29,2451,train,9
29,897,train,4
29,1684,train,6
29,6318,train,2
29,160,train,0
29,1603,train,5
29,1097,train,8
29,6060,train,3
29,4502,train,2
29,770,train,9
29,2875,train,9
29,1226,train,3
29,6162,train,2
29,3267,train,2
29,6394,train,2
29,399,train,0
29,2603,train,2
29,1724,train,5
29,3972,train,6
29,415,train,6
29,5549,train,8
29,2160,train,3
29,5060,train,0
29,3145,train,0
29,3250,train,0
29,2194,train,5
29,1971,train,0
29,2828,train,4
29,2705,train,7
29,156,train,4
29,2079,train,6
29,1994,train,8
29,1174,train,1
29,2656,train,1
29,937,train,2
29,868,train,6
29,6922,train,6
29,1517,train,0
29,32,train,9
29,2247,train,6
29,4254,train,4
29,5534,train,0
29,3784,train,2
29,3910,train,7
29,6805,train,7
29,5822,train,0
29,2294,train,4
29,6059,train,8
29,939,train,5
29,1058,train,0
29,4600,train,3
29,5856,train,8
29,5363,train,8
29,5283,train,9
29,112,train,3
29,1216,train,9
29,3899,train,4
29,922,train,2
29,120,train,9
29,747,train,2
29,6542,train,6
29,6345,train,1
29,2823,train,4
29,1776,train,1
29,6912,train,1
29,6456,train,9
29,4563,train,9
29,3807,train,7
29,261,train,7
29,780,train,8
29,6546,train,6
29,823,train,0
29,3996,train,8
29,2968,train,6
29,2553,train,2
29,3573,train,2
29,104,train,2
29,5407,train,4
29,1768,train,5
29,7164,train,7
29,2417,train,8
29,7252,train,1
29,5,train,4
29,2678,train,8
29,6595,train,6
29,5676,train,4
29,7170,train,0
29,1478,train,5
29,7119,train,4
29,335,train,1
29,4968,train,9
29,446,train,6
29,1667,train,1
29,4062,train,1
29,7068,train,5
29,831,train,1
29,1190,train,9
29,4100,train,0
29,3379,train,2
29,1694,train,3
29,705,train,1
29,2876,train,3
29,6385,train,1
29,3281,train,9
29,2677,train,1
29,2814,train,2
29,24,train,1
29,5925,train,9
29,2415,train,3
29,2635,train,3
29,3759,train,4
29,5076,train,3
29,3102,train,6
29,981,train,2
29,1839,train,0
29,5789,train,3
29,6572,train,6
29,3205,train,0
29,1437,train,9
29,6884,train,6
29,5938,train,7
29,919,train,8
29,1590,train,4
29,40,train,1
29,4688,train,0
29,2228,train,7
29,3581,train,2
29,4233,train,4
29,3432,train,6
29,367,train,2
29,7033,train,5
29,1555,train,2
29,4191,train,9
29,5835,train,8
29,4082,train,6
29,1638,train,4
29,227,train,5
29,6599,train,7
29,2821,train,4
29,7152,train,7
29,2695,train,3
29,893,train,5
29,3795,train,7
29,2005,train,1
29,7234,train,1
29,541,train,6
29,2012,train,7
29,3355,train,6
29,5839,train,8
29,853,train,5
29,1669,train,4
29,5579,train,8
29,1766,train,4
29,4950,train,2
29,536,train,4
29,4585,train,1
29,1856,train,9
29,1983,train,0
29,6997,train,4
29,5444,train,9
29,3078,train,9
29,2463,train,4
29,4450,train,0
29,4794,train,6
29,430,train,4
29,4302,train,1
29,3667,train,5
29,2874,train,3
29,1523,train,2
29,7154,train,9
29,5507,train,5
29,6642,train,2
29,4575,train,0
29,7128,train,6
29,6740,train,2
29,2575,train,5
29,590,train,0
29,3460,train,4
29,4909,train,8
29,3367,train,7
29,5796,train,0
29,6434,train,7
29,6816,train,7
29,1161,train,9
29,4760,train,9
29,1800,train,9
29,4104,train,2
29,5186,train,4
29,6173,train,2
29,2676,train,7
29,243,train,3
29,6500,train,2
29,5657,train,2
29,2307,train,2
29,2273,train,0
29,7093,train,8
29,6666,train,7
29,661,train,3
29,2482,train,9
29,4529,train,8
29,7024,train,4
29,4856,train,2
29,5302,train,0
29,467,train,6
29,2877,train,7
29,4366,train,8
29,3482,train,4
29,643,train,0
29,5286,train,0
29,3050,train,0
29,6938,train,9
29,1621,train,9
29,6330,train,7
29,2,train,2
29,3928,train,1
29,845,train,2
29,3973,train,4
29,3058,train,5
29,4378,train,1
29,4947,train,6
29,723,train,6
29,511,train,1
29,1455,train,8
29,624,train,1
29,7233,train,3
29,4596,train,3
29,2265,train,5
29,2645,train,0
29,6549,train,4
29,2443,train,0
29,784,train,7
29,3574,train,0
29,5806,train,4
29,2563,train,0
29,6708,train,6
29,5075,train,9
29,2988,train,0
29,507,train,7
29,5368,train,9
29,501,train,0
29,6267,train,9
29,3517,train,9
29,3175,train,6
29,6684,train,9
29,1975,train,1
29,3937,train,2
29,3813,train,1
29,2780,train,2
29,72,train,4
29,6479,train,0
29,546,train,7
29,6996,train,7
29,927,train,0
29,3990,train,4
29,6575,train,6
29,4019,train,1
29,2348,train,1
29,1036,train,3
29,1266,train,9
29,4996,train,3
29,6777,train,2
29,6802,train,9
29,4024,train,4
29,2825,train,4
29,4798,train,5
29,793,train,2
29,1116,train,0
29,2930,train,2
29,1946,train,8
29,1528,train,3
29,3734,train,4
29,2567,train,2
29,7300,train,8
29,1320,train,7
29,3441,train,7
29,822,train,4
29,458,train,7
29,2098,train,5
29,7070,train,8
29,3477,train,6
29,3528,train,1
29,3197,train,1
29,5449,train,2
29,205,train,1
29,6084,train,9
29,1821,train,2
29,81,train,8
29,6929,train,0
29,2246,train,0
29,4898,train,8
29,379,train,8
29,1592,train,3
29,3604,train,2
29,802,train,4
29,3150,train,8
29,2157,train,7
29,3780,train,8
29,4990,train,2
29,6593,train,5
29,5460,train,1
29,4658,train,1
29,2134,train,5
29,2137,train,4
29,7349,train,1
29,7045,train,2
29,6356,train,2
29,2287,train,4
29,6925,train,9
29,282,train,7
29,5110,train,7
29,6850,train,5
29,6436,train,3
29,65,train,0
29,3744,train,5
29,7271,train,9
29,5193,train,2
29,1567,train,5
29,6096,train,9
29,5531,train,5
29,1673,train,9
29,1682,train,3
29,2595,train,2
29,2760,train,2
29,5226,train,9
29,43,train,8
29,7071,train,0
29,1740,train,3
29,5214,train,6
29,1886,train,2
29,4462,train,2
29,3940,train,9
29,3295,train,0
29,7346,train,8
29,3081,train,4
29,3079,train,1
29,1605,train,5
29,1894,train,2
29,5165,train,8
29,6620,train,3
29,5207,train,9
29,2707,train,3
29,6979,train,9
29,3564,train,0
29,6319,train,6
29,7104,train,5
29,5620,train,4
29,5781,train,6
29,2722,train,9
29,6699,train,1
29,3527,train,3
29,1379,train,4
29,5976,train,9
29,2382,train,9
29,2957,train,4
29,5573,train,8
29,2727,train,7
29,2378,train,9
29,6713,train,9
29,648,train,1
29,2835,train,1
29,2993,train,9
29,4584,train,0
29,4424,train,2
29,5687,train,4
29,4545,train,2
29,755,train,0
29,4731,train,3
29,3060,train,4
29,5591,train,2
29,3955,train,6
29,2003,train,2
29,798,train,2
29,5010,train,0
29,6211,train,5
29,2619,train,2
29,358,train,0
29,1790,train,8
29,1796,train,2
29,4332,train,0
29,5250,train,2
29,365,train,5
29,7212,train,7
29,1197,train,7
29,6534,train,4
29,948,train,3
29,4453,train,7
29,3216,train,8
29,2903,train,8
29,5705,train,0
29,7288,train,6
29,480,train,2
29,4501,train,4
29,2118,train,5
29,4910,train,7
29,2607,train,4
29,773,train,0
29,1143,train,3
29,6366,train,1
29,4187,train,7
29,319,train,6
29,1480,train,9
29,4768,train,1
29,1988,train,6
29,3397,train,8
29,1003,train,6
29,450,train,5
29,2938,train,3
29,6733,train,6
29,1088,train,8
29,451,train,4
29,409,train,2
29,4459,train,2
29,4708,train,8
29,5987,train,6
29,5653,train,0
29,522,train,8
29,5166,train,1
29,4054,train,1
29,6961,train,6
29,962,train,4
29,3476,train,4
29,6616,train,5
29,1822,train,6
29,485,train,0
29,4076,train,9
29,5516,train,8
29,5774,train,4
29,6056,train,4
29,7048,train,7
29,5350,train,4
29,5986,train,4
29,6276,train,6
29,158,train,9
29,1738,train,0
29,4439,train,7
29,6314,train,2
29,3343,train,2
29,4004,train,1
29,4172,train,7
29,3425,train,9
29,1250,train,7
29,4155,train,8
29,3093,train,7
29,6661,train,8
29,5709,train,9
29,6524,train,1
29,281,train,2
29,1466,train,8
29,6530,train,9
29,3226,train,7
29,1644,train,9
29,2769,train,0
29,3629,train,5
29,1933,train,5
29,3533,train,6
29,1230,train,9
29,5133,train,7
29,4122,train,9
29,431,train,0
29,4833,train,4
29,3812,train,3
29,1351,train,8
29,6959,train,0
29,4074,train,2
29,3756,train,2
29,7207,train,9
29,5430,train,1
29,6967,train,6
29,1541,train,9
29,672,train,8
29,2280,train,5
29,5026,train,9
29,4025,train,4
29,5563,train,2
29,6956,train,6
29,4209,train,6
29,1346,train,7
29,1786,train,8
29,2716,train,7
29,5066,train,4
29,2175,train,3
29,7308,train,2
29,6422,train,9
29,2664,train,8
29,5893,train,1
29,2499,train,8
29,6359,train,6
29,4993,train,6
29,1245,train,0
29,3037,train,2
29,456,train,5
29,4410,train,5
29,305,train,2
29,2184,train,2
29,1612,train,7
29,5128,train,3
29,6569,train,5
29,5908,train,5
29,970,train,4
29,949,train,6
29,3076,train,7
29,1026,train,6
29,5453,train,9
29,4012,train,0
29,5054,train,3
29,4247,train,1
29,5861,train,1
29,5998,train,8
29,4037,train,9
29,5880,train,6
29,326,train,6
29,4198,train,6
29,3023,train,9
29,4964,train,8
29,6507,train,9
29,5816,train,2
29,1310,train,2
29,241,train,3
29,6597,train,5
29,5493,train,9
29,5086,train,3
29,4427,train,9
29,2831,train,4
29,132,train,5
29,3472,train,6
29,7277,train,2
29,7342,train,4
29,5891,train,8
29,1741,train,1
29,956,train,0
29,4899,train,9
29,774,train,1
29,2258,train,2
29,278,train,8
29,4508,train,3
29,1045,train,2
29,535,train,0
29,1022,train,6
29,4084,train,0
29,70,train,8
29,6412,train,5
29,6879,train,9
29,427,train,7
29,13,train,1
29,5275,train,4
29,6639,train,0
29,4795,train,3
29,5446,train,1
29,605,train,4
29,2438,train,4
29,1538,train,3
29,2839,train,9
29,2055,train,4
29,5817,train,1
29,5527,train,1
29,3599,train,2
29,1101,train,1
29,749,train,1
29,3088,train,4
29,2883,train,4
29,5300,train,7
29,313,train,8
29,2585,train,8
29,2065,train,2
29,6349,train,1
29,1274,train,3
29,1252,train,3
29,6150,train,5
29,6719,train,7
29,1582,train,1
29,1345,train,0
29,3522,train,8
29,4533,train,9
29,290,train,5
29,3586,train,6
29,6070,train,4
29,4920,train,2
29,2628,train,6
29,3957,train,5
29,395,train,3
29,4650,train,0
29,2514,train,3
29,5529,train,5
29,4684,train,9
29,4512,train,6
29,3013,train,8
29,3501,train,1
29,3525,train,4
29,3963,train,0
29,888,train,0
29,3385,train,5
29,1656,train,0
29,5116,train,3
29,4544,train,5
29,7295,train,1
29,3964,train,2
29,6153,train,0
29,558,train,9
29,3647,train,8
29,6287,train,1
29,7218,train,0
29,4113,train,5
29,1526,train,8
29,5841,train,5
29,7261,train,9
29,4103,train,2
29,2119,train,7
29,6678,train,5
29,407,train,8
29,6739,train,4
29,6377,train,0
29,578,train,4
29,2683,train,5
29,1777,train,5
29,3285,train,1
29,4835,train,9
29,4340,train,4
29,3083,train,8
29,1562,train,2
29,119,train,3
29,3024,train,6
29,3530,train,1
29,2734,train,3
29,36,train,7
29,4451,train,4
29,1703,train,9
29,5702,train,5
29,3447,train,1
29,4096,train,7
29,5429,train,2
29,2234,train,6
29,1483,train,1
29,355,train,4
29,2868,train,3
29,2986,train,4
29,3172,train,5
29,4125,train,2
29,4370,train,5
29,5042,train,3
29,2975,train,7
29,717,train,0
29,741,train,2
29,2446,train,8
29,3691,train,6
29,1334,train,9
29,5119,train,7
29,4700,train,9
29,6308,train,4
29,1961,train,1
29,7184,train,6
29,4053,train,1
29,5928,train,5
29,712,train,4
29,6987,train,7
29,1583,train,1
29,3752,train,6
29,247,train,5
29,7189,train,4
29,1441,train,1
29,5979,train,0
29,5434,train,9
29,6026,train,3
29,766,train,9
29,5190,train,2
29,3850,train,1
29,4865,train,1
29,5246,train,3
29,4106,train,4
29,525,train,5
29,1711,train,3
29,3823,train,0
29,382,train,4
29,503,train,7
29,213,train,3
29,2531,train,1
29,3602,train,5
29,2748,train,8
29,2209,train,0
29,2790,train,0
29,5648,train,5
29,617,train,4
29,157,train,6
29,3646,train,1
29,2480,train,5
29,1357,train,1
29,4405,train,7
29,3096,train,0
29,6607,train,0
29,2997,train,6
29,4146,train,2
29,4925,train,1
29,105,train,5
29,3040,train,7
29,1904,train,3
29,3309,train,2
29,4327,train,1
29,6729,train,8
29,3727,train,5
29,5220,train,0
29,348,train,9
29,3577,train,9
29,5479,train,8
29,3721,train,9
29,340,train,5
29,3700,train,3
29,5122,train,5
29,4006,train,8
29,2485,train,5
29,2302,train,1
29,5854,train,0
29,2824,train,1
29,4136,train,3
29,3948,train,6
29,4715,train,6
29,3199,train,9
29,600,train,4
29,3693,train,0
29,5313,train,2
29,5782,train,0
29,7087,train,1
29,7363,train,4
29,3583,train,7
29,2548,train,4
29,6527,train,0
29,6073,train,6
29,5886,train,6
29,6844,train,5
29,6006,train,2
29,2733,train,9
29,3881,train,8
29,4895,train,2
29,6663,train,3
29,1288,train,1
29,1353,train,8
29,6491,train,3
29,2305,train,7
29,2802,train,9
29,3241,train,2
29,7053,train,9
29,5123,train,5
29,5864,train,1
29,4083,train,4
29,5310,train,8
29,6482,train,9
29,1742,train,1
29,97,train,8
29,4297,train,5
29,1075,train,4
29,3560,train,6
29,5660,train,5
29,2661,train,6
29,437,train,5
29,1783,train,3
29,2773,train,2
29,414,train,8
29,1805,train,1
29,3803,train,1
29,5020,train,4
29,6543,train,2
29,689,train,4
29,4743,train,0
29,1532,train,1
29,2917,train,6
29,6289,train,5
29,1121,train,7
29,3829,train,4
29,6364,train,5
29,129,train,9
29,6772,train,5
29,6704,train,2
29,3690,train,9
29,713,train,6
29,5768,train,6
29,1942,train,9
29,825,train,3
29,539,train,5
29,2554,train,1
29,3416,train,1
29,554,train,3
29,1846,train,6
29,6723,train,3
29,3825,train,9
29,4725,train,1
29,5135,train,4
29,1065,train,6
29,172,train,6
29,5777,train,1
29,6424,train,1
29,950,train,0
29,5869,train,6
29,1749,train,2
29,6086,train,2
29,2702,train,5
29,1176,train,6
29,6135,train,2
29,4757,train,8
29,3891,train,0
29,6483,train,4
29,2969,train,2
29,4971,train,9
29,5510,train,6
29,4702,train,1
29,5912,train,9
29,4026,train,3
29,6389,train,7
29,849,train,9
29,6100,train,9
29,4017,train,0
29,3698,train,0
29,5264,train,8
29,6473,train,5
29,5897,train,9
29,2602,train,8
29,5872,train,8
29,1366,train,9
29,6316,train,0
29,5324,train,4
29,6792,train,4
29,6813,train,6
29,394,train,0
29,4541,train,9
29,2805,train,9
29,4880,train,7
29,6124,train,8
29,3247,train,8
29,973,train,3
29,4309,train,2
29,3393,train,1
29,6311,train,9
29,2679,train,5
29,4252,train,9
29,4686,train,0
29,6238,train,1
29,4707,train,4
29,2486,train,4
29,6911,train,2
29,3954,train,2
29,5564,train,4
29,3286,train,2
29,1198,train,8
29,4413,train,2
29,7323,train,3
29,4207,train,7
29,6067,train,3
29,3177,train,7
29,4369,train,3
29,3488,train,0
29,5631,train,2
29,500,train,2
29,5385,train,4
29,6745,train,6
29,4085,train,5
29,3146,train,3
29,3276,train,9
29,3296,train,3
29,681,train,3
29,4015,train,6
29,4763,train,6
29,1536,train,3
29,3202,train,8
29,262,train,0
29,1258,train,2
29,298,train,4
29,2640,train,7
29,5552,train,0
29,943,train,7
29,4160,train,0
29,4659,train,5
29,6170,train,2
29,1643,train,5
29,5063,train,0
29,476,train,9
29,969,train,5
29,2217,train,3
29,1859,train,6
29,4409,train,2
29,2401,train,3
29,4882,train,2
29,2737,train,4
29,6993,train,1
29,6078,train,7
29,1137,train,8
29,2136,train,2
29,857,train,3
29,1465,train,8
29,6498,train,8
29,5151,train,5
29,1758,train,8
29,1267,train,7
29,751,train,7
29,5393,train,7
29,4935,train,8
29,884,train,9
29,2532,train,1
29,6810,train,3
29,5900,train,8
29,1046,train,3
29,1468,train,4
29,824,train,3
29,3051,train,3
29,3526,train,8
29,4109,train,0
29,1113,train,0
29,4284,train,3
29,538,train,5
29,2573,train,2
29,5913,train,5
29,131,train,0
29,5394,train,2
29,6040,train,4
29,4181,train,4
29,3173,train,5
29,4528,train,5
29,1395,train,6
29,4889,train,7
29,4455,train,9
29,5520,train,8
29,2778,train,3
29,2950,train,4
29,1577,train,0
29,6462,train,9
29,6768,train,4
29,6936,train,4
29,1891,train,7
29,6427,train,5
29,4556,train,2
29,5461,train,0
29,4403,train,7
29,6148,train,2
29,3907,train,1
29,48,train,8
29,3639,train,8
29,7127,train,6
29,3418,train,4
29,5853,train,8
29,3327,train,7
29,4531,train,9
29,5198,train,3
29,5977,train,7
29,2684,train,4
29,5090,train,8
29,1952,train,7
29,3852,train,2
29,6117,train,3
29,6328,train,5
29,5145,train,4
29,7056,train,8
29,4306,train,0
29,2193,train,1
29,2896,train,4
29,6106,train,9
29,5230,train,0
29,5482,train,0
29,4334,train,6
29,991,train,3
29,4868,train,6
29,5375,train,7
29,1354,train,1
29,7246,train,3
29,5929,train,2
29,1135,train,0
29,6592,train,7
29,5206,train,2
29,5669,train,5
29,1717,train,6
29,363,train,8
29,385,train,3
29,878,train,0
29,3120,train,6
29,1056,train,2
29,3491,train,9
29,22,train,8
29,2081,train,7
29,5356,train,4
29,2403,train,1
29,2515,train,5
29,3209,train,8
29,3548,train,8
29,3128,train,0
29,6883,train,7
29,5795,train,7
29,6857,train,7
29,5974,train,1
29,6989,train,1
29,2232,train,6
29,4390,train,9
29,5522,train,2
29,5451,train,7
29,2967,train,0
29,1723,train,2
29,4598,train,4
29,3729,train,9
29,6913,train,5
29,3008,train,2
29,4354,train,1
29,2057,train,1
29,945,train,5
29,4164,train,5
29,1244,train,0
29,6736,train,6
29,1550,train,7
29,3386,train,9
29,726,train,6
29,6064,train,4
29,6921,train,8
29,2233,train,5
29,7355,train,9
29,1115,train,3
29,4321,train,0
29,655,train,5
29,6252,train,4
29,6365,train,1
29,6904,train,1
29,6977,train,7
29,4892,train,8
29,2639,train,6
29,5024,train,3
29,1153,train,4
29,6721,train,2
29,5433,train,4
29,6917,train,6
29,3143,train,1
29,3253,train,3
29,1889,train,2
29,5001,train,1
29,570,train,4
29,5834,train,4
29,3783,train,2
29,5576,train,7
29,4890,train,5
29,1955,train,5
29,5182,train,1
29,2435,train,2
29,330,train,8
29,3709,train,2
29,3655,train,1
29,879,train,3
29,5266,train,2
29,492,train,9
29,5396,train,9
29,5780,train,4
29,1726,train,6
29,986,train,0
29,1281,train,9
29,2761,train,5
29,5053,train,0
29,3766,train,0
29,4415,train,1
29,4418,train,5
29,1989,train,7
29,2243,train,2
29,6564,train,6
29,1584,train,8
29,76,train,3
29,4824,train,4
29,4253,train,6
29,5343,train,0
29,5082,train,8
29,3233,train,7
29,2943,train,2
29,6980,train,5
29,1739,train,0
29,1599,train,4
29,2278,train,9
29,674,train,9
29,5590,train,2
29,4615,train,8
29,653,train,5
29,6014,train,4
29,3030,train,7
29,3739,train,4
29,7230,train,9
29,252,train,2
29,5378,train,7
29,748,train,8
29,623,train,1
29,6139,train,0
29,3289,train,1
29,1829,train,0
29,2094,train,9
29,2248,train,7
29,4387,train,3
29,2460,train,4
29,6147,train,9
29,6226,train,0
29,1112,train,9
29,3900,train,0
29,4044,train,5
29,4962,train,9
29,1661,train,3
29,1937,train,9
29,1754,train,5
29,2441,train,3
29,7182,train,9
29,31,train,5
29,2856,train,6
29,2858,train,6
29,6190,train,6
29,5818,train,0
29,5744,train,6
29,3492,train,2
29,769,train,3
29,6798,train,6
29,2594,train,2
29,7011,train,4
29,5655,train,0
29,2340,train,6
29,3833,train,2
29,3302,train,4
29,4904,train,8
29,3294,train,6
29,3237,train,4
29,6294,train,3
29,3333,train,5
29,1806,train,0
29,5801,train,1
29,7304,train,3
29,1385,train,3
29,6672,train,1
29,2114,train,9
29,3308,train,9
29,1600,train,2
29,5400,train,5
29,2911,train,7
29,4098,train,5
29,1009,train,5
29,4633,train,2
29,2019,train,9
29,4523,train,5
29,1279,train,9
29,2699,train,8
29,701,train,4
29,7303,train,7
29,7166,train,4
29,2703,train,3
29,967,train,8
29,3609,train,4
29,2224,train,9
29,1847,train,5
29,3032,train,5
29,1064,train,7
29,6201,train,1
29,2270,train,4
29,6863,train,6
29,5580,train,5
29,1215,train,6
29,6023,train,6
29,4877,train,1
29,2222,train,1
29,6202,train,0
29,283,train,1
29,516,train,1
29,7112,train,2
29,7322,train,1
29,2203,train,1
29,4059,train,2
29,589,train,2
29,7214,train,5
29,4316,train,9
29,4171,train,8
29,1566,train,8
29,271,train,8
29,406,train,7
29,5547,train,3
29,5885,train,8
29,1522,train,8
29,2077,train,5
29,3890,train,1
29,5533,train,0
29,2600,train,8
29,6486,train,6
29,6975,train,6
29,1144,train,0
29,5352,train,3
29,6123,train,4
29,2016,train,1
29,6054,train,2
29,3189,train,1
29,3687,train,9
29,5985,train,6
29,5050,train,6
29,101,train,0
29,1471,train,3
29,1142,train,1
29,3523,train,9
29,583,train,9
29,2420,train,8
29,4744,train,6
29,7180,train,5
29,16,train,2
29,1375,train,4
29,304,train,6
29,3736,train,2
29,5937,train,4
29,5092,train,6
29,1873,train,8
29,7046,train,6
29,978,train,3
29,3054,train,6
29,2208,train,0
29,3920,train,3
29,4958,train,8
29,3137,train,7
29,123,train,3
29,4776,train,1
29,1604,train,7
29,898,train,5
29,7059,train,5
29,611,train,1
29,2192,train,2
29,1657,train,7
29,5359,train,6
29,3192,train,0
29,4447,train,0
29,3338,train,9
29,256,train,2
29,1707,train,3
29,1370,train,9
29,1773,train,3
29,972,train,3
29,86,train,0
29,4969,train,9
29,1067,train,3
29,5174,train,3
29,5883,train,9
29,6411,train,2
29,6209,train,8
29,1103,train,1
29,1387,train,8
29,2410,train,6
29,3816,train,5
29,3321,train,0
29,1059,train,5
29,7078,train,9
29,877,train,7
29,2670,train,6
29,4078,train,1
29,4433,train,7
29,4190,train,9
29,2651,train,0
29,5103,train,4
29,1426,train,2
29,2245,train,9
29,1238,train,3
29,6871,train,1
29,6406,train,3
29,2631,train,8
29,1107,train,8
29,1037,train,1
29,3069,train,7
29,5421,train,1
29,420,train,1
29,6176,train,1
29,5844,train,4
29,1393,train,3
29,459,train,5
29,2892,train,5
29,6665,train,1
29,7047,train,1
29,3016,train,0
29,615,train,9
29,7147,train,3
29,4526,train,3
29,1912,train,2
29,1613,train,7
29,7359,train,4
29,575,train,9
29,3958,train,9
29,764,train,3
29,6235,train,7
29,5738,train,8
29,1131,train,6
29,4301,train,5
29,3497,train,0
29,306,train,8
29,1450,train,9
29,5663,train,4
29,4488,train,5
29,5341,train,2
29,2682,train,8
29,5600,train,1
29,4504,train,9
29,5425,train,8
29,5733,train,8
29,3184,train,1
29,3029,train,3
29,1580,train,0
29,6909,train,6
29,83,train,1
29,7122,train,1
29,1154,train,3
29,6219,train,7
29,761,train,2
29,5587,train,6
29,2827,train,1
29,3446,train,9
29,5327,train,9
29,2227,train,3
29,1402,train,8
29,5014,train,9
29,2855,train,4
29,346,train,1
29,5188,train,4
29,5793,train,8
29,7290,train,7
29,5114,train,0
29,6889,train,7
29,5597,train,5
29,993,train,3
29,1901,train,2
29,2509,train,4
29,5406,train,0
29,5828,train,7
29,3498,train,9
29,4569,train,6
29,370,train,5
29,1743,train,7
29,7156,train,5
29,375,train,0
29,2058,train,1
29,3292,train,4
29,4022,train,0
29,5153,train,3
29,1486,train,5
29,7058,train,7
29,797,train,1
29,4295,train,1
29,3239,train,6
29,312,train,2
29,7224,train,5
29,5566,train,9
29,1188,train,4
29,7331,train,1
29,3133,train,3
29,4972,train,2
29,400,train,8
29,6796,train,7
29,3220,train,3
29,296,train,2
29,2687,train,1
29,3003,train,5
29,6683,train,8
29,2731,train,2
29,114,train,8
29,6439,train,9
29,1286,train,7
29,5118,train,8
29,5437,train,0
29,6513,train,8
29,5191,train,8
29,155,train,6
29,1876,train,1
29,6077,train,1
29,254,train,3
29,204,train,0
29,864,train,5
29,5057,train,7
29,3084,train,5
29,5926,train,4
29,1333,train,4
29,6362,train,8
29,5106,train,4
29,3097,train,6
29,4142,train,3
29,5299,train,8
29,874,train,5
29,3431,train,0
29,33,train,8
29,7251,train,2
29,5628,train,8
29,4591,train,9
29,1490,train,6
29,1185,train,3
29,1018,train,2
29,1902,train,0
29,1660,train,2
29,2520,train,8
29,5244,train,2
29,4717,train,9
29,7092,train,9
29,6116,train,4
29,3817,train,0
29,6160,train,8
29,4356,train,6
29,7169,train,5
29,2747,train,2
29,6584,train,9
29,5505,train,3
29,186,train,9
29,5480,train,0
29,5490,train,7
29,5043,train,3
29,1406,train,0
29,3685,train,4
29,3861,train,2
29,6675,train,1
29,5947,train,5
29,3113,train,1
29,1206,train,3
29,5791,train,3
29,1293,train,2
29,5386,train,1
29,6063,train,9
29,4908,train,7
29,2924,train,1
29,2572,train,8
29,3965,train,1
29,3459,train,8
29,6152,train,6
29,2948,train,5
29,2665,train,6
29,7327,train,2
29,1358,train,5
29,4570,train,7
29,1311,train,7
29,6621,train,7
29,7302,train,9
29,483,train,8
29,4052,train,6
29,1770,train,3
29,2314,train,4
29,6920,train,1
29,7006,train,0
29,1834,train,5
29,675,train,0
29,5624,train,8
29,3764,train,2
29,2465,train,9
29,1039,train,3
29,5398,train,1
29,1842,train,1
29,5111,train,4
29,3183,train,9
29,6413,train,7
29,2885,train,3
29,762,train,1
29,1938,train,4
29,1408,train,5
29,4845,train,2
29,1641,train,8
29,1980,train,1
29,5073,train,6
29,3901,train,9
29,7134,train,7
29,2020,train,9
29,5249,train,8
29,231,train,8
29,5715,train,0
29,6118,train,5
29,6702,train,1
29,5787,train,2
29,2767,train,4
29,4809,train,5
29,6447,train,1
29,1084,train,8
29,2667,train,2
29,2620,train,5
29,6346,train,3
29,700,train,4
29,6255,train,4
29,429,train,2
29,639,train,3
29,3992,train,3
29,4524,train,1
29,4003,train,0
29,6972,train,8
29,1044,train,5
29,3615,train,4
29,1816,train,7
29,1407,train,2
29,1826,train,5
29,80,train,6
29,3342,train,2
29,229,train,2
29,1920,train,0
29,134,train,5
29,3796,train,6
29,1784,train,0
29,5002,train,0
29,2033,train,0
29,2777,train,2
29,1735,train,3
29,521,train,8
29,3421,train,5
29,5524,train,6
29,4580,train,2
29,4858,train,2
29,6222,train,4
29,5052,train,0
29,4847,train,7
29,3677,train,1
29,4220,train,1
29,5535,train,0
29,694,train,2
29,3773,train,4
29,5846,train,0
29,4222,train,8
29,279,train,4
29,1219,train,9
29,5664,train,8
29,452,train,4
29,3458,train,7
29,6091,train,1
29,7274,train,3
29,4595,train,7
29,2261,train,9
29,3221,train,2
29,4240,train,6
29,2475,train,3
29,6399,train,3
29,1506,train,4
29,5496,train,4
29,7318,train,1
29,5958,train,2
29,1549,train,8
29,1557,train,0
29,4036,train,6
29,1688,train,6
29,707,train,9
29,5323,train,2
29,4550,train,4
29,7187,train,2
29,2442,train,1
29,4242,train,5
29,5615,train,1
29,2330,train,6
29,3464,train,0
29,237,train,0
29,5779,train,9
29,1096,train,3
29,2353,train,2
29,1953,train,3
29,2440,train,8
29,1475,train,7
29,2612,train,4
29,7253,train,3
29,727,train,5
29,3100,train,5
29,7333,train,8
29,1298,train,9
29,1962,train,9
29,6205,train,5
29,2466,train,5
29,7020,train,3
29,2332,train,3
29,2385,train,0
29,3537,train,4
29,3307,train,0
29,1744,train,8
29,2457,train,5
29,5621,train,5
29,389,train,8
29,11,train,5
29,6329,train,7
29,426,train,8
29,5849,train,0
29,4064,train,2
29,1533,train,6
29,3984,train,3
29,3811,train,0
29,4093,train,3
29,4123,train,3
29,4305,train,8
29,4311,train,6
29,1716,train,2
29,67,train,2
29,3915,train,0
29,2523,train,8
29,2601,train,7
29,1359,train,0
29,3269,train,9
29,192,train,0
29,1417,train,2
29,6875,train,4
29,478,train,9
29,6386,train,8
29,4888,train,9
29,5138,train,5
29,3214,train,4
29,4883,train,8
29,1960,train,8
29,3499,train,4
29,5019,train,3
29,6440,train,1
29,3287,train,3
29,5742,train,4
29,6297,train,5
29,5098,train,9
29,5072,train,7
29,1849,train,8
29,7275,train,1
29,6949,train,0
29,7343,train,6
29,4121,train,3
29,2776,train,7
29,3950,train,4
29,627,train,3
29,1476,train,8
29,3300,train,6
29,3510,train,9
29,6928,train,4
29,291,train,3
29,1458,train,0
29,821,train,6
29,4314,train,5
29,3904,train,9
29,6558,train,5
29,6852,train,2
29,4670,train,6
29,3777,train,1
29,4803,train,7
29,5006,train,4
29,2275,train,1
29,5028,train,7
29,1932,train,7
29,622,train,7
29,4911,train,3
29,4070,train,8
29,1305,train,7
29,4371,train,0
29,5515,train,9
29,7325,train,6
29,5617,train,8
29,6627,train,6
29,786,train,8
29,12,train,5
29,239,train,0
29,722,train,5
29,3035,train,1
29,4850,train,0
29,2798,train,6
29,3198,train,5
29,3280,train,6
29,413,train,3
29,4945,train,4
29,7283,train,6
29,465,train,3
29,5295,train,3
29,5189,train,2
29,5982,train,7
29,383,train,6
29,4694,train,6
29,5321,train,0
29,2717,train,4
29,5647,train,4
29,5196,train,8
29,6822,train,8
29,345,train,2
29,2807,train,6
29,1432,train,7
29,1127,train,4
29,6932,train,2
29,1027,train,7
29,169,train,4
29,493,train,8
29,6034,train,2
29,316,train,9
29,2173,train,2
29,3215,train,0
29,6589,train,0
29,5354,train,0
29,3313,train,8
29,5038,train,6
29,2700,train,6
29,6326,train,2
29,1852,train,8
29,3048,train,4
29,6771,train,7
29,2616,train,0
29,2458,train,1
29,5881,train,1
29,5561,train,6
29,6613,train,5
29,5008,train,1
29,7201,train,5
29,4097,train,3
29,3405,train,7
29,3768,train,4
29,6808,train,6
29,1339,train,2
29,6244,train,7
29,925,train,9
29,3306,train,8
29,5901,train,2
29,5766,train,7
29,6503,train,9
29,3,train,1
29,2491,train,9
29,6840,train,8
29,4216,train,8
29,5609,train,1
29,4167,train,8
29,6800,train,1
29,5526,train,4
29,1601,train,6
29,6835,train,3
29,5347,train,7
29,843,train,7
29,4714,train,7
29,6472,train,2
29,4840,train,7
29,4466,train,1
29,6038,train,9
29,3601,train,1
29,7041,train,8
29,737,train,8
29,2303,train,1
29,1890,train,1
29,4480,train,1
29,439,train,9
29,2641,train,9
29,3841,train,5
29,405,train,9
29,1537,train,3
29,3927,train,7
29,4105,train,8
29,1981,train,6
29,2851,train,1
29,4182,train,4
29,3849,train,2
29,2172,train,0
29,3138,train,4
29,4522,train,9
29,552,train,8
29,3375,train,3
29,5487,train,5
29,2809,train,8
29,7120,train,2
29,2464,train,0
29,1186,train,2
29,6052,train,2
29,5523,train,4
29,818,train,7
29,5681,train,6
29,1998,train,7
29,1950,train,7
29,5254,train,7
29,1240,train,8
29,2182,train,7
29,5228,train,2
29,7223,train,0
29,2556,train,1
29,2803,train,6
29,2638,train,1
29,2376,train,8
29,2035,train,1
29,5282,train,7
29,368,train,6
29,3622,train,8
29,3644,train,5
29,4027,train,2
29,1922,train,7
29,6894,train,4
29,6466,train,6
29,2668,train,7
29,1801,train,4
29,6505,train,8
29,5525,train,1
29,6854,train,4
29,3042,train,2
29,1785,train,4
29,4261,train,5
29,2644,train,1
29,1807,train,9
29,218,train,9
29,2371,train,3
29,632,train,5
29,534,train,9
29,4485,train,2
29,5099,train,0
29,1588,train,9
29,5767,train,1
29,2063,train,5
29,649,train,3
29,4499,train,3
29,5575,train,0
29,6499,train,4
29,1042,train,6
29,3413,train,8
29,3879,train,2
29,1449,train,5
29,4923,train,4
29,7183,train,8
29,1699,train,7
29,2618,train,4
29,2738,train,8
29,750,train,3
29,2266,train,6
29,3440,train,3
29,7126,train,3
29,7061,train,7
29,6965,train,1
29,2888,train,0
29,854,train,5
29,3660,train,0
29,3176,train,8
29,1318,train,6
29,1313,train,2
29,1913,train,1
29,2801,train,8
29,3758,train,9
29,7065,train,7
29,6851,train,8
29,6461,train,5
29,3106,train,5
29,3240,train,6
29,759,train,0
29,3423,train,3
29,2869,train,1
29,1725,train,5
29,1130,train,6
29,1797,train,1
29,992,train,0
29,7296,train,4
29,6836,train,1
29,6630,train,9
29,3864,train,0
29,4976,train,8
29,5088,train,6
29,1133,train,8
29,3195,train,7
29,5944,train,6
29,1851,train,0
29,3834,train,5
29,4627,train,8
29,3332,train,3
29,3636,train,5
29,401,train,8
29,5892,train,3
29,5374,train,3
29,220,train,6
29,5139,train,3
29,4049,train,2
29,6003,train,8
29,4196,train,3
29,5240,train,7
29,850,train,1
29,2424,train,5
29,5065,train,8
29,7361,train,1
29,3310,train,0
29,3880,train,3
29,3997,train,4
29,1527,train,0
29,3828,train,3
29,1678,train,1
29,4855,train,2
29,2146,train,9
29,1558,train,6
29,2604,train,2
29,1156,train,6
29,6392,train,1
29,2519,train,4
29,445,train,8
29,579,train,5
29,3916,train,6
29,4536,train,5
29,4930,train,0
29,484,train,4
29,4959,train,9
29,7172,train,8
29,2231,train,0
29,7022,train,3
29,4375,train,2
29,6214,train,6
29,2397,train,3
29,331,train,8
29,4457,train,1
29,1350,train,4
29,5229,train,9
29,6083,train,2
29,4944,train,3
29,6551,train,5
29,2592,train,8
29,2230,train,8
29,3017,train,0
29,2124,train,3
29,4221,train,9
29,3039,train,9
29,2318,train,7
29,6809,train,8
29,5760,train,8
29,5790,train,1
29,6509,train,4
29,6198,train,6
29,596,train,8
29,1384,train,4
29,6668,train,7
29,1277,train,0
29,297,train,7
29,5649,train,9
29,5731,train,9
29,4917,train,0
29,6632,train,1
29,699,train,3
29,228,train,3
29,3219,train,2
29,4646,train,8
29,4805,train,8
29,5320,train,9
29,2413,train,7
29,5438,train,3
29,5634,train,2
29,6694,train,7
29,4791,train,8
29,6449,train,4
29,2336,train,4
29,720,train,4
29,2107,train,5
29,3554,train,2
29,3552,train,8
29,4315,train,2
29,4431,train,8
29,6001,train,3
29,1389,train,3
29,1513,train,7
29,4461,train,2
29,5495,train,7
29,5023,train,1
29,7265,train,5
29,5424,train,5
29,1397,train,4
29,398,train,8
29,6602,train,8
29,3713,train,1
29,7324,train,8
29,657,train,5
29,2328,train,1
29,5171,train,4
29,3457,train,3
29,1509,train,6
29,5157,train,3
29,54,train,0
29,4608,train,3
29,6950,train,0
29,5879,train,8
29,5770,train,8
29,107,train,4
29,3979,train,3
29,3390,train,6
29,6218,train,4
29,6539,train,9
29,3961,train,2
29,6463,train,9
29,4308,train,9
29,1415,train,1
29,275,train,8
29,4792,train,3
29,2685,train,3
29,4143,train,0
29,7103,train,1
29,4139,train,0
29,391,train,4
29,4205,train,3
29,2176,train,3
29,6554,train,3
29,533,train,9
29,3359,train,9
29,3304,train,1
29,4588,train,2
29,930,train,1
29,5083,train,9
29,39,train,6
29,1386,train,7
29,6931,train,3
29,1456,train,1
29,1787,train,5
29,4982,train,7
29,5543,train,8
29,839,train,3
29,5706,train,2
29,2788,train,7
29,961,train,6
29,6601,train,6
29,295,train,5
29,1391,train,2
29,4593,train,0
29,5723,train,4
29,3132,train,3
29,144,train,3
29,1111,train,4
29,1939,train,5
29,3167,train,0
29,1210,train,9
29,2841,train,0
29,5177,train,3
29,3742,train,2
29,613,train,7
29,1572,train,0
29,5391,train,5
29,386,train,7
29,193,train,2
29,6331,train,0
29,1243,train,2
29,5716,train,6
29,4605,train,2
29,1945,train,3
29,4230,train,5
29,2621,train,3
29,3161,train,3
29,221,train,3
29,1348,train,6
29,7240,train,1
29,4287,train,2
29,5259,train,3
29,5775,train,5
29,3350,train,4
29,50,train,9
29,3144,train,9
29,5808,train,1
29,1072,train,4
29,2483,train,2
29,5358,train,8
29,2218,train,6
29,5364,train,0
29,175,train,5
29,1924,train,0
29,2212,train,2
29,4463,train,9
29,139,train,0
29,5994,train,0
29,6538,train,7
29,1278,train,5
29,5619,train,0
29,1128,train,3
29,829,train,0
29,6212,train,3
29,4946,train,8
29,3754,train,3
29,1404,train,6
29,6105,train,5
29,735,train,6
29,4590,train,5
29,5235,train,3
29,2459,train,0
29,5755,train,3
29,2274,train,1
29,3014,train,2
29,3911,train,0
29,1934,train,4
29,2866,train,4
29,2018,train,3
29,4869,train,6
29,4215,train,4
29,1630,train,2
29,3805,train,0
29,7306,train,5
29,2284,train,8
29,2471,train,6
29,957,train,3
29,6271,train,7
29,4428,train,7
29,963,train,9
29,3652,train,9
29,7055,train,4
29,2647,train,1
29,2200,train,1
29,34,train,4
29,1031,train,0
29,309,train,7
29,5959,train,6
29,7356,train,7
29,2241,train,4
29,1843,train,7
29,4483,train,8
29,6259,train,7
29,5245,train,7
29,1424,train,3
29,1446,train,0
29,7132,train,3
29,6872,train,6
29,810,train,6
29,3717,train,3
29,6268,train,1
29,954,train,8
29,2171,train,3
29,5971,train,4
29,5069,train,0
29,3563,train,6
29,4918,train,3
29,2772,train,9
29,2025,train,7
29,4018,train,9
29,3516,train,9
29,5513,train,6
29,7239,train,8
29,2434,train,4
29,3566,train,4
29,6159,train,9
29,3619,train,0
29,1746,train,2
29,3830,train,1
29,5064,train,7
29,1788,train,5
29,4224,train,5
29,6309,train,6
29,4653,train,8
29,543,train,9
29,2285,train,5
29,7044,train,5
29,3116,train,9
29,5514,train,5
29,1360,train,0
29,1482,train,1
29,2201,train,8
29,339,train,9
29,2474,train,1
29,3555,train,0
29,1677,train,7
29,1520,train,6
29,5972,train,7
29,3642,train,1
29,1681,train,7
29,2503,train,3
29,5558,train,8
29,259,train,3
29,4055,train,4
29,4727,train,0
29,1978,train,6
29,3520,train,2
29,4632,train,3
29,1341,train,5
29,3843,train,8
29,2027,train,2
29,1571,train,7
29,1957,train,3
29,2067,train,9
29,5267,train,9
29,7321,train,7
29,5865,train,8
29,2589,train,2
29,3684,train,2
29,1616,train,1
29,4871,train,4
29,125,train,8
29,4282,train,1
29,3311,train,9
29,4826,train,4
29,1559,train,3
29,5289,train,2
29,4394,train,2
29,6700,train,1
29,2648,train,7
29,3944,train,1
29,929,train,7
29,6940,train,1
29,4695,train,6
29,3126,train,2
29,1146,train,5
29,5255,train,1
29,6860,train,7
29,1090,train,7
29,6886,train,2
29,6916,train,6
29,6978,train,0
29,4456,train,6
29,5711,train,3
29,6748,train,4
29,6998,train,6
29,1319,train,3
29,4061,train,2
29,5989,train,1
29,5895,train,1
29,3134,train,2
29,2905,train,0
29,6246,train,1
29,6523,train,0
29,6448,train,4
29,7307,train,1
29,7196,train,9
29,4416,train,1
29,4938,train,8
29,6110,train,4
29,1706,train,5
29,5261,train,4
29,7292,train,9
29,5786,train,7
29,6514,train,7
29,1336,train,2
29,5759,train,2
29,1618,train,3
29,4916,train,3
29,177,train,0
29,4978,train,2
29,1329,train,8
29,466,train,7
29,6272,train,8
29,1958,train,0
29,2673,train,9
29,6062,train,5
29,1662,train,4
29,3011,train,3
29,660,train,8
29,3786,train,9
29,6919,train,0
29,3871,train,4
29,3675,train,5
29,3662,train,7
29,5613,train,0
29,837,train,1
29,2185,train,3
29,4133,train,6
29,194,train,9
29,6614,train,3
29,4419,train,6
29,6685,train,3
29,4668,train,4
29,113,train,5
29,373,train,7
29,2352,train,2
29,344,train,6
29,3098,train,1
29,3877,train,3
29,1247,train,8
29,472,train,3
29,2963,train,4
29,6899,train,8
29,652,train,5
29,3064,train,8
29,3331,train,6
29,2449,train,9
29,5740,train,7
29,2229,train,0
29,2584,train,7
29,4754,train,3
29,277,train,3
29,6795,train,7
29,3836,train,5
29,4203,train,3
29,5416,train,8
29,6444,train,7
29,2484,train,1
29,5169,train,5
29,1080,train,9
29,5403,train,6
29,7,train,7
29,4848,train,6
29,6751,train,9
29,4521,train,8
29,2804,train,0
29,2522,train,1
29,3340,train,5
29,3801,train,9
29,887,train,5
29,3182,train,9
29,1117,train,6
29,4489,train,5
29,4635,train,3
29,890,train,2
29,4120,train,8
29,2316,train,1
29,7036,train,2
29,4613,train,2
29,7107,train,7
29,3704,train,2
29,783,train,2
29,4601,train,8
29,719,train,6
29,2178,train,2
29,3820,train,6
29,1051,train,2
29,6363,train,9
29,4377,train,8
29,4318,train,5
29,6051,train,6
29,3865,train,4
29,1663,train,8
29,598,train,0
29,4285,train,7
29,6245,train,4
29,122,train,5
29,7005,train,7
29,4080,train,8
29,3487,train,5
29,5494,train,3
29,2505,train,1
29,1991,train,5
29,1691,train,8
29,6689,train,9
29,6132,train,3
29,6367,train,0
29,5325,train,3
29,142,train,1
29,664,train,9
29,5950,train,5
29,1479,train,7
29,1772,train,5
29,5568,train,8
29,2728,train,1
29,3157,train,5
29,1440,train,2
29,5596,train,5
29,4500,train,0
29,5395,train,1
29,1867,train,4
29,38,train,8
29,3994,train,3
29,5477,train,6
29,2922,train,5
29,6047,train,4
29,1074,train,5
29,7038,train,5
29,7165,train,8
29,2488,train,9
29,2400,train,6
29,1827,train,0
29,1488,train,8
29,1205,train,6
29,6586,train,5
29,1461,train,1
29,1207,train,7
29,2360,train,0
29,1076,train,7
29,3926,train,4
29,5866,train,7
29,926,train,9
29,6114,train,0
29,2822,train,1
29,4326,train,9
29,2704,train,5
29,6204,train,3
29,3894,train,3
29,5452,train,1
29,4660,train,3
29,3797,train,2
29,3534,train,7
29,3072,train,6
29,4988,train,1
29,2011,train,5
29,6187,train,2
29,3814,train,9
29,6531,train,4
29,4111,train,0
29,2587,train,2
29,4303,train,0
29,4178,train,4
29,7177,train,4
29,6865,train,9
29,4960,train,7
29,827,train,7
29,5292,train,3
29,2832,train,9
29,1203,train,7
29,2487,train,8
29,5011,train,9
29,5773,train,5
29,4777,train,2
29,2560,train,6
29,6528,train,8
29,4072,train,7
29,1501,train,8
29,7358,train,1
29,410,train,7
29,5903,train,6
29,3156,train,2
29,776,train,0
29,3087,train,7
29,3826,train,0
29,2356,train,7
29,4204,train,3
29,2267,train,6
29,3584,train,7
29,5136,train,0
29,6688,train,6
29,6288,train,8
29,3357,train,6
29,6502,train,4
29,2279,train,7
29,4048,train,7
29,4640,train,7
29,1193,train,0
29,289,train,5
29,7085,train,4
29,630,train,2
29,7018,train,8
29,4152,train,0
29,3121,train,4
29,7097,train,3
29,6109,train,0
29,1498,train,3
29,354,train,6
29,1926,train,6
29,1114,train,9
29,2355,train,3
29,5970,train,6
29,6397,train,8
29,4454,train,9
29,1196,train,1
29,952,train,6
29,25,train,4
29,6475,train,2
29,1453,train,1
29,5813,train,0
29,3873,train,6
29,95,train,8
29,6290,train,5
29,4793,train,6
29,1102,train,7
29,1573,train,5
29,6325,train,6
29,5509,train,6
29,1721,train,7
29,7010,train,4
29,4618,train,6
29,1765,train,5
29,6573,train,9
29,2380,train,1
29,1815,train,8
29,6188,train,0
29,6354,train,7
29,7090,train,1
29,7216,train,6
29,2910,train,8
29,498,train,8
29,4589,train,2
29,2797,train,0
29,3227,train,2
29,6460,train,5
29,6459,train,5
29,6481,train,2
29,3162,train,5
29,2296,train,1
29,5456,train,4
29,3539,train,7
29,6178,train,7
29,3371,train,9
29,5399,train,9
29,4553,train,5
29,7050,train,7
29,4258,train,9
29,6766,train,5
29,6711,train,7
29,3578,train,1
29,4986,train,4
29,1542,train,5
29,566,train,6
29,1818,train,5
29,6347,train,2
29,6885,train,4
29,7167,train,3
29,5478,train,0
29,364,train,9
29,2181,train,7
29,4928,train,8
29,5192,train,2
29,2468,train,3
29,3288,train,5
29,6707,train,7
29,1720,train,2
29,5672,train,6
29,6020,train,9
29,6673,train,1
29,2093,train,7
29,4134,train,0
29,5472,train,7
29,3047,train,4
29,3878,train,8
29,4881,train,9
29,6742,train,1
29,2205,train,5
29,2497,train,6
29,2392,train,8
29,958,train,0
29,2128,train,2
29,3075,train,8
29,2954,train,1
29,5033,train,7
29,4913,train,7
29,1715,train,8
29,4631,train,4
29,2113,train,2
29,6545,train,9
29,2833,train,8
29,5048,train,6
29,5646,train,2
29,181,train,2
29,3508,train,3
29,6471,train,1
29,813,train,5
29,1862,train,1
29,1704,train,3
29,6206,train,2
29,515,train,2
29,3089,train,4
29,2414,train,2
29,3438,train,1
29,7366,train,6
29,1141,train,1
29,7124,train,1
29,4069,train,3
29,6567,train,8
29,3557,train,0
29,6560,train,0
29,7019,train,4
29,3789,train,1
29,4033,train,8
29,565,train,4
29,2038,train,2
29,4154,train,1
29,7269,train,3
29,1910,train,8
29,5389,train,5
29,1418,train,9
29,1548,train,5
29,5184,train,2
29,6797,train,0
29,3546,train,8
29,486,train,6
29,6659,train,5
29,7267,train,5
29,6731,train,4
29,5814,train,1
29,4408,train,5
29,996,train,4
29,161,train,2
29,1201,train,5
29,1140,train,3
29,1696,train,4
29,3378,train,1
29,5845,train,0
29,3481,train,1
29,6781,train,3
29,3002,train,2
29,1335,train,4
29,1489,train,6
29,1628,train,6
29,1347,train,6
29,6053,train,5
29,6197,train,4
29,3141,train,4
29,6111,train,7
29,6017,train,9
29,6122,train,3
29,2076,train,6
29,4887,train,4
29,6935,train,5
29,4866,train,6
29,5678,train,3
29,3059,train,5
29,1967,train,8
29,4926,train,6
29,5467,train,9
29,2268,train,5
29,3417,train,0
29,2533,train,0
29,1631,train,9
29,6701,train,6
29,15,train,7
29,1900,train,2
29,4664,train,1
29,1878,train,3
29,5201,train,2
29,4673,train,6
29,5000,train,0
29,2383,train,1
29,464,train,5
29,1736,train,9
29,5164,train,8
29,6138,train,9
29,3494,train,2
29,2204,train,4
29,4995,train,6
29,5348,train,6
29,2170,train,7
29,1225,train,1
29,2765,train,7
29,6182,train,3
29,189,train,8
29,6577,train,1
29,3026,train,5
29,7335,train,4
29,4481,validation,9
29,768,validation,9
29,915,validation,1
29,5962,validation,1
29,5084,validation,7
29,7215,validation,7
29,2045,validation,7
29,7146,validation,6
29,3377,validation,4
29,3719,validation,4
29,606,validation,6
29,6036,validation,4
29,4349,validation,6
29,3326,validation,0
29,6441,validation,0
29,1617,validation,7
29,568,validation,9
29,3748,validation,1
29,1077,validation,4
29,3594,validation,1
29,3407,validation,8
29,2351,validation,0
29,6692,validation,9
29,1361,validation,3
29,4333,validation,8
29,5040,validation,1
29,4168,validation,4
29,7081,validation,9
29,2409,validation,2
29,1494,validation,3
29,6401,validation,5
29,6095,validation,8
29,560,validation,3
29,602,validation,2
29,3361,validation,0
29,5611,validation,2
29,4009,validation,5
29,2846,validation,4
29,4678,validation,1
29,3493,validation,1
29,4663,validation,9
29,4144,validation,5
29,381,validation,3
29,7340,validation,8
29,5078,validation,5
29,2813,validation,1
29,6384,validation,3
29,4963,validation,4
29,2979,validation,4
29,1095,validation,5
29,2810,validation,5
29,4820,validation,2
29,859,validation,4
29,1472,validation,0
29,1431,validation,1
29,3538,validation,1
29,5750,validation,0
29,106,validation,0
29,6208,validation,0
29,5890,validation,7
29,140,validation,0
29,5809,validation,8
29,1931,validation,3
29,3191,validation,4
29,6845,validation,0
29,2387,validation,4
29,6547,validation,1
29,1187,validation,3
29,3346,validation,5
29,6610,validation,3
29,2338,validation,3
29,3504,validation,6
29,553,validation,8
29,1183,validation,9
29,1177,validation,6
29,3374,validation,2
29,5342,validation,5
29,1976,validation,3
29,3680,validation,2
29,87,validation,6
29,7185,validation,0
29,6398,validation,0
29,2142,validation,4
29,100,validation,2
29,2730,validation,9
29,1249,validation,8
29,4150,validation,7
29,3200,validation,8
29,1587,validation,8
29,607,validation,6
29,1857,validation,0
29,6372,validation,0
29,5637,validation,0
29,7173,validation,1
29,4016,validation,5
29,2295,validation,2
29,3857,validation,2
29,2712,validation,1
29,2921,validation,7
29,6455,validation,3
29,5208,validation,9
29,4599,validation,3
29,1256,validation,7
29,2710,validation,6
29,840,validation,7
29,1363,validation,2
29,1986,validation,8
29,1883,validation,6
29,4446,validation,1
29,7100,validation,4
29,6631,validation,7
29,5804,validation,4
29,5405,validation,8
29,4112,validation,8
29,4817,validation,3
29,1585,validation,3
29,4671,validation,0
29,743,validation,6
29,5047,validation,0
29,6943,validation,1
29,4666,validation,9
29,3688,validation,0
29,3960,validation,4
29,1132,validation,8
29,434,validation,9
29,6195,validation,1
29,4472,validation,8
29,6847,validation,0
29,636,validation,4
29,3985,validation,7
29,2179,validation,4
29,1956,validation,9
29,21,validation,7
29,1241,validation,5
29,3931,validation,0
29,5125,validation,5
29,7330,validation,9
29,3809,validation,3
29,4391,validation,4
29,955,validation,7
29,1853,validation,9
29,6342,validation,2
29,4194,validation,1
29,2934,validation,9
29,7175,validation,0
29,6241,validation,2
29,5797,validation,4
29,2104,validation,2
29,4223,validation,4
29,1374,validation,6
29,4364,validation,3
29,2054,validation,0
29,2271,validation,1
29,3968,validation,7
29,6046,validation,3
29,4245,validation,0
29,2843,validation,5
29,99,validation,3
29,4814,validation,9
29,6031,validation,8
29,3325,validation,7
29,1246,validation,8
29,640,validation,2
29,1552,validation,4
29,3317,validation,6
29,4493,validation,7
29,2953,validation,9
29,6775,validation,0
29,2277,validation,5
29,6765,validation,7
29,4479,validation,9
29,6458,validation,0
29,1576,validation,0
29,263,validation,9
29,6783,validation,8
29,6317,validation,1
29,5578,validation,3
29,6945,validation,6
29,7316,validation,5
29,2075,validation,5
29,5559,validation,5
29,6274,validation,7
29,390,validation,5
29,4358,validation,7
29,58,validation,2
29,5318,validation,6
29,5953,validation,7
29,3038,validation,4
29,5999,validation,4
29,4612,validation,9
29,7179,validation,8
29,210,validation,9
29,6752,validation,7
29,4614,validation,4
29,1126,validation,6
29,7245,validation,4
29,1565,validation,3
29,1416,validation,3
29,676,validation,3
29,1200,validation,7
29,5542,validation,5
29,2998,validation,4
29,4577,validation,1
29,5594,validation,6
29,356,validation,9
29,1762,validation,1
29,2669,validation,4
29,530,validation,6
29,6016,validation,2
29,3676,validation,7
29,4884,validation,9
29,2363,validation,3
29,4682,validation,2
29,4547,validation,4
29,8,validation,0
29,4902,validation,7
29,1972,validation,0
29,4778,validation,4
29,526,validation,7
29,6497,validation,7
29,1344,validation,6
29,2539,validation,9
29,1944,validation,8
29,6450,validation,3
29,5497,validation,9
29,225,validation,1
29,5691,validation,3
29,6069,validation,5
29,4767,validation,0
29,2966,validation,5
29,585,validation,4
29,7258,validation,8
29,1327,validation,4
29,3408,validation,1
29,163,validation,5
29,6887,validation,9
29,1071,validation,9
29,4619,validation,4
29,6924,validation,1
29,7000,validation,3
29,6717,validation,4
29,5940,validation,0
29,6501,validation,1
29,2326,validation,4
29,6892,validation,1
29,3448,validation,9
29,1028,validation,4
29,3889,validation,7
29,6981,validation,7
29,3614,validation,6
29,1447,validation,4
29,7117,validation,7
29,3419,validation,6
29,663,validation,3
29,1870,validation,7
29,2598,validation,7
29,6698,validation,7
29,3228,validation,2
29,7192,validation,1
29,3867,validation,5
29,37,validation,1
29,6671,validation,7
29,3603,validation,7
29,2350,validation,6
29,651,validation,8
29,4623,validation,0
29,4638,validation,8
29,6149,validation,3
29,214,validation,7
29,4538,validation,2
29,3643,validation,2
29,2105,validation,2
29,4257,validation,4
29,6429,validation,2
29,4994,validation,0
29,3127,validation,3
29,3112,validation,2
29,6927,validation,6
29,7073,validation,5
29,3845,validation,1
29,3977,validation,6
29,6934,validation,5
29,1837,validation,6
29,3804,validation,2
29,4897,validation,8
29,6649,validation,6
29,2516,validation,5
29,4693,validation,8
29,2502,validation,4
29,30,validation,6
29,4836,validation,1
29,3792,validation,2
29,6759,validation,3
29,4860,validation,2
29,1125,validation,1
29,4162,validation,1
29,1485,validation,7
29,7155,validation,1
29,3665,validation,4
29,28,validation,3
29,5960,validation,3
29,6415,validation,6
29,5519,validation,5
29,870,validation,2
29,3266,validation,9
29,988,validation,2
29,42,validation,1
29,2643,validation,4
29,4949,validation,7
29,4218,validation,7
29,3767,validation,5
29,4639,validation,0
29,7353,validation,2
29,698,validation,8
29,5147,validation,9
29,3757,validation,9
29,6230,validation,6
29,2272,validation,2
29,3674,validation,4
29,2914,validation,8
29,3670,validation,5
29,1168,validation,7
29,5307,validation,5
29,2663,validation,3
29,6085,validation,3
29,5130,validation,8
29,3725,validation,2
29,3473,validation,0
29,2411,validation,9
29,5158,validation,1
29,1049,validation,5
29,2116,validation,5
29,3597,validation,8
29,524,validation,6
29,1296,validation,6
29,1481,validation,0
29,6743,validation,8
29,2781,validation,9
29,4797,validation,3
29,2991,validation,7
29,760,validation,2
29,4475,validation,8
29,1251,validation,6
29,5910,validation,1
29,6043,validation,6
29,138,validation,2
29,6535,validation,1
29,5180,validation,8
29,3535,validation,4
29,2518,validation,6
29,5967,validation,3
29,4299,validation,8
29,3222,validation,4
29,183,validation,3
29,6746,validation,5
29,4736,validation,9
29,1038,validation,2
29,3561,validation,0
29,5419,validation,2
29,4578,validation,3
29,4175,validation,7
29,4129,validation,3
29,3065,validation,2
29,1940,validation,3
29,2692,validation,0
29,6227,validation,2
29,2942,validation,5
29,2196,validation,2
29,4540,validation,2
29,6828,validation,3
29,4425,validation,3
29,328,validation,6
29,6032,validation,1
29,667,validation,0
29,3664,validation,8
29,5863,validation,3
29,2819,validation,5
29,6049,validation,2
29,4352,validation,9
29,4712,validation,9
29,5902,validation,3
29,2850,validation,3
29,1011,validation,6
29,1304,validation,0
29,4552,validation,1
29,6633,validation,6
29,7017,validation,0
29,287,validation,8
29,551,validation,0
29,4497,validation,2
29,6952,validation,0
29,2879,validation,9
29,2985,validation,0
29,3218,validation,7
29,5095,validation,6
29,1451,validation,0
29,1487,validation,6
29,3595,validation,6
29,581,validation,1
29,321,validation,4
29,608,validation,6
29,3151,validation,3
29,1285,validation,9
29,5294,validation,1
29,3617,validation,3
29,5439,validation,2
29,2013,validation,9
29,6168,validation,3
29,6270,validation,2
29,1709,validation,2
29,47,validation,4
29,4655,validation,3
29,2826,validation,7
29,436,validation,9
29,6057,validation,8
29,7208,validation,2
29,4227,validation,8
29,5427,validation,1
29,5833,validation,1
29,4275,validation,4
29,3893,validation,6
29,3650,validation,9
29,2918,validation,6
29,4307,validation,1
29,1798,validation,0
29,5243,validation,9
29,2719,validation,7
29,3433,validation,2
29,2980,validation,6
29,6166,validation,5
29,6600,validation,0
29,4159,validation,5
29,6652,validation,3
29,1139,validation,4
29,7362,validation,8
29,5589,validation,3
29,7209,validation,9
29,577,validation,4
29,5039,validation,7
29,7281,validation,6
29,3442,validation,1
29,2404,validation,4
29,6532,validation,1
29,4130,validation,5
29,976,validation,9
29,6360,validation,1
29,6982,validation,5
29,1897,validation,3
29,6312,validation,4
29,1105,validation,8
29,4263,validation,0
29,2041,validation,2
29,5916,validation,1
29,360,validation,6
29,1799,validation,7
29,6167,validation,1
29,6261,validation,6
29,3452,validation,8
29,6454,validation,4
29,896,validation,2
29,3124,validation,0
29,362,validation,4
29,93,validation,4
29,473,validation,3
29,1625,validation,0
29,5431,validation,9
29,3580,validation,4
29,3935,validation,5
29,7110,validation,6
29,836,validation,4
29,6391,validation,7
29,6696,validation,3
29,6361,validation,8
29,3336,validation,9
29,5195,validation,0
29,2120,validation,2
29,2188,validation,4
29,7161,validation,9
29,3265,validation,7
29,6915,validation,3
29,5739,validation,9
29,1194,validation,0
29,3155,validation,5
29,52,validation,4
29,3389,validation,7
29,6075,validation,1
29,4900,validation,3
29,4733,validation,6
29,2729,validation,1
29,7254,validation,0
29,3605,validation,1
29,3733,validation,4
29,1627,validation,8
29,6322,validation,9
29,3596,validation,5
29,6369,validation,8
29,5877,validation,3
29,438,validation,9
29,2345,validation,8
29,3661,validation,9
29,5163,validation,0
29,4116,validation,6
29,3808,validation,4
29,513,validation,3
29,3373,validation,6
29,6918,validation,3
29,909,validation,0
29,4382,validation,8
29,1253,validation,4
29,2529,validation,7
29,1276,validation,3
29,6343,validation,1
29,1400,validation,1
29,3474,validation,1
29,889,validation,1
29,146,validation,1
29,6253,validation,0
29,7312,validation,3
29,3802,validation,0
29,4780,validation,0
29,3730,validation,1
29,5150,validation,5
29,7188,validation,6
29,5571,validation,8
29,6834,validation,7
29,4478,validation,1
29,3553,validation,1
29,1871,validation,2
29,932,validation,0
29,3436,validation,6
29,2477,validation,8
29,5565,validation,6
29,3686,validation,3
29,1824,validation,7
29,78,validation,5
29,924,validation,0
29,2808,validation,8
29,5142,validation,0
29,682,validation,9
29,5951,validation,5
29,2936,validation,3
29,2566,validation,9
29,2329,validation,5
29,5312,validation,6
29,5837,validation,8
29,5635,validation,9
29,5889,validation,4
29,1309,validation,6
29,867,validation,0
29,1535,validation,7
29,167,validation,0
29,2426,validation,8
29,2741,validation,8
29,4460,validation,3
29,6615,validation,0
29,7151,validation,5
29,5540,validation,3
29,2049,validation,5
29,5369,validation,0
29,668,validation,4
29,6571,validation,9
29,5194,validation,1
29,2312,validation,1
29,3995,validation,6
29,6335,validation,3
29,6855,validation,5
29,1,validation,3
29,299,validation,8
29,5641,validation,6
29,2108,validation,7
29,2931,validation,1
29,2891,validation,7
29,2289,validation,0
29,4089,validation,4
29,5131,validation,2
29,5662,validation,2
29,1429,validation,2
29,2849,validation,2
29,2578,validation,5
29,1492,validation,2
29,678,validation,2
29,1499,validation,0
29,7294,validation,7
29,5955,validation,9
29,137,validation,0
29,3293,validation,1
29,7140,validation,6
29,4259,validation,7
29,901,validation,7
29,7174,validation,1
29,715,validation,4
29,6574,validation,2
29,2391,validation,7
29,1845,validation,2
29,4496,validation,7
29,5005,validation,3
29,2806,validation,9
29,3653,validation,7
29,1898,validation,8
29,3703,validation,7
29,4597,validation,5
29,3835,validation,6
29,6273,validation,0
29,4067,validation,5
29,1650,validation,8
29,302,validation,4
29,4620,validation,2
29,4829,validation,8
29,6191,validation,7
29,7076,validation,1
29,679,validation,4
29,6686,validation,2
29,3427,validation,5
29,4617,validation,8
29,3299,validation,5
29,5376,validation,9
29,3593,validation,1
29,1430,validation,6
29,1875,validation,1
29,6970,validation,1
29,4328,validation,6
29,3185,validation,9
29,603,validation,2
29,255,validation,2
29,6606,validation,6
29,3672,validation,7
29,6779,validation,1
29,2501,validation,4
29,2004,validation,1
29,2698,validation,9
29,7287,validation,8
29,3718,validation,9
29,5070,validation,8
29,734,validation,4
29,141,validation,5
29,5896,validation,9
29,3540,validation,9
29,3673,validation,7
29,6656,validation,4
29,6121,validation,3
29,6233,validation,6
29,5316,validation,4
29,1753,validation,0
29,1808,validation,7
29,1419,validation,2
29,3771,validation,7
29,7231,validation,2
29,6691,validation,4
29,1817,validation,0
29,5679,validation,6
29,3726,validation,7
29,116,validation,4
29,3483,validation,1
29,3519,validation,8
29,856,validation,8
29,733,validation,8
29,1941,validation,1
29,5643,validation,2
29,2895,validation,5
29,5081,validation,8
29,5693,validation,6
29,1217,validation,6
29,1727,validation,9
29,2536,validation,8
29,3363,validation,0
29,7297,validation,5
29,6254,validation,7
29,2660,validation,1
29,6541,validation,7
29,4530,validation,1
29,6906,validation,4
29,3400,validation,5
29,2605,validation,8
29,2263,validation,1
29,4345,validation,2
29,3152,validation,2
29,1098,validation,2
29,3461,validation,9
29,2320,validation,4
29,4788,validation,9
29,7063,validation,3
29,1734,validation,9
29,4802,validation,0
29,746,validation,2
29,3932,validation,1
29,3103,validation,4
29,2103,validation,2
29,1467,validation,6
29,3695,validation,0
29,3115,validation,4
29,4967,validation,1
29,2711,validation,4
29,2559,validation,8
29,3384,validation,0
29,5172,validation,4
29,5221,validation,9
29,4035,validation,8
29,6281,validation,5
29,1012,validation,3
29,550,validation,2
29,4201,validation,3
29,3556,validation,8
29,2053,validation,7
29,7248,validation,9
29,6093,validation,0
29,3679,validation,5
29,5224,validation,8
29,6880,validation,5
29,4956,validation,5
29,3666,validation,8
29,7220,validation,7
29,1166,validation,3
29,5252,validation,1
29,1228,validation,1
29,2191,validation,9
29,3006,validation,0
29,3702,validation,5
29,2138,validation,6
29,357,validation,6
29,4005,validation,6
29,4331,validation,4
29,233,validation,7
29,6130,validation,6
29,509,validation,7
29,662,validation,3
29,2235,validation,6
29,5820,validation,9
29,3882,validation,6
29,2110,validation,7
29,2744,validation,7
29,4875,validation,7
29,1781,validation,5
29,7007,validation,4
29,2367,validation,2
29,250,validation,9
29,673,validation,1
29,5718,validation,4
29,2655,validation,3
29,3337,validation,1
29,5832,validation,7
29,7062,validation,1
29,1686,validation,2
29,5954,validation,7
29,1692,validation,3
29,4073,validation,6
29,7099,validation,1
29,3751,validation,8
29,4839,validation,5
29,564,validation,9
29,44,validation,5
29,3869,validation,2
29,7159,validation,3
29,1757,validation,9
29,1414,validation,1
29,4879,validation,7
29,3225,validation,7
29,4937,validation,3
29,4256,validation,2
29,3659,validation,7
29,5248,validation,2
29,2739,validation,4
29,4555,validation,3
29,696,validation,4
29,6714,validation,0
29,881,validation,4
29,1540,validation,2
29,7037,validation,2
29,4740,validation,3
29,7260,validation,8
29,4628,validation,5
29,118,validation,6
29,5965,validation,5
29,6221,validation,1
29,3348,validation,7
29,800,validation,4
29,1211,validation,0
29,1316,validation,2
29,2412,validation,9
29,2811,validation,5
29,1078,validation,4
29,4494,validation,0
29,6378,validation,4
29,1152,validation,1
29,6655,validation,7
29,5582,validation,8
29,284,validation,6
29,7299,validation,8
29,7157,validation,3
29,5132,validation,9
29,4304,validation,7
29,2625,validation,0
29,2091,validation,0
29,2186,validation,5
29,5521,validation,0
29,4099,validation,6
29,2321,validation,7
29,6626,validation,7
29,6134,validation,5
29,2906,validation,9
29,4165,validation,9
29,5608,validation,9
29,292,validation,6
29,1794,validation,8
29,329,validation,8
29,2990,validation,8
29,1290,validation,2
29,1633,validation,8
29,6676,validation,4
29,4683,validation,9
29,1398,validation,2
29,3933,validation,2
29,6445,validation,1
29,3971,validation,0
29,5013,validation,5
29,2042,validation,5
29,1982,validation,9
29,2386,validation,8
29,4722,validation,3
29,4554,validation,6
29,3329,validation,8
29,3178,validation,3
29,5815,validation,7
29,1712,validation,3
29,2092,validation,0
29,2859,validation,7
29,4737,validation,6
29,7259,validation,4
29,4705,validation,2
29,3569,validation,9
29,4092,validation,8
29,60,validation,0
29,6578,validation,0
29,5725,validation,8
29,6030,validation,3
29,616,validation,7
29,7235,validation,8
29,2379,validation,1
29,812,validation,4
29,3213,validation,8
29,6137,validation,4
29,3989,validation,5
29,1010,validation,5
29,5372,validation,7
29,4029,validation,7
29,1092,validation,9
29,6646,validation,9
29,2511,validation,7
29,7225,validation,4
29,5276,validation,1
29,7348,validation,4
29,6340,validation,2
29,6958,validation,0
29,665,validation,1
29,5860,validation,3
29,4901,validation,7
29,4567,validation,1
29,6561,validation,8
29,6753,validation,2
29,519,validation,0
29,6517,validation,4
29,2153,validation,5
29,3028,validation,1
29,7203,validation,3
29,5743,validation,5
29,1935,validation,2
29,3696,validation,1
29,7244,validation,6
29,708,validation,1
29,2437,validation,0
29,5334,validation,8
29,4755,validation,3
29,2570,validation,5
29,1610,validation,5
29,6985,validation,3
29,5761,validation,1
29,2297,validation,7
29,3875,validation,9
29,832,validation,5
29,2754,validation,5
29,1718,validation,0
29,2365,validation,0
29,7075,validation,4
29,5838,validation,7
29,2633,validation,4
29,5714,validation,1
29,3886,validation,1
29,1106,validation,3
29,2143,validation,0
29,6710,validation,9
29,4783,validation,7
29,1589,validation,0
29,4166,validation,7
29,828,validation,8
29,6256,validation,9
29,6344,validation,8
29,968,validation,6
29,5921,validation,1
29,1364,validation,5
29,3980,validation,7
29,2830,validation,0
29,903,validation,2
29,4692,validation,2
29,5035,validation,3
29,2863,validation,8
29,4970,validation,2
29,5997,validation,4
29,4696,validation,5
29,5049,validation,3
29,3611,validation,2
29,5380,validation,5
29,6087,validation,8
29,5626,validation,7
29,5639,validation,8
29,6286,validation,5
29,1793,validation,3
29,6537,validation,9
29,572,validation,0
29,1315,validation,2
29,2060,validation,5
29,5722,validation,0
29,4420,validation,6
29,4060,validation,2
29,2783,validation,6
29,3186,validation,7
29,3970,validation,7
29,980,validation,6
29,4260,validation,6
29,3463,validation,1
29,6812,validation,2
29,4957,validation,8
29,6856,validation,8
29,1570,validation,4
29,3166,validation,5
29,5848,validation,7
29,3887,validation,5
29,2358,validation,3
29,1974,validation,7
29,3765,validation,7
29,5572,validation,6
29,206,validation,3
29,6229,validation,1
29,5185,validation,3
29,3740,validation,5
29,5842,validation,0
29,4237,validation,3
29,3919,validation,8
29,6071,validation,6
29,1270,validation,1
29,4535,validation,6
29,3741,validation,5
29,462,validation,3
29,690,validation,0
29,2048,validation,4
29,2929,validation,2
29,1263,validation,4
29,6488,validation,6
29,1394,validation,1
29,985,validation,8
29,3123,validation,0
29,5851,validation,2
29,3651,validation,7
29,6005,validation,1
29,3154,validation,6
29,1948,validation,3
29,1368,validation,8
29,2082,validation,8
29,5059,validation,6
29,4931,validation,8
29,6185,validation,5
29,2610,validation,5
29,4312,validation,1
29,5888,validation,6
29,3430,validation,3
29,3007,validation,0
29,6004,validation,0
29,2421,validation,7
29,2735,validation,7
29,6548,validation,8
29,7280,validation,2
29,5753,validation,5
29,4217,validation,6
29,6869,validation,0
29,5831,validation,8
29,7200,validation,4
29,3616,validation,6
29,765,validation,4
29,752,validation,5
29,1543,validation,1
29,4961,validation,3
29,5183,validation,6
29,4506,validation,4
29,6553,validation,6
29,2865,validation,0
29,895,validation,8
29,2010,validation,8
29,4896,validation,6
29,7311,validation,3
29,4985,validation,9
29,2894,validation,5
29,6568,validation,8
29,4376,validation,3
29,5551,validation,3
29,5242,validation,6
29,3847,validation,0
29,860,validation,6
29,7042,validation,2
29,2342,validation,0
29,2596,validation,4
29,6964,validation,5
29,1547,validation,9
29,3827,validation,9
29,2238,validation,0
29,3579,validation,9
29,2455,validation,3
29,6849,validation,6
29,4810,validation,8
29,5124,validation,5
29,265,validation,4
29,545,validation,3
29,6544,validation,5
29,5134,validation,6
29,2974,validation,2
29,3243,validation,1
29,2766,validation,0
29,508,validation,8
29,5840,validation,0
29,1189,validation,4
29,5162,validation,8
29,1841,validation,6
29,1025,validation,3
29,6773,validation,4
29,7145,validation,4
29,4058,validation,7
29,2190,validation,7
29,6431,validation,2
29,5303,validation,9
29,3174,validation,1
29,1061,validation,4
29,5445,validation,5
29,3356,validation,2
29,1396,validation,9
29,3479,validation,3
29,1191,validation,4
29,654,validation,6
29,4832,validation,1
29,4163,validation,1
29,1647,validation,3
29,6275,validation,1
29,4473,validation,4
29,5957,validation,2
29,7111,validation,2
29,1995,validation,8
29,1239,validation,3
29,3512,validation,0
29,3489,validation,2
29,215,validation,4
29,814,validation,6
29,7039,validation,3
29,3449,validation,8
29,6420,validation,2
29,1965,validation,9
29,3466,validation,7
29,5296,validation,5
29,1204,validation,8
29,4997,validation,1
29,2111,validation,8
29,4289,validation,9
29,6737,validation,5
29,187,validation,7
29,5384,validation,7
29,5807,validation,0
29,2000,validation,2
29,3486,validation,5
29,1877,validation,5
29,4738,validation,9
29,2050,validation,1
29,3978,validation,8
29,2723,validation,6
29,1936,validation,3
29,1756,validation,3
29,7031,validation,4
29,5570,validation,2
29,7213,validation,9
29,4999,validation,9
29,1438,validation,4
29,2847,validation,0
29,3722,validation,2
29,1855,validation,8
29,2197,validation,1
29,4534,validation,7
29,6495,validation,5
29,4347,validation,1
29,3490,validation,6
29,928,validation,4
29,5401,validation,8
29,2349,validation,0
29,5671,validation,6
29,5306,validation,7
29,1814,validation,9
29,5091,validation,6
29,260,validation,9
29,397,validation,9
29,1909,validation,1
29,997,validation,5
29,3020,validation,6
29,646,validation,0
29,2714,validation,3
29,4169,validation,8
29,307,validation,9
29,4710,validation,2
29,6793,validation,6
29,1761,validation,6
29,1369,validation,7
29,170,validation,3
29,6953,validation,8
29,209,validation,7
29,6092,validation,9
29,7116,validation,9
29,2448,validation,2
29,5546,validation,1
29,1365,validation,3
29,6769,validation,2
29,6618,validation,0
29,7181,validation,9
29,3785,validation,2
29,1104,validation,8
29,2840,validation,4
29,6408,validation,1
29,7211,validation,6
29,886,validation,6
29,2199,validation,1
29,7138,validation,6
29,5045,validation,7
29,5604,validation,5
29,610,validation,2
29,2949,validation,8
29,6515,validation,7
29,1155,validation,2
29,2470,validation,2
29,2251,validation,2
29,2125,validation,5
29,3967,validation,6
29,2749,validation,9
29,811,validation,5
29,5293,validation,5
29,4013,validation,1
29,6657,validation,7
29,6990,validation,4
29,380,validation,4
29,6282,validation,8
29,1993,validation,6
29,5792,validation,3
29,126,validation,5
29,7001,validation,2
29,4265,validation,8
29,2427,validation,2
29,6101,validation,2
29,6478,validation,5
29,6720,validation,5
29,1795,validation,8
29,3105,validation,0
29,6525,validation,5
29,311,validation,5
29,834,validation,5
29,2564,validation,5
29,4953,validation,7
29,3147,validation,7
29,276,validation,9
29,3654,validation,0
29,7002,validation,8
29,7143,validation,2
29,489,validation,1
29,4966,validation,5
29,3844,validation,2
29,2608,validation,9
29,2126,validation,0
29,816,validation,8
29,4987,validation,8
29,2269,validation,9
29,3279,validation,0
29,4470,validation,4
29,3445,validation,0
29,180,validation,0
29,1283,validation,0
29,1729,validation,8
29,547,validation,3
29,1392,validation,6
29,3524,validation,9
29,1017,validation,7
29,2586,validation,2
29,4703,validation,9
29,3171,validation,2
29,4442,validation,5
29,5727,validation,4
29,7263,validation,4
29,4212,validation,3
29,6203,validation,9
29,1917,validation,8
29,3618,validation,3
29,159,validation,8
29,4825,validation,3
29,4184,validation,1
29,4118,validation,7
29,971,validation,9
29,2255,validation,5
29,5265,validation,3
29,5805,validation,5
29,3351,validation,2
29,4325,validation,0
29,1874,validation,8
29,108,validation,3
29,2031,validation,3
29,633,validation,9
29,4838,validation,3
29,934,validation,1
29,1292,validation,4
29,6352,validation,8
29,4132,validation,9
29,253,validation,7
29,6248,validation,5
29,4648,validation,5
29,7320,validation,2
29,1331,validation,0
29,763,validation,4
29,4320,validation,1
29,6576,validation,8
29,1858,validation,9
29,3314,validation,1
29,1556,validation,9
29,947,validation,4
29,6157,validation,8
29,152,validation,8
29,1224,validation,2
29,5029,validation,3
29,731,validation,9
29,4558,validation,0
29,1340,validation,8
29,5335,validation,8
29,6107,validation,5
29,5096,validation,3
29,1372,validation,2
29,4032,validation,9
29,6180,validation,1
29,5936,validation,1
29,455,validation,5
29,5536,validation,1
29,5058,validation,2
29,2634,validation,4
29,3019,validation,4
29,3119,validation,4
29,1737,validation,9
29,6898,validation,9
29,5222,validation,1
29,803,validation,7
29,695,validation,1
29,2861,validation,3
29,5931,validation,9
29,3324,validation,1
29,591,validation,8
29,6098,validation,6
29,686,validation,5
29,7021,validation,3
29,2281,validation,9
29,5055,validation,9
29,7247,validation,6
29,1903,validation,3
29,670,validation,0
29,5686,validation,8
29,6747,validation,3
29,73,validation,3
29,2425,validation,5
29,176,validation,0
29,7023,validation,3
29,5297,validation,4
29,4830,validation,8
29,1448,validation,6
29,2552,validation,6
29,842,validation,6
29,1464,validation,8
29,2750,validation,8
29,1100,validation,5
29,2080,validation,3
29,3896,validation,6
29,1651,validation,5
29,1648,validation,0
29,5457,validation,8
29,1943,validation,6
29,775,validation,7
29,286,validation,7
29,4290,validation,3
29,5315,validation,9
29,6474,validation,2
29,2207,validation,3
29,1023,validation,5
29,474,validation,7
29,2945,validation,9
29,6948,validation,2
29,3159,validation,5
29,6651,validation,0
29,3909,validation,1
29,7257,validation,2
29,1182,validation,3
29,2590,validation,0
29,56,validation,0
29,1086,validation,6
29,4379,validation,3
29,1173,validation,1
29,1030,validation,2
29,168,validation,7
29,4276,validation,9
29,3781,validation,4
29,377,validation,6
29,3264,validation,6
29,4701,validation,4
29,4543,validation,7
29,3245,validation,2
29,4108,validation,0
29,1159,validation,7
29,6767,validation,5
29,2373,validation,0
29,688,validation,8
29,6072,validation,8
29,4281,validation,0
29,5764,validation,8
29,6393,validation,5
29,4828,validation,0
29,5117,validation,6
29,230,validation,6
29,7012,validation,9
29,6623,validation,4
29,5726,validation,0
29,0,validation,7
29,5984,validation,0
29,5630,validation,1
29,4010,validation,5
29,6750,validation,5
29,1120,validation,8
29,6000,validation,6
29,6489,validation,7
29,6941,validation,5
29,2148,validation,6
29,2097,validation,2
29,3558,validation,6
29,3169,validation,5
29,3824,validation,2
29,2854,validation,9
29,1751,validation,1
29,7272,validation,3
29,1810,validation,1
29,3380,validation,2
29,2659,validation,1
29,4873,validation,4
29,7291,validation,6
29,2198,validation,4
29,3671,validation,5
29,7241,validation,0
29,5776,validation,5
29,3543,validation,7
29,6142,validation,3
29,7135,validation,3
29,3630,validation,4
29,626,validation,1
29,2155,validation,7
29,2694,validation,4
29,2793,validation,0
29,2597,validation,9
29,3623,validation,5
29,5346,validation,6
29,3485,validation,1
29,5503,validation,6
29,3114,validation,8
29,5920,validation,5
29,5843,validation,2
29,5747,validation,1
29,1148,validation,4
29,5288,validation,0
29,5269,validation,7
29,6477,validation,6
29,5232,validation,6
29,4625,validation,9
29,1261,validation,6
29,6383,validation,1
29,7339,validation,9
29,2526,validation,2
29,1463,validation,5
29,6302,validation,4
29,2545,validation,5
29,5918,validation,2
29,1848,validation,7
29,595,validation,5
29,1714,validation,7
29,5683,validation,7
29,738,validation,4
29,4344,validation,3
29,4515,validation,3
29,1632,validation,9
29,2168,validation,2
29,3204,validation,0
29,127,validation,3
29,3503,validation,1
29,1232,validation,2
29,6901,validation,3
29,4867,validation,7
29,4056,validation,0
29,1284,validation,3
29,343,validation,8
29,5107,validation,4
29,6791,validation,0
29,2525,validation,6
29,5694,validation,6
29,5735,validation,7
29,428,validation,2
29,2642,validation,4
29,3840,validation,6
29,3033,validation,9
29,162,validation,8
29,4262,validation,6
29,3045,validation,6
29,3975,validation,4
29,4787,validation,0
29,1169,validation,6
29,1255,validation,3
29,714,validation,6
29,4202,validation,5
29,7197,validation,9
29,5217,validation,0
29,1637,validation,1
29,685,validation,7
29,2521,validation,4
29,6628,validation,8
29,2334,validation,4
29,1763,validation,7
29,3728,validation,6
29,3234,validation,9
29,4271,validation,9
29,2015,validation,0
29,3142,validation,8
29,1457,validation,2
29,5080,validation,0
29,6236,validation,6
29,18,validation,7
29,3372,validation,4
29,2454,validation,8
29,4878,validation,4
29,3086,validation,5
29,453,validation,5
29,4773,validation,3
29,3710,validation,1
29,4503,validation,9
29,1529,validation,2
29,4206,validation,9
29,6186,validation,7
29,7144,validation,2
29,2396,validation,4
29,3230,validation,2
29,433,validation,2
29,4145,validation,5
29,6522,validation,5
29,6803,validation,1
29,4028,validation,1
29,4246,validation,5
29,3913,validation,7
29,1091,validation,4
29,4813,validation,2
29,6396,validation,9
29,4200,validation,7
29,2221,validation,4
29,3467,validation,1
29,4676,validation,1
29,3381,validation,4
29,5109,validation,8
29,4034,validation,4
29,1575,validation,5
29,1172,validation,6
53,6444,train,7
53,6902,train,7
53,6312,train,4
53,830,train,4
53,3664,train,8
53,1897,train,3
53,56,train,0
53,2813,train,1
53,91,train,8
53,5420,train,1
53,5119,train,7
53,4223,train,4
53,3571,train,1
53,5959,train,6
53,534,train,9
53,5917,train,4
53,6146,train,7
53,3391,train,0
53,3674,train,4
53,359,train,5
53,2750,train,8
53,2441,train,3
53,3563,train,6
53,3854,train,4
53,2972,train,4
53,6788,train,9
53,5752,train,4
53,6573,train,9
53,4418,train,5
53,6472,train,2
53,7234,train,1
53,6369,train,8
53,5594,train,6
53,25,train,4
53,1082,train,8
53,4279,train,9
53,3567,train,5
53,1281,train,9
53,4964,train,8
53,277,train,3
53,3540,train,9
53,6507,train,9
53,5369,train,0
53,6304,train,2
53,1475,train,7
53,3179,train,7
53,2047,train,9
53,5404,train,1
53,6481,train,2
53,2651,train,0
53,549,train,2
53,2164,train,1
53,304,train,6
53,5761,train,1
53,1919,train,3
53,6554,train,3
53,2026,train,5
53,2780,train,2
53,2182,train,7
53,2138,train,6
53,2152,train,2
53,3422,train,7
53,5947,train,5
53,4126,train,2
53,2669,train,4
53,1957,train,3
53,2557,train,6
53,1486,train,5
53,7054,train,0
53,7,train,7
53,5529,train,5
53,5753,train,5
53,3400,train,5
53,3045,train,6
53,1838,train,9
53,3482,train,4
53,4708,train,8
53,978,train,3
53,6571,train,9
53,6984,train,7
53,2379,train,1
53,4003,train,0
53,5194,train,1
53,3812,train,3
53,1703,train,9
53,7048,train,7
53,3116,train,9
53,6487,train,4
53,2330,train,6
53,4133,train,6
53,6696,train,3
53,3068,train,0
53,4722,train,3
53,1699,train,7
53,4146,train,2
53,1378,train,0
53,54,train,0
53,2290,train,7
53,3008,train,2
53,4050,train,6
53,3107,train,4
53,5020,train,4
53,1187,train,3
53,2195,train,3
53,4208,train,5
53,3673,train,7
53,3114,train,8
53,6358,train,3
53,3498,train,9
53,1835,train,9
53,2721,train,5
53,5449,train,2
53,1996,train,1
53,7057,train,2
53,5972,train,7
53,4365,train,7
53,1068,train,8
53,6806,train,5
53,3275,train,9
53,5856,train,8
53,2340,train,6
53,2489,train,5
53,4354,train,1
53,613,train,7
53,4067,train,5
53,62,train,1
53,2894,train,5
53,821,train,6
53,2184,train,2
53,446,train,6
53,401,train,8
53,6050,train,4
53,4452,train,9
53,2954,train,1
53,4526,train,3
53,3144,train,9
53,2605,train,8
53,3904,train,9
53,3938,train,4
53,5745,train,8
53,1539,train,5
53,4356,train,6
53,1155,train,2
53,1258,train,2
53,6253,train,0
53,5334,train,8
53,7270,train,3
53,6872,train,6
53,7205,train,7
53,4139,train,0
53,435,train,2
53,3192,train,0
53,5725,train,8
53,7279,train,2
53,4929,train,1
53,3022,train,3
53,2112,train,8
53,1906,train,9
53,4462,train,2
53,2735,train,7
53,1903,train,3
53,726,train,6
53,2931,train,1
53,3299,train,5
53,34,train,4
53,3476,train,4
53,2767,train,4
53,3419,train,6
53,6359,train,6
53,1853,train,9
53,6636,train,5
53,5803,train,2
53,5818,train,0
53,6988,train,8
53,5399,train,9
53,7267,train,5
53,2361,train,0
53,1412,train,7
53,1922,train,7
53,4206,train,9
53,2520,train,8
53,4263,train,0
53,2287,train,4
53,6378,train,4
53,4203,train,3
53,4468,train,3
53,1869,train,6
53,1713,train,7
53,55,train,3
53,6761,train,7
53,2294,train,4
53,6536,train,6
53,6454,train,4
53,500,train,2
53,1511,train,4
53,2786,train,2
53,3848,train,1
53,5362,train,6
53,281,train,2
53,5412,train,5
53,5919,train,0
53,4989,train,3
53,4701,train,4
53,4432,train,0
53,3200,train,8
53,859,train,4
53,2478,train,8
53,848,train,1
53,2380,train,1
53,82,train,4
53,4972,train,2
53,1284,train,3
53,694,train,2
53,3132,train,3
53,4575,train,0
53,2656,train,1
53,2155,train,7
53,4666,train,9
53,3499,train,4
53,1548,train,5
53,110,train,2
53,2037,train,8
53,3026,train,5
53,2092,train,0
53,3645,train,9
53,1760,train,1
53,1485,train,7
53,1123,train,6
53,5982,train,7
53,1102,train,7
53,4290,train,3
53,2932,train,5
53,366,train,3
53,5783,train,0
53,1109,train,1
53,2268,train,5
53,3001,train,8
53,4542,train,0
53,2731,train,2
53,645,train,9
53,262,train,0
53,3415,train,3
53,3423,train,3
53,6544,train,5
53,1893,train,2
53,6408,train,1
53,3274,train,9
53,4370,train,5
53,6229,train,1
53,2728,train,1
53,2921,train,7
53,7349,train,1
53,6403,train,1
53,2743,train,2
53,6944,train,4
53,5073,train,6
53,3735,train,9
53,296,train,2
53,4734,train,5
53,4820,train,2
53,3809,train,3
53,5189,train,2
53,1946,train,8
53,7262,train,4
53,1830,train,7
53,4320,train,1
53,4456,train,6
53,6299,train,4
53,6907,train,1
53,7130,train,2
53,4973,train,7
53,2618,train,4
53,1271,train,8
53,4856,train,2
53,3099,train,7
53,3218,train,7
53,7091,train,2
53,1673,train,9
53,5082,train,8
53,3049,train,4
53,3537,train,4
53,704,train,6
53,5908,train,5
53,7001,train,2
53,524,train,6
53,6184,train,5
53,3397,train,8
53,2531,train,1
53,6067,train,3
53,4379,train,3
53,4976,train,8
53,4164,train,5
53,4095,train,5
53,1617,train,7
53,2849,train,2
53,2626,train,0
53,3718,train,9
53,5292,train,3
53,2442,train,1
53,3993,train,1
53,3095,train,3
53,1491,train,2
53,3006,train,0
53,3558,train,6
53,6300,train,4
53,6330,train,7
53,5170,train,5
53,7116,train,9
53,4362,train,6
53,3909,train,1
53,1804,train,7
53,451,train,4
53,5926,train,4
53,5266,train,2
53,1039,train,3
53,406,train,7
53,3512,train,0
53,3166,train,5
53,2752,train,1
53,6194,train,0
53,5734,train,5
53,231,train,8
53,2775,train,3
53,3221,train,2
53,861,train,2
53,1920,train,0
53,6128,train,4
53,1225,train,1
53,5079,train,6
53,6016,train,2
53,2604,train,2
53,6446,train,1
53,2858,train,6
53,2906,train,9
53,1435,train,5
53,6923,train,0
53,3880,train,3
53,3452,train,8
53,3072,train,6
53,4437,train,4
53,4730,train,7
53,1866,train,3
53,3411,train,3
53,112,train,3
53,878,train,0
53,7043,train,4
53,1851,train,0
53,1275,train,1
53,1193,train,0
53,5879,train,8
53,1708,train,3
53,6726,train,6
53,3653,train,7
53,5256,train,2
53,4684,train,9
53,1496,train,0
53,1768,train,5
53,846,train,4
53,6179,train,4
53,2600,train,8
53,5544,train,3
53,1324,train,6
53,1389,train,3
53,3795,train,7
53,3081,train,4
53,7343,train,6
53,4010,train,5
53,1567,train,5
53,2563,train,0
53,7203,train,3
53,5200,train,8
53,5826,train,7
53,5624,train,8
53,1037,train,1
53,4371,train,0
53,5284,train,8
53,4295,train,1
53,1175,train,4
53,7160,train,1
53,3306,train,8
53,6415,train,6
53,3467,train,1
53,4787,train,0
53,3276,train,9
53,3417,train,0
53,4872,train,8
53,3881,train,8
53,506,train,3
53,5028,train,7
53,2978,train,1
53,6017,train,9
53,6176,train,1
53,1793,train,3
53,1318,train,6
53,6673,train,1
53,4403,train,7
53,1221,train,0
53,2692,train,0
53,1355,train,3
53,4774,train,0
53,3968,train,7
53,2856,train,6
53,4306,train,0
53,5932,train,6
53,4034,train,4
53,3168,train,3
53,6922,train,6
53,3390,train,6
53,673,train,1
53,4718,train,2
53,3843,train,8
53,2887,train,9
53,2665,train,6
53,149,train,1
53,3376,train,2
53,7035,train,3
53,4056,train,0
53,6510,train,7
53,3817,train,0
53,872,train,6
53,3288,train,5
53,1604,train,7
53,6109,train,0
53,1472,train,0
53,2385,train,0
53,5487,train,5
53,742,train,1
53,5525,train,1
53,3139,train,7
53,1767,train,6
53,1528,train,3
53,4250,train,2
53,4124,train,4
53,3622,train,8
53,4434,train,2
53,2257,train,4
53,6114,train,0
53,26,train,2
53,4426,train,5
53,5617,train,8
53,2002,train,6
53,4114,train,4
53,5077,train,0
53,3145,train,0
53,2634,train,4
53,792,train,1
53,5416,train,8
53,4342,train,9
53,1614,train,9
53,2594,train,2
53,6443,train,8
53,840,train,7
53,1331,train,0
53,5295,train,3
53,4849,train,3
53,3013,train,8
53,7230,train,9
53,1330,train,5
53,3162,train,5
53,7082,train,7
53,5692,train,7
53,6674,train,4
53,699,train,3
53,6053,train,5
53,1116,train,0
53,5166,train,1
53,1423,train,6
53,3206,train,1
53,7122,train,1
53,5018,train,0
53,1348,train,6
53,160,train,0
53,922,train,2
53,5121,train,9
53,6847,train,0
53,3310,train,0
53,5114,train,0
53,565,train,4
53,5036,train,4
53,138,train,2
53,5454,train,7
53,6240,train,8
53,4326,train,9
53,1295,train,8
53,4552,train,1
53,3009,train,5
53,2231,train,0
53,2845,train,7
53,5557,train,1
53,5139,train,3
53,3393,train,1
53,3214,train,4
53,731,train,9
53,6103,train,1
53,3885,train,8
53,5002,train,0
53,1117,train,6
53,1628,train,6
53,5191,train,8
53,5453,train,9
53,4582,train,7
53,2785,train,6
53,5703,train,1
53,7163,train,9
53,2539,train,9
53,4029,train,7
53,4975,train,8
53,3076,train,7
53,3238,train,5
53,6698,train,7
53,5258,train,9
53,6421,train,4
53,4897,train,8
53,3535,train,4
53,3827,train,9
53,2313,train,4
53,4755,train,3
53,3897,train,8
53,4302,train,1
53,3681,train,1
53,7272,train,3
53,995,train,2
53,6939,train,4
53,6275,train,1
53,1038,train,2
53,6724,train,0
53,3915,train,0
53,4760,train,9
53,5273,train,9
53,585,train,4
53,5117,train,6
53,4574,train,5
53,6914,train,3
53,5013,train,5
53,252,train,2
53,6906,train,4
53,2079,train,6
53,114,train,8
53,4322,train,1
53,1956,train,9
53,5397,train,8
53,7037,train,2
53,4430,train,2
53,617,train,4
53,2741,train,8
53,5949,train,6
53,5192,train,2
53,5402,train,2
53,4904,train,8
53,899,train,4
53,548,train,8
53,4000,train,7
53,3811,train,0
53,3516,train,9
53,6061,train,9
53,4108,train,0
53,3536,train,4
53,2841,train,0
53,1766,train,4
53,6983,train,8
53,535,train,0
53,378,train,2
53,254,train,3
53,4961,train,3
53,2057,train,1
53,4831,train,5
53,6901,train,3
53,7360,train,4
53,5668,train,7
53,380,train,4
53,1042,train,6
53,4598,train,4
53,5858,train,6
53,4181,train,4
53,2028,train,2
53,165,train,5
53,1261,train,6
53,3489,train,2
53,577,train,4
53,6961,train,6
53,4274,train,3
53,3670,train,5
53,2045,train,7
53,1954,train,5
53,4310,train,1
53,5648,train,5
53,2994,train,8
53,4633,train,2
53,5852,train,1
53,1393,train,3
53,3539,train,7
53,7353,train,2
53,4006,train,8
53,2454,train,8
53,6344,train,8
53,187,train,7
53,6637,train,4
53,1967,train,8
53,4623,train,0
53,7326,train,1
53,6488,train,6
53,3064,train,8
53,164,train,4
53,1846,train,6
53,665,train,1
53,6580,train,2
53,3019,train,4
53,219,train,7
53,1440,train,2
53,6770,train,2
53,4170,train,3
53,1643,train,5
53,4255,train,3
53,78,train,5
53,3954,train,2
53,1340,train,8
53,3775,train,6
53,4920,train,2
53,1443,train,1
53,7361,train,1
53,3778,train,0
53,5239,train,1
53,7033,train,5
53,6328,train,5
53,5832,train,7
53,7020,train,3
53,6756,train,1
53,1873,train,8
53,306,train,8
53,4754,train,3
53,5895,train,1
53,6604,train,7
53,5351,train,6
53,3380,train,2
53,7093,train,8
53,4077,train,3
53,4425,train,3
53,1532,train,1
53,6528,train,8
53,1911,train,5
53,2545,train,5
53,4965,train,5
53,5538,train,1
53,1055,train,7
53,3014,train,2
53,5171,train,4
53,1817,train,0
53,2771,train,8
53,2221,train,4
53,4829,train,8
53,2546,train,8
53,6360,train,1
53,3892,train,9
53,4257,train,4
53,569,train,7
53,3294,train,6
53,7242,train,3
53,5219,train,7
53,1815,train,8
53,1327,train,4
53,573,train,4
53,2819,train,5
53,3503,train,1
53,5127,train,4
53,3479,train,3
53,7315,train,2
53,7201,train,5
53,6480,train,7
53,795,train,5
53,5706,train,2
53,6707,train,7
53,2160,train,3
53,6370,train,3
53,4092,train,8
53,6355,train,9
53,5088,train,6
53,2494,train,4
53,2391,train,7
53,3679,train,5
53,3929,train,4
53,936,train,2
53,3628,train,5
53,2549,train,4
53,6950,train,0
53,2259,train,6
53,7323,train,3
53,2149,train,2
53,5905,train,6
53,224,train,3
53,4444,train,8
53,3280,train,6
53,6063,train,9
53,929,train,7
53,5436,train,6
53,398,train,8
53,6309,train,6
53,1417,train,2
53,3738,train,6
53,3933,train,2
53,1886,train,2
53,6132,train,3
53,3146,train,3
53,3409,train,9
53,2666,train,8
53,815,train,1
53,4158,train,1
53,5508,train,1
53,6494,train,5
53,4043,train,8
53,3796,train,6
53,7208,train,2
53,4301,train,5
53,5641,train,6
53,3156,train,2
53,6960,train,6
53,1106,train,3
53,1726,train,6
53,1800,train,9
53,5246,train,3
53,2788,train,7
53,3367,train,7
53,1007,train,7
53,6718,train,1
53,4928,train,8
53,1657,train,7
53,1344,train,6
53,372,train,7
53,2339,train,5
53,3553,train,1
53,6334,train,6
53,1095,train,5
53,4720,train,0
53,6943,train,1
53,6903,train,0
53,3582,train,2
53,1345,train,0
53,5670,train,6
53,5816,train,2
53,1644,train,9
53,2353,train,2
53,115,train,5
53,2498,train,7
53,3936,train,4
53,938,train,8
53,6633,train,6
53,5324,train,4
53,5730,train,0
53,7004,train,0
53,2207,train,3
53,5813,train,0
53,4214,train,0
53,2730,train,9
53,622,train,7
53,7212,train,7
53,2448,train,2
53,3113,train,1
53,485,train,0
53,311,train,5
53,4252,train,9
53,130,train,3
53,1959,train,7
53,4059,train,2
53,6791,train,0
53,3661,train,9
53,5421,train,1
53,7307,train,1
53,5187,train,4
53,3402,train,5
53,7351,train,0
53,2749,train,9
53,5400,train,5
53,4288,train,1
53,1698,train,5
53,7179,train,8
53,3488,train,0
53,5356,train,4
53,260,train,9
53,2676,train,7
53,2295,train,2
53,6812,train,2
53,670,train,0
53,5791,train,3
53,2857,train,0
53,5147,train,9
53,864,train,5
53,2664,train,8
53,5556,train,9
53,7195,train,5
53,5430,train,1
53,1553,train,0
53,5733,train,8
53,39,train,6
53,4228,train,3
53,5023,train,1
53,1282,train,5
53,7063,train,3
53,6361,train,8
53,835,train,7
53,3703,train,7
53,5744,train,6
53,3671,train,5
53,2407,train,7
53,1658,train,0
53,5197,train,6
53,5666,train,7
53,1582,train,1
53,2228,train,7
53,5998,train,8
53,3610,train,2
53,4847,train,7
53,1380,train,1
53,2835,train,1
53,6786,train,0
53,4363,train,0
53,867,train,0
53,2362,train,3
53,5060,train,0
53,4175,train,7
53,2130,train,1
53,5302,train,0
53,3082,train,0
53,5439,train,2
53,746,train,2
53,615,train,9
53,5225,train,9
53,7151,train,5
53,1137,train,8
53,5915,train,7
53,238,train,3
53,2882,train,9
53,425,train,4
53,7317,train,7
53,4137,train,4
53,180,train,0
53,2279,train,7
53,814,train,6
53,1747,train,1
53,6256,train,9
53,6921,train,8
53,2386,train,8
53,6670,train,9
53,4934,train,5
53,3204,train,0
53,2431,train,2
53,1306,train,7
53,6125,train,0
53,5129,train,0
53,5024,train,3
53,4086,train,4
53,6641,train,6
53,2314,train,4
53,5975,train,8
53,7306,train,5
53,3647,train,8
53,4475,train,8
53,1584,train,8
53,2974,train,2
53,1606,train,4
53,2196,train,2
53,6419,train,6
53,6992,train,5
53,5110,train,7
53,3742,train,2
53,6486,train,6
53,336,train,7
53,7314,train,9
53,920,train,5
53,1570,train,4
53,7248,train,9
53,2082,train,8
53,4068,train,2
53,5922,train,0
53,5223,train,9
53,3244,train,2
53,2229,train,0
53,601,train,1
53,1527,train,0
53,1127,train,4
53,3552,train,8
53,3711,train,1
53,6517,train,4
53,3475,train,3
53,3083,train,8
53,6764,train,2
53,5596,train,5
53,178,train,8
53,1220,train,1
53,4024,train,4
53,6808,train,6
53,2205,train,5
53,4515,train,3
53,2538,train,9
53,5438,train,3
53,6126,train,9
53,4536,train,5
53,1624,train,8
53,1585,train,3
53,1917,train,8
53,4982,train,7
53,3357,train,6
53,454,train,1
53,4707,train,4
53,4702,train,1
53,5250,train,2
53,5199,train,4
53,2629,train,1
53,3164,train,1
53,810,train,6
53,4352,train,9
53,475,train,2
53,3071,train,2
53,1916,train,6
53,6714,train,0
53,1165,train,6
53,4505,train,9
53,1434,train,4
53,44,train,5
53,5643,train,2
53,2990,train,8
53,6434,train,7
53,3920,train,3
53,6898,train,9
53,1784,train,0
53,1968,train,5
53,4060,train,2
53,7013,train,7
53,2953,train,9
53,4368,train,9
53,4394,train,2
53,4930,train,0
53,2131,train,5
53,2840,train,4
53,4448,train,8
53,2736,train,9
53,2123,train,8
53,1761,train,6
53,2582,train,4
53,4770,train,4
53,499,train,6
53,1078,train,4
53,1353,train,8
53,4986,train,4
53,4991,train,3
53,2866,train,4
53,4914,train,4
53,5490,train,7
53,3744,train,5
53,5251,train,7
53,561,train,0
53,6347,train,2
53,3889,train,7
53,3698,train,0
53,4407,train,1
53,4907,train,0
53,4687,train,1
53,2822,train,1
53,6396,train,9
53,5522,train,2
53,5099,train,0
53,1332,train,8
53,1941,train,1
53,6504,train,2
53,229,train,2
53,1589,train,0
53,6680,train,0
53,5172,train,4
53,4864,train,0
53,2018,train,3
53,796,train,7
53,5825,train,5
53,4234,train,6
53,4811,train,7
53,6185,train,5
53,2595,train,2
53,2837,train,7
53,1445,train,7
53,5572,train,6
53,5247,train,0
53,1297,train,6
53,3327,train,7
53,3384,train,0
53,584,train,2
53,1988,train,6
53,3667,train,5
53,6339,train,0
53,7269,train,3
53,1924,train,0
53,5377,train,8
53,6363,train,9
53,6577,train,1
53,1934,train,4
53,2086,train,2
53,2265,train,5
53,5388,train,7
53,2480,train,5
53,1512,train,8
53,4041,train,4
53,1362,train,4
53,120,train,9
53,6463,train,9
53,7118,train,4
53,6823,train,8
53,1005,train,6
53,1694,train,3
53,4595,train,7
53,1032,train,3
53,1915,train,5
53,6816,train,7
53,170,train,3
53,1057,train,0
53,3618,train,3
53,896,train,2
53,1659,train,3
53,3404,train,0
53,53,train,5
53,6737,train,5
53,5330,train,7
53,5331,train,6
53,4111,train,0
53,533,train,9
53,642,train,7
53,4439,train,7
53,5039,train,7
53,6994,train,4
53,4019,train,1
53,3477,train,6
53,6395,train,2
53,2561,train,3
53,2627,train,5
53,6717,train,4
53,5232,train,6
53,3209,train,8
53,1514,train,9
53,2318,train,7
53,5822,train,0
53,5942,train,1
53,5431,train,9
53,996,train,4
53,1309,train,6
53,3355,train,6
53,3487,train,5
53,1621,train,9
53,760,train,2
53,6223,train,9
53,7111,train,2
53,5313,train,2
53,4509,train,4
53,5174,train,3
53,1900,train,2
53,1626,train,8
53,3065,train,2
53,2881,train,2
53,182,train,7
53,4357,train,8
53,5787,train,2
53,6277,train,5
53,6749,train,1
53,4343,train,9
53,3611,train,2
53,3175,train,6
53,6324,train,7
53,6055,train,5
53,2701,train,4
53,7186,train,3
53,4532,train,6
53,4377,train,8
53,6084,train,9
53,5183,train,6
53,7155,train,1
53,2323,train,8
53,2787,train,7
53,2971,train,6
53,5168,train,4
53,4631,train,4
53,2141,train,2
53,518,train,8
53,6238,train,1
53,2827,train,1
53,496,train,2
53,3219,train,2
53,4832,train,1
53,4726,train,0
53,2533,train,0
53,1433,train,6
53,3749,train,3
53,4324,train,6
53,2501,train,4
53,6958,train,0
53,3302,train,4
53,4918,train,3
53,512,train,7
53,7030,train,8
53,7299,train,8
53,3853,train,1
53,6503,train,9
53,3202,train,8
53,3847,train,0
53,3894,train,3
53,6054,train,2
53,5831,train,8
53,3541,train,4
53,1805,train,1
53,2689,train,6
53,1357,train,1
53,519,train,0
53,3047,train,4
53,4057,train,3
53,457,train,4
53,1964,train,8
53,2983,train,5
53,4023,train,6
53,4511,train,3
53,1377,train,4
53,702,train,2
53,997,train,5
53,74,train,9
53,582,train,7
53,7348,train,4
53,6818,train,0
53,3037,train,2
53,3211,train,9
53,7217,train,1
53,6753,train,2
53,7198,train,1
53,2157,train,7
53,993,train,3
53,2193,train,1
53,2648,train,7
53,6739,train,4
53,5349,train,0
53,7171,train,4
53,6899,train,8
53,1329,train,8
53,1998,train,7
53,632,train,5
53,1488,train,8
53,7200,train,4
53,3751,train,8
53,4156,train,7
53,1458,train,0
53,7141,train,4
53,6278,train,7
53,6743,train,8
53,1552,train,4
53,96,train,5
53,6702,train,1
53,6225,train,1
53,3527,train,3
53,7139,train,4
53,5955,train,9
53,3918,train,7
53,5510,train,6
53,1028,train,4
53,822,train,4
53,2922,train,5
53,5480,train,0
53,2132,train,2
53,4180,train,1
53,6013,train,8
53,4993,train,6
53,926,train,9
53,4127,train,8
53,6290,train,5
53,5555,train,9
53,4502,train,2
53,7321,train,7
53,6227,train,2
53,5553,train,2
53,1096,train,3
53,2237,train,5
53,2690,train,2
53,4681,train,2
53,2083,train,8
53,7344,train,0
53,627,train,3
53,5719,train,7
53,3780,train,8
53,4375,train,2
53,2569,train,2
53,6735,train,3
53,1402,train,8
53,4572,train,6
53,4805,train,8
53,1319,train,3
53,3590,train,5
53,1569,train,3
53,2779,train,0
53,2460,train,4
53,7247,train,6
53,6020,train,9
53,6464,train,5
53,6001,train,3
53,4537,train,8
53,932,train,0
53,765,train,4
53,5811,train,1
53,7347,train,5
53,3934,train,0
53,7297,train,5
53,607,train,6
53,2213,train,2
53,1810,train,1
53,6272,train,8
53,4247,train,1
53,3481,train,1
53,5130,train,8
53,6420,train,2
53,6133,train,3
53,4870,train,0
53,7229,train,5
53,1074,train,5
53,2081,train,7
53,5072,train,7
53,971,train,9
53,3835,train,6
53,1180,train,5
53,1255,train,3
53,4187,train,7
53,5843,train,2
53,2981,train,3
53,5440,train,4
53,5839,train,8
53,2099,train,0
53,4535,train,6
53,6115,train,4
53,466,train,7
53,309,train,7
53,6073,train,6
53,2311,train,1
53,1577,train,0
53,631,train,2
53,2984,train,6
53,1608,train,6
53,6574,train,2
53,5528,train,4
53,7016,train,6
53,2180,train,5
53,5653,train,0
53,2424,train,5
53,858,train,7
53,185,train,1
53,5140,train,2
53,2154,train,1
53,6072,train,8
53,5367,train,7
53,5820,train,9
53,2955,train,9
53,1740,train,3
53,7073,train,5
53,6777,train,2
53,413,train,3
53,820,train,5
53,559,train,9
53,2814,train,2
53,7170,train,0
53,5661,train,8
53,4036,train,6
53,508,train,8
53,5401,train,8
53,4303,train,0
53,4014,train,7
53,1314,train,9
53,2403,train,1
53,1894,train,2
53,3758,train,9
53,759,train,0
53,5116,train,3
53,6934,train,5
53,1199,train,0
53,1030,train,2
53,2799,train,6
53,752,train,5
53,4863,train,5
53,2053,train,7
53,6022,train,7
53,3167,train,0
53,4344,train,3
53,2686,train,6
53,1695,train,8
53,7101,train,8
53,750,train,3
53,1565,train,3
53,1530,train,7
53,6561,train,8
53,72,train,4
53,481,train,6
53,1520,train,6
53,2262,train,7
53,2982,train,0
53,1531,train,9
53,5602,train,9
53,4207,train,7
53,3542,train,2
53,3887,train,5
53,6508,train,5
53,2925,train,7
53,1983,train,0
53,3373,train,6
53,6855,train,5
53,3972,train,6
53,275,train,8
53,470,train,6
53,7240,train,1
53,467,train,6
53,2660,train,1
53,440,train,9
53,819,train,7
53,6333,train,8
53,189,train,8
53,4966,train,5
53,6590,train,4
53,3849,train,2
53,4063,train,2
53,3055,train,7
53,1762,train,1
53,505,train,6
53,6326,train,2
53,3591,train,6
53,5455,train,2
53,6474,train,2
53,895,train,8
53,4887,train,4
53,6708,train,6
53,5495,train,7
53,2161,train,6
53,1598,train,1
53,6431,train,2
53,490,train,5
53,5407,train,4
53,6762,train,2
53,5864,train,1
53,2683,train,5
53,7052,train,0
53,4404,train,5
53,1901,train,2
53,3946,train,9
53,2632,train,7
53,373,train,7
53,4237,train,3
53,2005,train,1
53,6614,train,3
53,832,train,5
53,1396,train,9
53,3441,train,7
53,41,train,8
53,298,train,4
53,404,train,6
53,5270,train,2
53,1333,train,4
53,2165,train,8
53,334,train,7
53,4517,train,9
53,4491,train,2
53,1052,train,2
53,1401,train,9
53,6653,train,3
53,2748,train,8
53,6279,train,9
53,4763,train,6
53,1717,train,6
53,3369,train,5
53,4227,train,8
53,5062,train,5
53,4016,train,5
53,2927,train,0
53,1390,train,7
53,6742,train,1
53,6608,train,2
53,3666,train,8
53,1079,train,8
53,1921,train,6
53,2709,train,8
53,4268,train,5
53,2756,train,5
53,3801,train,9
53,423,train,7
53,7119,train,4
53,5150,train,5
53,2216,train,0
53,1051,train,2
53,7177,train,4
53,6135,train,2
53,3643,train,2
53,7261,train,9
53,4417,train,8
53,4350,train,3
53,1439,train,9
53,3224,train,5
53,901,train,7
53,986,train,0
53,3931,train,0
53,674,train,9
53,1719,train,4
53,3177,train,7
53,1366,train,9
53,4319,train,9
53,2169,train,5
53,2597,train,9
53,5741,train,9
53,6459,train,5
53,1157,train,5
53,3414,train,2
53,6568,train,8
53,3798,train,8
53,4270,train,1
53,5493,train,9
53,1311,train,7
53,538,train,5
53,5713,train,7
53,3028,train,1
53,630,train,2
53,1557,train,0
53,6212,train,3
53,6704,train,2
53,5261,train,4
53,5093,train,3
53,5540,train,3
53,2007,train,3
53,3161,train,3
53,4235,train,9
53,3530,train,1
53,6706,train,7
53,6512,train,7
53,4337,train,4
53,2174,train,1
53,6432,train,8
53,7268,train,6
53,2774,train,5
53,5651,train,1
53,188,train,6
53,7310,train,9
53,1661,train,3
53,918,train,7
53,5460,train,1
53,3330,train,9
53,7260,train,8
53,1662,train,4
53,3761,train,8
53,5812,train,7
53,7044,train,5
53,4717,train,9
53,3688,train,0
53,5003,train,0
53,6616,train,5
53,3241,train,2
53,4085,train,5
53,5797,train,4
53,6687,train,0
53,3902,train,9
53,3942,train,7
53,4040,train,3
53,1518,train,4
53,2842,train,0
53,7364,train,1
53,3651,train,7
53,1373,train,8
53,7233,train,3
53,707,train,9
53,3408,train,1
53,6140,train,1
53,3070,train,6
53,4198,train,6
53,5677,train,8
53,2325,train,8
53,7039,train,3
53,480,train,2
53,4916,train,3
53,70,train,8
53,2615,train,2
53,2740,train,5
53,3602,train,5
53,5226,train,9
53,5228,train,2
53,5823,train,9
53,4564,train,3
53,1253,train,4
53,2719,train,7
53,1154,train,3
53,249,train,9
53,510,train,3
53,6398,train,0
53,6858,train,4
53,465,train,3
53,1186,train,2
53,6896,train,3
53,3023,train,9
53,2960,train,3
53,194,train,9
53,7144,train,2
53,2911,train,7
53,4551,train,5
53,3883,train,8
53,4767,train,0
53,4816,train,0
53,1534,train,5
53,3830,train,1
53,5928,train,5
53,4451,train,4
53,2833,train,8
53,3379,train,2
53,7050,train,7
53,6778,train,4
53,841,train,1
53,4738,train,9
53,2524,train,3
53,5006,train,4
53,1909,train,1
53,211,train,3
53,7117,train,7
53,6492,train,5
53,5329,train,6
53,3519,train,8
53,2369,train,6
53,5598,train,1
53,3389,train,7
53,860,train,6
53,5185,train,3
53,4733,train,6
53,4021,train,2
53,3782,train,7
53,5481,train,1
53,7047,train,1
53,1276,train,3
53,4013,train,1
53,5177,train,3
53,4674,train,8
53,2540,train,4
53,3057,train,2
53,5724,train,2
53,5336,train,5
53,3366,train,2
53,2631,train,8
53,7095,train,1
53,3973,train,4
53,2854,train,9
53,6572,train,6
53,1634,train,0
53,4317,train,1
53,720,train,4
53,537,train,5
53,5321,train,0
53,7199,train,6
53,3460,train,4
53,1808,train,7
53,3908,train,8
53,5360,train,4
53,4924,train,7
53,2042,train,5
53,2961,train,0
53,3549,train,8
53,1670,train,8
53,2712,train,1
53,7167,train,3
53,1600,train,2
53,4162,train,1
53,7127,train,6
53,6799,train,6
53,1226,train,3
53,7106,train,4
53,3939,train,8
53,6217,train,1
53,3913,train,7
53,3678,train,4
53,2839,train,9
53,1785,train,4
53,1936,train,3
53,1277,train,0
53,3732,train,5
53,393,train,3
53,5846,train,0
53,3562,train,4
53,807,train,7
53,856,train,8
53,7291,train,6
53,2623,train,7
53,256,train,2
53,3623,train,5
53,3538,train,1
53,885,train,1
53,3339,train,1
53,4107,train,0
53,3521,train,6
53,81,train,8
53,1732,train,1
53,2367,train,2
53,3425,train,9
53,5233,train,3
53,5417,train,5
53,2596,train,4
53,7356,train,7
53,264,train,4
53,4881,train,9
53,5995,train,3
53,3378,train,1
53,1507,train,8
53,4197,train,9
53,1986,train,8
53,4155,train,8
53,1339,train,2
53,4329,train,7
53,2672,train,4
53,4782,train,0
53,1391,train,2
53,4140,train,8
53,4650,train,0
53,5146,train,2
53,4385,train,8
53,4873,train,4
53,3572,train,1
53,5896,train,9
53,2034,train,9
53,4895,train,2
53,162,train,8
53,299,train,8
53,788,train,5
53,5871,train,7
53,2021,train,3
53,6854,train,4
53,4609,train,7
53,2467,train,0
53,4846,train,6
53,2574,train,2
53,2542,train,6
53,687,train,8
53,4154,train,1
53,942,train,7
53,1204,train,8
53,1809,train,6
53,6884,train,6
53,693,train,3
53,5097,train,2
53,5985,train,6
53,5485,train,9
53,641,train,4
53,4046,train,7
53,132,train,5
53,6563,train,7
53,851,train,3
53,1014,train,8
53,4959,train,9
53,637,train,8
53,3348,train,7
53,531,train,3
53,3544,train,6
53,3048,train,4
53,4335,train,6
53,3176,train,8
53,3353,train,7
53,6655,train,7
53,7263,train,4
53,4540,train,2
53,5546,train,1
53,3325,train,7
53,7265,train,5
53,2211,train,7
53,1158,train,7
53,3052,train,8
53,45,train,1
53,5943,train,2
53,1680,train,6
53,1676,train,0
53,2512,train,1
53,360,train,6
53,4626,train,4
53,1025,train,3
53,562,train,6
53,5074,train,6
53,5579,train,8
53,1765,train,5
53,2536,train,8
53,734,train,4
53,2640,train,7
53,2884,train,7
53,1128,train,3
53,5390,train,1
53,1419,train,2
53,2581,train,2
53,5767,train,1
53,4921,train,4
53,5599,train,9
53,7332,train,7
53,5777,train,1
53,6911,train,2
53,3509,train,9
53,1702,train,5
53,3331,train,6
53,887,train,5
53,7301,train,2
53,4640,train,7
53,3637,train,1
53,6643,train,5
53,6090,train,1
53,1222,train,9
53,928,train,4
53,2176,train,3
53,4032,train,9
53,661,train,3
53,2860,train,3
53,4273,train,5
53,2766,train,0
53,4476,train,0
53,695,train,1
53,6367,train,0
53,3723,train,0
53,740,train,7
53,1538,train,3
53,3021,train,1
53,4178,train,4
53,698,train,8
53,6014,train,4
53,3289,train,1
53,4347,train,1
53,5243,train,9
53,477,train,8
53,4553,train,5
53,4753,train,8
53,3080,train,6
53,4399,train,3
53,2567,train,2
53,5186,train,4
53,2980,train,6
53,3970,train,7
53,2098,train,5
53,1400,train,1
53,3442,train,1
53,1718,train,0
53,1751,train,1
53,1588,train,9
53,2782,train,1
53,6048,train,7
53,5536,train,1
53,3515,train,4
53,6540,train,4
53,3401,train,8
53,36,train,7
53,80,train,6
53,6023,train,6
53,274,train,5
53,1556,train,9
53,1510,train,7
53,5159,train,8
53,2087,train,8
53,2038,train,2
53,6287,train,1
53,1581,train,4
53,6859,train,5
53,1597,train,1
53,2628,train,6
53,3492,train,2
53,158,train,9
53,3768,train,4
53,4358,train,7
53,7089,train,2
53,5306,train,7
53,5115,train,2
53,763,train,4
53,7083,train,0
53,6009,train,1
53,614,train,3
53,3932,train,1
53,4521,train,8
53,1283,train,0
53,2717,train,4
53,2365,train,0
53,4844,train,0
53,6307,train,8
53,7137,train,0
53,6350,train,2
53,4420,train,6
53,766,train,9
53,3329,train,8
53,1143,train,3
53,970,train,4
53,2178,train,2
53,943,train,7
53,6108,train,8
53,3604,train,2
53,866,train,6
53,2936,train,3
53,1409,train,5
53,5570,train,2
53,2024,train,7
53,6099,train,1
53,2630,train,1
53,3595,train,6
53,18,train,7
53,6533,train,0
53,4348,train,6
53,6372,train,0
53,1926,train,6
53,379,train,8
53,779,train,5
53,5451,train,7
53,509,train,7
53,1090,train,7
53,1610,train,5
53,212,train,0
53,4428,train,7
53,3948,train,6
53,1714,train,7
53,1743,train,7
53,4508,train,3
53,3215,train,0
53,4096,train,7
53,576,train,6
53,2798,train,6
53,1368,train,8
53,5218,train,9
53,5886,train,6
53,2808,train,8
53,2344,train,7
53,5634,train,2
53,5520,train,8
53,5937,train,4
53,6679,train,3
53,6985,train,3
53,6376,train,4
53,6794,train,6
53,1268,train,1
53,3092,train,7
53,818,train,7
53,6900,train,0
53,2481,train,2
53,6785,train,9
53,339,train,9
53,7078,train,9
53,3272,train,7
53,1270,train,1
53,4099,train,6
53,3720,train,5
53,4074,train,2
53,6452,train,6
53,6760,train,5
53,2217,train,3
53,5750,train,0
53,2923,train,5
53,5882,train,4
53,1779,train,3
53,5517,train,5
53,816,train,8
53,1787,train,5
53,1110,train,1
53,2473,train,4
53,2769,train,0
53,1146,train,5
53,5993,train,3
53,5102,train,7
53,7333,train,8
53,5248,train,2
53,30,train,6
53,708,train,1
53,7084,train,0
53,953,train,2
53,2100,train,9
53,797,train,1
53,869,train,8
53,7005,train,7
53,1437,train,9
53,951,train,3
53,2214,train,1
53,1414,train,1
53,2263,train,1
53,961,train,6
53,2346,train,5
53,4239,train,7
53,558,train,9
53,1965,train,9
53,3568,train,7
53,3615,train,4
53,5680,train,1
53,3307,train,0
53,4987,train,8
53,5410,train,5
53,3036,train,4
53,1839,train,0
53,2453,train,0
53,507,train,7
53,361,train,8
53,5838,train,7
53,5198,train,3
53,2989,train,1
53,2792,train,4
53,3075,train,8
53,735,train,6
53,2187,train,9
53,4789,train,7
53,1205,train,6
53,6605,train,6
53,1586,train,7
53,4845,train,2
53,521,train,8
53,883,train,0
53,6583,train,0
53,6658,train,4
53,2901,train,0
53,3910,train,7
53,3236,train,8
53,1062,train,2
53,3486,train,5
53,4748,train,0
53,5049,train,3
53,907,train,7
53,1163,train,9
53,103,train,7
53,5216,train,0
53,2702,train,5
53,5577,train,0
53,4082,train,6
53,6732,train,8
53,6596,train,9
53,225,train,1
53,5427,train,1
53,1004,train,9
53,5365,train,8
53,3708,train,6
53,1406,train,0
53,2699,train,8
53,3960,train,4
53,1388,train,5
53,7185,train,0
53,1874,train,8
53,2488,train,9
53,1629,train,7
53,7187,train,2
53,6535,train,1
53,230,train,6
53,6634,train,8
53,839,train,3
53,6595,train,6
53,6343,train,1
53,3203,train,6
53,7337,train,4
53,3875,train,9
53,6498,train,8
53,3090,train,9
53,6216,train,2
53,3779,train,5
53,4940,train,3
53,2273,train,0
53,3935,train,5
53,7238,train,7
53,6320,train,3
53,6909,train,6
53,6946,train,7
53,6118,train,5
53,5396,train,9
53,3584,train,7
53,2696,train,9
53,1322,train,8
53,4211,train,7
53,5078,train,5
53,1251,train,6
53,6592,train,7
53,1647,train,3
53,880,train,5
53,4890,train,5
53,640,train,2
53,4919,train,4
53,7218,train,0
53,5526,train,4
53,2763,train,9
53,4867,train,7
53,2272,train,2
53,6186,train,7
53,4786,train,3
53,5611,train,2
53,3556,train,8
53,2022,train,0
53,4233,train,4
53,5113,train,6
53,46,train,5
53,605,train,4
53,1653,train,5
53,5507,train,5
53,6024,train,5
53,2907,train,9
53,2852,train,0
53,730,train,2
53,4999,train,9
53,6410,train,4
53,6284,train,3
53,6270,train,2
53,624,train,1
53,580,train,2
53,4704,train,3
53,4654,train,8
53,6691,train,4
53,2518,train,6
53,2457,train,5
53,7009,train,7
53,6949,train,0
53,2949,train,8
53,5799,train,7
53,2482,train,9
53,6997,train,4
53,4639,train,0
53,7023,train,3
53,4740,train,3
53,7100,train,4
53,5271,train,4
53,4715,train,6
53,4490,train,6
53,3865,train,4
53,4330,train,0
53,2394,train,3
53,3829,train,4
53,3719,train,4
53,3108,train,2
53,5682,train,9
53,2548,train,4
53,3722,train,2
53,4909,train,8
53,556,train,0
53,6513,train,8
53,1031,train,0
53,7289,train,4
53,6826,train,3
53,1046,train,3
53,3297,train,6
53,6720,train,5
53,2938,train,3
53,729,train,4
53,4395,train,1
53,1239,train,3
53,3153,train,9
53,1145,train,5
53,1566,train,8
53,4507,train,3
53,6668,train,7
53,5298,train,6
53,4776,train,1
53,4276,train,9
53,4402,train,0
53,5332,train,1
53,5052,train,0
53,218,train,9
53,6860,train,7
53,4716,train,3
53,6448,train,4
53,5900,train,8
53,332,train,1
53,1098,train,2
53,2684,train,4
53,4185,train,7
53,37,train,1
53,5650,train,3
53,156,train,4
53,1244,train,0
53,6401,train,5
53,2638,train,1
53,1905,train,3
53,2258,train,2
53,486,train,6
53,376,train,6
53,5847,train,3
53,4254,train,4
53,6385,train,1
53,6100,train,9
53,2643,train,4
53,4373,train,5
53,1317,train,0
53,4933,train,0
53,5236,train,0
53,6976,train,9
53,7341,train,8
53,2679,train,5
53,5705,train,0
53,4888,train,9
53,5215,train,5
53,6255,train,4
53,255,train,2
53,4482,train,5
53,1549,train,8
53,1891,train,7
53,5763,train,8
53,6646,train,9
53,515,train,2
53,3051,train,3
53,1072,train,4
53,1889,train,2
53,6766,train,5
53,1293,train,2
53,3965,train,1
53,6171,train,5
53,4481,train,9
53,2499,train,8
53,5358,train,8
53,1963,train,2
53,5580,train,5
53,5456,train,4
53,4794,train,6
53,389,train,8
53,1602,train,6
53,3823,train,0
53,842,train,6
53,3687,train,9
53,4891,train,0
53,3188,train,8
53,6745,train,6
53,3084,train,5
53,5973,train,1
53,1684,train,6
53,4592,train,3
53,4360,train,5
53,2072,train,1
53,2255,train,5
53,6578,train,0
53,3845,train,1
53,2644,train,1
53,6640,train,3
53,3866,train,5
53,3128,train,0
53,337,train,2
53,1135,train,0
53,2145,train,1
53,2189,train,7
53,5207,train,9
53,442,train,8
53,3195,train,7
53,3154,train,6
53,4764,train,5
53,4783,train,7
53,5010,train,0
53,7216,train,6
53,136,train,2
53,1334,train,9
53,3303,train,4
53,1260,train,5
53,5286,train,0
53,683,train,4
53,3318,train,9
53,3943,train,0
53,6932,train,2
53,1660,train,2
53,6667,train,9
53,4667,train,3
53,7222,train,0
53,139,train,0
53,1299,train,7
53,6257,train,2
53,2452,train,2
53,812,train,4
53,5675,train,3
53,4100,train,0
53,329,train,8
53,5821,train,3
53,2388,train,0
53,6466,train,6
53,6887,train,9
53,3947,train,5
53,2049,train,5
53,6086,train,2
53,1944,train,8
53,3626,train,9
53,6792,train,4
53,705,train,1
53,2436,train,5
53,931,train,7
53,4799,train,4
53,7281,train,6
53,4593,train,0
53,1291,train,0
53,3640,train,3
53,7271,train,9
53,4995,train,6
53,5784,train,0
53,1181,train,1
53,2461,train,1
53,3648,train,6
53,2411,train,9
53,213,train,3
53,800,train,4
53,4191,train,9
53,5519,train,5
53,198,train,6
53,5152,train,8
53,4494,train,0
53,4378,train,1
53,6228,train,9
53,2847,train,0
53,3841,train,5
53,6556,train,2
53,5868,train,0
53,2580,train,5
53,2215,train,6
53,4935,train,8
53,4339,train,3
53,474,train,7
53,197,train,2
53,6150,train,5
53,1002,train,3
53,450,train,5
53,2625,train,0
53,4486,train,1
53,7157,train,3
53,6966,train,1
53,924,train,0
53,1824,train,7
53,667,train,0
53,6230,train,6
53,405,train,9
53,5376,train,9
53,6880,train,5
53,4118,train,7
53,3513,train,0
53,7169,train,5
53,1734,train,9
53,7277,train,2
53,7339,train,9
53,5386,train,1
53,1960,train,8
53,6774,train,7
53,327,train,9
53,7352,train,4
53,5834,train,4
53,439,train,9
53,6767,train,5
53,1795,train,8
53,5828,train,7
53,6506,train,5
53,109,train,7
53,4795,train,3
53,4199,train,1
53,5840,train,0
53,5606,train,2
53,6071,train,6
53,4796,train,9
53,6051,train,6
53,6773,train,4
53,6520,train,6
53,3436,train,6
53,3730,train,1
53,6005,train,1
53,5032,train,3
53,4445,train,1
53,2347,train,0
53,5182,train,1
53,6381,train,7
53,2125,train,5
53,6938,train,9
53,2693,train,6
53,3507,train,7
53,2476,train,5
53,6141,train,8
53,6882,train,4
53,6740,train,2
53,473,train,3
53,4179,train,6
53,7191,train,9
53,1011,train,6
53,714,train,6
53,6116,train,4
53,2477,train,8
53,6078,train,7
53,1274,train,3
53,5597,train,5
53,5888,train,6
53,3332,train,3
53,395,train,3
53,3631,train,5
53,1691,train,8
53,5914,train,7
53,2872,train,7
53,7064,train,3
53,4477,train,7
53,6977,train,7
53,684,train,6
53,3034,train,4
53,4209,train,6
53,1263,train,4
53,4166,train,7
53,3860,train,6
53,6426,train,6
53,3731,train,6
53,3959,train,5
53,1571,train,7
53,5739,train,9
53,1392,train,6
53,2170,train,7
53,5446,train,1
53,2794,train,8
53,5391,train,5
53,1230,train,9
53,1206,train,3
53,717,train,0
53,3561,train,0
53,5499,train,8
53,719,train,6
53,5758,train,9
53,3652,train,9
53,3054,train,6
53,3663,train,3
53,2248,train,7
53,2555,train,7
53,3281,train,9
53,5563,train,2
53,3301,train,9
53,7002,train,8
53,7007,train,4
53,5576,train,7
53,6149,train,3
53,2832,train,9
53,3672,train,7
53,1387,train,8
53,4226,train,5
53,949,train,6
53,1645,train,0
53,4862,train,3
53,3587,train,9
53,6622,train,5
53,3396,train,3
53,1929,train,8
53,4854,train,0
53,904,train,7
53,2422,train,5
53,356,train,9
53,6424,train,1
53,6414,train,3
53,6088,train,1
53,3191,train,4
53,3354,train,8
53,192,train,0
53,916,train,3
53,3547,train,8
53,3141,train,4
53,6034,train,2
53,6709,train,5
53,3313,train,8
53,150,train,7
53,1594,train,9
53,1411,train,0
53,6591,train,6
53,2168,train,2
53,5795,train,7
53,2483,train,2
53,6496,train,6
53,7328,train,4
53,572,train,0
53,2373,train,0
53,6584,train,9
53,2801,train,8
53,685,train,7
53,3725,train,2
53,171,train,4
53,89,train,0
53,3032,train,5
53,2864,train,9
53,1675,train,8
53,3964,train,2
53,4121,train,3
53,244,train,0
53,1516,train,0
53,3597,train,8
53,6618,train,0
53,6335,train,3
53,7154,train,9
53,6096,train,9
53,4171,train,8
53,6576,train,8
53,4700,train,9
53,749,train,1
53,4996,train,3
53,488,train,0
53,2608,train,9
53,2710,train,6
53,3359,train,9
53,6329,train,7
53,4663,train,9
53,6349,train,1
53,6644,train,0
53,6033,train,4
53,4112,train,8
53,2251,train,2
53,5665,train,4
53,1561,train,2
53,7327,train,2
53,1664,train,9
53,6441,train,0
53,725,train,3
53,650,train,9
53,3532,train,8
53,5238,train,7
53,4519,train,9
53,675,train,0
53,6015,train,2
53,4506,train,4
53,2162,train,7
53,3559,train,5
53,6142,train,3
53,4880,train,7
53,253,train,7
53,5463,train,2
53,4433,train,7
53,5083,train,9
53,1236,train,0
53,3405,train,7
53,2991,train,7
53,1526,train,8
53,3554,train,2
53,5715,train,0
53,3545,train,8
53,3412,train,9
53,5980,train,4
53,5333,train,6
53,147,train,3
53,4685,train,7
53,700,train,4
53,1533,train,6
53,1384,train,4
53,487,train,8
53,6413,train,7
53,1665,train,1
53,5398,train,1
53,4697,train,6
53,1131,train,6
53,754,train,1
53,777,train,8
53,5500,train,7
53,5935,train,4
53,1907,train,6
53,6122,train,3
53,6695,train,5
53,7196,train,9
53,6716,train,7
53,3046,train,5
53,1071,train,9
53,4561,train,3
53,3247,train,8
53,1535,train,7
53,5989,train,1
53,3190,train,4
53,293,train,2
53,4638,train,8
53,3220,train,3
53,1129,train,0
53,3061,train,4
53,5309,train,8
53,4380,train,0
53,5084,train,7
53,6375,train,1
53,1312,train,7
53,4522,train,9
53,1069,train,4
53,2297,train,7
53,3171,train,2
53,148,train,8
53,3320,train,4
53,2659,train,1
53,1638,train,4
53,5872,train,8
53,1498,train,3
53,6835,train,3
53,6879,train,9
53,323,train,1
53,4478,train,1
53,2173,train,2
53,1410,train,2
53,2824,train,1
53,2502,train,4
53,1018,train,2
53,4334,train,6
53,723,train,6
53,2108,train,7
53,1290,train,2
53,5533,train,0
53,5465,train,6
53,6905,train,1
53,3249,train,9
53,6623,train,4
53,947,train,4
53,2094,train,9
53,6927,train,6
53,7192,train,1
53,2745,train,4
53,1418,train,9
53,5094,train,2
53,594,train,7
53,3173,train,5
53,2058,train,1
53,3620,train,6
53,1521,train,0
53,1265,train,3
53,169,train,4
53,6435,train,0
53,5778,train,5
53,4289,train,9
53,7006,train,0
53,1812,train,1
53,5646,train,2
53,5688,train,5
53,5156,train,5
53,3863,train,2
53,2349,train,0
53,3184,train,1
53,2593,train,0
53,4772,train,1
53,6161,train,3
53,2879,train,9
53,1860,train,0
53,4054,train,1
53,1053,train,5
53,4953,train,7
53,6043,train,6
53,6567,train,8
53,6889,train,7
53,7103,train,1
53,2519,train,4
53,2316,train,1
53,7022,train,3
53,3886,train,1
53,5781,train,6
53,1635,train,5
53,6545,train,9
53,4573,train,7
53,1724,train,5
53,5595,train,0
53,5240,train,7
53,567,train,1
53,1749,train,2
53,5740,train,7
53,5921,train,1
53,1370,train,9
53,1642,train,3
53,6273,train,0
53,3762,train,6
53,6532,train,1
53,5552,train,0
53,1872,train,6
53,5616,train,9
53,5827,train,0
53,4116,train,6
53,935,train,0
53,5137,train,7
53,6539,train,9
53,5477,train,6
53,3740,train,5
53,608,train,6
53,3831,train,9
53,4210,train,8
53,6796,train,7
53,6821,train,8
53,7180,train,5
53,6585,train,8
53,1073,train,2
53,1354,train,1
53,1478,train,5
53,433,train,2
53,3282,train,0
53,6241,train,2
53,2451,train,9
53,4616,train,8
53,4265,train,8
53,1026,train,6
53,5503,train,6
53,4835,train,9
53,2890,train,9
53,4788,train,9
53,1094,train,4
53,1737,train,9
53,1346,train,7
53,1420,train,5
53,6825,train,7
53,3944,train,1
53,2956,train,2
53,145,train,8
53,101,train,0
53,2060,train,5
53,4658,train,1
53,6840,train,8
53,5392,train,9
53,7194,train,3
53,4622,train,5
53,6018,train,5
53,3807,train,7
53,780,train,8
53,5001,train,1
53,411,train,8
53,2444,train,9
53,2764,train,0
53,5025,train,4
53,2535,train,7
53,1424,train,3
53,7066,train,4
53,1797,train,1
53,1343,train,5
53,4790,train,8
53,338,train,7
53,3743,train,8
53,5124,train,5
53,2853,train,9
53,5793,train,8
53,6822,train,8
53,5462,train,9
53,2475,train,3
53,4737,train,6
53,3868,train,2
53,5582,train,8
53,2985,train,0
53,1867,train,4
53,7225,train,4
53,1519,train,2
53,4587,train,6
53,5673,train,8
53,5987,train,6
53,6797,train,0
53,1778,train,4
53,7275,train,1
53,6917,train,6
53,5842,train,0
53,7156,train,5
53,4037,train,9
53,6160,train,8
53,4645,train,8
53,7209,train,9
53,4106,train,4
53,1044,train,5
53,5573,train,8
53,857,train,3
53,4527,train,4
53,2281,train,9
53,2358,train,3
53,6101,train,2
53,155,train,6
53,7295,train,1
53,1823,train,6
53,3510,train,9
53,1364,train,5
53,6565,train,2
53,6362,train,8
53,6582,train,9
53,347,train,4
53,6757,train,1
53,5352,train,3
53,4801,train,5
53,5830,train,5
53,308,train,9
53,691,train,2
53,1184,train,4
53,621,train,9
53,5307,train,5
53,1641,train,8
53,6294,train,3
53,6862,train,9
53,7067,train,9
53,6734,train,4
53,4988,train,1
53,1711,train,3
53,1542,train,5
53,3263,train,5
53,2382,train,9
53,2153,train,5
53,7243,train,9
53,3319,train,7
53,646,train,0
53,2547,train,8
53,1729,train,8
53,799,train,5
53,1910,train,8
53,1201,train,5
53,6660,train,4
53,3100,train,5
53,5041,train,5
53,6447,train,1
53,5981,train,0
53,79,train,1
53,6993,train,1
53,6730,train,3
53,4866,train,6
53,4954,train,0
53,3808,train,4
53,7072,train,2
53,2886,train,4
53,2119,train,7
53,3254,train,8
53,6399,train,3
53,3953,train,8
53,6314,train,2
53,7021,train,3
53,5160,train,9
53,263,train,9
53,4504,train,9
53,375,train,0
53,2004,train,1
53,4825,train,3
53,3890,train,1
53,2680,train,9
53,5938,train,7
53,57,train,9
53,3210,train,6
53,1603,train,5
53,2194,train,5
53,2298,train,9
53,3750,train,4
53,3988,train,3
53,6692,train,9
53,1219,train,9
53,5789,train,3
53,6092,train,9
53,5262,train,8
53,4784,train,8
53,5735,train,7
53,979,train,3
53,635,train,9
53,1502,train,9
53,5291,train,6
53,2576,train,6
53,4230,train,5
53,2302,train,1
53,2830,train,0
53,1172,train,6
53,2861,train,3
53,4699,train,6
53,3578,train,1
53,2584,train,7
53,7041,train,8
53,196,train,3
53,960,train,9
53,3456,train,1
53,5274,train,6
53,3596,train,5
53,6521,train,3
53,618,train,1
53,4860,train,2
53,1212,train,6
53,4827,train,3
53,2649,train,6
53,1371,train,6
53,4603,train,0
53,5890,train,7
53,1712,train,3
53,2807,train,6
53,1801,train,4
53,4938,train,8
53,1308,train,3
53,5966,train,9
53,4671,train,0
53,4677,train,6
53,4338,train,8
53,2101,train,7
53,3804,train,2
53,4646,train,8
53,4272,train,8
53,4944,train,3
53,2321,train,7
53,3253,train,3
53,4559,train,1
53,5469,train,2
53,4081,train,1
53,5312,train,6
53,3040,train,7
53,1430,train,6
53,448,train,0
53,5889,train,4
53,1337,train,5
53,680,train,1
53,1159,train,7
53,2159,train,1
53,1075,train,4
53,3748,train,1
53,4858,train,2
53,4520,train,9
53,498,train,8
53,6057,train,8
53,4026,train,3
53,3494,train,2
53,3826,train,0
53,5685,train,6
53,7034,train,9
53,3721,train,9
53,1149,train,1
53,1169,train,6
53,1060,train,1
53,5631,train,2
53,2996,train,2
53,540,train,0
53,1019,train,7
53,5605,train,3
53,5131,train,2
53,4182,train,4
53,1752,train,9
53,3435,train,5
53,5794,train,5
53,4267,train,0
53,7080,train,8
53,4460,train,3
53,305,train,2
53,4588,train,2
53,1456,train,1
53,4007,train,2
53,2935,train,0
53,6156,train,1
53,58,train,2
53,495,train,4
53,6239,train,5
53,5907,train,7
53,191,train,3
53,5459,train,8
53,6207,train,8
53,122,train,5
53,4689,train,9
53,658,train,4
53,1995,train,8
53,2577,train,0
53,4398,train,6
53,2013,train,9
53,4253,train,6
53,245,train,5
53,4960,train,7
53,4709,train,9
53,3059,train,5
53,2056,train,6
53,6348,train,6
53,1999,train,3
53,817,train,3
53,913,train,5
53,5304,train,4
53,4416,train,1
53,6610,train,3
53,6895,train,8
53,4204,train,3
53,3245,train,2
53,6597,train,5
53,4710,train,2
53,1449,train,5
53,7319,train,4
53,1794,train,8
53,3089,train,4
53,5347,train,7
53,6543,train,2
53,7220,train,7
53,3814,train,9
53,3264,train,6
53,4731,train,3
53,1788,train,5
53,4543,train,7
53,3757,train,9
53,5245,train,7
53,5600,train,1
53,2470,train,2
53,6368,train,7
53,4662,train,4
53,2264,train,3
53,619,train,7
53,4637,train,9
53,2238,train,0
53,4836,train,1
53,2716,train,7
53,1264,train,2
53,6869,train,0
53,1949,train,0
53,4431,train,8
53,4427,train,9
53,2122,train,7
53,4424,train,2
53,598,train,0
53,1545,train,1
53,216,train,0
53,2012,train,7
53,6151,train,5
53,2014,train,2
53,1016,train,7
53,1847,train,5
53,167,train,0
53,5511,train,6
53,1580,train,0
53,3705,train,7
53,1001,train,8
53,5096,train,3
53,6750,train,5
53,2738,train,8
53,6942,train,6
53,2920,train,0
53,6913,train,5
53,4436,train,1
53,3309,train,2
53,823,train,0
53,2374,train,2
53,4732,train,9
53,2052,train,7
53,1203,train,7
53,2097,train,2
53,5090,train,8
53,4746,train,2
53,2254,train,0
53,1310,train,2
53,5946,train,0
53,6935,train,5
53,2209,train,0
53,5063,train,0
53,3755,train,0
53,3111,train,0
53,3727,train,5
53,964,train,3
53,4706,train,9
53,3912,train,2
53,6032,train,1
53,3716,train,8
53,6832,train,4
53,3004,train,7
53,1489,train,6
53,6066,train,2
53,6632,train,1
53,5925,train,9
53,703,train,4
53,5418,train,8
53,1099,train,3
53,3683,train,4
53,5835,train,8
53,2806,train,9
53,4705,train,2
53,4193,train,1
53,5491,train,2
53,5620,train,4
53,4469,train,0
53,1196,train,1
53,5691,train,3
53,958,train,0
53,6475,train,2
53,5038,train,6
53,4333,train,8
53,1923,train,3
53,2965,train,0
53,2704,train,5
53,2468,train,3
53,5586,train,6
53,1685,train,1
53,4389,train,3
53,1247,train,8
53,1540,train,2
53,4541,train,9
53,3427,train,5
53,2859,train,7
53,6877,train,7
53,1773,train,3
53,6968,train,7
53,1632,train,9
53,5574,train,1
53,2084,train,4
53,3763,train,0
53,63,train,1
53,4467,train,7
53,4686,train,0
53,4894,train,4
53,7026,train,5
53,7053,train,9
53,4134,train,0
53,4101,train,3
53,3030,train,7
53,7049,train,9
53,5936,train,1
53,94,train,6
53,1447,train,4
53,6752,train,7
53,3470,train,2
53,4414,train,6
53,7128,train,6
53,159,train,8
53,1217,train,6
53,1487,train,6
53,5423,train,5
53,364,train,9
53,33,train,8
53,6527,train,0
53,5076,train,3
53,4902,train,7
53,3506,train,8
53,5948,train,9
53,6715,train,6
53,2027,train,2
53,644,train,0
53,2167,train,4
53,2074,train,3
53,4814,train,9
53,2270,train,4
53,5299,train,8
53,2293,train,5
53,1476,train,8
53,6045,train,6
53,1248,train,9
53,124,train,9
53,4441,train,9
53,5506,train,8
53,6751,train,9
53,7079,train,8
53,550,train,2
53,4874,train,6
53,5016,train,7
53,2945,train,9
53,7148,train,7
53,751,train,7
53,3792,train,2
53,2234,train,6
53,3311,train,9
53,3170,train,3
53,3504,train,6
53,2968,train,6
53,873,train,5
53,5762,train,2
53,7108,train,3
53,5909,train,7
53,633,train,9
53,2032,train,8
53,2977,train,5
53,2556,train,1
53,3872,train,1
53,3140,train,7
53,6502,train,4
53,1953,train,3
53,3115,train,4
53,5978,train,4
53,1259,train,0
53,2687,train,1
53,271,train,8
53,6235,train,7
53,5029,train,3
53,5389,train,5
53,671,train,7
53,7146,train,6
53,2372,train,5
53,19,train,6
53,3182,train,9
53,976,train,9
53,989,train,4
53,3600,train,9
53,2836,train,4
53,190,train,5
53,4952,train,7
53,6834,train,7
53,6831,train,6
53,6550,train,2
53,1506,train,4
53,2312,train,1
53,73,train,3
53,3859,train,6
53,2188,train,4
53,4438,train,0
53,2805,train,9
53,3625,train,6
53,2356,train,7
53,462,train,3
53,2134,train,5
53,3338,train,9
53,1755,train,0
53,4906,train,8
53,5769,train,8
53,6382,train,1
53,3686,train,3
53,4727,train,0
53,3606,train,7
53,6700,train,1
53,4194,train,1
53,5387,train,0
53,596,train,8
53,1646,train,2
53,1871,train,2
53,5934,train,4
53,6579,train,6
53,1796,train,2
53,711,train,1
53,4974,train,5
53,4567,train,1
53,2565,train,2
53,303,train,0
53,868,train,6
53,2405,train,9
53,3413,train,8
53,6746,train,5
53,4296,train,5
53,1358,train,5
53,202,train,9
53,5640,train,7
53,4442,train,5
53,5676,train,4
53,1671,train,9
53,4079,train,4
53,3056,train,5
53,4038,train,0
53,2253,train,1
53,612,train,4
53,1320,train,7
53,1927,train,1
53,6250,train,0
53,5447,train,4
53,1101,train,1
53,1177,train,6
53,4994,train,0
53,836,train,4
53,2433,train,2
53,2370,train,5
53,985,train,8
53,6531,train,4
53,1494,train,3
53,5592,train,9
53,898,train,5
53,1904,train,3
53,1574,train,3
53,5632,train,6
53,3002,train,2
53,1356,train,1
53,5196,train,8
53,1576,train,0
53,5328,train,1
53,200,train,8
53,2776,train,7
53,6515,train,7
53,6588,train,0
53,3555,train,0
53,6871,train,1
53,663,train,3
53,4128,train,0
53,5614,train,8
53,6663,train,3
53,756,train,6
53,1179,train,0
53,2003,train,2
53,1113,train,0
53,636,train,4
53,6000,train,6
53,3528,train,1
53,208,train,7
53,727,train,5
53,5700,train,0
53,223,train,3
53,1416,train,3
53,3091,train,7
53,2158,train,2
53,5424,train,5
53,4664,train,1
53,5893,train,1
53,7346,train,8
53,61,train,2
53,3317,train,6
53,845,train,2
53,853,train,5
53,3374,train,2
53,5884,train,0
53,239,train,0
53,5165,train,8
53,6530,train,9
53,1543,train,1
53,4761,train,6
53,545,train,3
53,35,train,8
53,98,train,8
53,2800,train,6
53,7290,train,7
53,3878,train,8
53,4044,train,5
53,2181,train,7
53,2818,train,5
53,6725,train,6
53,555,train,4
53,95,train,8
53,3178,train,3
53,3923,train,3
53,6542,train,6
53,5747,train,1
53,5285,train,6
53,897,train,4
53,6244,train,7
53,4169,train,8
53,5814,train,1
53,2946,train,6
53,1992,train,3
53,1197,train,7
53,4423,train,0
53,5757,train,2
53,5265,train,3
53,2333,train,1
53,1121,train,7
53,1881,train,8
53,3557,train,0
53,6541,train,7
53,5891,train,8
53,1984,train,4
53,3903,train,0
53,6915,train,3
53,2201,train,8
53,7029,train,2
53,688,train,8
53,4656,train,1
53,1232,train,2
53,2553,train,2
53,2284,train,8
53,3473,train,0
53,5484,train,5
53,6971,train,9
53,5655,train,0
53,4688,train,0
53,4300,train,8
53,3846,train,5
53,4724,train,4
53,2751,train,3
53,3818,train,0
53,3994,train,3
53,998,train,1
53,6864,train,1
53,5554,train,2
53,143,train,7
53,84,train,6
53,3963,train,0
53,1168,train,7
53,6249,train,2
53,7055,train,4
53,2435,train,2
53,4190,train,9
53,3630,train,4
53,5008,train,1
53,5051,train,6
53,5988,train,2
53,2976,train,6
53,2708,train,6
53,696,train,4
53,4161,train,1
53,6085,train,3
53,123,train,3
53,6157,train,8
53,1470,train,3
53,2183,train,6
53,5354,train,0
53,6338,train,3
53,5275,train,4
53,285,train,6
53,6810,train,3
53,1611,train,3
53,5164,train,8
53,6523,train,0
53,1160,train,7
53,1715,train,8
53,3491,train,9
53,782,train,0
53,5442,train,8
53,6155,train,3
53,4968,train,9
53,6769,train,2
53,4072,train,7
53,2804,train,0
53,6106,train,9
53,7061,train,7
53,2916,train,1
53,2583,train,7
53,7176,train,7
53,1395,train,6
53,6003,train,8
53,649,train,3
53,3421,train,5
53,6387,train,0
53,1888,train,1
53,175,train,5
53,7241,train,0
53,1816,train,7
53,5143,train,5
53,2151,train,1
53,4781,train,1
53,4885,train,3
53,1742,train,1
53,4297,train,5
53,7256,train,2
53,1913,train,1
53,7329,train,0
53,6627,train,6
53,5434,train,9
53,2734,train,3
53,5561,train,6
53,5738,train,8
53,501,train,0
53,3619,train,0
53,566,train,6
53,4143,train,0
53,2522,train,1
53,968,train,6
53,1499,train,0
53,2603,train,2
53,437,train,5
53,4450,train,0
53,5068,train,3
53,2430,train,2
53,434,train,9
53,3799,train,5
53,1522,train,8
53,7184,train,6
53,5087,train,8
53,6529,train,6
53,6685,train,3
53,5565,train,6
53,4548,train,7
53,1012,train,3
53,5206,train,2
53,2017,train,2
53,342,train,2
53,5862,train,8
53,2802,train,9
53,3345,train,3
53,1118,train,6
53,5587,train,6
53,2212,train,2
53,3576,train,6
53,2198,train,4
53,526,train,7
53,5479,train,8
53,4661,train,4
53,3797,train,2
53,6606,train,6
53,6987,train,7
53,368,train,6
53,5043,train,3
53,7311,train,3
53,2310,train,6
53,6137,train,4
53,5308,train,8
53,2299,train,5
53,6356,train,2
53,980,train,6
53,1537,train,3
53,6736,train,6
53,3358,train,8
53,5807,train,0
53,653,train,5
53,4809,train,5
53,4340,train,4
53,6430,train,3
53,1040,train,2
53,5870,train,8
53,1111,train,4
53,902,train,4
53,6169,train,3
53,6105,train,5
53,273,train,7
53,592,train,7
53,3633,train,4
53,5709,train,9
53,4875,train,7
53,5344,train,0
53,119,train,3
53,4298,train,7
53,6759,train,3
53,3916,train,6
53,4144,train,5
53,4604,train,1
53,1725,train,5
53,827,train,7
53,1190,train,9
53,5425,train,8
53,3990,train,4
53,5405,train,8
53,5645,train,5
53,5289,train,2
53,1517,train,0
53,1786,train,8
53,1781,train,5
53,3050,train,0
53,3996,train,8
53,6301,train,2
53,453,train,5
53,2896,train,4
53,7249,train,2
53,5696,train,0
53,4196,train,3
53,2375,train,0
53,4569,train,6
53,6110,train,4
53,1369,train,7
53,3495,train,8
53,6210,train,8
53,3225,train,7
53,6397,train,8
53,3690,train,9
53,341,train,3
53,3273,train,9
53,3216,train,8
53,2326,train,4
53,3564,train,0
53,2995,train,4
53,2655,train,3
53,319,train,6
53,7178,train,4
53,6384,train,3
53,259,train,3
53,6809,train,8
53,6904,train,1
53,4012,train,0
53,5607,train,8
53,701,train,4
53,768,train,9
53,1326,train,5
53,2040,train,4
53,201,train,9
53,48,train,8
53,6873,train,4
53,3364,train,4
53,2691,train,1
53,6560,train,0
53,483,train,8
53,222,train,2
53,102,train,3
53,557,train,9
53,2504,train,4
53,4563,train,9
53,4090,train,4
53,6991,train,2
53,2768,train,8
53,6164,train,3
53,6168,train,3
53,2397,train,3
53,2902,train,3
53,6890,train,4
53,3754,train,3
53,4355,train,4
53,1482,train,1
53,564,train,9
53,2144,train,8
53,7014,train,8
53,6551,train,5
53,16,train,2
53,1301,train,0
53,7081,train,9
53,6152,train,6
53,391,train,4
53,2341,train,7
53,4084,train,0
53,5350,train,4
53,7085,train,4
53,7206,train,8
53,2831,train,4
53,5132,train,9
53,367,train,2
53,1895,train,8
53,5585,train,9
53,7226,train,1
53,5040,train,1
53,7355,train,9
53,2204,train,4
53,2893,train,1
53,1122,train,8
53,2305,train,7
53,3566,train,4
53,4421,train,6
53,741,train,2
53,1313,train,2
53,600,train,4
53,3617,train,3
53,4568,train,1
53,6659,train,5
53,2392,train,8
53,923,train,0
53,5428,train,5
53,2825,train,4
53,541,train,6
53,2109,train,8
53,2320,train,4
53,639,train,3
53,317,train,0
53,606,train,6
53,5610,train,0
53,2521,train,4
53,3251,train,6
53,6234,train,2
53,1240,train,8
53,3984,train,3
53,400,train,8
53,2033,train,0
53,2670,train,6
53,748,train,8
53,4672,train,4
53,2924,train,1
53,7253,train,3
53,2526,train,2
53,3871,train,4
53,6297,train,5
53,3714,train,8
53,3230,train,2
53,1021,train,4
53,6422,train,9
53,479,train,5
53,1336,train,2
53,6188,train,0
53,2793,train,0
53,2025,train,7
53,2537,train,8
53,5912,train,9
53,4141,train,4
53,6672,train,1
53,2562,train,9
53,2327,train,6
53,5759,train,2
53,7258,train,8
53,1286,train,7
53,6206,train,2
53,2127,train,0
53,3884,train,7
53,6495,train,5
53,4534,train,7
53,1153,train,4
53,5971,train,4
53,6147,train,9
53,59,train,8
53,14,train,3
53,3356,train,2
53,6213,train,3
53,6868,train,4
53,2114,train,9
53,3235,train,9
53,3955,train,6
53,237,train,0
53,2368,train,7
53,6699,train,1
53,7367,train,8
53,5771,train,6
53,7140,train,6
53,4768,train,1
53,3222,train,4
53,3657,train,9
53,4641,train,7
53,5568,train,8
53,946,train,9
53,6076,train,6
53,436,train,9
53,5518,train,1
53,1398,train,2
53,4723,train,8
53,4751,train,3
53,4004,train,1
53,3752,train,6
53,6886,train,2
53,7045,train,2
53,6193,train,5
53,4617,train,8
53,1471,train,3
53,3514,train,4
53,1229,train,8
53,5806,train,4
53,1280,train,8
53,195,train,7
53,6851,train,8
53,1818,train,5
53,1674,train,8
53,1663,train,8
53,5521,train,0
53,6095,train,8
53,5282,train,7
53,4892,train,8
53,593,train,0
53,2975,train,7
53,4186,train,0
53,1252,train,3
53,2739,train,4
53,5992,train,9
53,3695,train,0
53,3710,train,1
53,4027,train,2
53,3240,train,6
53,3603,train,7
53,6458,train,0
53,5527,train,1
53,7092,train,9
53,1683,train,0
53,4817,train,3
53,1536,train,3
53,2479,train,6
53,2102,train,6
53,954,train,8
53,4969,train,9
53,5674,train,1
53,3997,train,4
53,511,train,1
53,7183,train,8
53,6091,train,1
53,5065,train,8
53,1249,train,8
53,2517,train,2
53,2061,train,6
53,3949,train,2
53,6842,train,8
53,6113,train,5
53,4545,train,2
53,7173,train,1
53,1185,train,3
53,1459,train,6
53,1455,train,8
53,5618,train,7
53,1246,train,8
53,412,train,3
53,3550,train,0
53,2269,train,9
53,7102,train,0
53,2552,train,6
53,4115,train,2
53,5663,train,4
53,957,train,3
53,6963,train,6
53,6327,train,1
53,3471,train,2
53,2285,train,5
53,3649,train,9
53,267,train,6
53,3828,train,3
53,611,train,1
53,21,train,7
53,7161,train,9
53,4219,train,7
53,4411,train,8
53,2746,train,0
53,4405,train,7
53,5031,train,4
53,722,train,5
53,4130,train,5
53,50,train,9
53,4245,train,0
53,3961,train,2
53,4775,train,2
53,6342,train,2
53,3650,train,9
53,4647,train,8
53,5445,train,5
53,5337,train,9
53,4229,train,6
53,4466,train,1
53,5012,train,2
53,6803,train,1
53,2573,train,2
53,3525,train,4
53,3891,train,0
53,478,train,9
53,3347,train,4
53,5338,train,6
53,3250,train,0
53,657,train,5
53,146,train,1
53,340,train,5
53,2355,train,3
53,4765,train,6
53,5252,train,1
53,5695,train,7
53,6651,train,0
53,5210,train,6
53,5589,train,3
53,5514,train,5
53,2762,train,8
53,5323,train,2
53,4905,train,7
53,689,train,4
53,4119,train,3
53,4285,train,7
53,1114,train,9
53,4771,train,6
53,4260,train,6
53,1618,train,3
53,5053,train,0
53,6139,train,0
53,813,train,5
53,4503,train,9
53,4678,train,1
53,7264,train,7
53,6237,train,8
53,940,train,5
53,1315,train,2
53,1825,train,0
53,5175,train,9
53,6676,train,4
53,3322,train,8
53,6473,train,5
53,5383,train,2
53,5478,train,0
53,7221,train,3
53,1483,train,1
53,3950,train,4
53,7165,train,8
53,6837,train,8
53,3842,train,5
53,1224,train,2
53,2969,train,2
53,6836,train,1
53,5866,train,7
53,458,train,7
53,5149,train,7
53,3635,train,1
53,2008,train,3
53,2707,train,3
53,1799,train,7
53,181,train,2
53,5473,train,6
53,2292,train,8
53,2147,train,9
53,3624,train,1
53,5231,train,9
53,4069,train,3
53,794,train,4
53,2271,train,1
53,5375,train,7
53,3756,train,2
53,6999,train,6
53,999,train,1
53,4400,train,0
53,2578,train,5
53,3044,train,8
53,2992,train,5
53,6883,train,7
53,874,train,5
53,3869,train,2
53,3838,train,4
53,3819,train,3
53,4382,train,8
53,7358,train,1
53,1198,train,8
53,2146,train,9
53,7098,train,5
53,2642,train,4
53,4584,train,0
53,6165,train,0
53,2324,train,3
53,6310,train,7
53,2343,train,6
53,2495,train,6
53,4590,train,5
53,129,train,9
53,2029,train,4
53,5976,train,9
53,2843,train,5
53,2364,train,9
53,3925,train,3
53,4165,train,9
53,1379,train,4
53,3150,train,8
53,2590,train,0
53,3010,train,6
53,5483,train,3
53,1386,train,7
53,2723,train,6
53,6079,train,0
53,6555,train,5
53,5736,train,7
53,3386,train,9
53,3873,train,6
53,706,train,1
53,5027,train,2
53,3905,train,0
53,20,train,9
53,199,train,0
53,1758,train,8
53,5667,train,3
53,4495,train,2
53,3759,train,4
53,2244,train,2
53,6261,train,6
53,6427,train,5
53,4284,train,3
53,2726,train,8
53,4316,train,9
53,828,train,8
53,2811,train,5
53,1194,train,0
53,3800,train,3
53,1735,train,3
53,7362,train,8
53,3520,train,2
53,3109,train,2
53,3837,train,4
53,4596,train,3
53,4259,train,7
53,1583,train,1
53,6211,train,5
53,384,train,6
53,4474,train,0
53,6548,train,8
53,6407,train,6
53,3505,train,5
53,3125,train,3
53,1601,train,6
53,4642,train,0
53,3265,train,7
53,5968,train,3
53,4353,train,5
53,7105,train,7
53,2509,train,4
53,2274,train,1
53,4898,train,8
53,4777,train,2
53,4981,train,6
53,1639,train,5
53,3500,train,6
53,5120,train,2
53,407,train,8
53,7224,train,5
53,6331,train,0
53,328,train,6
53,1669,train,4
53,2682,train,8
53,6727,train,8
53,227,train,5
53,5869,train,6
53,6062,train,5
53,1335,train,4
53,3375,train,3
53,1192,train,5
53,3632,train,8
53,862,train,8
53,3787,train,4
53,6246,train,1
53,5933,train,3
53,4577,train,1
53,3189,train,1
53,5642,train,0
53,5128,train,3
53,6771,train,7
53,3717,train,3
53,2658,train,2
53,532,train,8
53,4560,train,8
53,7251,train,2
53,6214,train,6
53,628,train,5
53,1631,train,9
53,6747,train,3
53,5805,train,5
53,4168,train,4
53,2218,train,6
53,4269,train,3
53,210,train,9
53,5859,train,3
53,402,train,1
53,2023,train,8
53,2711,train,4
53,1930,train,0
53,6215,train,5
53,4586,train,6
53,5743,train,5
53,88,train,5
53,1027,train,7
53,2117,train,6
53,280,train,7
53,5103,train,4
53,1689,train,9
53,352,train,5
53,3899,train,4
53,6970,train,1
53,5683,train,7
53,4602,train,3
53,3793,train,1
53,5448,train,2
53,1792,train,9
53,588,train,6
53,6959,train,0
53,2439,train,0
53,7363,train,4
53,5990,train,4
53,1541,train,9
53,3962,train,9
53,3437,train,9
53,3381,train,4
53,1701,train,6
53,5021,train,3
53,6620,train,3
53,383,train,6
53,6187,train,2
53,5363,train,8
53,5636,train,0
53,892,train,7
53,677,train,1
53,1140,train,3
53,6159,train,9
53,2331,train,9
53,5366,train,0
53,5815,train,7
53,3777,train,1
53,850,train,1
53,4401,train,3
53,5264,train,8
53,4464,train,2
53,5883,train,9
53,3242,train,9
53,5848,train,7
53,4962,train,9
53,1596,train,0
53,7107,train,7
53,1188,train,4
53,3677,train,1
53,4409,train,2
53,2377,train,4
53,6489,train,7
53,6546,train,6
53,4557,train,5
53,6231,train,3
53,5593,train,7
53,6245,train,4
53,3255,train,8
53,6866,train,5
53,1890,train,1
53,4855,train,2
53,2758,train,3
53,246,train,8
53,6166,train,5
53,2239,train,7
53,681,train,3
53,5532,train,4
53,3180,train,2
53,2913,train,4
53,6148,train,2
53,4205,train,3
53,2282,train,8
53,4943,train,5
53,354,train,6
53,322,train,6
53,1940,train,3
53,2137,train,4
53,6220,train,1
53,6642,train,2
53,1978,train,6
53,4471,train,5
53,2210,train,3
53,1269,train,4
53,28,train,3
53,747,train,2
53,3424,train,7
53,6893,train,6
53,3035,train,1
53,563,train,1
53,2249,train,4
53,2300,train,2
53,6074,train,7
53,6047,train,4
53,3466,train,7
53,6322,train,9
53,3613,train,3
53,6981,train,7
53,4497,train,2
53,724,train,8
53,2140,train,3
53,6470,train,2
53,4087,train,8
53,4304,train,7
53,4332,train,0
53,5279,train,2
53,2909,train,1
53,6931,train,3
53,2718,train,6
53,107,train,4
53,4002,train,1
53,6456,train,9
53,793,train,2
53,3502,train,2
53,251,train,0
53,1607,train,2
53,2463,train,4
53,2797,train,0
53,1974,train,7
53,4585,train,1
53,7280,train,2
53,7250,train,6
53,6197,train,4
53,4926,train,6
53,4055,train,4
53,2599,train,7
53,5075,train,9
53,6817,train,2
53,7090,train,1
53,1529,train,2
53,603,train,2
53,4839,train,5
53,5699,train,7
53,1058,train,0
53,3864,train,0
53,1912,train,2
53,4501,train,4
53,2796,train,4
53,697,train,9
53,1242,train,7
53,4148,train,5
53,5497,train,9
53,4088,train,6
53,7232,train,4
53,6460,train,5
53,4518,train,1
53,599,train,9
53,2177,train,0
53,4331,train,4
53,1652,train,9
53,2348,train,1
53,4842,train,7
53,4896,train,6
53,875,train,7
53,3316,train,3
53,4983,train,0
53,3786,train,9
53,2951,train,3
53,1863,train,5
53,2966,train,5
53,3383,train,2
53,5230,train,0
53,3957,train,5
53,6779,train,1
53,3656,train,7
53,4600,train,3
53,1374,train,6
53,4571,train,2
53,5844,train,4
53,2753,train,1
53,2508,train,4
53,1262,train,4
53,6280,train,3
53,2732,train,6
53,5817,train,1
53,6650,train,7
53,1745,train,0
53,2398,train,7
53,1981,train,6
53,4583,train,2
53,679,train,4
53,6205,train,5
53,586,train,8
53,4283,train,5
53,5694,train,6
53,4628,train,5
53,6514,train,7
53,2139,train,3
53,2516,train,5
53,2904,train,0
53,893,train,5
53,152,train,8
53,316,train,9
53,140,train,0
53,5877,train,3
53,3337,train,1
53,5161,train,2
53,1009,train,5
53,5963,train,0
53,6442,train,7
53,4173,train,4
53,1342,train,9
53,990,train,5
53,3928,train,1
53,64,train,4
53,1049,train,5
53,2639,train,6
53,5583,train,5
53,2917,train,6
53,4419,train,6
53,5498,train,2
53,3728,train,6
53,1404,train,6
53,4691,train,9
53,5628,train,8
53,4694,train,6
53,3172,train,5
53,2698,train,9
53,5748,train,5
53,3468,train,7
53,6069,train,5
53,4913,train,7
53,6144,train,6
53,5737,train,9
53,4544,train,5
53,1208,train,2
53,786,train,8
53,5033,train,7
53,2803,train,6
53,921,train,0
53,1059,train,5
53,4693,train,8
53,5000,train,0
53,4546,train,9
53,247,train,5
53,3518,train,2
53,438,train,9
53,163,train,5
53,975,train,3
53,2964,train,1
53,5007,train,8
53,1828,train,2
53,2275,train,1
53,1091,train,4
53,5962,train,1
53,5562,train,1
53,5541,train,1
53,6202,train,0
53,5136,train,0
53,2334,train,4
53,3018,train,1
53,6870,train,4
53,5810,train,6
53,1884,train,9
53,3983,train,7
53,6782,train,0
53,6625,train,0
53,4703,train,9
53,2389,train,0
53,4065,train,4
53,1987,train,9
53,6163,train,8
53,2654,train,3
53,5960,train,3
53,1120,train,8
53,6969,train,3
53,1372,train,2
53,4294,train,0
53,113,train,5
53,3660,train,0
53,1162,train,2
53,250,train,9
53,6990,train,4
53,1460,train,5
53,6012,train,4
53,6283,train,1
53,4123,train,3
53,5623,train,1
53,5970,train,6
53,2875,train,9
53,745,train,8
53,1649,train,3
53,4558,train,0
53,5393,train,7
53,300,train,2
53,5974,train,1
53,3003,train,5
53,4015,train,6
53,1730,train,9
53,4075,train,9
53,5123,train,5
53,1733,train,0
53,3822,train,3
53,5384,train,7
53,4516,train,1
53,1955,train,5
53,326,train,6
53,7252,train,1
53,4802,train,0
53,2959,train,1
53,6964,train,5
53,3259,train,8
53,3385,train,5
53,1495,train,6
53,371,train,2
53,2703,train,3
53,5287,train,7
53,2350,train,6
53,5918,train,2
53,8,train,0
53,2713,train,6
53,3027,train,5
53,1279,train,9
53,3450,train,3
53,5315,train,9
53,6601,train,6
53,3341,train,2
53,6534,train,4
53,4877,train,1
53,2592,train,8
53,65,train,0
53,5320,train,9
53,2826,train,7
53,2677,train,1
53,6274,train,7
53,1782,train,2
53,933,train,4
53,1931,train,3
53,2607,train,4
53,2291,train,2
53,1468,train,4
53,981,train,2
53,504,train,1
53,3490,train,6
53,1103,train,1
53,3233,train,7
53,5471,train,9
53,4643,train,7
53,6795,train,7
53,5059,train,6
53,2918,train,6
53,5297,train,4
53,6827,train,1
53,2892,train,5
53,2093,train,7
53,2635,train,3
53,6027,train,1
53,357,train,6
53,2873,train,2
53,2070,train,9
53,7132,train,3
53,1753,train,0
53,4195,train,1
53,3342,train,2
53,353,train,3
53,6192,train,3
53,2714,train,3
53,7188,train,6
53,1555,train,2
53,52,train,4
53,3813,train,1
53,2880,train,7
53,7235,train,8
53,7334,train,2
53,1033,train,2
53,7336,train,7
53,1875,train,1
53,4538,train,2
53,4487,train,4
53,6406,train,3
53,1862,train,1
53,2050,train,1
53,1774,train,0
53,4397,train,6
53,7223,train,0
53,3917,train,0
53,6087,train,8
53,7036,train,2
53,3295,train,0
53,7135,train,3
53,4500,train,0
53,6630,train,9
53,6440,train,1
53,482,train,0
53,5940,train,0
53,7244,train,6
53,9,train,0
53,6248,train,5
53,1789,train,6
53,668,train,4
53,2940,train,5
53,5144,train,0
53,552,train,8
53,288,train,1
53,111,train,3
53,3333,train,5
53,4457,train,1
53,7010,train,4
53,3352,train,9
53,775,train,7
53,2511,train,7
53,2220,train,2
53,1991,train,5
53,4791,train,8
53,2437,train,0
53,5249,train,8
53,5984,train,0
53,3110,train,6
53,1771,train,0
53,1087,train,7
53,4978,train,2
53,3783,train,2
53,153,train,6
53,1056,train,2
53,755,train,0
53,2103,train,2
53,3642,train,1
53,884,train,9
53,6690,train,7
53,4837,train,4
53,3262,train,8
53,1627,train,8
53,6056,train,4
53,3867,train,5
53,709,train,6
53,5880,train,6
53,5854,train,0
53,3439,train,3
53,4042,train,5
53,2128,train,2
53,127,train,3
53,1256,train,7
53,4484,train,2
53,17,train,2
53,5348,train,6
53,67,train,2
53,5214,train,6
53,1432,train,7
53,2235,train,6
53,2387,train,4
53,6857,train,7
53,669,train,7
53,6505,train,8
53,798,train,2
53,3574,train,0
53,3227,train,2
53,3627,train,2
53,6316,train,0
53,5157,train,3
53,2541,train,5
53,5378,train,7
53,7193,train,5
53,1431,train,1
53,3093,train,7
53,2376,train,8
53,5470,train,0
53,4884,train,9
53,6996,train,7
53,616,train,7
53,5578,train,3
53,5863,train,3
53,4621,train,8
53,6325,train,6
53,3361,train,0
53,2246,train,0
53,2166,train,1
53,6029,train,6
53,1620,train,7
53,3271,train,4
53,6170,train,2
53,3682,train,6
53,1065,train,6
53,6891,train,9
53,1223,train,3
53,2393,train,0
53,7058,train,7
53,1397,train,4
53,38,train,8
53,2276,train,3
53,6021,train,0
53,7145,train,4
53,1547,train,9
53,1775,train,8
53,3605,train,1
53,3103,train,4
53,5768,train,6
53,6190,train,6
53,3844,train,2
53,2820,train,6
53,3501,train,1
53,1546,train,0
53,1899,train,7
53,5125,train,5
53,5045,train,7
53,2046,train,0
53,4927,train,8
53,6102,train,0
53,1508,train,1
53,3431,train,0
53,1176,train,6
53,6306,train,3
53,302,train,4
53,6391,train,7
53,4886,train,5
53,233,train,7
53,5911,train,9
53,7246,train,3
53,952,train,6
53,5798,train,7
53,1705,train,4
53,1408,train,5
53,1798,train,0
53,2384,train,5
53,2381,train,0
53,5588,train,0
53,3704,train,2
53,2928,train,9
53,2035,train,1
53,3122,train,8
53,4242,train,5
53,362,train,4
53,6783,train,8
53,1769,train,8
53,331,train,8
53,4022,train,0
53,4903,train,3
53,286,train,7
53,2846,train,4
53,6814,train,1
53,236,train,7
53,3043,train,0
53,6,train,7
53,1300,train,9
53,142,train,1
53,2878,train,5
53,1413,train,9
53,906,train,4
53,6703,train,4
53,6183,train,9
53,6263,train,4
53,5204,train,1
53,1696,train,4
53,5359,train,6
53,5684,train,4
53,6482,train,9
53,6867,train,5
53,4869,train,6
53,2020,train,9
53,5047,train,0
53,5005,train,3
53,6701,train,6
53,5945,train,4
53,4990,train,2
53,6075,train,1
53,497,train,4
53,5977,train,7
53,4744,train,6
53,2307,train,2
53,676,train,3
53,3196,train,0
53,3449,train,8
53,1777,train,5
53,2829,train,8
53,3641,train,1
53,849,train,9
53,6936,train,4
53,1000,train,7
53,3,train,1
53,1637,train,1
53,5145,train,4
53,4443,train,2
53,5660,train,5
53,2419,train,9
53,312,train,2
53,6833,train,0
53,1382,train,0
53,5924,train,8
53,2075,train,5
53,3766,train,0
53,186,train,9
53,1918,train,4
53,4565,train,2
53,4682,train,2
53,6519,train,8
53,461,train,0
53,1668,train,4
53,6181,train,1
53,2199,train,1
53,1985,train,8
53,5122,train,5
53,6467,train,9
53,2496,train,7
53,5353,train,3
53,365,train,5
53,403,train,7
53,3312,train,9
53,4554,train,6
53,3745,train,7
53,3360,train,6
53,3066,train,0
53,6476,train,8
53,2606,train,4
53,7018,train,8
53,3123,train,0
53,4512,train,6
53,5155,train,6
53,351,train,4
53,6409,train,9
53,6654,train,2
53,3159,train,5
53,4566,train,9
53,1254,train,3
53,2939,train,6
53,4850,train,0
53,3187,train,2
53,7330,train,9
53,6303,train,8
53,6894,train,4
53,5259,train,3
53,27,train,5
53,2685,train,3
53,3639,train,8
53,444,train,9
53,2416,train,6
53,3042,train,2
53,3121,train,4
53,4950,train,2
53,6815,train,8
53,2352,train,2
53,6117,train,3
53,76,train,3
53,3124,train,0
53,2242,train,6
53,3497,train,0
53,7359,train,4
53,7046,train,6
53,4893,train,6
53,5853,train,8
53,7303,train,7
53,75,train,0
53,447,train,7
53,2633,train,4
53,6973,train,5
53,1523,train,2
53,6289,train,5
53,7342,train,4
53,1666,train,5
53,4261,train,5
53,6639,train,0
53,4447,train,0
53,3621,train,7
53,3451,train,4
53,1235,train,2
53,2838,train,3
53,5567,train,5
53,5379,train,6
53,6030,train,3
53,6318,train,2
53,5303,train,9
53,4392,train,4
53,2915,train,8
53,3300,train,6
53,3992,train,3
53,5749,train,4
53,7228,train,4
53,4216,train,8
53,2950,train,4
53,2233,train,5
53,6423,train,5
53,6566,train,2
53,6957,train,6
53,4531,train,9
53,4376,train,3
53,6665,train,1
53,1233,train,3
53,6465,train,1
53,2869,train,1
53,4220,train,1
53,4061,train,2
53,1493,train,6
53,5370,train,8
53,7338,train,9
53,5058,train,2
53,183,train,3
53,737,train,8
53,83,train,1
53,1707,train,3
53,215,train,4
53,6664,train,5
53,4089,train,4
53,3260,train,3
53,1819,train,8
53,3855,train,4
53,2720,train,1
53,42,train,1
53,7094,train,2
53,6332,train,3
53,4853,train,4
53,5064,train,7
53,3857,train,2
53,3077,train,1
53,5571,train,8
53,5601,train,8
53,1590,train,4
53,829,train,0
53,1350,train,4
53,4308,train,9
53,2952,train,6
53,3675,train,5
53,1877,train,5
53,551,train,0
53,6619,train,6
53,1822,train,6
53,3941,train,6
53,6479,train,0
53,6581,train,0
53,2354,train,5
53,5903,train,6
53,2579,train,5
53,2440,train,8
53,7060,train,5
53,1045,train,2
53,5837,train,8
53,5804,train,4
53,5227,train,0
53,5672,train,6
53,974,train,3
53,2172,train,0
53,2747,train,2
53,1679,train,2
53,2055,train,4
53,4830,train,8
53,2126,train,0
53,6537,train,9
53,396,train,6
53,5913,train,5
53,2529,train,7
53,6885,train,4
53,3919,train,8
53,2653,train,1
53,3157,train,5
53,5958,train,2
53,6721,train,2
53,5385,train,4
53,4669,train,3
53,983,train,8
53,4031,train,0
53,2534,train,5
53,6296,train,5
53,944,train,6
53,2059,train,7
53,2970,train,3
53,3229,train,9
53,2085,train,7
53,4980,train,6
53,5929,train,2
53,6242,train,9
53,2466,train,5
53,6412,train,5
53,5133,train,7
53,5513,train,6
53,6195,train,1
53,1029,train,5
53,1376,train,2
53,7276,train,9
53,2661,train,6
53,3371,train,9
53,6940,train,1
53,3794,train,6
53,3133,train,3
53,3773,train,4
53,2700,train,6
53,5742,train,4
53,3999,train,4
53,789,train,3
53,1654,train,6
53,3395,train,7
53,1870,train,7
53,2962,train,5
53,2043,train,7
53,6177,train,9
53,4922,train,7
53,7207,train,9
53,6755,train,0
53,5780,train,4
53,7288,train,6
53,397,train,9
53,2054,train,0
53,925,train,9
53,6352,train,8
53,4780,train,0
53,3155,train,5
53,930,train,1
53,945,train,5
53,5319,train,1
53,1064,train,7
53,5629,train,5
53,2877,train,7
53,6209,train,8
53,2078,train,3
53,257,train,8
53,3465,train,8
53,7316,train,5
53,4848,train,6
53,1885,train,3
53,2566,train,9
53,5118,train,8
53,728,train,5
53,6317,train,1
53,5488,train,5
53,5335,train,8
53,4644,train,1
53,3016,train,0
53,5201,train,2
53,5014,train,9
53,5504,train,7
53,7257,train,2
53,4878,train,4
53,1741,train,1
53,2515,train,5
53,4280,train,4
53,5874,train,6
53,1850,train,5
53,739,train,2
53,3454,train,0
53,5657,train,2
53,399,train,0
53,3410,train,1
53,3457,train,3
53,5564,train,4
53,5939,train,3
53,2570,train,5
53,791,train,2
53,3458,train,7
53,4955,train,8
53,2446,train,8
53,1473,train,8
53,1296,train,6
53,3029,train,3
53,4160,train,0
53,4248,train,6
53,2617,train,6
53,525,train,5
53,5548,train,5
53,2039,train,2
53,5630,train,1
53,7283,train,6
53,4249,train,4
53,6865,train,9
53,1211,train,0
53,6564,train,6
53,5920,train,5
53,3362,train,2
53,6247,train,2
53,4910,train,7
53,2089,train,3
53,831,train,1
53,43,train,8
53,2016,train,1
53,6471,train,1
53,1425,train,2
53,4473,train,4
53,4251,train,0
53,4555,train,3
53,1338,train,3
53,3861,train,2
53,3771,train,7
53,1441,train,1
53,4618,train,6
53,117,train,7
53,5030,train,1
53,6856,train,8
53,3668,train,2
53,6439,train,9
53,5458,train,4
53,790,train,7
53,610,train,2
53,4632,train,3
53,865,train,4
53,6878,train,1
53,4489,train,5
53,1780,train,1
53,5662,train,2
53,1980,train,1
53,5188,train,4
53,4611,train,0
53,5260,train,5
53,289,train,5
53,4513,train,1
53,7031,train,4
53,530,train,6
53,1089,train,0
53,6765,train,7
53,5633,train,1
53,5221,train,9
53,626,train,1
53,1216,train,9
53,318,train,7
53,4369,train,3
53,4083,train,4
53,934,train,1
53,528,train,8
53,7259,train,4
53,3836,train,5
53,6558,train,5
53,7324,train,8
53,6524,train,1
53,5997,train,4
53,3669,train,5
53,3737,train,9
53,3117,train,3
53,1833,train,2
53,3279,train,0
53,6924,train,1
53,3580,train,4
53,1421,train,5
53,5034,train,3
53,6602,train,8
53,1237,train,3
53,4936,train,3
53,1505,train,1
53,5731,train,9
53,3781,train,4
53,5340,train,1
53,1716,train,2
53,7011,train,4
53,6402,train,4
53,1640,train,7
53,3368,train,1
53,5849,train,0
53,217,train,9
53,595,train,5
53,7070,train,8
53,1273,train,9
53,2772,train,9
53,648,train,1
53,2421,train,7
53,2010,train,8
53,2507,train,8
53,6436,train,3
53,1147,train,9
53,4151,train,4
53,6484,train,5
53,6790,train,0
53,427,train,7
53,5126,train,4
53,6028,train,2
53,1756,train,3
53,2908,train,1
53,348,train,9
53,3733,train,4
53,6518,train,5
53,2619,train,2
53,2417,train,8
53,3776,train,6
53,1195,train,3
53,2781,train,9
53,7231,train,2
53,5203,train,1
53,3634,train,9
53,3349,train,4
53,4221,train,9
53,1081,train,1
53,388,train,1
53,4985,train,9
53,4129,train,3
53,2317,train,8
53,6953,train,8
53,784,train,7
53,5148,train,5
53,3803,train,1
53,4714,train,7
53,320,train,2
53,1307,train,4
53,7245,train,4
53,3922,train,5
53,1951,train,1
53,1593,train,6
53,226,train,8
53,1813,train,4
53,6094,train,3
53,3612,train,1
53,1041,train,1
53,2773,train,2
53,7175,train,0
53,1189,train,4
53,1093,train,4
53,6026,train,3
53,6594,train,3
53,1613,train,7
53,6124,train,8
53,7162,train,4
53,4655,train,3
53,4093,train,3
53,4857,train,1
53,5951,train,5
53,141,train,5
53,4749,train,5
53,2240,train,5
53,4865,train,1
53,3986,train,7
53,5690,train,7
53,6196,train,7
53,5681,train,6
53,137,train,0
53,5105,train,1
53,5278,train,7
53,6131,train,4
53,5717,train,3
53,2464,train,0
53,418,train,2
53,4109,train,0
53,168,train,7
53,5671,train,6
53,4750,train,8
53,3058,train,5
53,4001,train,4
53,570,train,4
53,5723,train,4
53,2513,train,8
53,1858,train,9
53,771,train,1
53,4070,train,8
53,994,train,2
53,656,train,1
53,5224,train,8
53,6693,train,2
53,5950,train,5
53,778,train,3
53,5654,train,9
53,1210,train,9
53,4048,train,7
53,3785,train,2
53,4818,train,0
53,2048,train,4
53,6956,train,6
53,6389,train,7
53,5022,train,5
53,2337,train,8
53,5619,train,0
53,7213,train,9
53,1048,train,8
53,2828,train,4
53,6219,train,7
53,5357,train,5
53,3258,train,6
53,4695,train,6
53,5055,train,9
53,1164,train,8
53,2783,train,6
53,5138,train,5
53,1457,train,2
53,4386,train,7
53,2620,train,5
53,1651,train,5
53,5501,train,7
53,4766,train,6
53,5899,train,3
53,173,train,7
53,4807,train,4
53,4533,train,9
53,4624,train,9
53,2171,train,3
53,5342,train,5
53,1238,train,3
53,5802,train,5
53,3816,train,5
53,1763,train,7
53,1864,train,3
53,852,train,0
53,3234,train,9
53,6805,train,7
53,3810,train,5
53,5294,train,1
53,5167,train,5
53,3575,train,0
53,3741,train,5
53,7015,train,4
53,3186,train,7
53,228,train,3
53,4735,train,3
53,966,train,5
53,5280,train,7
53,5272,train,9
53,7357,train,0
53,4876,train,9
53,1272,train,2
53,4314,train,5
53,1285,train,9
53,6077,train,1
53,5550,train,3
53,6007,train,5
53,6919,train,0
53,894,train,2
53,2190,train,7
53,2560,train,6
53,7325,train,6
53,381,train,3
53,5923,train,7
53,3363,train,0
53,7287,train,8
53,3821,train,5
53,5931,train,9
53,464,train,5
53,6598,train,5
53,3789,train,1
53,2266,train,6
53,4066,train,9
53,5746,train,8
53,5786,train,7
53,664,train,9
53,5897,train,9
53,5760,train,8
53,6158,train,6
53,3659,train,7
53,369,train,6
53,2688,train,2
53,1879,train,4
53,5037,train,6
53,172,train,6
53,5986,train,4
53,4383,train,9
53,4212,train,3
53,987,train,0
53,6394,train,2
53,2868,train,3
53,5269,train,7
53,2247,train,6
53,118,train,6
53,3607,train,5
53,5590,train,2
53,6920,train,1
53,1084,train,8
53,575,train,9
53,1050,train,5
53,2143,train,0
53,5996,train,8
53,2409,train,2
53,941,train,2
53,5154,train,7
53,2586,train,2
53,179,train,1
53,1151,train,4
53,2,train,2
53,5413,train,2
53,1167,train,8
53,3548,train,8
53,2941,train,3
53,6178,train,7
53,1700,train,6
53,6065,train,4
53,5679,train,6
53,2425,train,5
53,2490,train,5
53,6661,train,8
53,1882,train,1
53,2414,train,2
53,4232,train,4
53,5875,train,2
53,6058,train,5
53,1328,train,4
53,5162,train,8
53,1925,train,6
53,5626,train,7
53,4539,train,2
53,1170,train,9
53,3438,train,1
53,7340,train,8
53,4485,train,2
53,2069,train,3
53,4153,train,9
53,421,train,8
53,1385,train,3
53,1820,train,6
53,2544,train,2
53,4035,train,8
53,1558,train,6
53,2759,train,7
53,629,train,9
53,937,train,2
53,6425,train,6
53,1218,train,1
53,97,train,8
53,757,train,3
53,2528,train,6
53,5994,train,0
53,4601,train,8
53,1267,train,7
53,2338,train,3
53,6612,train,6
53,5991,train,9
53,1841,train,6
53,5502,train,5
53,205,train,1
53,4281,train,0
53,5584,train,0
53,5277,train,6
53,1213,train,2
53,484,train,4
53,1821,train,2
53,6485,train,5
53,3940,train,9
53,761,train,2
53,1399,train,5
53,6180,train,1
53,837,train,1
53,7059,train,5
53,3131,train,0
53,1148,train,4
53,390,train,5
53,4613,train,2
53,3183,train,9
53,1429,train,2
53,3000,train,6
53,2497,train,6
53,5845,train,0
53,292,train,6
53,6119,train,3
53,5716,train,6
53,1467,train,6
53,5627,train,2
53,2306,train,5
53,7164,train,7
53,6677,train,1
53,2876,train,3
53,6025,train,8
53,3346,train,5
53,3193,train,3
53,2559,train,8
53,7065,train,7
53,1803,train,0
53,1961,train,1
53,5394,train,2
53,5408,train,7
53,5850,train,6
53,3712,train,6
53,7302,train,9
53,5217,train,0
53,6418,train,8
53,6684,train,9
53,6008,train,9
53,5774,train,4
53,3729,train,9
53,3978,train,8
53,6286,train,5
53,5109,train,8
53,5015,train,0
53,3387,train,7
53,51,train,5
53,2412,train,9
53,4793,train,6
53,2942,train,5
53,4138,train,9
53,6712,train,0
53,2396,train,4
53,5952,train,5
53,2472,train,7
53,1971,train,0
53,7133,train,9
53,4201,train,3
53,1677,train,7
53,991,train,3
53,5697,train,5
53,4440,train,1
53,2986,train,4
53,4712,train,9
53,4594,train,9
53,6979,train,9
53,6143,train,5
53,6784,train,6
53,284,train,6
53,1997,train,0
53,3194,train,4
53,7028,train,5
53,1451,train,0
53,988,train,2
53,3104,train,0
53,2675,train,6
53,2855,train,4
53,6941,train,5
53,2622,train,1
53,1650,train,8
53,1054,train,1
53,5100,train,6
53,5184,train,2
53,6776,train,7
53,2850,train,3
53,5809,train,8
53,1720,train,2
53,1836,train,9
53,2646,train,5
53,2224,train,9
53,744,train,5
53,1427,train,4
53,294,train,9
53,1383,train,8
53,1466,train,8
53,2426,train,8
53,1298,train,9
53,1452,train,2
53,5531,train,5
53,678,train,2
53,5409,train,9
53,3328,train,2
53,4091,train,6
53,5235,train,3
53,5092,train,6
53,7088,train,5
53,1615,train,7
53,3585,train,0
53,5429,train,2
53,889,train,1
53,6888,train,7
53,6345,train,1
53,3586,train,6
53,330,train,8
53,1939,train,5
53,3480,train,1
53,7239,train,8
53,3736,train,2
53,710,train,5
53,4578,train,3
53,234,train,4
53,3523,train,9
53,5612,train,5
53,4018,train,9
53,5637,train,0
53,2486,train,4
53,4634,train,8
53,4312,train,1
53,6120,train,5
53,762,train,1
53,5575,train,0
53,5106,train,4
53,6929,train,0
53,6121,train,3
53,5205,train,6
53,6522,train,5
53,6629,train,2
53,1772,train,5
53,5193,train,2
53,3243,train,1
53,5910,train,1
53,6035,train,2
53,6233,train,6
53,310,train,7
53,571,train,6
53,3119,train,4
53,1686,train,2
53,1182,train,3
53,7255,train,2
53,2283,train,2
53,4625,train,9
53,3926,train,4
53,3137,train,7
53,527,train,9
53,4937,train,3
53,3426,train,6
53,2737,train,4
53,3709,train,2
53,3147,train,7
53,6657,train,7
53,3455,train,5
53,4384,train,4
53,1442,train,0
53,108,train,3
53,808,train,8
53,6390,train,3
53,1104,train,8
53,3543,train,7
53,6006,train,2
53,2900,train,5
53,917,train,4
53,2530,train,3
53,1515,train,6
53,5560,train,4
53,4998,train,4
53,6910,train,2
53,2175,train,3
53,3724,train,8
53,7150,train,0
53,583,train,9
53,2613,train,0
53,5035,train,3
53,4576,train,8
53,1107,train,8
53,4925,train,1
53,1150,train,6
53,3987,train,7
53,1977,train,5
53,278,train,8
53,546,train,7
53,783,train,2
53,4429,train,3
53,2929,train,2
53,6098,train,6
53,4345,train,2
53,6881,train,9
53,1183,train,9
53,4104,train,2
53,4243,train,2
53,4098,train,5
53,4630,train,1
53,4328,train,6
53,1171,train,4
53,7190,train,0
53,4824,train,4
53,3734,train,4
53,5969,train,4
53,1234,train,4
53,5111,train,4
53,5941,train,0
53,1579,train,4
53,881,train,4
53,6863,train,6
53,1750,train,5
53,7182,train,9
53,1085,train,2
53,4449,train,0
53,1876,train,1
53,2366,train,6
53,1036,train,3
53,1083,train,7
53,2591,train,3
53,2434,train,4
53,4412,train,5
53,2065,train,2
53,6002,train,4
53,2044,train,7
53,3129,train,6
53,387,train,5
53,6308,train,4
53,962,train,4
53,6652,train,3
53,2602,train,8
53,1595,train,1
53,5202,train,3
53,5253,train,1
53,1619,train,2
53,772,train,7
53,4833,train,4
53,6656,train,4
53,3692,train,1
53,4498,train,2
53,5450,train,5
53,4292,train,3
53,6282,train,8
53,6107,train,5
53,1723,train,2
53,1722,train,3
53,3416,train,1
53,3340,train,5
53,4550,train,4
53,578,train,4
53,5999,train,4
53,6954,train,8
53,587,train,8
53,3463,train,1
53,1484,train,5
53,3609,train,4
53,4202,train,5
53,3015,train,2
53,6321,train,3
53,6167,train,1
53,5496,train,4
53,6689,train,9
53,1490,train,6
53,4341,train,0
53,6875,train,4
53,4488,train,5
53,3088,train,4
53,6138,train,9
53,7292,train,9
53,2418,train,0
53,3511,train,5
53,2250,train,3
53,4102,train,1
53,5819,train,1
53,1394,train,1
53,3007,train,0
53,5482,train,0
53,1316,train,2
53,1681,train,7
53,2506,train,5
53,6793,train,6
53,3060,train,4
53,6681,train,5
53,5766,train,7
53,4524,train,1
53,315,train,5
53,802,train,4
53,1896,train,0
53,6417,train,3
53,5426,train,9
53,2614,train,4
53,4122,train,9
53,2456,train,3
53,1989,train,7
53,5855,train,0
53,785,train,3
53,3096,train,0
53,2449,train,9
53,523,train,6
53,2223,train,2
53,5476,train,9
53,2197,train,1
53,2256,train,3
53,4556,train,2
53,3207,train,1
53,1948,train,3
53,6377,train,0
53,4422,train,4
53,4282,train,1
53,5234,train,1
53,424,train,3
53,106,train,0
53,1061,train,4
53,2455,train,3
53,4883,train,8
53,5873,train,6
53,2678,train,8
53,307,train,9
53,2105,train,2
53,654,train,6
53,4819,train,0
53,3287,train,3
53,6645,train,7
53,491,train,1
53,3138,train,4
53,7071,train,0
53,2399,train,3
53,1687,train,4
53,5543,train,8
53,659,train,2
53,5341,train,2
53,5229,train,9
53,3239,train,6
53,3142,train,8
53,5707,train,9
53,4,train,4
53,3041,train,9
53,2222,train,1
53,363,train,8
53,3284,train,3
53,214,train,7
53,767,train,0
53,3636,train,5
53,258,train,2
53,3011,train,3
53,4213,train,3
53,4957,train,8
53,3343,train,2
53,7069,train,7
53,6569,train,5
53,1945,train,3
53,2076,train,6
53,3924,train,8
53,4610,train,1
53,377,train,6
53,620,train,4
53,5727,train,4
53,1524,train,9
53,6937,train,7
53,3876,train,1
53,1678,train,1
53,3685,train,4
53,3601,train,1
53,4627,train,8
53,3152,train,2
53,5395,train,1
53,7320,train,2
53,7120,train,2
53,2252,train,4
53,1832,train,5
53,2575,train,5
53,1450,train,9
53,4390,train,9
53,3462,train,9
53,6587,train,6
53,4607,train,5
53,344,train,6
53,1938,train,4
53,5178,train,0
53,4581,train,9
53,6538,train,7
53,6662,train,8
53,6998,train,6
53,2487,train,8
53,4908,train,7
53,1746,train,2
53,6037,train,3
53,7129,train,7
53,5452,train,1
53,6892,train,1
53,2834,train,1
53,374,train,6
53,5729,train,5
53,3616,train,6
53,4562,train,5
53,1754,train,5
53,3802,train,0
53,472,train,3
53,7134,train,7
53,5894,train,1
53,4454,train,9
53,6199,train,9
53,5621,train,5
53,4530,train,1
53,6112,train,3
53,6772,train,5
53,144,train,3
53,5494,train,3
53,5444,train,9
53,6221,train,1
53,5704,train,1
53,4741,train,7
53,4579,train,7
53,4979,train,8
53,3914,train,3
53,7149,train,1
53,7074,train,0
53,420,train,1
53,3024,train,6
53,3930,train,1
53,6404,train,6
53,6713,train,9
53,4868,train,6
53,3790,train,0
53,2963,train,4
53,1214,train,8
53,4372,train,9
53,3526,train,8
53,3101,train,2
53,5254,train,7
53,3820,train,6
53,6201,train,1
53,287,train,8
53,6044,train,6
53,1067,train,3
53,2308,train,8
53,4321,train,0
53,1365,train,3
53,4841,train,2
53,324,train,0
53,950,train,0
53,5290,train,8
53,2897,train,1
53,3447,train,1
53,370,train,5
53,2395,train,4
53,2757,train,6
53,643,train,0
53,1321,train,7
53,7087,train,1
53,3702,train,5
53,4939,train,8
53,6671,train,7
53,4680,train,7
53,2888,train,0
53,2335,train,7
53,6675,train,1
53,7166,train,4
53,4792,train,3
53,3267,train,2
53,6516,train,0
53,1469,train,4
53,3305,train,9
53,1178,train,1
53,6497,train,7
53,4183,train,3
53,5316,train,4
53,3197,train,1
53,5678,train,3
53,1363,train,2
53,6200,train,3
53,1454,train,3
53,2812,train,5
53,1811,train,2
53,2641,train,9
53,4547,train,4
53,5011,train,9
53,4073,train,6
53,1575,train,5
53,1690,train,0
53,2493,train,4
53,3577,train,9
53,6600,train,0
53,891,train,3
53,3062,train,4
53,6995,train,5
53,5712,train,1
53,1829,train,0
53,7012,train,9
53,5545,train,0
53,4318,train,5
53,2871,train,3
53,625,train,0
53,3151,train,3
53,269,train,1
53,6738,train,7
53,2554,train,1
53,358,train,0
53,1076,train,7
53,6552,train,8
53,2510,train,1
53,0,train,7
53,5689,train,2
53,1559,train,3
53,3136,train,1
53,5069,train,0
53,6191,train,7
53,4266,train,1
53,1139,train,4
53,4076,train,9
53,240,train,8
53,6697,train,7
53,4017,train,0
53,1709,train,2
53,177,train,0
53,5158,train,1
53,4159,train,5
53,4759,train,8
53,2447,train,3
53,6262,train,4
53,6046,train,3
53,3524,train,9
53,4721,train,1
53,3788,train,6
53,4499,train,3
53,6801,train,5
53,5026,train,9
53,5325,train,3
53,2345,train,8
53,7096,train,7
53,5652,train,2
53,2267,train,6
53,5466,train,6
53,2525,train,6
53,3440,train,3
53,638,train,1
53,2443,train,0
53,1587,train,8
53,4615,train,8
53,3185,train,9
53,3365,train,1
53,3453,train,3
53,1166,train,3
53,3715,train,1
53,2485,train,5
53,7266,train,4
53,4739,train,0
53,2438,train,4
53,4224,train,5
53,5796,train,0
53,2492,train,7
53,6259,train,7
53,7104,train,5
53,6688,train,6
53,2930,train,2
53,1097,train,8
53,3257,train,9
53,6468,train,2
53,3102,train,6
53,3399,train,5
53,1887,train,3
53,7040,train,6
53,1361,train,3
53,2568,train,0
53,5876,train,2
53,1278,train,5
53,6104,train,5
53,3106,train,5
53,93,train,4
53,60,train,0
53,7019,train,4
53,6500,train,2
53,1112,train,9
53,4665,train,4
53,5659,train,0
53,6626,train,7
53,3834,train,5
53,7024,train,4
53,6916,train,6
53,2471,train,6
53,3706,train,6
53,682,train,9
53,6379,train,5
53,1612,train,7
53,3098,train,1
53,1672,train,9
53,948,train,3
53,5107,train,4
53,321,train,4
53,806,train,3
53,4653,train,8
53,4113,train,5
53,7172,train,8
53,6635,train,1
53,4415,train,1
53,131,train,0
53,4762,train,0
53,4459,train,2
53,1463,train,5
53,5956,train,1
53,4769,train,3
53,4997,train,1
53,6876,train,2
53,5964,train,0
53,5212,train,3
53,4278,train,3
53,2809,train,8
53,743,train,6
53,3791,train,1
53,4286,train,6
53,1174,train,1
53,1943,train,6
53,7365,train,1
53,1625,train,0
53,2817,train,4
53,3694,train,1
53,7017,train,0
53,1352,train,3
53,2663,train,3
53,5833,train,1
53,6967,train,6
53,2944,train,9
53,6807,train,0
53,1501,train,8
53,5961,train,9
53,4970,train,2
53,4758,train,7
53,5906,train,4
53,4698,train,1
53,736,train,9
53,3304,train,1
53,5785,train,1
53,7158,train,0
53,6813,train,6
53,2011,train,5
53,753,train,2
53,6624,train,2
53,877,train,7
53,833,train,3
53,774,train,1
53,3012,train,1
53,6798,train,6
53,758,train,0
53,2611,train,5
53,4271,train,9
53,3862,train,2
53,5263,train,9
53,5857,train,7
53,7168,train,9
53,3169,train,5
53,5422,train,6
53,977,train,4
53,3149,train,5
53,6111,train,7
53,3850,train,1
53,4932,train,5
53,544,train,4
53,7121,train,1
53,2107,train,5
53,6267,train,9
53,3174,train,1
53,6145,train,9
53,2527,train,3
53,879,train,3
53,5009,train,5
53,460,train,5
53,5244,train,2
53,824,train,3
53,3165,train,3
53,489,train,1
53,2674,train,3
53,2319,train,7
53,350,train,6
53,7112,train,2
53,5268,train,7
53,6039,train,1
53,5242,train,6
53,5318,train,6
53,7285,train,0
53,3713,train,1
53,1215,train,6
53,4406,train,4
53,3951,train,0
53,581,train,1
53,6236,train,6
53,2459,train,0
53,7131,train,6
53,2133,train,8
53,3551,train,3
53,6800,train,1
53,5558,train,8
53,5801,train,1
53,392,train,8
53,1444,train,0
53,5091,train,6
53,1504,train,1
53,266,train,4
53,6843,train,4
53,6491,train,3
53,6722,train,3
53,6252,train,4
53,6433,train,3
53,4635,train,3
53,3870,train,3
53,6182,train,3
53,2432,train,6
53,5044,train,4
53,3726,train,7
53,4479,train,9
53,3772,train,2
53,4313,train,3
53,2979,train,4
53,85,train,2
53,7298,train,2
53,2378,train,9
53,890,train,2
53,3038,train,4
53,4923,train,4
53,2791,train,3
53,1066,train,8
53,3205,train,0
53,3966,train,7
53,6260,train,0
53,4028,train,1
53,4246,train,5
53,4150,train,7
53,1848,train,7
53,5800,train,0
53,1764,train,2
53,4711,train,4
53,6040,train,4
53,1287,train,0
53,174,train,3
53,6748,train,4
53,1682,train,3
53,6438,train,1
53,1970,train,5
53,662,train,3
53,553,train,8
53,4652,train,9
53,2359,train,3
53,166,train,7
53,2329,train,5
53,1077,train,4
53,3212,train,1
53,2610,train,5
53,6374,train,8
53,5101,train,9
53,6575,train,6
53,2104,train,2
53,3073,train,2
53,568,train,9
53,3882,train,6
53,86,train,0
53,6509,train,4
53,2121,train,5
53,2657,train,2
53,4049,train,2
53,5983,train,1
53,804,train,7
53,4351,train,3
53,5181,train,6
53,4309,train,2
53,4446,train,1
53,3474,train,1
53,3906,train,9
53,1622,train,9
53,2697,train,6
53,3291,train,8
53,2551,train,9
53,5635,train,9
53,3824,train,2
53,5516,train,8
53,4174,train,2
53,4275,train,4
53,4683,train,9
53,6341,train,9
53,2261,train,9
53,90,train,7
53,1854,train,9
53,3569,train,9
53,3430,train,3
53,3120,train,6
53,5276,train,1
53,313,train,8
53,2068,train,6
53,910,train,9
53,7114,train,3
53,5153,train,3
53,5792,train,3
53,4840,train,7
53,3901,train,9
53,6315,train,3
53,6451,train,9
53,5535,train,0
53,1648,train,0
53,6547,train,1
53,5317,train,3
53,3158,train,3
53,4105,train,8
53,7309,train,7
53,1599,train,4
53,2778,train,3
53,1605,train,5
53,2363,train,3
53,77,train,7
53,3614,train,6
53,2727,train,7
53,6649,train,6
53,4971,train,9
53,6258,train,1
53,7077,train,4
53,1525,train,5
53,4629,train,2
53,2505,train,1
53,3638,train,1
53,7214,train,5
53,5664,train,8
53,6364,train,5
53,2031,train,3
53,6281,train,5
53,3334,train,2
53,2036,train,3
53,1013,train,8
53,3199,train,9
53,4917,train,0
53,2064,train,5
53,6428,train,8
53,6269,train,6
53,522,train,8
53,834,train,5
53,7296,train,4
53,3893,train,6
53,3278,train,6
53,99,train,3
53,870,train,2
53,5288,train,0
53,1942,train,9
53,1479,train,7
53,686,train,5
53,503,train,7
53,4931,train,8
53,5505,train,3
53,1880,train,3
53,4200,train,7
53,2816,train,7
53,3266,train,9
53,431,train,0
53,6081,train,5
53,1022,train,6
53,1667,train,1
53,7027,train,8
53,1161,train,9
53,5686,train,8
53,4690,train,2
53,3995,train,6
53,4008,train,0
53,355,train,4
53,6254,train,7
53,4256,train,2
53,3290,train,3
53,5711,train,3
53,4838,train,3
53,1770,train,3
53,4812,validation,7
53,7109,validation,9
53,6293,validation,8
53,4757,validation,8
53,6925,validation,9
53,776,validation,0
53,3974,validation,7
53,4025,validation,4
53,4135,validation,9
53,2863,validation,8
53,1130,validation,6
53,6908,validation,1
53,4110,validation,5
53,6683,validation,8
53,2967,validation,0
53,3896,validation,6
53,5649,validation,9
53,6031,validation,8
53,4911,validation,3
53,5954,validation,7
53,6711,validation,7
53,5322,validation,6
53,4713,validation,6
53,5537,validation,8
53,5443,validation,7
53,3952,validation,5
53,2725,validation,0
53,4496,validation,7
53,410,validation,7
53,6405,validation,5
53,6437,validation,1
53,5293,validation,5
53,1500,validation,3
53,204,validation,0
53,3285,validation,1
53,7211,validation,6
53,2428,validation,1
53,3579,validation,9
53,6562,validation,3
53,3005,validation,0
53,2408,validation,3
53,6041,validation,7
53,3589,validation,9
53,6930,validation,7
53,3069,validation,7
53,5720,validation,4
53,4900,validation,3
53,1573,validation,5
53,2129,validation,0
53,5355,validation,9
53,4240,validation,6
53,3293,validation,1
53,5141,validation,5
53,6264,validation,5
53,1845,validation,2
53,3420,validation,6
53,3765,validation,7
53,1898,validation,8
53,5046,validation,4
53,529,validation,6
53,248,validation,8
53,1367,validation,2
53,268,validation,5
53,2186,validation,5
53,2706,validation,1
53,1636,validation,3
53,1024,validation,4
53,4131,validation,6
53,1837,validation,6
53,539,validation,5
53,1831,validation,6
53,6686,validation,2
53,2914,validation,8
53,7123,validation,0
53,13,validation,1
53,3911,validation,0
53,647,validation,5
53,4393,validation,3
53,6222,validation,4
53,5267,validation,9
53,4947,validation,6
53,5860,validation,3
53,3662,validation,7
53,591,validation,8
53,5382,validation,6
53,6461,validation,5
53,3261,validation,3
53,1994,validation,8
53,2777,validation,2
53,1141,validation,1
53,905,validation,7
53,4277,validation,0
53,5524,validation,6
53,1563,validation,5
53,3286,validation,2
53,6134,validation,5
53,5195,validation,0
53,6787,validation,3
53,3406,validation,6
53,4493,validation,7
53,1015,validation,1
53,2286,validation,2
53,2450,validation,9
53,7143,validation,2
53,5867,validation,4
53,1990,validation,7
53,1381,validation,8
53,1405,validation,7
53,6392,validation,1
53,6948,validation,2
53,3680,validation,2
53,5702,validation,5
53,5415,validation,5
53,825,validation,3
53,4311,validation,6
53,2135,validation,7
53,3485,validation,1
53,4949,validation,7
53,6093,validation,0
53,5314,validation,6
53,1464,validation,8
53,1017,validation,7
53,3292,validation,4
53,2080,validation,3
53,2668,validation,7
53,7300,validation,8
53,3767,validation,5
53,1855,validation,8
53,715,validation,4
53,855,validation,0
53,1375,validation,4
53,5,validation,4
53,3429,validation,1
53,3433,validation,2
53,4861,validation,7
53,3223,validation,6
53,2844,validation,3
53,4851,validation,6
53,4967,validation,1
53,1142,validation,1
53,5534,validation,0
53,2564,validation,5
53,6974,validation,7
53,6951,validation,1
53,3324,validation,1
53,560,validation,3
53,4291,validation,7
53,3874,validation,8
53,1827,validation,0
53,6845,validation,0
53,3815,validation,2
53,992,validation,0
53,3629,validation,5
53,3483,validation,1
53,3560,validation,6
53,7354,validation,4
53,416,validation,8
53,4455,validation,9
53,5523,validation,4
53,6336,validation,7
53,5512,validation,1
53,3588,validation,7
53,5095,validation,6
53,6947,validation,1
53,2390,validation,8
53,3464,validation,0
53,516,validation,1
53,2179,validation,4
53,3326,validation,0
53,5472,validation,7
53,3979,validation,3
53,5710,validation,4
53,6483,validation,4
53,803,validation,7
53,4051,validation,7
53,2427,validation,2
53,811,validation,5
53,2110,validation,7
53,3522,validation,8
53,2997,validation,6
53,547,validation,3
53,6631,validation,7
53,335,validation,1
53,3163,validation,0
53,6373,validation,5
53,5364,validation,0
53,291,validation,3
53,6780,validation,6
53,6383,validation,1
53,1092,validation,9
53,3208,validation,5
53,3508,validation,3
53,1728,validation,6
53,6926,validation,4
53,1966,validation,6
53,5957,validation,2
53,4472,validation,8
53,3394,validation,0
53,5213,validation,0
53,6271,validation,7
53,6038,validation,9
53,7350,validation,2
53,984,validation,8
53,1481,validation,0
53,5788,validation,2
53,6648,validation,6
53,2503,validation,3
53,4834,validation,4
53,6754,validation,2
53,6617,validation,3
53,5808,validation,1
53,6975,validation,6
53,2413,validation,7
53,5944,validation,6
53,1415,validation,1
53,4785,validation,7
53,5406,validation,0
53,542,validation,1
53,3832,validation,7
53,3594,validation,1
53,4483,validation,8
53,5638,validation,6
53,2851,validation,1
53,2558,validation,9
53,2790,validation,0
53,6366,validation,1
53,4374,validation,6
53,3907,validation,1
53,7113,validation,7
53,6130,validation,6
53,6346,validation,3
53,207,validation,5
53,6445,validation,1
53,3833,validation,2
53,2754,validation,5
53,1124,validation,3
53,1544,validation,0
53,1928,validation,8
53,6728,validation,4
53,6226,validation,0
53,844,validation,5
53,4080,validation,8
53,5658,validation,9
53,2543,validation,7
53,6357,validation,4
53,6354,validation,7
53,7097,validation,3
53,6478,validation,5
53,3256,validation,1
53,1152,validation,1
53,1115,validation,3
53,5017,validation,2
53,4184,validation,1
53,1436,validation,0
53,4222,validation,8
53,579,validation,5
53,7312,validation,3
53,2206,validation,9
53,5979,validation,0
53,3746,validation,8
53,2232,validation,6
53,6380,validation,6
53,4779,validation,4
53,68,validation,0
53,5489,validation,1
53,4510,validation,5
53,1849,validation,8
53,3087,validation,7
53,3078,validation,9
53,6669,validation,4
53,2124,validation,3
53,1883,validation,6
53,2219,validation,8
53,6172,validation,4
53,4977,validation,0
53,2895,validation,5
53,2912,validation,7
53,1492,validation,2
53,2402,validation,0
53,590,validation,0
53,5310,validation,8
53,5372,validation,7
53,3459,validation,8
53,4052,validation,6
53,1840,validation,4
53,5255,validation,1
53,5457,validation,8
53,2156,validation,2
53,6455,validation,3
53,1564,validation,6
53,4346,validation,2
53,2588,validation,0
53,2993,validation,9
53,2225,validation,8
53,7125,validation,2
53,4956,validation,5
53,2729,validation,1
53,5861,validation,1
53,261,validation,7
53,7227,validation,1
53,6386,validation,8
53,5345,validation,0
53,1302,validation,6
53,2000,validation,2
53,7003,validation,5
53,3770,validation,1
53,3696,validation,1
53,4361,validation,2
53,6705,validation,7
53,6285,validation,9
53,5492,validation,8
53,787,validation,3
53,5112,validation,3
53,2973,validation,8
53,6989,validation,1
53,6621,validation,7
53,2322,validation,5
53,6243,validation,8
53,1727,validation,9
53,1063,validation,8
53,5644,validation,2
53,3377,validation,4
53,2260,validation,4
53,963,validation,9
53,6295,validation,3
53,1802,validation,2
53,7284,validation,2
53,3181,validation,9
53,1228,validation,1
53,6628,validation,8
53,2987,validation,6
53,5368,validation,9
53,3839,validation,0
53,6499,validation,4
53,4606,validation,9
53,5549,validation,8
53,1748,validation,2
53,3753,validation,5
53,5551,validation,3
53,4529,validation,8
53,2015,validation,0
53,157,validation,6
53,1438,validation,4
53,2761,validation,5
53,5559,validation,5
53,520,validation,6
53,3982,validation,7
53,1857,validation,0
53,2304,validation,5
53,2458,validation,1
53,333,validation,0
53,5346,validation,6
53,87,validation,6
53,2148,validation,6
53,1209,validation,5
53,2071,validation,4
53,1426,validation,2
53,4756,validation,6
53,5086,validation,3
53,6874,validation,9
53,3684,validation,2
53,2150,validation,6
53,5714,validation,1
53,2091,validation,0
53,1403,validation,5
53,1776,validation,1
53,6980,validation,5
53,5373,validation,7
53,6841,validation,5
53,5081,validation,8
53,1697,validation,5
53,3432,validation,6
53,602,validation,2
53,1710,validation,4
53,3760,validation,5
53,161,validation,2
53,5824,validation,0
53,1088,validation,8
53,6305,validation,9
53,2681,validation,7
53,125,validation,8
53,5901,validation,2
53,1933,validation,5
53,6175,validation,1
53,927,validation,0
53,5722,validation,0
53,6844,validation,5
53,4094,validation,5
53,2937,validation,6
53,5441,validation,6
53,2328,validation,1
53,7099,validation,1
53,5179,validation,3
53,5718,validation,4
53,5257,validation,1
53,241,validation,3
53,2650,validation,7
53,1266,validation,9
53,5708,validation,6
53,5509,validation,6
53,3570,validation,8
53,6763,validation,6
53,4747,validation,3
53,6082,validation,6
53,1349,validation,2
53,4236,validation,2
53,6789,validation,5
53,5414,validation,6
53,7197,validation,9
53,1706,validation,5
53,4176,validation,9
53,1134,validation,9
53,7254,validation,0
53,6288,validation,8
53,6416,validation,3
53,69,validation,4
53,5547,validation,3
53,6162,validation,2
53,3308,validation,9
53,5435,validation,5
53,1568,validation,1
53,7293,validation,2
53,4172,validation,7
53,3658,validation,5
53,6741,validation,7
53,2589,validation,2
53,956,validation,0
53,5904,validation,5
53,1119,validation,0
53,3351,validation,2
53,1080,validation,9
53,903,validation,2
53,6268,validation,1
53,5419,validation,2
53,6232,validation,3
53,4843,validation,3
53,6829,validation,3
53,2500,validation,1
53,2601,validation,7
53,128,validation,7
53,2885,validation,3
53,243,validation,3
53,2905,validation,0
53,7322,validation,1
53,1591,validation,2
53,7237,validation,7
53,900,validation,1
53,1191,validation,4
53,1477,validation,3
53,2724,validation,9
53,1790,validation,8
53,385,validation,3
53,12,validation,5
53,2823,validation,4
53,47,validation,4
53,3033,validation,9
53,1108,validation,1
53,4039,validation,8
53,2142,validation,4
53,1572,validation,0
53,4963,validation,4
53,2705,validation,7
53,5892,validation,3
53,7236,validation,8
53,4231,validation,9
53,6477,validation,6
53,3980,validation,7
53,5887,validation,8
53,1480,validation,9
53,876,validation,5
53,7136,validation,8
53,2760,validation,2
53,6549,validation,4
53,2006,validation,9
53,4608,validation,3
53,5339,validation,7
53,6302,validation,4
53,3977,validation,6
53,4675,validation,2
53,3967,validation,6
53,1834,validation,5
53,7305,validation,3
53,203,validation,4
53,1952,validation,7
53,623,validation,1
53,4945,validation,4
53,6828,validation,3
53,3546,validation,8
53,5581,validation,9
53,7219,validation,0
53,6607,validation,0
53,2445,validation,4
53,6986,validation,0
53,1503,validation,1
53,514,validation,0
53,5281,validation,9
53,5169,validation,5
53,1630,validation,2
53,1560,validation,8
53,3392,validation,6
53,4696,validation,5
53,4217,validation,6
53,126,validation,5
53,4797,validation,3
53,5591,validation,2
53,4676,validation,1
53,1070,validation,6
53,838,validation,8
53,847,validation,5
53,5898,validation,9
53,919,validation,8
53,3806,validation,2
53,235,validation,9
53,915,validation,1
53,5881,validation,1
53,982,validation,3
53,4053,validation,1
53,1462,validation,4
53,6501,validation,1
53,5530,validation,9
53,2096,validation,6
53,4668,validation,4
53,4264,validation,4
53,6819,validation,8
53,4315,validation,2
53,5070,validation,8
53,939,validation,5
53,3469,validation,2
53,732,validation,9
53,66,validation,7
53,4293,validation,9
53,297,validation,7
53,1100,validation,5
53,4736,validation,9
53,6393,validation,5
53,4413,validation,2
53,22,validation,8
53,3336,validation,9
53,6097,validation,7
53,5693,validation,6
53,1843,validation,7
53,6042,validation,4
53,5050,validation,6
53,283,validation,1
53,1034,validation,4
53,5437,validation,0
53,6849,validation,6
53,4189,validation,1
53,3428,validation,7
53,4058,validation,7
53,1360,validation,0
53,908,validation,1
53,2770,validation,6
53,6611,validation,9
53,2051,validation,6
53,2289,validation,0
53,3975,validation,4
53,2903,validation,8
53,6204,validation,3
53,2722,validation,9
53,2765,validation,7
53,5108,validation,9
53,2315,validation,4
53,5701,validation,1
53,3654,validation,0
53,5180,validation,8
53,7051,validation,5
53,6340,validation,2
53,882,validation,0
53,5647,validation,4
53,2957,validation,4
53,2410,validation,6
53,6853,validation,8
53,2484,validation,1
53,4810,validation,8
53,4323,validation,2
53,2598,validation,7
53,4078,validation,1
53,426,validation,8
53,5779,validation,9
53,4719,validation,6
53,4359,validation,5
53,4591,validation,9
53,5790,validation,1
53,4946,validation,8
53,843,validation,7
53,6678,validation,5
53,738,validation,4
53,209,validation,7
53,5190,validation,2
53,6962,validation,2
53,4651,validation,2
53,1878,validation,3
53,6839,validation,7
53,3143,validation,1
53,382,validation,4
53,3217,validation,3
53,4020,validation,3
53,6298,validation,4
53,1047,validation,4
53,3067,validation,2
53,7056,validation,8
53,2073,validation,7
53,6353,validation,8
53,2401,validation,3
53,888,validation,0
53,4163,validation,1
53,1453,validation,1
53,7115,validation,7
53,3877,validation,3
53,604,validation,3
53,6848,validation,9
53,3020,validation,6
53,1304,validation,0
53,5566,validation,9
53,6603,validation,1
53,6852,validation,2
53,2245,validation,9
53,2645,validation,0
53,2874,validation,3
53,863,validation,3
53,6208,validation,0
53,7335,validation,4
53,6861,validation,4
53,4804,validation,7
53,1550,validation,7
53,5916,validation,1
53,3086,validation,5
53,4258,validation,9
53,2636,validation,5
53,4597,validation,5
53,5467,validation,9
53,2784,validation,4
53,3434,validation,9
53,1861,validation,9
53,5542,validation,5
53,4218,validation,7
53,672,validation,8
53,4813,validation,2
53,32,validation,9
53,3213,validation,8
53,6059,validation,8
53,3461,validation,9
53,276,validation,9
53,270,validation,0
53,2934,validation,9
53,3700,validation,3
53,3529,validation,4
53,2429,validation,2
53,1731,validation,5
53,5220,validation,0
53,2755,validation,4
53,2120,validation,2
53,5728,validation,8
53,5609,validation,1
53,452,validation,4
53,3130,validation,7
53,6493,validation,7
53,1693,validation,0
53,655,validation,5
53,4120,validation,8
53,5927,validation,5
53,6351,validation,9
53,5327,validation,9
53,7304,validation,3
53,4336,validation,1
53,6469,validation,7
53,2420,validation,8
53,4660,validation,3
53,414,validation,8
53,3472,validation,6
53,716,validation,5
53,3407,validation,8
53,105,validation,5
53,6089,validation,4
53,290,validation,5
53,3900,validation,0
53,6781,validation,3
53,3592,validation,3
53,4901,validation,7
53,1950,validation,7
53,3888,validation,3
53,2009,validation,4
53,4149,validation,9
53,7174,validation,1
53,4461,validation,2
53,5056,validation,6
53,3031,validation,6
53,2609,validation,5
53,4852,validation,6
53,469,validation,9
53,826,validation,0
53,6127,validation,1
53,733,validation,8
53,2077,validation,5
53,2532,validation,1
53,7313,validation,4
53,1656,validation,0
53,5211,validation,3
53,2671,validation,6
53,3676,validation,7
53,502,validation,4
53,445,validation,8
53,1245,validation,0
53,4299,validation,8
53,1633,validation,8
53,2474,validation,1
53,4011,validation,0
53,967,validation,8
53,6203,validation,9
53,116,validation,4
53,6388,validation,5
53,3226,validation,7
53,5878,validation,0
53,2612,validation,4
53,4806,validation,9
53,432,validation,0
53,5433,validation,4
53,4307,validation,1
53,5726,validation,0
53,10,validation,4
53,854,validation,5
53,5475,validation,0
53,6850,validation,5
53,5135,validation,4
53,1937,validation,9
53,184,validation,6
53,5403,validation,6
53,3445,validation,0
53,5615,validation,1
53,5019,validation,3
53,5613,validation,0
53,5361,validation,4
53,5732,validation,7
53,2789,validation,3
53,4064,validation,2
53,6723,validation,3
53,5371,validation,6
53,6365,validation,1
53,1341,validation,5
53,3646,validation,1
53,3097,validation,6
53,3840,validation,6
53,2309,validation,2
53,7147,validation,3
53,7189,validation,4
53,295,validation,5
53,5311,validation,3
53,3418,validation,4
53,2795,validation,4
53,31,validation,5
53,4453,validation,7
53,1721,validation,7
53,1609,validation,6
53,7032,validation,4
53,6453,validation,8
53,4871,validation,4
53,151,validation,5
53,5953,validation,7
53,5622,validation,9
53,4525,validation,8
53,4958,validation,8
53,3094,validation,5
53,5625,validation,3
53,6313,validation,5
53,6319,validation,6
53,2360,validation,0
53,1993,validation,6
53,134,validation,5
53,6912,validation,1
53,4458,validation,0
53,6450,validation,3
53,1759,validation,2
53,430,validation,4
53,871,validation,8
53,4045,validation,2
53,6251,validation,3
53,4117,validation,7
53,1623,validation,6
53,7086,validation,8
53,3981,validation,7
53,349,validation,1
53,2999,validation,7
53,4599,validation,3
53,6129,validation,7
53,2342,validation,0
53,7076,validation,1
53,4396,validation,1
53,5687,validation,4
53,2891,validation,7
53,3593,validation,1
53,6198,validation,6
53,909,validation,0
53,3707,validation,8
53,2030,validation,6
53,6070,validation,4
53,5163,validation,0
53,5764,validation,8
53,3198,validation,5
53,6060,validation,3
53,5374,validation,3
53,6068,validation,6
53,5515,validation,9
53,1010,validation,5
53,2357,validation,8
53,2067,validation,9
53,4889,validation,7
53,7318,validation,1
53,3448,validation,9
53,3246,validation,6
53,1474,validation,4
53,1892,validation,3
53,7308,validation,2
53,3644,validation,5
53,5755,validation,3
53,1757,validation,9
53,3969,validation,5
53,4157,validation,1
53,4177,validation,1
53,7068,validation,5
53,5639,validation,8
53,6928,validation,4
53,5089,validation,9
53,5054,validation,3
53,4192,validation,3
53,2695,validation,3
53,969,validation,5
53,3699,validation,9
53,3270,validation,2
53,1935,validation,2
53,6589,validation,0
53,193,validation,2
53,3774,validation,4
53,3573,validation,2
53,6824,validation,0
53,712,validation,4
53,5104,validation,8
53,6010,validation,2
53,2001,validation,7
53,2667,validation,2
53,554,validation,3
53,409,validation,2
53,2111,validation,8
53,1962,validation,9
53,5057,validation,7
53,6036,validation,4
53,3971,validation,0
53,2200,validation,1
53,3446,validation,9
53,5080,validation,0
53,6218,validation,4
53,5134,validation,6
53,4305,validation,8
53,2933,validation,3
53,589,validation,2
53,2889,validation,2
53,1347,validation,6
53,6429,validation,2
53,1844,validation,7
53,4097,validation,3
53,634,validation,7
53,1003,validation,6
53,4659,validation,5
53,3350,validation,4
53,4915,validation,9
53,2865,validation,0
53,6978,validation,0
53,3851,validation,7
53,2462,validation,7
53,468,validation,6
53,6123,validation,4
53,4648,validation,5
53,6719,validation,7
53,4778,validation,4
53,2066,validation,2
53,2192,validation,2
53,2116,validation,5
53,7210,validation,3
53,1023,validation,5
53,4798,validation,5
53,3927,validation,7
53,5486,validation,3
53,764,validation,3
53,4327,validation,1
53,4391,validation,4
53,3985,validation,7
53,3858,validation,3
53,4823,validation,3
53,4387,validation,3
53,1173,validation,1
53,3398,validation,6
53,3314,validation,1
53,6609,validation,9
53,6276,validation,6
53,1852,validation,8
53,5756,validation,6
53,5461,validation,0
53,3998,validation,9
53,7274,validation,3
53,2848,validation,6
53,1289,validation,0
53,1294,validation,6
53,3478,validation,8
53,282,validation,7
53,4514,validation,1
53,6613,validation,5
53,1227,validation,8
53,1105,validation,8
53,597,validation,9
53,4470,validation,4
53,5603,validation,4
53,1592,validation,3
53,71,validation,9
53,3581,validation,2
53,476,validation,9
53,3697,validation,4
53,2415,validation,3
53,5930,validation,6
53,2241,validation,4
53,6593,validation,5
53,4670,validation,6
53,6933,validation,1
53,6599,validation,7
53,7294,validation,7
53,7110,validation,6
53,692,validation,2
53,2301,validation,8
53,5380,validation,5
53,6292,validation,8
53,6955,validation,4
53,7282,validation,9
53,5841,validation,5
53,325,validation,2
53,2088,validation,5
53,133,validation,7
53,4614,validation,4
53,4679,validation,4
53,1257,validation,8
53,7278,validation,0
53,1554,validation,2
53,3769,validation,9
53,660,validation,8
53,6462,validation,9
53,5305,validation,8
53,2469,validation,8
53,6173,validation,2
53,6615,validation,0
53,3228,validation,2
53,3231,validation,3
53,4649,validation,8
53,1241,validation,5
53,1868,validation,0
53,4941,validation,8
53,5770,validation,8
53,4435,validation,0
53,718,validation,7
53,6758,validation,1
53,3237,validation,4
53,314,validation,9
53,1008,validation,8
53,3701,validation,4
53,3160,validation,6
53,422,validation,6
53,4882,validation,2
53,3025,validation,0
53,6804,validation,5
53,1976,validation,3
53,4152,validation,0
53,6449,validation,4
53,1200,validation,7
53,265,validation,4
53,713,validation,6
53,1616,validation,1
53,651,validation,8
53,1292,validation,4
53,6897,validation,1
53,1969,validation,7
53,5698,validation,7
53,1932,validation,7
53,4188,validation,9
53,429,validation,2
53,6457,validation,3
53,3372,validation,4
53,6019,validation,6
53,4657,validation,8
53,4287,validation,2
53,4570,validation,7
53,1692,validation,3
53,4364,validation,3
53,7138,validation,6
53,652,validation,5
53,690,validation,0
53,4743,validation,0
53,2910,validation,8
53,5656,validation,4
53,4262,validation,6
53,2514,validation,3
53,4062,validation,1
53,6371,validation,4
53,5773,validation,5
53,1736,validation,9
53,346,validation,1
53,2383,validation,1
53,5776,validation,5
53,2423,validation,4
53,206,validation,3
53,6311,validation,9
53,1144,validation,0
53,1738,validation,0
53,493,validation,8
53,455,validation,5
53,2821,validation,4
53,6811,validation,3
53,6972,validation,8
53,666,validation,1
53,5071,validation,6
53,7366,validation,6
53,4612,validation,9
53,4800,validation,2
53,2191,validation,9
53,1783,validation,3
53,4136,validation,3
53,3269,validation,9
53,2550,validation,6
53,4605,validation,2
53,3921,validation,2
53,7142,validation,3
53,3053,validation,4
53,2662,validation,2
53,4463,validation,9
53,6323,validation,8
53,3895,validation,6
53,513,validation,3
53,6559,validation,0
53,3370,validation,6
53,1288,validation,1
53,5967,validation,3
53,4692,validation,2
53,1422,validation,6
53,3805,validation,0
53,1305,validation,7
53,769,validation,3
53,5411,validation,4
53,2226,validation,7
53,2733,validation,9
53,2404,validation,4
53,4729,validation,7
53,3534,validation,7
53,1303,validation,5
53,3444,validation,9
53,1958,validation,0
53,3127,validation,3
53,4465,validation,5
53,7215,validation,7
53,2227,validation,3
53,394,validation,0
53,2948,validation,5
53,449,validation,0
53,5222,validation,1
53,1739,validation,0
53,4879,validation,7
53,220,validation,6
53,2063,validation,5
53,7000,validation,3
53,5464,validation,7
53,4742,validation,8
53,4167,validation,8
53,721,validation,5
53,3852,validation,2
53,6011,validation,2
53,3296,validation,3
53,4859,validation,2
53,2815,validation,4
53,4492,validation,4
53,7038,validation,5
53,1791,validation,7
53,6710,validation,9
53,7124,validation,1
53,4523,validation,5
53,1865,validation,8
53,543,validation,9
53,6525,validation,5
53,2637,validation,9
53,3517,validation,9
53,7025,validation,7
53,5176,validation,6
53,972,validation,3
53,2400,validation,6
53,3599,validation,2
53,4815,validation,8
53,408,validation,2
53,2587,validation,2
53,419,validation,3
53,1972,validation,0
53,517,validation,6
53,5432,validation,2
53,6224,validation,2
53,5209,validation,3
53,471,validation,0
53,104,validation,2
53,6802,validation,9
53,536,validation,4
53,5965,validation,5
53,3344,validation,6
53,6189,validation,8
53,773,validation,0
53,6266,validation,2
53,1243,validation,2
53,4030,validation,6
53,24,validation,1
53,1446,validation,0
53,1914,validation,1
53,1562,validation,2
53,1982,validation,9
53,1461,validation,1
53,3335,validation,4
53,7204,validation,1
53,100,validation,2
53,6049,validation,2
53,6775,validation,0
53,5343,validation,0
53,4005,validation,6
53,2523,validation,8
53,4673,validation,6
53,914,validation,8
53,2095,validation,0
53,2465,validation,9
53,242,validation,7
53,1859,validation,6
53,7159,validation,3
53,272,validation,8
53,1428,validation,2
53,4826,validation,4
53,2572,validation,8
53,2203,validation,1
53,3598,validation,3
53,4828,validation,0
53,1842,validation,1
53,443,validation,4
53,3388,validation,1
53,1126,validation,6
53,6553,validation,6
53,2118,validation,5
53,1806,validation,0
53,6682,validation,9
53,4238,validation,4
53,5085,validation,7
53,3956,validation,1
53,4033,validation,8
53,2883,validation,4
53,3321,validation,0
53,2744,validation,7
53,2278,validation,9
53,2115,validation,4
53,6733,validation,6
53,4620,validation,2
53,5237,validation,0
53,6490,validation,7
53,5851,validation,2
53,4899,validation,9
53,5754,validation,8
53,1744,validation,8
53,2694,validation,4
53,6174,validation,5
53,1136,validation,5
53,6638,validation,8
53,301,validation,2
53,3608,validation,6
53,5004,validation,4
53,5208,validation,9
53,3403,validation,2
53,2998,validation,4
53,5296,validation,5
53,6526,validation,4
53,5241,validation,3
53,7075,validation,4
53,4808,validation,3
53,1688,validation,6
53,912,validation,0
53,343,validation,8
53,5782,validation,0
53,1856,validation,9
53,3533,validation,6
53,5048,validation,6
53,3268,validation,0
53,1578,validation,3
53,7126,validation,3
53,4009,validation,5
53,6731,validation,4
53,49,validation,7
53,2899,validation,0
53,3583,validation,7
53,6291,validation,5
53,3825,validation,9
53,3989,validation,5
53,3443,validation,4
53,3531,validation,6
53,1807,validation,9
53,3252,validation,3
53,3689,validation,2
53,2621,validation,3
53,6153,validation,0
53,3496,validation,4
53,5721,validation,2
53,7062,validation,1
53,3693,validation,0
53,2113,validation,2
53,1231,validation,9
53,2277,validation,5
53,4125,validation,2
53,1551,validation,5
53,40,validation,1
53,6400,validation,2
53,5061,validation,2
53,4803,validation,7
53,1,validation,3
53,459,validation,5
53,4366,validation,8
53,4745,validation,3
53,1323,validation,8
53,5067,validation,1
53,2090,validation,8
53,1509,validation,6
53,4773,validation,3
53,5066,validation,4
53,3248,validation,7
53,4132,validation,9
53,279,validation,4
53,4480,validation,1
53,4103,validation,2
53,2019,validation,9
53,6265,validation,6
53,805,validation,9
53,3315,validation,1
53,463,validation,0
53,4388,validation,4
53,6557,validation,2
53,1814,validation,9
53,2185,validation,3
53,4047,validation,8
53,345,validation,2
53,2243,validation,2
53,4580,validation,2
53,2810,validation,5
53,5300,validation,7
53,1035,validation,1
53,2371,validation,3
53,5042,validation,3
53,3484,validation,2
53,2491,validation,9
53,4951,validation,8
53,3691,validation,6
53,121,validation,4
53,809,validation,8
53,1902,validation,0
53,6965,validation,1
53,154,validation,8
53,3074,validation,0
53,3277,validation,7
53,4410,validation,5
53,1465,validation,8
53,4589,validation,2
53,4244,validation,5
53,3135,validation,3
53,2571,validation,7
53,5765,validation,9
53,5751,validation,2
53,6337,validation,6
53,5098,validation,9
53,3665,validation,4
53,2585,validation,8
53,441,validation,8
53,3079,validation,1
53,1138,validation,1
53,5604,validation,5
53,3764,validation,2
53,4215,validation,4
53,386,validation,7
53,1250,validation,7
53,574,validation,9
53,2958,validation,2
53,1975,validation,1
53,4225,validation,1
53,6570,validation,0
53,6952,validation,0
53,5142,validation,0
53,3958,validation,9
53,3493,validation,1
53,3976,validation,3
53,4408,validation,5
53,3879,validation,2
53,3201,validation,9
53,92,validation,3
53,1043,validation,0
53,7345,validation,2
53,3323,validation,0
53,4948,validation,4
53,955,validation,7
53,415,validation,6
53,6982,validation,5
53,4636,validation,8
53,456,validation,5
53,2943,validation,2
53,2136,validation,2
53,6064,validation,4
53,1132,validation,8
53,1513,validation,7
53,4942,validation,9
53,2742,validation,7
53,221,validation,3
53,5474,validation,7
53,2624,validation,5
53,3382,validation,6
53,4367,validation,4
53,5608,validation,9
53,4912,validation,6
53,3126,validation,2
53,7152,validation,7
53,2406,validation,9
53,801,validation,4
53,3112,validation,2
53,6083,validation,2
53,2236,validation,1
53,1006,validation,3
53,6666,validation,7
53,4381,validation,0
53,2919,validation,7
53,2947,validation,3
53,135,validation,1
53,3232,validation,5
53,23,validation,4
53,4549,validation,4
53,5669,validation,5
53,4725,validation,1
53,4325,validation,0
53,3898,validation,4
53,2202,validation,0
53,29,validation,7
53,1156,validation,6
53,5326,validation,3
53,2652,validation,1
53,4071,validation,6
53,5836,validation,1
53,2106,validation,1
53,3991,validation,6
53,1207,validation,7
53,3148,validation,9
53,2988,validation,0
53,7202,validation,1
53,2715,validation,0
53,2303,validation,1
53,4822,validation,6
53,4728,validation,3
53,3655,validation,1
53,2332,validation,3
53,2336,validation,4
53,3856,validation,7
53,176,validation,0
53,3085,validation,9
53,7273,validation,2
53,3017,validation,0
53,2673,validation,9
53,6820,validation,1
53,6830,validation,6
53,2926,validation,9
53,6411,validation,2
53,232,validation,1
53,1359,validation,0
53,3039,validation,9
53,2163,validation,7
53,1020,validation,4
53,5865,validation,8
53,11,validation,5
53,2862,validation,0
53,7181,validation,9
53,1133,validation,8
53,3134,validation,2
53,2867,validation,7
53,7286,validation,7
53,6080,validation,4
53,5885,validation,8
53,770,validation,9
53,3283,validation,1
53,886,validation,6
53,3784,validation,2
53,2351,validation,0
53,5381,validation,9
53,6918,validation,3
53,1407,validation,2
53,2616,validation,0
53,3937,validation,2
53,4142,validation,3
53,6945,validation,6
53,6154,validation,3
53,2280,validation,5
53,2288,validation,8
53,4145,validation,5
53,2296,validation,1
53,1947,validation,0
53,3739,validation,4
53,5539,validation,8
53,1448,validation,6
53,4619,validation,4
53,7042,validation,2
53,2647,validation,1
53,3747,validation,4
53,3945,validation,9
53,15,validation,7
53,4984,validation,5
53,6838,validation,6
53,4821,validation,5
53,4349,validation,6
53,1351,validation,8
53,911,validation,4
53,6729,validation,8
53,1202,validation,0
53,4147,validation,4
53,6744,validation,9
53,5301,validation,3
53,5829,validation,3
53,6004,validation,0
53,6647,validation,2
53,5569,validation,9
53,5902,validation,3
53,1086,validation,6
53,492,validation,9
53,6694,validation,7
53,1655,validation,5
53,965,validation,1
53,2208,validation,0
53,6768,validation,4
53,5772,validation,7
53,6586,validation,5
53,3118,validation,1
53,6511,validation,6
53,4528,validation,5
53,973,validation,3
53,5468,validation,5
53,2041,validation,2
53,4241,validation,2
53,1497,validation,9
53,1325,validation,8
53,417,validation,9
53,1826,validation,5
53,7153,validation,9
53,6052,validation,2
53,1973,validation,6
53,609,validation,7
53,959,validation,6
53,6136,validation,3
53,6846,validation,0
53,2870,validation,5
53,2230,validation,8
53,1979,validation,1
53,5775,validation,5
53,494,validation,8
53,428,validation,2
53,5283,validation,9
53,5173,validation,8
53,3298,validation,2
53,3565,validation,8
53,781,validation,3
53,3063,validation,4
53,5151,validation,5
53,2062,validation,4
53,4992,validation,6
53,3105,validation,0
53,7331,validation,1
53,1125,validation,1
53,1908,validation,1
53,7008,validation,4
53,4752,validation,9
53,2898,validation,7
53,1704,validation,3
89,1458,train,0
89,6747,train,3
89,561,train,0
89,1847,train,5
89,1697,train,5
89,4332,train,0
89,4834,train,4
89,3386,train,9
89,656,train,1
89,1927,train,1
89,3181,train,9
89,1030,train,2
89,6656,train,4
89,1969,train,7
89,2837,train,7
89,6847,train,0
89,5232,train,6
89,155,train,6
89,1472,train,0
89,6520,train,6
89,3602,train,5
89,18,train,7
89,5770,train,8
89,883,train,0
89,860,train,6
89,6403,train,1
89,75,train,0
89,1159,train,7
89,5639,train,8
89,6480,train,7
89,7103,train,1
89,3624,train,1
89,3510,train,9
89,4709,train,9
89,5647,train,4
89,6616,train,5
89,997,train,5
89,7088,train,5
89,6317,train,1
89,4467,train,7
89,832,train,5
89,3462,train,9
89,769,train,3
89,2565,train,2
89,1024,train,4
89,5139,train,3
89,5224,train,8
89,4693,train,8
89,3132,train,3
89,5651,train,1
89,3300,train,6
89,1369,train,7
89,2022,train,0
89,4961,train,3
89,4699,train,6
89,2760,train,2
89,1689,train,9
89,6225,train,1
89,121,train,4
89,2815,train,4
89,5921,train,1
89,6581,train,0
89,4481,train,9
89,2426,train,8
89,3824,train,2
89,595,train,5
89,5583,train,5
89,764,train,3
89,3226,train,7
89,6494,train,5
89,1391,train,2
89,6086,train,2
89,5894,train,1
89,5250,train,2
89,2986,train,4
89,507,train,7
89,1510,train,7
89,105,train,5
89,6221,train,1
89,4627,train,8
89,4262,train,6
89,5608,train,9
89,6880,train,5
89,5146,train,2
89,5478,train,0
89,1045,train,2
89,5490,train,7
89,483,train,8
89,3536,train,4
89,7013,train,7
89,6326,train,2
89,1131,train,6
89,2024,train,7
89,5015,train,0
89,3519,train,8
89,1939,train,5
89,3560,train,6
89,3874,train,8
89,2162,train,7
89,4492,train,4
89,7285,train,0
89,932,train,0
89,1898,train,8
89,3901,train,9
89,4600,train,3
89,3257,train,9
89,5856,train,8
89,407,train,8
89,7050,train,7
89,4979,train,8
89,2122,train,7
89,2088,train,5
89,81,train,8
89,470,train,6
89,2309,train,2
89,6592,train,7
89,1576,train,0
89,5797,train,4
89,388,train,1
89,4354,train,1
89,989,train,4
89,2888,train,0
89,6151,train,5
89,4577,train,1
89,2246,train,0
89,4634,train,8
89,5406,train,0
89,1217,train,6
89,5037,train,6
89,2960,train,3
89,2859,train,7
89,3427,train,5
89,1317,train,0
89,4924,train,7
89,443,train,4
89,2933,train,3
89,3575,train,0
89,3100,train,5
89,2651,train,0
89,2878,train,5
89,4744,train,6
89,4289,train,9
89,944,train,6
89,7308,train,2
89,3802,train,0
89,4326,train,9
89,6765,train,7
89,1275,train,1
89,3382,train,6
89,143,train,7
89,201,train,9
89,3787,train,4
89,7337,train,4
89,2524,train,3
89,2744,train,7
89,6910,train,2
89,2441,train,3
89,5040,train,1
89,1801,train,4
89,1229,train,8
89,1868,train,0
89,5492,train,8
89,3687,train,9
89,4389,train,3
89,6982,train,5
89,229,train,2
89,4164,train,5
89,4023,train,6
89,3264,train,6
89,2353,train,2
89,1363,train,2
89,6300,train,4
89,977,train,4
89,6569,train,5
89,2519,train,4
89,5126,train,4
89,1866,train,3
89,326,train,6
89,918,train,7
89,3179,train,7
89,1214,train,8
89,6405,train,5
89,3433,train,2
89,2620,train,5
89,3402,train,5
89,2626,train,0
89,5294,train,1
89,1978,train,6
89,379,train,8
89,6604,train,7
89,1774,train,0
89,7145,train,4
89,102,train,3
89,3691,train,6
89,2450,train,9
89,1263,train,4
89,829,train,0
89,2194,train,5
89,3933,train,2
89,6032,train,1
89,4527,train,4
89,6825,train,7
89,3041,train,9
89,2945,train,9
89,4069,train,3
89,5286,train,0
89,6799,train,6
89,6517,train,4
89,7026,train,5
89,6192,train,3
89,3013,train,8
89,344,train,6
89,1346,train,7
89,4912,train,6
89,2293,train,5
89,4227,train,8
89,6998,train,6
89,3782,train,7
89,6459,train,5
89,367,train,2
89,117,train,7
89,385,train,3
89,3680,train,2
89,4820,train,2
89,2295,train,2
89,2576,train,6
89,1212,train,6
89,565,train,4
89,871,train,8
89,3261,train,3
89,4621,train,8
89,3155,train,5
89,1326,train,5
89,2520,train,8
89,1454,train,3
89,1750,train,5
89,732,train,9
89,6890,train,4
89,6714,train,0
89,6182,train,3
89,5311,train,3
89,1115,train,3
89,2016,train,1
89,6927,train,6
89,7311,train,3
89,3460,train,4
89,2172,train,0
89,1657,train,7
89,5373,train,7
89,3142,train,8
89,6746,train,5
89,2657,train,2
89,5154,train,7
89,4963,train,4
89,5220,train,0
89,3241,train,2
89,6522,train,5
89,3568,train,7
89,3245,train,2
89,619,train,7
89,5313,train,2
89,4897,train,8
89,4166,train,7
89,2613,train,0
89,5005,train,3
89,4557,train,5
89,4760,train,9
89,4327,train,1
89,4423,train,0
89,3633,train,4
89,4402,train,0
89,1090,train,7
89,375,train,0
89,5938,train,7
89,2003,train,2
89,6563,train,7
89,6019,train,6
89,185,train,1
89,1850,train,5
89,3567,train,5
89,2153,train,5
89,328,train,6
89,3535,train,4
89,1608,train,6
89,1376,train,2
89,631,train,2
89,491,train,1
89,5553,train,2
89,3108,train,2
89,2409,train,2
89,3988,train,3
89,6976,train,9
89,4361,train,2
89,6963,train,6
89,7284,train,2
89,6282,train,8
89,3703,train,7
89,6190,train,6
89,5871,train,7
89,5739,train,9
89,3173,train,5
89,1747,train,1
89,5641,train,6
89,2742,train,7
89,446,train,6
89,1145,train,5
89,1918,train,4
89,1354,train,1
89,3220,train,3
89,4685,train,7
89,6875,train,4
89,6774,train,7
89,3073,train,2
89,2474,train,1
89,2485,train,5
89,5805,train,5
89,2927,train,0
89,948,train,3
89,5546,train,1
89,5766,train,7
89,3399,train,5
89,5878,train,0
89,5081,train,8
89,4446,train,1
89,4156,train,7
89,3807,train,7
89,1705,train,4
89,1184,train,4
89,6436,train,3
89,3741,train,5
89,1234,train,4
89,2252,train,4
89,2794,train,8
89,3281,train,9
89,5488,train,5
89,417,train,9
89,6250,train,0
89,959,train,6
89,4595,train,7
89,798,train,2
89,3570,train,8
89,5251,train,7
89,2125,train,5
89,2043,train,7
89,7287,train,8
89,2256,train,3
89,5014,train,9
89,1759,train,2
89,5412,train,5
89,6491,train,3
89,5194,train,1
89,1444,train,0
89,726,train,6
89,7085,train,4
89,1845,train,2
89,6899,train,8
89,1206,train,3
89,4510,train,5
89,5235,train,3
89,1003,train,6
89,921,train,0
89,3666,train,8
89,1152,train,1
89,5845,train,0
89,6046,train,3
89,4563,train,9
89,2307,train,2
89,3268,train,0
89,3851,train,7
89,5056,train,6
89,549,train,2
89,221,train,3
89,3837,train,4
89,7265,train,5
89,6095,train,8
89,394,train,0
89,336,train,7
89,6366,train,1
89,4491,train,2
89,6283,train,1
89,3085,train,9
89,5560,train,4
89,1663,train,8
89,6608,train,2
89,6388,train,5
89,2086,train,2
89,2397,train,3
89,2296,train,1
89,227,train,5
89,5397,train,8
89,1876,train,1
89,4802,train,0
89,2438,train,4
89,2734,train,3
89,5708,train,6
89,453,train,5
89,757,train,3
89,5030,train,1
89,794,train,4
89,1593,train,6
89,3278,train,6
89,3455,train,5
89,302,train,4
89,68,train,0
89,1734,train,9
89,1393,train,3
89,590,train,0
89,1837,train,6
89,6575,train,6
89,1253,train,4
89,5211,train,3
89,663,train,3
89,6267,train,9
89,3420,train,6
89,4436,train,1
89,660,train,8
89,6516,train,0
89,3984,train,3
89,4884,train,9
89,3849,train,2
89,5213,train,0
89,1946,train,8
89,4140,train,8
89,2262,train,7
89,496,train,2
89,2076,train,6
89,5801,train,1
89,1226,train,3
89,4410,train,5
89,1281,train,9
89,1501,train,8
89,494,train,8
89,6580,train,2
89,1525,train,5
89,864,train,5
89,2862,train,0
89,665,train,1
89,4530,train,1
89,1292,train,4
89,4965,train,5
89,5700,train,0
89,2305,train,7
89,706,train,1
89,1402,train,8
89,2496,train,7
89,1433,train,6
89,3313,train,8
89,179,train,1
89,5811,train,1
89,6878,train,1
89,973,train,3
89,1336,train,2
89,92,train,3
89,2130,train,1
89,2271,train,1
89,5266,train,2
89,5018,train,0
89,3458,train,7
89,4302,train,1
89,1191,train,4
89,3205,train,0
89,4059,train,2
89,1977,train,5
89,1108,train,1
89,3977,train,6
89,7075,train,4
89,2606,train,4
89,6456,train,9
89,3141,train,4
89,3177,train,7
89,643,train,0
89,6938,train,9
89,1656,train,0
89,2418,train,0
89,6094,train,3
89,587,train,8
89,1397,train,4
89,1399,train,5
89,2301,train,8
89,113,train,5
89,3465,train,8
89,4832,train,1
89,6811,train,3
89,3453,train,3
89,4545,train,2
89,1256,train,7
89,4366,train,8
89,5951,train,5
89,2479,train,6
89,840,train,7
89,6116,train,4
89,6536,train,6
89,811,train,5
89,6686,train,2
89,6879,train,9
89,2711,train,4
89,5165,train,8
89,2112,train,8
89,6429,train,2
89,1648,train,0
89,3113,train,1
89,981,train,2
89,176,train,0
89,3752,train,6
89,6318,train,2
89,6786,train,0
89,1889,train,2
89,1543,train,1
89,4831,train,5
89,4317,train,1
89,2922,train,5
89,2180,train,5
89,538,train,5
89,4873,train,4
89,1282,train,5
89,353,train,3
89,4904,train,8
89,6263,train,4
89,4217,train,6
89,928,train,4
89,6886,train,2
89,6453,train,8
89,4612,train,9
89,4855,train,2
89,805,train,9
89,2729,train,1
89,3986,train,7
89,809,train,8
89,1505,train,1
89,6924,train,1
89,3830,train,1
89,6053,train,5
89,3546,train,8
89,915,train,1
89,6451,train,9
89,6202,train,0
89,253,train,7
89,25,train,4
89,2899,train,0
89,6281,train,5
89,2110,train,7
89,1219,train,9
89,3542,train,2
89,4383,train,9
89,2224,train,9
89,6111,train,7
89,5128,train,3
89,3345,train,3
89,3299,train,5
89,1290,train,2
89,1156,train,6
89,5902,train,3
89,3534,train,7
89,5966,train,9
89,6350,train,2
89,4768,train,1
89,556,train,0
89,4629,train,2
89,1903,train,3
89,4907,train,0
89,291,train,3
89,4398,train,6
89,1716,train,2
89,5812,train,7
89,1584,train,8
89,5380,train,5
89,862,train,8
89,2331,train,9
89,4291,train,7
89,5652,train,2
89,122,train,5
89,5010,train,0
89,5783,train,0
89,7024,train,4
89,390,train,5
89,880,train,5
89,3499,train,4
89,986,train,0
89,796,train,7
89,2220,train,2
89,6607,train,0
89,4430,train,2
89,3886,train,1
89,4739,train,0
89,2685,train,3
89,3456,train,1
89,3651,train,7
89,7341,train,8
89,5870,train,8
89,1641,train,8
89,4851,train,6
89,1549,train,8
89,7107,train,7
89,1237,train,3
89,3863,train,2
89,5027,train,2
89,140,train,0
89,3419,train,6
89,7306,train,5
89,101,train,0
89,5800,train,0
89,2680,train,9
89,2455,train,3
89,4900,train,3
89,5868,train,0
89,5190,train,2
89,1629,train,7
89,632,train,5
89,6050,train,4
89,4235,train,9
89,4285,train,7
89,2745,train,4
89,2822,train,1
89,1583,train,1
89,655,train,5
89,1464,train,8
89,285,train,6
89,4516,train,1
89,1352,train,3
89,5609,train,1
89,24,train,1
89,4886,train,5
89,3052,train,8
89,5834,train,4
89,2911,train,7
89,320,train,2
89,6170,train,2
89,2077,train,5
89,533,train,9
89,1144,train,0
89,972,train,3
89,2034,train,9
89,4531,train,9
89,4978,train,2
89,3950,train,4
89,6863,train,6
89,1965,train,9
89,5778,train,5
89,1307,train,4
89,4339,train,3
89,7166,train,4
89,4139,train,0
89,2518,train,6
89,4593,train,0
89,198,train,6
89,3215,train,0
89,3368,train,1
89,2253,train,1
89,3728,train,6
89,3175,train,6
89,4682,train,2
89,1731,train,5
89,1140,train,3
89,1662,train,4
89,887,train,5
89,4303,train,0
89,2056,train,6
89,6461,train,5
89,2313,train,4
89,5916,train,1
89,3638,train,1
89,5851,train,2
89,5305,train,8
89,2775,train,3
89,4908,train,7
89,2906,train,9
89,6273,train,0
89,1287,train,0
89,4046,train,7
89,4118,train,7
89,6610,train,3
89,2800,train,6
89,6925,train,9
89,1677,train,7
89,2951,train,3
89,5557,train,1
89,6234,train,2
89,1592,train,3
89,3877,train,3
89,7124,train,1
89,6404,train,6
89,3749,train,3
89,1224,train,2
89,2404,train,4
89,1000,train,7
89,275,train,8
89,4853,train,4
89,680,train,1
89,5383,train,2
89,7125,train,2
89,4966,train,5
89,1832,train,5
89,6630,train,9
89,39,train,6
89,380,train,4
89,4313,train,3
89,5511,train,6
89,6538,train,7
89,6573,train,9
89,2836,train,4
89,5039,train,7
89,3991,train,6
89,5332,train,1
89,6259,train,7
89,5791,train,3
89,49,train,7
89,5281,train,9
89,60,train,0
89,5654,train,9
89,1986,train,8
89,1007,train,7
89,7243,train,9
89,6120,train,5
89,4472,train,8
89,3894,train,3
89,6184,train,5
89,3917,train,0
89,4395,train,1
89,4474,train,0
89,3466,train,7
89,3084,train,5
89,1085,train,2
89,3350,train,4
89,2417,train,8
89,2663,train,3
89,3478,train,8
89,2173,train,2
89,3903,train,0
89,1930,train,0
89,728,train,5
89,2697,train,6
89,7027,train,8
89,6426,train,6
89,3626,train,9
89,2994,train,8
89,5931,train,9
89,2480,train,5
89,6885,train,4
89,659,train,2
89,4522,train,9
89,1423,train,6
89,6734,train,4
89,2719,train,7
89,905,train,7
89,518,train,8
89,7009,train,7
89,4852,train,6
89,4032,train,9
89,5949,train,6
89,341,train,3
89,377,train,6
89,6759,train,3
89,5867,train,4
89,1871,train,2
89,6864,train,1
89,2345,train,8
89,4637,train,9
89,5717,train,3
89,690,train,0
89,768,train,9
89,4703,train,9
89,6698,train,7
89,5052,train,0
89,7223,train,0
89,2675,train,6
89,1077,train,4
89,515,train,2
89,2919,train,7
89,2205,train,5
89,2265,train,5
89,789,train,3
89,1280,train,8
89,6591,train,6
89,7305,train,3
89,4307,train,1
89,1822,train,6
89,5744,train,6
89,816,train,8
89,106,train,0
89,4448,train,8
89,4566,train,9
89,1323,train,8
89,3352,train,9
89,6469,train,7
89,2459,train,0
89,1652,train,9
89,4565,train,2
89,6555,train,5
89,6632,train,1
89,4828,train,0
89,5899,train,3
89,4037,train,9
89,3091,train,7
89,2436,train,5
89,4698,train,1
89,2694,train,4
89,6795,train,7
89,6394,train,2
89,6437,train,1
89,914,train,8
89,327,train,9
89,6713,train,9
89,1632,train,9
89,6679,train,3
89,4195,train,1
89,2856,train,6
89,2660,train,1
89,6257,train,2
89,4919,train,4
89,255,train,2
89,322,train,6
89,6823,train,8
89,6306,train,3
89,1009,train,5
89,7277,train,2
89,4987,train,8
89,2791,train,3
89,6955,train,4
89,469,train,9
89,2195,train,3
89,926,train,9
89,5182,train,1
89,4638,train,8
89,678,train,2
89,4396,train,1
89,2824,train,1
89,3360,train,6
89,1503,train,1
89,1027,train,7
89,4932,train,5
89,3578,train,1
89,4350,train,3
89,5430,train,1
89,1712,train,3
89,5520,train,8
89,5429,train,2
89,141,train,5
89,6117,train,3
89,263,train,9
89,3872,train,1
89,1447,train,4
89,7121,train,1
89,3410,train,1
89,6099,train,1
89,4587,train,6
89,3442,train,1
89,3627,train,2
89,2395,train,4
89,4683,train,9
89,6014,train,4
89,2559,train,8
89,5681,train,6
89,6651,train,0
89,1337,train,5
89,6407,train,6
89,1612,train,7
89,5640,train,7
89,7096,train,7
89,5318,train,6
89,2270,train,4
89,6112,train,3
89,6794,train,6
89,5369,train,0
89,6589,train,0
89,5686,train,8
89,2868,train,3
89,3023,train,9
89,4564,train,3
89,1516,train,0
89,5669,train,5
89,6770,train,2
89,3932,train,1
89,7084,train,0
89,4074,train,2
89,5607,train,8
89,3676,train,7
89,149,train,1
89,696,train,4
89,505,train,6
89,1539,train,5
89,3323,train,0
89,6204,train,3
89,2796,train,4
89,3072,train,6
89,200,train,8
89,5409,train,9
89,3879,train,2
89,5463,train,2
89,2028,train,2
89,3959,train,5
89,3256,train,1
89,6999,train,6
89,2064,train,5
89,1425,train,2
89,5378,train,7
89,3316,train,3
89,2966,train,5
89,5738,train,8
89,1721,train,7
89,6838,train,6
89,4957,train,8
89,2732,train,6
89,6196,train,7
89,6884,train,6
89,2572,train,8
89,1802,train,2
89,5008,train,1
89,7255,train,2
89,4151,train,4
89,7177,train,4
89,4100,train,0
89,3037,train,2
89,1450,train,9
89,183,train,3
89,4447,train,0
89,1637,train,1
89,2545,train,5
89,6559,train,0
89,3493,train,1
89,1828,train,2
89,4801,train,5
89,1791,train,7
89,1674,train,8
89,356,train,9
89,2197,train,1
89,6763,train,6
89,593,train,0
89,119,train,3
89,3237,train,4
89,4185,train,7
89,7224,train,5
89,1529,train,2
89,3764,train,2
89,5522,train,2
89,2838,train,3
89,3153,train,9
89,5212,train,3
89,7314,train,9
89,2522,train,1
89,4580,train,2
89,1010,train,5
89,4639,train,0
89,5400,train,5
89,599,train,9
89,1914,train,1
89,3827,train,9
89,3002,train,2
89,3393,train,1
89,3124,train,0
89,1130,train,6
89,2467,train,0
89,1453,train,1
89,2865,train,0
89,2400,train,6
89,4112,train,8
89,4740,train,3
89,2654,train,3
89,5456,train,4
89,4864,train,0
89,178,train,8
89,881,train,4
89,4259,train,7
89,2175,train,3
89,4538,train,2
89,1522,train,8
89,6364,train,5
89,6544,train,5
89,5745,train,8
89,4179,train,6
89,646,train,0
89,4624,train,9
89,804,train,7
89,2558,train,9
89,7355,train,9
89,6243,train,8
89,3537,train,4
89,3585,train,0
89,1426,train,2
89,6223,train,9
89,3770,train,1
89,4517,train,9
89,5980,train,4
89,2488,train,9
89,5882,train,4
89,2168,train,2
89,244,train,0
89,985,train,8
89,5342,train,5
89,6235,train,7
89,7240,train,1
89,6009,train,1
89,7208,train,2
89,5930,train,6
89,7214,train,5
89,5053,train,0
89,1495,train,6
89,1953,train,3
89,4053,train,1
89,1556,train,9
89,4431,train,8
89,80,train,6
89,1168,train,7
89,3044,train,8
89,1477,train,3
89,29,train,7
89,2974,train,2
89,1684,train,6
89,6309,train,6
89,4095,train,5
89,3444,train,9
89,2892,train,5
89,3840,train,6
89,6933,train,1
89,4202,train,5
89,1242,train,7
89,522,train,8
89,3167,train,0
89,5254,train,7
89,3816,train,5
89,1849,train,8
89,6748,train,4
89,1050,train,5
89,2179,train,4
89,3344,train,6
89,6997,train,4
89,5593,train,7
89,6304,train,2
89,6995,train,5
89,5426,train,9
89,1861,train,9
89,852,train,0
89,3441,train,7
89,3899,train,4
89,3082,train,0
89,5630,train,1
89,7226,train,1
89,6830,train,6
89,4960,train,7
89,2513,train,8
89,6073,train,6
89,182,train,7
89,4555,train,3
89,531,train,3
89,3114,train,8
89,1796,train,2
89,171,train,4
89,5813,train,0
89,1703,train,9
89,5458,train,4
89,5322,train,6
89,6015,train,2
89,7211,train,6
89,4314,train,5
89,6695,train,5
89,7347,train,5
89,955,train,7
89,4188,train,9
89,5113,train,6
89,2433,train,2
89,6078,train,7
89,5525,train,1
89,3618,train,3
89,1634,train,0
89,1950,train,7
89,6961,train,6
89,5186,train,4
89,3490,train,6
89,7346,train,8
89,3188,train,8
89,2851,train,1
89,6439,train,9
89,3997,train,4
89,5195,train,0
89,5366,train,0
89,5663,train,4
89,4794,train,6
89,3287,train,3
89,2212,train,2
89,836,train,4
89,2031,train,3
89,3383,train,2
89,5830,train,5
89,5961,train,9
89,175,train,5
89,6766,train,5
89,5915,train,7
89,3541,train,4
89,6816,train,7
89,5023,train,1
89,6973,train,5
89,4142,train,3
89,1723,train,2
89,4807,train,4
89,5779,train,9
89,878,train,0
89,3962,train,9
89,187,train,7
89,5476,train,9
89,3836,train,5
89,1773,train,3
89,292,train,6
89,5386,train,1
89,4543,train,7
89,1935,train,2
89,5377,train,8
89,6791,train,0
89,3354,train,8
89,2030,train,6
89,6945,train,6
89,3338,train,9
89,136,train,2
89,194,train,9
89,746,train,2
89,7278,train,0
89,5704,train,1
89,3491,train,9
89,2546,train,8
89,6696,train,3
89,2528,train,6
89,604,train,3
89,2726,train,8
89,5922,train,0
89,4416,train,1
89,716,train,5
89,1008,train,8
89,4823,train,3
89,3169,train,5
89,1988,train,6
89,5317,train,3
89,4182,train,4
89,1375,train,4
89,1062,train,2
89,3581,train,2
89,1951,train,1
89,3324,train,1
89,212,train,0
89,3294,train,6
89,2080,train,3
89,3889,train,7
89,6195,train,1
89,731,train,9
89,5724,train,2
89,4281,train,0
89,5207,train,9
89,5793,train,8
89,3094,train,5
89,3531,train,6
89,6548,train,8
89,904,train,7
89,370,train,5
89,4943,train,5
89,5528,train,4
89,430,train,4
89,5550,train,3
89,7150,train,0
89,5947,train,5
89,6989,train,1
89,1535,train,7
89,4418,train,5
89,4849,train,3
89,1142,train,1
89,3880,train,3
89,4230,train,5
89,6723,train,3
89,1086,train,6
89,4774,train,0
89,3855,train,4
89,2783,train,6
89,7256,train,2
89,6967,train,6
89,7179,train,8
89,7155,train,1
89,3161,train,3
89,1461,train,1
89,6853,train,8
89,2589,train,2
89,2902,train,3
89,941,train,2
89,4265,train,8
89,5042,train,3
89,5173,train,8
89,6587,train,6
89,4243,train,2
89,4091,train,6
89,142,train,1
89,2217,train,3
89,3669,train,5
89,4789,train,7
89,192,train,0
89,4090,train,4
89,5172,train,4
89,1392,train,6
89,6045,train,6
89,5729,train,5
89,6582,train,9
89,3149,train,5
89,5923,train,7
89,6839,train,7
89,6617,train,3
89,64,train,4
89,3631,train,5
89,6465,train,1
89,449,train,0
89,1012,train,3
89,1798,train,0
89,342,train,2
89,6666,train,7
89,2931,train,1
89,7014,train,8
89,5912,train,9
89,4626,train,4
89,2766,train,0
89,4692,train,2
89,4124,train,4
89,6909,train,6
89,6525,train,5
89,4334,train,6
89,942,train,7
89,3649,train,9
89,6654,train,2
89,4234,train,6
89,2430,train,2
89,6992,train,5
89,4996,train,3
89,3635,train,1
89,500,train,2
89,787,train,3
89,2527,train,3
89,5316,train,4
89,592,train,7
89,3043,train,0
89,5416,train,8
89,3219,train,2
89,2735,train,7
89,1411,train,0
89,4010,train,5
89,4463,train,9
89,3110,train,6
89,5471,train,9
89,6245,train,4
89,1869,train,6
89,5842,train,0
89,5668,train,7
89,953,train,2
89,4890,train,5
89,2187,train,9
89,6113,train,5
89,2290,train,7
89,3679,train,5
89,3202,train,8
89,3964,train,2
89,2230,train,8
89,3763,train,0
89,4929,train,1
89,6762,train,2
89,6228,train,9
89,4583,train,2
89,5491,train,2
89,3744,train,5
89,4868,train,6
89,4187,train,7
89,550,train,2
89,6593,train,5
89,5861,train,1
89,5080,train,0
89,1271,train,8
89,3487,train,5
89,3423,train,3
89,6121,train,3
89,1247,train,8
89,3576,train,6
89,950,train,0
89,6658,train,4
89,2516,train,5
89,1340,train,8
89,1221,train,0
89,1851,train,0
89,4805,train,8
89,2423,train,4
89,1127,train,4
89,4120,train,8
89,1114,train,9
89,879,train,3
89,525,train,5
89,1279,train,9
89,1179,train,0
89,3036,train,4
89,3766,train,0
89,4523,train,5
89,4995,train,6
89,4169,train,8
89,2303,train,1
89,6345,train,1
89,5664,train,8
89,3605,train,1
89,1694,train,3
89,2595,train,2
89,93,train,4
89,3843,train,8
89,3825,train,9
89,2087,train,8
89,6836,train,1
89,4047,train,8
89,5519,train,5
89,4681,train,2
89,6941,train,5
89,7102,train,0
89,4246,train,5
89,753,train,2
89,5677,train,8
89,6752,train,7
89,5340,train,1
89,7036,train,2
89,4749,train,5
89,6460,train,5
89,5628,train,8
89,6528,train,8
89,419,train,3
89,1807,train,9
89,868,train,6
89,5177,train,3
89,2267,train,6
89,6314,train,2
89,3187,train,2
89,6471,train,1
89,5418,train,8
89,2186,train,5
89,4962,train,9
89,5971,train,4
89,5425,train,8
89,6371,train,4
89,7023,train,3
89,2649,train,6
89,6926,train,4
89,3709,train,2
89,7112,train,2
89,819,train,7
89,5193,train,2
89,1938,train,4
89,268,train,5
89,3765,train,7
89,3538,train,1
89,1778,train,4
89,5230,train,0
89,67,train,2
89,6519,train,8
89,3221,train,2
89,965,train,1
89,109,train,7
89,1874,train,8
89,1278,train,5
89,3552,train,8
89,5011,train,9
89,164,train,4
89,5926,train,4
89,1490,train,6
89,4636,train,8
89,3051,train,3
89,919,train,8
89,1745,train,0
89,1536,train,3
89,7195,train,5
89,2346,train,5
89,240,train,8
89,2930,train,2
89,6420,train,2
89,866,train,6
89,6128,train,4
89,6947,train,1
89,1502,train,9
89,2371,train,3
89,5748,train,5
89,2879,train,9
89,3672,train,7
89,4109,train,0
89,6719,train,7
89,2213,train,2
89,6661,train,8
89,1116,train,0
89,27,train,5
89,2877,train,7
89,1810,train,1
89,4482,train,5
89,1758,train,8
89,6527,train,0
89,4843,train,3
89,3820,train,6
89,3362,train,2
89,3470,train,2
89,3634,train,9
89,5653,train,0
89,386,train,7
89,1895,train,8
89,4026,train,3
89,4449,train,0
89,5551,train,3
89,956,train,0
89,859,train,4
89,6101,train,2
89,6619,train,6
89,4443,train,2
89,534,train,9
89,2339,train,5
89,2860,train,3
89,4101,train,3
89,2447,train,3
89,6495,train,5
89,1036,train,3
89,398,train,8
89,672,train,8
89,7351,train,0
89,4206,train,9
89,4688,train,0
89,5449,train,2
89,5718,train,4
89,1813,train,4
89,3926,train,4
89,3451,train,4
89,5571,train,8
89,274,train,5
89,1332,train,8
89,1829,train,0
89,3436,train,6
89,7008,train,4
89,3918,train,7
89,5176,train,6
89,3236,train,8
89,4108,train,0
89,5623,train,1
89,5225,train,9
89,5084,train,7
89,311,train,5
89,5122,train,5
89,2952,train,6
89,5124,train,5
89,3996,train,8
89,7154,train,9
89,3377,train,4
89,3685,train,4
89,6970,train,1
89,1800,train,9
89,4016,train,5
89,581,train,1
89,5395,train,1
89,3660,train,0
89,2643,train,4
89,5145,train,4
89,5198,train,3
89,273,train,7
89,5007,train,8
89,1626,train,8
89,5530,train,9
89,5482,train,0
89,6585,train,8
89,7123,train,0
89,5368,train,9
89,465,train,3
89,3639,train,8
89,1231,train,9
89,206,train,3
89,422,train,6
89,4238,train,4
89,3698,train,0
89,6496,train,6
89,892,train,7
89,6483,train,4
89,3979,train,3
89,838,train,8
89,1890,train,1
89,7365,train,1
89,2048,train,4
89,582,train,7
89,441,train,8
89,1377,train,4
89,5582,train,8
89,5327,train,9
89,5983,train,1
89,6958,train,0
89,6934,train,5
89,5820,train,9
89,3506,train,8
89,3512,train,0
89,6599,train,7
89,4143,train,0
89,3146,train,3
89,833,train,3
89,3417,train,0
89,3808,train,4
89,256,train,2
89,4264,train,4
89,1530,train,7
89,3953,train,8
89,3829,train,4
89,6515,train,7
89,685,train,7
89,2221,train,4
89,1710,train,4
89,3800,train,3
89,1628,train,6
89,2990,train,8
89,5086,train,3
89,6193,train,5
89,5963,train,0
89,1019,train,7
89,2728,train,1
89,3810,train,5
89,3941,train,6
89,5655,train,0
89,6438,train,1
89,4080,train,8
89,4212,train,3
89,1429,train,2
89,6549,train,4
89,4323,train,2
89,5890,train,7
89,1291,train,0
89,4137,train,4
89,5498,train,2
89,2099,train,0
89,1389,train,3
89,6058,train,5
89,3160,train,6
89,5108,train,9
89,2935,train,0
89,6311,train,9
89,5910,train,1
89,1155,train,2
89,4833,train,4
89,4429,train,3
89,4721,train,1
89,6344,train,8
89,3381,train,4
89,5271,train,4
89,3248,train,7
89,5438,train,3
89,3954,train,2
89,606,train,6
89,1243,train,2
89,1695,train,8
89,4269,train,3
89,1169,train,6
89,3355,train,6
89,5272,train,9
89,6052,train,2
89,6324,train,7
89,1232,train,2
89,5291,train,6
89,114,train,8
89,1630,train,2
89,2386,train,8
89,4826,train,4
89,2049,train,5
89,260,train,9
89,2241,train,4
89,5995,train,3
89,2981,train,3
89,7253,train,3
89,2692,train,0
89,247,train,5
89,689,train,4
89,3905,train,0
89,784,train,7
89,5341,train,2
89,6340,train,2
89,6358,train,3
89,998,train,1
89,218,train,9
89,5028,train,7
89,2514,train,3
89,1984,train,4
89,3847,train,0
89,906,train,4
89,5943,train,2
89,1518,train,4
89,6336,train,7
89,4895,train,2
89,2380,train,1
89,7064,train,3
89,5531,train,5
89,5946,train,0
89,5147,train,9
89,6297,train,5
89,1971,train,0
89,5733,train,8
89,6348,train,6
89,3588,train,7
89,2959,train,1
89,5658,train,9
89,653,train,5
89,4173,train,4
89,7147,train,3
89,6169,train,3
89,1733,train,0
89,6367,train,0
89,5350,train,4
89,4926,train,6
89,668,train,4
89,5838,train,7
89,5000,train,0
89,4189,train,1
89,2464,train,0
89,5499,train,8
89,258,train,2
89,1836,train,9
89,5435,train,5
89,5024,train,3
89,283,train,1
89,2641,train,9
89,6888,train,7
89,3881,train,8
89,6165,train,0
89,1614,train,9
89,1764,train,2
89,5873,train,6
89,5144,train,0
89,776,train,0
89,6826,train,3
89,5019,train,3
89,952,train,6
89,958,train,0
89,4324,train,6
89,1854,train,9
89,3267,train,2
89,1401,train,9
89,2826,train,7
89,1661,train,3
89,7331,train,1
89,6037,train,3
89,409,train,2
89,5303,train,9
89,7113,train,7
89,1760,train,1
89,4607,train,5
89,5818,train,0
89,814,train,6
89,1947,train,0
89,996,train,4
89,5559,train,5
89,1852,train,8
89,671,train,7
89,743,train,6
89,5258,train,9
89,204,train,0
89,2575,train,5
89,1582,train,1
89,4497,train,2
89,1566,train,8
89,1051,train,2
89,1873,train,8
89,7180,train,5
89,7041,train,8
89,6900,train,0
89,616,train,7
89,5363,train,8
89,137,train,0
89,304,train,6
89,3896,train,6
89,1403,train,5
89,7194,train,3
89,5403,train,6
89,4254,train,4
89,7222,train,0
89,780,train,8
89,7074,train,0
89,5974,train,1
89,2780,train,2
89,4052,train,6
89,5494,train,3
89,3266,train,9
89,5046,train,4
89,3548,train,8
89,1379,train,4
89,7106,train,4
89,5414,train,6
89,5214,train,6
89,3673,train,7
89,1940,train,3
89,6114,train,0
89,1261,train,6
89,2875,train,9
89,3970,train,7
89,7317,train,7
89,2896,train,4
89,5206,train,2
89,1671,train,9
89,4660,train,3
89,473,train,3
89,6218,train,4
89,713,train,6
89,7158,train,0
89,1627,train,8
89,4384,train,4
89,1273,train,9
89,2703,train,3
89,6213,train,3
89,1527,train,0
89,5497,train,9
89,2032,train,8
89,3090,train,9
89,6868,train,4
89,480,train,2
89,6312,train,4
89,1788,train,5
89,6862,train,9
89,6623,train,4
89,5082,train,8
89,3842,train,5
89,3992,train,3
89,54,train,0
89,5568,train,8
89,1028,train,4
89,2491,train,9
89,2962,train,5
89,5987,train,6
89,2645,train,0
89,6659,train,5
89,4084,train,0
89,5001,train,1
89,4442,train,5
89,2060,train,5
89,6996,train,7
89,2506,train,5
89,3969,train,5
89,458,train,7
89,7325,train,6
89,895,train,8
89,2987,train,6
89,2091,train,0
89,4445,train,1
89,78,train,5
89,5645,train,5
89,199,train,0
89,6568,train,8
89,3975,train,4
89,4247,train,1
89,7360,train,4
89,132,train,5
89,1422,train,6
89,2847,train,0
89,6239,train,5
89,3334,train,2
89,6596,train,9
89,6921,train,8
89,6949,train,0
89,4544,train,5
89,1562,train,2
89,4063,train,2
89,2792,train,4
89,1486,train,5
89,6504,train,2
89,1302,train,6
89,1766,train,4
89,4154,train,1
89,4473,train,4
89,4397,train,6
89,2152,train,2
89,6664,train,5
89,4507,train,3
89,777,train,8
89,7086,train,8
89,79,train,1
89,3819,train,3
89,6477,train,6
89,4875,train,7
89,2901,train,0
89,3937,train,2
89,245,train,5
89,150,train,7
89,4412,train,5
89,6,train,7
89,1643,train,5
89,1757,train,9
89,459,train,5
89,7141,train,4
89,1329,train,8
89,2805,train,9
89,4889,train,7
89,6673,train,1
89,574,train,9
89,7104,train,5
89,471,train,0
89,5821,train,3
89,4111,train,0
89,134,train,5
89,3107,train,4
89,2772,train,9
89,6956,train,6
89,3057,train,2
89,4399,train,3
89,6473,train,5
89,4337,train,4
89,2225,train,8
89,2571,train,7
89,3645,train,9
89,3655,train,1
89,7063,train,3
89,6168,train,3
89,597,train,9
89,257,train,8
89,5420,train,1
89,4299,train,8
89,7127,train,6
89,6715,train,6
89,6445,train,1
89,3561,train,0
89,1725,train,5
89,793,train,2
89,6969,train,3
89,3530,train,1
89,2137,train,4
89,2268,train,5
89,6020,train,9
89,1460,train,5
89,2712,train,1
89,2746,train,0
89,2403,train,1
89,2183,train,6
89,5862,train,8
89,3178,train,3
89,6048,train,7
89,6179,train,4
89,2209,train,0
89,5298,train,6
89,6487,train,4
89,4349,train,6
89,5487,train,5
89,3888,train,3
89,1189,train,4
89,1283,train,0
89,983,train,8
89,2503,train,3
89,264,train,4
89,4409,train,2
89,1803,train,0
89,2387,train,4
89,5695,train,7
89,6490,train,7
89,5970,train,6
89,6940,train,1
89,3184,train,1
89,3392,train,6
89,3228,train,2
89,4723,train,8
89,2330,train,6
89,5746,train,8
89,6157,train,8
89,3772,train,2
89,4002,train,1
89,1631,train,9
89,4816,train,0
89,220,train,6
89,6065,train,4
89,2608,train,9
89,5767,train,1
89,1767,train,6
89,4567,train,1
89,4512,train,6
89,7245,train,4
89,6672,train,1
89,1310,train,2
89,4825,train,3
89,7330,train,9
89,4609,train,7
89,4850,train,0
89,6701,train,6
89,5857,train,7
89,211,train,3
89,4582,train,7
89,5321,train,0
89,5031,train,4
89,1532,train,1
89,3583,train,7
89,933,train,4
89,4548,train,7
89,4067,train,5
89,6025,train,8
89,938,train,8
89,3186,train,7
89,951,train,3
89,61,train,2
89,1250,train,7
89,7262,train,4
89,2497,train,6
89,544,train,4
89,2020,train,9
89,2648,train,7
89,1457,train,2
89,135,train,1
89,7335,train,4
89,3773,train,4
89,5083,train,9
89,3432,train,6
89,5257,train,1
89,5359,train,6
89,3385,train,5
89,2636,train,5
89,5864,train,1
89,3612,train,1
89,6683,train,8
89,901,train,7
89,2539,train,9
89,5973,train,1
89,6220,train,1
89,3060,train,4
89,6586,train,5
89,472,train,3
89,339,train,9
89,2215,train,6
89,6382,train,1
89,1068,train,8
89,1575,train,5
89,5191,train,8
89,2200,train,1
89,1139,train,4
89,3636,train,5
89,6735,train,3
89,4764,train,5
89,1151,train,4
89,5118,train,8
89,5556,train,9
89,2630,train,1
89,5431,train,9
89,1361,train,3
89,5111,train,4
89,5996,train,8
89,4312,train,1
89,4001,train,4
89,2549,train,4
89,4301,train,5
89,128,train,7
89,1238,train,3
89,2536,train,8
89,2160,train,3
89,1790,train,8
89,3730,train,1
89,759,train,0
89,166,train,7
89,2972,train,4
89,1160,train,7
89,1609,train,6
89,4242,train,5
89,6295,train,3
89,1383,train,8
89,2121,train,5
89,5939,train,3
89,1585,train,3
89,6530,train,9
89,935,train,0
89,4419,train,6
89,3998,train,9
89,3781,train,4
89,1442,train,0
89,783,train,2
89,6663,train,3
89,575,train,9
89,2554,train,1
89,2555,train,7
89,2095,train,0
89,1995,train,8
89,3664,train,8
89,3958,train,9
89,1617,train,7
89,3674,train,4
89,7015,train,4
89,4082,train,6
89,3987,train,7
89,9,train,0
89,4592,train,3
89,5659,train,0
89,6293,train,8
89,5544,train,3
89,2918,train,6
89,3774,train,4
89,3102,train,6
89,5578,train,3
89,687,train,8
89,6991,train,2
89,5764,train,8
89,1615,train,7
89,368,train,6
89,1334,train,9
89,6083,train,2
89,2236,train,1
89,7252,train,1
89,5129,train,0
89,1524,train,9
89,4163,train,1
89,145,train,8
89,3910,train,7
89,7190,train,0
89,848,train,1
89,6430,train,3
89,2472,train,7
89,2223,train,2
89,3428,train,7
89,3795,train,7
89,6454,train,4
89,1654,train,6
89,957,train,3
89,4821,train,5
89,4176,train,9
89,3895,train,6
89,3590,train,5
89,2631,train,8
89,5242,train,6
89,6351,train,9
89,5181,train,6
89,5151,train,5
89,6208,train,0
89,4585,train,1
89,6088,train,1
89,3473,train,0
89,2381,train,0
89,6670,train,9
89,7018,train,8
89,3742,train,2
89,6952,train,0
89,5156,train,5
89,3857,train,2
89,2242,train,6
89,1121,train,7
89,6860,train,7
89,6721,train,2
89,6385,train,1
89,4918,train,3
89,2277,train,5
89,45,train,1
89,5792,train,3
89,4615,train,8
89,4650,train,0
89,5228,train,2
89,1054,train,1
89,5238,train,7
89,2377,train,4
89,2285,train,5
89,6488,train,6
89,4411,train,8
89,2470,train,2
89,2655,train,3
89,6834,train,7
89,5074,train,6
89,5025,train,4
89,910,train,9
89,6102,train,0
89,5594,train,6
89,5175,train,9
89,2281,train,9
89,447,train,7
89,2830,train,0
89,5516,train,8
89,5933,train,3
89,99,train,3
89,2138,train,6
89,598,train,0
89,5346,train,6
89,925,train,9
89,3333,train,5
89,2317,train,8
89,2471,train,6
89,2617,train,6
89,4107,train,0
89,3395,train,7
89,4590,train,5
89,5398,train,1
89,1827,train,0
89,3229,train,9
89,2751,train,3
89,2500,train,1
89,4122,train,9
89,6343,train,1
89,5885,train,8
89,4519,train,9
89,3397,train,8
89,1980,train,1
89,966,train,5
89,3128,train,0
89,6850,train,5
89,6621,train,7
89,210,train,9
89,1976,train,3
89,3150,train,8
89,1526,train,8
89,1076,train,7
89,6230,train,6
89,2174,train,1
89,4646,train,8
89,4772,train,1
89,2333,train,1
89,5105,train,1
89,5460,train,1
89,4537,train,8
89,4887,train,4
89,5410,train,5
89,4550,train,4
89,6435,train,0
89,6805,train,7
89,6984,train,7
89,5747,train,1
89,4425,train,3
89,4000,train,7
89,3489,train,2
89,5058,train,2
89,2718,train,6
89,108,train,3
89,6704,train,2
89,3297,train,6
89,4033,train,8
89,4725,train,1
89,6463,train,9
89,0,train,7
89,1491,train,2
89,2577,train,0
89,6960,train,6
89,5621,train,5
89,5196,train,8
89,5706,train,2
89,5197,train,6
89,4765,train,6
89,1636,train,3
89,7137,train,0
89,5660,train,5
89,4352,train,9
89,5284,train,8
89,1545,train,1
89,3658,train,5
89,3356,train,2
89,5109,train,8
89,91,train,8
89,1910,train,8
89,3056,train,5
89,5879,train,8
89,4509,train,4
89,5835,train,8
89,1911,train,5
89,1879,train,4
89,1598,train,1
89,6951,train,1
89,4605,train,2
89,6614,train,3
89,6893,train,6
89,2435,train,2
89,1537,train,3
89,1188,train,4
89,4205,train,3
89,4011,train,0
89,4874,train,6
89,2314,train,4
89,1322,train,8
89,1893,train,2
89,6606,train,6
89,6653,train,3
89,1990,train,7
89,2590,train,0
89,1611,train,3
89,1597,train,1
89,4413,train,2
89,1691,train,8
89,207,train,5
89,6427,train,5
89,4435,train,0
89,591,train,8
89,2940,train,5
89,4421,train,6
89,5850,train,6
89,5755,train,3
89,3592,train,3
89,3495,train,8
89,6676,train,4
89,861,train,2
89,6376,train,4
89,2237,train,5
89,261,train,7
89,6775,train,0
89,7098,train,5
89,4586,train,6
89,2344,train,7
89,1744,train,8
89,4925,train,1
89,3469,train,2
89,1094,train,4
89,5434,train,9
89,238,train,3
89,1415,train,1
89,3494,train,2
89,6310,train,7
89,3158,train,3
89,2900,train,5
89,1384,train,4
89,1293,train,2
89,5683,train,7
89,7001,train,2
89,5006,train,4
89,2547,train,8
89,4616,train,8
89,4684,train,9
89,5986,train,4
89,4729,train,7
89,1150,train,6
89,7012,train,9
89,1506,train,4
89,615,train,9
89,1638,train,4
89,5123,train,5
89,2757,train,6
89,6087,train,8
89,3794,train,6
89,6178,train,7
89,4761,train,6
89,203,train,4
89,2214,train,1
89,580,train,2
89,6115,train,4
89,2278,train,9
89,2482,train,9
89,287,train,8
89,6779,train,1
89,2738,train,8
89,720,train,4
89,3068,train,0
89,4263,train,0
89,276,train,9
89,3796,train,6
89,4977,train,0
89,6233,train,6
89,937,train,2
89,3139,train,7
89,5515,train,9
89,7034,train,9
89,3712,train,6
89,6287,train,1
89,6917,train,6
89,3652,train,9
89,1286,train,7
89,3826,train,0
89,2257,train,4
89,5732,train,7
89,4755,train,3
89,6227,train,2
89,674,train,9
89,58,train,2
89,3336,train,9
89,5886,train,6
89,6301,train,2
89,2421,train,7
89,6013,train,8
89,6521,train,3
89,6814,train,1
89,1029,train,5
89,3557,train,0
89,5064,train,7
89,3418,train,4
89,705,train,1
89,1109,train,1
89,4060,train,2
89,5740,train,7
89,5750,train,0
89,3049,train,4
89,5769,train,8
89,6238,train,1
89,249,train,9
89,3861,train,2
89,4675,train,2
89,2376,train,8
89,7060,train,5
89,6299,train,4
89,3711,train,1
89,2967,train,0
89,4144,train,5
89,6501,train,1
89,6191,train,7
89,6441,train,0
89,6022,train,7
89,6783,train,8
89,4946,train,8
89,7293,train,2
89,5233,train,3
89,5362,train,6
89,4878,train,4
89,1418,train,9
89,2602,train,8
89,4894,train,4
89,6965,train,1
89,6829,train,3
89,3657,train,9
89,3,train,1
89,288,train,1
89,5574,train,1
89,1970,train,5
89,2042,train,5
89,7142,train,3
89,6172,train,4
89,3390,train,6
89,733,train,8
89,4857,train,1
89,1624,train,8
89,4367,train,4
89,7143,train,2
89,6292,train,8
89,5828,train,7
89,3310,train,0
89,3271,train,4
89,6212,train,3
89,1715,train,8
89,123,train,3
89,4040,train,3
89,5307,train,5
89,1162,train,2
89,4942,train,9
89,1678,train,1
89,5404,train,1
89,1572,train,0
89,3708,train,6
89,6743,train,8
89,779,train,5
89,5782,train,0
89,1925,train,6
89,4358,train,7
89,4145,train,5
89,2234,train,6
89,5444,train,9
89,6089,train,4
89,6242,train,9
89,3394,train,0
89,4672,train,4
89,4029,train,7
89,567,train,1
89,5125,train,5
89,1120,train,8
89,5202,train,3
89,3835,train,6
89,46,train,5
89,3609,train,4
89,1544,train,0
89,5876,train,2
89,858,train,7
89,418,train,2
89,2324,train,3
89,4642,train,0
89,2722,train,9
89,2995,train,4
89,5300,train,7
89,5649,train,9
89,6922,train,6
89,5459,train,8
89,5592,train,9
89,963,train,9
89,1752,train,9
89,7225,train,4
89,4138,train,9
89,1011,train,6
89,3747,train,4
89,3034,train,4
89,1002,train,3
89,6819,train,8
89,4073,train,6
89,6152,train,6
89,4133,train,6
89,7291,train,6
89,499,train,6
89,6428,train,8
89,52,train,4
89,6820,train,1
89,2807,train,6
89,7235,train,8
89,6929,train,0
89,4,train,4
89,7301,train,2
89,4704,train,3
89,5999,train,4
89,4759,train,8
89,4404,train,5
89,1742,train,1
89,2897,train,1
89,5319,train,1
89,6638,train,8
89,170,train,3
89,6268,train,1
89,3731,train,6
89,6424,train,1
89,1304,train,0
89,5110,train,7
89,3227,train,2
89,2652,train,1
89,4203,train,3
89,4838,train,3
89,1949,train,0
89,3968,train,7
89,2284,train,8
89,3104,train,0
89,2445,train,4
89,2638,train,1
89,2372,train,5
89,4414,train,6
89,863,train,3
89,5055,train,9
89,6667,train,9
89,3629,train,5
89,1398,train,2
89,3697,train,4
89,2580,train,5
89,6155,train,3
89,1692,train,3
89,7007,train,4
89,7359,train,4
89,6541,train,7
89,205,train,1
89,566,train,6
89,843,train,7
89,6629,train,2
89,608,train,6
89,6861,train,4
89,6093,train,0
89,723,train,6
89,5091,train,6
89,1190,train,9
89,5506,train,8
89,3293,train,1
89,1872,train,6
89,3553,train,1
89,2367,train,2
89,6226,train,0
89,6352,train,8
89,6975,train,6
89,5512,train,1
89,7280,train,2
89,5891,train,8
89,4078,train,1
89,5141,train,5
89,70,train,8
89,4867,train,7
89,4338,train,8
89,6622,train,5
89,736,train,9
89,3600,train,9
89,1105,train,8
89,3463,train,1
89,2287,train,4
89,588,train,6
89,3152,train,2
89,3340,train,5
89,6443,train,8
89,89,train,0
89,3317,train,6
89,6803,train,1
89,2429,train,2
89,6375,train,1
89,1840,train,4
89,1225,train,1
89,2166,train,1
89,4535,train,6
89,3446,train,9
89,5666,train,7
89,5572,train,6
89,1177,train,6
89,5114,train,0
89,6598,train,5
89,168,train,7
89,5152,train,8
89,4910,train,7
89,4737,train,6
89,3809,train,3
89,1497,train,9
89,1081,train,1
89,3032,train,5
89,2078,train,3
89,686,train,5
89,929,train,7
89,6417,train,3
89,2416,train,6
89,3724,train,8
89,3563,train,6
89,3915,train,0
89,2733,train,9
89,6481,train,2
89,2907,train,9
89,5965,train,5
89,1848,train,7
89,2334,train,4
89,765,train,4
89,3611,train,2
89,3754,train,3
89,4427,train,9
89,1981,train,6
89,63,train,1
89,1735,train,3
89,4643,train,7
89,1170,train,9
89,6008,train,9
89,3966,train,7
89,4830,train,8
89,5569,train,9
89,4459,train,2
89,1569,train,3
89,4971,train,9
89,5727,train,4
89,6029,train,6
89,5734,train,5
89,5103,train,4
89,2509,train,4
89,6740,train,2
89,6812,train,2
89,5796,train,0
89,3189,train,1
89,1202,train,0
89,3273,train,9
89,1176,train,6
89,1066,train,8
89,5790,train,1
89,2867,train,7
89,5462,train,9
89,2090,train,8
89,4123,train,3
89,138,train,2
89,911,train,4
89,6827,train,1
89,47,train,4
89,920,train,5
89,4048,train,7
89,2938,train,3
89,3965,train,1
89,3594,train,1
89,51,train,5
89,3761,train,8
89,5450,train,5
89,1651,train,5
89,3291,train,8
89,2644,train,1
89,4791,train,8
89,2771,train,8
89,3907,train,1
89,820,train,5
89,5994,train,0
89,239,train,0
89,5330,train,7
89,1743,train,7
89,3844,train,2
89,6583,train,0
89,5536,train,1
89,4930,train,0
89,5928,train,5
89,971,train,9
89,3190,train,4
89,1209,train,5
89,3690,train,9
89,1878,train,3
89,1078,train,4
89,4727,train,0
89,6327,train,1
89,5892,train,3
89,7350,train,2
89,1097,train,8
89,5169,train,5
89,3577,train,9
89,930,train,1
89,4328,train,6
89,4252,train,9
89,2083,train,8
89,1548,train,5
89,1623,train,6
89,6363,train,9
89,6896,train,3
89,547,train,3
89,3365,train,1
89,2763,train,9
89,3750,train,4
89,1542,train,5
89,7099,train,1
89,5579,train,8
89,2686,train,6
89,2247,train,6
89,961,train,6
89,3063,train,4
89,6379,train,5
89,4386,train,7
89,5631,train,2
89,3936,train,4
89,1808,train,7
89,4858,train,2
89,5405,train,8
89,2379,train,1
89,2858,train,6
89,6849,train,6
89,5442,train,8
89,1347,train,6
89,351,train,4
89,5685,train,6
89,3182,train,9
89,6004,train,0
89,1359,train,0
89,1128,train,3
89,3677,train,1
89,2889,train,2
89,5433,train,4
89,5988,train,2
89,1274,train,3
89,6939,train,4
89,1476,train,8
89,3990,train,4
89,6254,train,7
89,1707,train,3
89,6146,train,7
89,5360,train,4
89,4479,train,9
89,7110,train,6
89,152,train,8
89,648,train,1
89,908,train,1
89,1339,train,2
89,5033,train,7
89,5479,train,8
89,2754,train,5
89,717,train,0
89,2676,train,7
89,2720,train,1
89,3156,train,2
89,7010,train,4
89,2658,train,2
89,5178,train,0
89,1314,train,9
89,4633,train,2
89,1931,train,3
89,4432,train,0
89,7340,train,8
89,226,train,8
89,6393,train,5
89,602,train,2
89,1509,train,6
89,5004,train,4
89,402,train,1
89,14,train,3
89,6332,train,3
89,28,train,3
89,3011,train,3
89,1435,train,5
89,506,train,3
89,2118,train,5
89,1462,train,4
89,6262,train,4
89,510,train,3
89,5827,train,0
89,5379,train,6
89,5814,train,1
89,707,train,9
89,2946,train,6
89,6322,train,9
89,133,train,7
89,7200,train,4
89,3725,train,2
89,4088,train,6
89,1315,train,2
89,1166,train,3
89,2199,train,1
89,7207,train,9
89,5164,train,8
89,542,train,1
89,1682,train,3
89,1508,train,1
89,1241,train,5
89,6355,train,9
89,1095,train,5
89,2276,train,3
89,2406,train,9
89,1867,train,4
89,1956,train,9
89,315,train,5
89,334,train,7
89,5087,train,8
89,5765,train,9
89,1100,train,5
89,5394,train,2
89,5441,train,6
89,216,train,0
89,5413,train,2
89,4147,train,4
89,5402,train,2
89,4394,train,2
89,2893,train,1
89,968,train,6
89,4659,train,5
89,107,train,4
89,4125,train,2
89,1465,train,8
89,1355,train,3
89,3330,train,9
89,460,train,5
89,2947,train,3
89,5908,train,5
89,6171,train,5
89,5032,train,3
89,5936,train,1
89,4351,train,3
89,5945,train,4
89,5979,train,0
89,3024,train,6
89,699,train,3
89,4578,train,3
89,6321,train,3
89,994,train,2
89,5439,train,2
89,3359,train,9
89,3621,train,7
89,1955,train,5
89,5566,train,9
89,5234,train,1
89,6874,train,9
89,2714,train,3
89,2192,train,2
89,3574,train,0
89,6123,train,4
89,4571,train,2
89,7300,train,8
89,303,train,0
89,4081,train,1
89,6069,train,5
89,7116,train,9
89,4810,train,8
89,2451,train,9
89,1049,train,5
89,5210,train,6
89,6753,train,2
89,4936,train,3
89,6319,train,6
89,7033,train,5
89,2232,train,6
89,4799,train,4
89,1180,train,5
89,1681,train,7
89,7061,train,7
89,6732,train,8
89,4859,train,2
89,1729,train,8
89,5674,train,1
89,3914,train,3
89,5385,train,4
89,4038,train,0
89,1709,train,2
89,3078,train,9
89,5635,train,9
89,1906,train,9
89,3140,train,7
89,1112,train,9
89,6290,train,5
89,56,train,0
89,6390,train,3
89,2661,train,6
89,1825,train,0
89,6164,train,3
89,5874,train,6
89,6412,train,5
89,4204,train,3
89,3957,train,5
89,3118,train,1
89,5808,train,1
89,4325,train,0
89,6948,train,2
89,3247,train,8
89,5288,train,0
89,4584,train,0
89,440,train,9
89,4470,train,4
89,5390,train,1
89,3582,train,2
89,1266,train,9
89,6447,train,1
89,521,train,8
89,6419,train,6
89,2453,train,0
89,6026,train,3
89,2157,train,7
89,661,train,3
89,1676,train,0
89,2340,train,6
89,1754,train,5
89,3503,train,1
89,2135,train,7
89,6787,train,3
89,5997,train,4
89,6124,train,8
89,2250,train,3
89,2120,train,2
89,2311,train,1
89,4981,train,6
89,5503,train,6
89,4767,train,0
89,3154,train,6
89,5538,train,1
89,4062,train,1
89,7031,train,4
89,6883,train,7
89,715,train,4
89,3133,train,3
89,4901,train,7
89,4939,train,8
89,309,train,7
89,2260,train,4
89,4588,train,2
89,3115,train,4
89,725,train,3
89,2849,train,2
89,5843,train,2
89,613,train,7
89,1960,train,8
89,5136,train,0
89,213,train,3
89,4980,train,6
89,4135,train,9
89,526,train,7
89,3065,train,2
89,5301,train,3
89,3778,train,0
89,6017,train,9
89,4129,train,3
89,5875,train,2
89,3448,train,9
89,6462,train,9
89,6067,train,3
89,1038,train,2
89,5343,train,0
89,2343,train,6
89,2008,train,3
89,2142,train,4
89,4665,train,4
89,452,train,4
89,2275,train,1
89,4574,train,5
89,6801,train,5
89,856,train,8
89,1987,train,9
89,1372,train,2
89,95,train,8
89,3070,train,6
89,7203,train,3
89,2793,train,0
89,4279,train,9
89,3320,train,4
89,4025,train,4
89,2362,train,3
89,5348,train,6
89,6554,train,3
89,7066,train,4
89,5090,train,8
89,1603,train,5
89,3213,train,8
89,3916,train,6
89,6338,train,3
89,4882,train,2
89,5612,train,5
89,2332,train,3
89,5051,train,6
89,2880,train,7
89,6552,train,8
89,4292,train,3
89,6687,train,0
89,6751,train,9
89,289,train,5
89,3947,train,5
89,5013,train,5
89,2047,train,9
89,3812,train,3
89,5759,train,2
89,6634,train,8
89,523,train,6
89,6216,train,2
89,7148,train,7
89,1856,train,9
89,2035,train,1
89,5260,train,5
89,1958,train,0
89,1113,train,0
89,1646,train,2
89,7217,train,1
89,6240,train,8
89,4967,train,1
89,4938,train,8
89,2910,train,8
89,1993,train,6
89,3675,train,5
89,5860,train,3
89,416,train,8
89,3804,train,2
89,2723,train,6
89,366,train,3
89,5411,train,4
89,3119,train,4
89,3989,train,5
89,4644,train,1
89,3994,train,3
89,2599,train,7
89,2529,train,7
89,5240,train,7
89,5905,train,6
89,6167,train,1
89,2517,train,2
89,349,train,1
89,5480,train,0
89,5231,train,9
89,5869,train,6
89,7228,train,4
89,3707,train,8
89,698,train,8
89,1880,train,3
89,7119,train,4
89,6822,train,8
89,638,train,1
89,774,train,1
89,4094,train,5
89,5163,train,0
89,3005,train,0
89,1820,train,6
89,551,train,0
89,6384,train,3
89,2108,train,7
89,1257,train,8
89,3517,train,9
89,1944,train,8
89,5714,train,1
89,3688,train,0
89,4836,train,1
89,461,train,0
89,3384,train,0
89,2155,train,7
89,5143,train,5
89,4340,train,4
89,5192,train,2
89,125,train,8
89,7079,train,8
89,1573,train,5
89,4275,train,4
89,4915,train,9
89,4511,train,3
89,2949,train,8
89,3579,train,9
89,5656,train,4
89,2039,train,2
89,3145,train,0
89,3866,train,5
89,324,train,0
89,629,train,9
89,1187,train,3
89,1023,train,5
89,1883,train,6
89,415,train,6
89,5275,train,4
89,2873,train,2
89,2705,train,7
89,3760,train,5
89,1262,train,4
89,436,train,9
89,5627,train,2
89,4664,train,1
89,1245,train,0
89,5484,train,5
89,5215,train,5
89,2382,train,9
89,2113,train,2
89,5643,train,2
89,3925,train,3
89,2235,train,6
89,7186,train,3
89,5392,train,9
89,5710,train,4
89,3079,train,1
89,5062,train,5
89,7302,train,9
89,6329,train,7
89,5781,train,6
89,323,train,1
89,3556,train,8
89,1288,train,1
89,6119,train,3
89,2475,train,3
89,554,train,3
89,2273,train,0
89,3031,train,6
89,5715,train,0
89,752,train,5
89,1541,train,9
89,5160,train,9
89,5642,train,0
89,4433,train,7
89,1540,train,2
89,4500,train,0
89,6449,train,4
89,4700,train,9
89,7183,train,8
89,381,train,3
89,2245,train,9
89,2323,train,8
89,5581,train,9
89,2587,train,2
89,4982,train,7
89,378,train,2
89,4022,train,0
89,5831,train,8
89,4372,train,9
89,2538,train,9
89,5524,train,6
89,5034,train,3
89,6553,train,6
89,7343,train,6
89,6923,train,0
89,6789,train,5
89,7022,train,3
89,7114,train,3
89,748,train,8
89,7037,train,2
89,2612,train,4
89,1148,train,4
89,195,train,7
89,1570,train,4
89,605,train,4
89,1792,train,9
89,1017,train,7
89,6400,train,2
89,2615,train,2
89,1770,train,3
89,2850,train,3
89,1343,train,5
89,4796,train,9
89,5678,train,3
89,6156,train,1
89,3768,train,4
89,2006,train,9
89,4829,train,8
89,5991,train,9
89,5188,train,4
89,4014,train,7
89,271,train,8
89,4806,train,9
89,718,train,7
89,3196,train,0
89,3319,train,7
89,6824,train,0
89,7264,train,7
89,3608,train,6
89,4647,train,8
89,3374,train,2
89,744,train,5
89,259,train,3
89,3850,train,1
89,4883,train,8
89,1994,train,8
89,2354,train,5
89,6904,train,1
89,3364,train,4
89,4844,train,0
89,4969,train,9
89,4992,train,6
89,4441,train,9
89,5496,train,4
89,2358,train,3
89,3086,train,5
89,2070,train,9
89,900,train,1
89,2829,train,8
89,4003,train,0
89,5073,train,6
89,5620,train,4
89,2730,train,9
89,3692,train,1
89,4949,train,7
89,3265,train,7
89,1719,train,4
89,6769,train,2
89,3135,train,3
89,1860,train,0
89,3753,train,5
89,6399,train,3
89,885,train,1
89,2598,train,7
89,3329,train,8
89,5865,train,8
89,6931,train,3
89,301,train,2
89,6688,train,6
89,2625,train,0
89,151,train,5
89,3038,train,4
89,6043,train,6
89,4944,train,3
89,3016,train,0
89,2827,train,1
89,3061,train,4
89,770,train,9
89,2274,train,1
89,5836,train,1
89,4221,train,9
89,4172,train,7
89,6201,train,1
89,5265,train,3
89,6330,train,7
89,4611,train,0
89,1740,train,3
89,7237,train,7
89,5537,train,8
89,2412,train,9
89,269,train,1
89,167,train,0
89,5269,train,7
89,2255,train,5
89,2068,train,6
89,7002,train,8
89,2266,train,6
89,5989,train,1
89,4923,train,4
89,5976,train,9
89,1318,train,6
89,2521,train,4
89,20,train,9
89,2802,train,9
89,2870,train,5
89,771,train,1
89,3415,train,3
89,5358,train,8
89,5629,train,5
89,4735,train,3
89,545,train,3
89,6778,train,4
89,1557,train,0
89,3008,train,2
89,3967,train,6
89,5047,train,0
89,4064,train,2
89,1680,train,6
89,2272,train,2
89,4150,train,7
89,5829,train,3
89,272,train,8
89,2258,train,2
89,5296,train,5
89,4228,train,3
89,4261,train,5
89,2462,train,7
89,3308,train,9
89,2765,train,7
89,3821,train,5
89,5464,train,7
89,7323,train,3
89,314,train,9
89,1272,train,2
89,1163,train,9
89,4304,train,7
89,6730,train,3
89,5085,train,7
89,1718,train,0
89,7270,train,3
89,6959,train,0
89,6675,train,1
89,2425,train,5
89,2374,train,2
89,7231,train,2
89,2627,train,5
89,3076,train,7
89,5120,train,2
89,4382,train,8
89,4193,train,1
89,3792,train,2
89,519,train,0
89,5611,train,2
89,487,train,8
89,1763,train,7
89,6467,train,9
89,1388,train,5
89,7004,train,0
89,3555,train,0
89,1285,train,9
89,4385,train,8
89,1265,train,3
89,562,train,6
89,5786,train,7
89,2165,train,8
89,2971,train,6
89,6109,train,0
89,799,train,5
89,4005,train,6
89,1625,train,0
89,4896,train,6
89,1720,train,2
89,6108,train,8
89,2568,train,0
89,1830,train,7
89,1902,train,0
89,4478,train,1
89,754,train,1
89,2141,train,2
89,2364,train,9
89,6731,train,4
89,5690,train,7
89,2759,train,7
89,4715,train,6
89,4152,train,0
89,2098,train,5
89,5694,train,6
89,2614,train,4
89,6027,train,1
89,310,train,7
89,5517,train,5
89,1724,train,5
89,524,train,6
89,3233,train,7
89,6033,train,4
89,2811,train,5
89,2592,train,8
89,126,train,5
89,6706,train,7
89,6832,train,4
89,4702,train,1
89,6570,train,0
89,4316,train,9
89,5726,train,0
89,2489,train,5
89,112,train,3
89,2336,train,4
89,5883,train,9
89,5204,train,1
89,1493,train,6
89,6246,train,1
89,2928,train,9
89,5205,train,6
89,750,train,3
89,1881,train,8
89,6347,train,2
89,7046,train,6
89,1044,train,5
89,2207,train,3
89,1853,train,9
89,7353,train,2
89,3777,train,1
89,3089,train,4
89,433,train,2
89,3604,train,2
89,389,train,8
89,2593,train,0
89,6005,train,1
89,5262,train,8
89,6144,train,6
89,3654,train,0
89,6755,train,0
89,2325,train,8
89,6646,train,9
89,758,train,0
89,3440,train,3
89,3974,train,7
89,1699,train,7
89,6920,train,1
89,5299,train,8
89,2505,train,1
89,6620,train,3
89,2150,train,6
89,6313,train,5
89,4731,train,3
89,5422,train,6
89,4253,train,6
89,6561,train,8
89,622,train,7
89,6533,train,0
89,2653,train,1
89,1141,train,1
89,684,train,6
89,1605,train,5
89,6476,train,8
89,5644,train,2
89,3545,train,8
89,1896,train,0
89,4198,train,6
89,6302,train,4
89,853,train,5
89,1299,train,7
89,6994,train,4
89,6507,train,9
89,1885,train,3
89,2015,train,0
89,5328,train,1
89,4270,train,1
89,4201,train,3
89,5050,train,6
89,3961,train,2
89,84,train,6
89,1110,train,1
89,5595,train,0
89,410,train,7
89,4184,train,1
89,2569,train,2
89,6271,train,7
89,3584,train,7
89,2664,train,8
89,2670,train,6
89,3648,train,6
89,6422,train,9
89,4360,train,5
89,888,train,0
89,4181,train,4
89,3147,train,7
89,6644,train,0
89,6386,train,8
89,2089,train,3
89,7229,train,5
89,999,train,1
89,4315,train,2
89,6346,train,3
89,7129,train,7
89,2673,train,9
89,3528,train,1
89,2835,train,1
89,7298,train,2
89,3641,train,1
89,3525,train,4
89,2428,train,1
89,7296,train,4
89,6502,train,4
89,6448,train,4
89,2678,train,8
89,1702,train,5
89,2560,train,6
89,4157,train,1
89,5917,train,4
89,3789,train,1
89,241,train,3
89,3737,train,9
89,4475,train,8
89,4283,train,5
89,6722,train,3
89,1119,train,0
89,1123,train,6
89,7299,train,8
89,111,train,3
89,3163,train,0
89,6983,train,8
89,2465,train,9
89,6229,train,1
89,6678,train,5
89,7304,train,3
89,1523,train,2
89,4779,train,4
89,990,train,5
89,242,train,7
89,3243,train,1
89,2254,train,0
89,6373,train,5
89,7021,train,3
89,1776,train,1
89,2144,train,8
89,6485,train,5
89,2211,train,7
89,7090,train,1
89,6236,train,6
89,2768,train,8
89,38,train,8
89,3421,train,5
89,2872,train,7
89,3526,train,8
89,5962,train,1
89,5504,train,7
89,6098,train,6
89,676,train,3
89,5102,train,7
89,3424,train,7
89,514,train,0
89,3367,train,7
89,1400,train,1
89,235,train,9
89,5924,train,8
89,234,train,4
89,374,train,6
89,7241,train,0
89,845,train,2
89,984,train,8
89,4116,train,6
89,2876,train,3
89,442,train,8
89,115,train,5
89,2169,train,5
89,1452,train,2
89,1816,train,7
89,3346,train,5
89,3373,train,6
89,6274,train,7
89,5353,train,3
89,4211,train,7
89,2682,train,8
89,1737,train,9
89,4401,train,3
89,5760,train,8
89,4813,train,2
89,157,train,6
89,4490,train,6
89,3048,train,4
89,1794,train,8
89,2222,train,1
89,1797,train,1
89,369,train,6
89,6773,train,4
89,5323,train,2
89,6800,train,1
89,6075,train,1
89,5309,train,8
89,3743,train,8
89,2338,train,3
89,1295,train,8
89,2413,train,7
89,808,train,8
89,3099,train,7
89,624,train,1
89,4277,train,0
89,7248,train,9
89,3214,train,4
89,3012,train,1
89,5376,train,9
89,7261,train,9
89,7279,train,2
89,6895,train,8
89,903,train,2
89,3315,train,1
89,1484,train,5
89,2795,train,4
89,2259,train,6
89,6070,train,4
89,1904,train,3
89,6127,train,1
89,2134,train,5
89,5599,train,9
89,2044,train,7
89,6736,train,6
89,4968,train,9
89,1459,train,6
89,7068,train,5
89,4375,train,2
89,5985,train,6
89,6601,train,6
89,1342,train,9
89,6315,train,3
89,5622,train,9
89,427,train,7
89,3071,train,2
89,1547,train,9
89,3171,train,2
89,1406,train,0
89,913,train,5
89,411,train,8
89,3194,train,4
89,4680,train,7
89,5540,train,3
89,2628,train,6
89,3307,train,0
89,1005,train,6
89,2117,train,6
89,5887,train,8
89,1060,train,1
89,5502,train,5
89,2072,train,1
89,2716,train,7
89,5909,train,7
89,6200,train,3
89,7295,train,1
89,2337,train,8
89,7324,train,8
89,2202,train,0
89,3783,train,2
89,3192,train,0
89,6383,train,1
89,2937,train,6
89,5292,train,3
89,2401,train,3
89,6978,train,0
89,1722,train,3
89,1395,train,6
89,949,train,6
89,2812,train,5
89,3876,train,1
89,3349,train,4
89,3999,train,4
89,7242,train,3
89,5282,train,7
89,4736,train,9
89,4072,train,7
89,4310,train,1
89,4378,train,1
89,5278,train,7
89,3656,train,7
89,5099,train,0
89,1070,train,6
89,6558,train,5
89,55,train,3
89,3067,train,2
89,3259,train,8
89,2854,train,9
89,2036,train,3
89,6408,train,1
89,2984,train,6
89,2185,train,3
89,4871,train,4
89,5741,train,9
89,1600,train,2
89,3165,train,3
89,2059,train,7
89,4559,train,1
89,1434,train,4
89,6381,train,7
89,6224,train,2
89,5521,train,0
89,7220,train,7
89,7294,train,7
89,2696,train,9
89,6680,train,0
89,1416,train,3
89,2075,train,5
89,4341,train,0
89,7000,train,3
89,4035,train,8
89,1014,train,8
89,1181,train,1
89,6270,train,2
89,801,train,4
89,807,train,7
89,5687,train,4
89,4678,train,1
89,4581,train,9
89,3209,train,8
89,5043,train,3
89,6396,train,9
89,4258,train,9
89,6452,train,6
89,1738,train,0
89,6279,train,9
89,6409,train,9
89,5495,train,7
89,7138,train,6
89,3379,train,2
89,1519,train,2
89,5888,train,6
89,1378,train,0
89,1846,train,6
89,3322,train,8
89,5063,train,0
89,579,train,5
89,2493,train,4
89,6858,train,4
89,7188,train,6
89,5457,train,8
89,2227,train,3
89,6897,train,1
89,1103,train,1
89,1348,train,6
89,5127,train,4
89,5959,train,6
89,1481,train,0
89,4903,train,3
89,1590,train,4
89,737,train,8
89,558,train,9
89,6055,train,5
89,2579,train,5
89,586,train,8
89,2834,train,1
89,1,train,3
89,6855,train,5
89,6691,train,4
89,2102,train,6
89,6016,train,2
89,2136,train,2
89,3136,train,1
89,5041,train,5
89,3486,train,5
89,2320,train,4
89,4653,train,8
89,946,train,9
89,2167,train,4
89,3667,train,5
89,3898,train,4
89,3681,train,1
89,1001,train,8
89,4049,train,2
89,2841,train,0
89,6285,train,9
89,1771,train,0
89,1923,train,3
89,3480,train,1
89,103,train,7
89,426,train,8
89,2356,train,7
89,1534,train,5
89,42,train,1
89,5493,train,9
89,4373,train,5
89,236,train,7
89,4280,train,4
89,1277,train,0
89,3923,train,3
89,2515,train,5
89,4036,train,6
89,3532,train,8
89,6210,train,8
89,600,train,4
89,2111,train,8
89,5563,train,2
89,1659,train,3
89,2181,train,7
89,5880,train,6
89,2504,train,4
89,6771,train,7
89,5170,train,5
89,5208,train,9
89,3719,train,4
89,1341,train,5
89,1554,train,2
89,5437,train,0
89,2460,train,4
89,7028,train,5
89,1230,train,9
89,6985,train,3
89,66,train,7
89,4734,train,5
89,1034,train,4
89,6545,train,9
89,1571,train,7
89,2709,train,8
89,2814,train,2
89,2998,train,4
89,6887,train,9
89,6767,train,5
89,4670,train,6
89,6990,train,4
89,3231,train,3
89,6241,train,2
89,3159,train,5
89,3650,train,9
89,7329,train,0
89,585,train,4
89,5898,train,9
89,2466,train,5
89,2171,train,3
89,3311,train,9
89,4769,train,3
89,330,train,8
89,5428,train,5
89,2594,train,2
89,2449,train,9
89,3111,train,0
89,1198,train,8
89,3369,train,5
89,6631,train,7
89,762,train,1
89,1618,train,3
89,945,train,5
89,846,train,4
89,2393,train,0
89,6466,train,6
89,3516,train,9
89,3814,train,9
89,4602,train,3
89,104,train,2
89,849,train,9
89,4598,train,4
89,6105,train,5
89,1052,train,2
89,4274,train,3
89,2189,train,7
89,7206,train,8
89,4452,train,9
89,6209,train,8
89,7321,train,7
89,2993,train,9
89,2916,train,1
89,1963,train,2
89,1670,train,8
89,1894,train,2
89,7173,train,1
89,2402,train,0
89,7072,train,2
89,1443,train,1
89,3426,train,6
89,189,train,8
89,6669,train,4
89,497,train,4
89,4024,train,4
89,4178,train,4
89,782,train,0
89,2190,train,7
89,4575,train,0
89,466,train,7
89,1777,train,5
89,1899,train,7
89,6902,train,7
89,1197,train,7
89,7055,train,4
89,4898,train,8
89,4730,train,7
89,1863,train,5
89,2623,train,7
89,7070,train,8
89,1985,train,8
89,282,train,7
89,1533,train,6
89,1059,train,5
89,711,train,1
89,3296,train,3
89,110,train,2
89,5589,train,3
89,5017,train,2
89,2690,train,2
89,1040,train,2
89,5671,train,6
89,546,train,7
89,6815,train,8
89,2618,train,4
89,2133,train,8
89,3533,train,6
89,5570,train,2
89,1080,train,9
89,1364,train,5
89,3908,train,8
89,5325,train,3
89,3006,train,0
89,2925,train,7
89,3459,train,8
89,1294,train,6
89,281,train,2
89,5889,train,4
89,5758,train,9
89,6685,train,3
89,1298,train,9
89,1186,train,2
89,6579,train,6
89,1167,train,8
89,6197,train,4
89,1208,train,2
89,501,train,0
89,5121,train,9
89,7035,train,3
89,7151,train,5
89,3207,train,1
89,3014,train,2
89,2012,train,7
89,278,train,8
89,751,train,7
89,898,train,5
89,4623,train,0
89,4953,train,7
89,3554,train,2
89,2846,train,4
89,609,train,7
89,3321,train,0
89,2999,train,7
89,7219,train,0
89,3270,train,2
89,4766,train,6
89,325,train,2
89,1297,train,6
89,2997,train,6
89,3376,train,2
89,1952,train,7
89,1500,train,3
89,5256,train,2
89,4437,train,4
89,4757,train,8
89,5633,train,1
89,6915,train,3
89,224,train,3
89,5446,train,1
89,5768,train,6
89,2106,train,1
89,1772,train,5
89,3331,train,6
89,1932,train,7
89,1919,train,3
89,3505,train,5
89,3435,train,5
89,4456,train,6
89,6277,train,5
89,6320,train,3
89,564,train,9
89,1507,train,8
89,3218,train,7
89,4180,train,1
89,548,train,8
89,6325,train,6
89,2634,train,4
89,4714,train,7
89,2061,train,6
89,2944,train,9
89,4216,train,8
89,4158,train,1
89,5665,train,4
89,7161,train,9
89,4105,train,8
89,4804,train,7
89,4771,train,6
89,6188,train,0
89,4656,train,1
89,2378,train,9
89,2588,train,0
89,2477,train,8
89,5166,train,1
89,7227,train,1
89,2895,train,5
89,2071,train,4
89,1064,train,7
89,5567,train,5
89,3295,train,0
89,5407,train,4
89,1912,train,2
89,3351,train,2
89,781,train,3
89,279,train,4
89,4257,train,4
89,5387,train,0
89,6391,train,7
89,6104,train,5
89,3286,train,2
89,4076,train,9
89,5060,train,0
89,1172,train,6
89,3004,train,7
89,695,train,1
89,1913,train,1
89,4905,train,7
89,2526,train,2
89,1606,train,4
89,5477,train,6
89,6757,train,1
89,7051,train,5
89,3793,train,1
89,5692,train,7
89,578,train,4
89,1835,train,9
89,2537,train,8
89,6505,train,8
89,3027,train,5
89,2484,train,1
89,6726,train,6
89,630,train,2
89,174,train,3
89,4657,train,8
89,3483,train,1
89,576,train,6
89,7163,train,9
89,3112,train,2
89,988,train,2
89,5541,train,1
89,4407,train,1
89,6303,train,8
89,6974,train,7
89,1831,train,6
89,7334,train,2
89,7040,train,6
89,2677,train,1
89,4619,train,4
89,161,train,2
89,2749,train,9
89,2302,train,1
89,4781,train,1
89,3700,train,3
89,3239,train,6
89,4267,train,0
89,3028,train,1
89,5489,train,1
89,841,train,1
89,3496,train,4
89,1276,train,3
89,2786,train,2
89,307,train,9
89,741,train,2
89,5417,train,5
89,5984,train,0
89,6154,train,3
89,4102,train,1
89,3301,train,9
89,1470,train,3
89,1480,train,9
89,7078,train,9
89,6509,train,4
89,6206,train,2
89,1789,train,6
89,6749,train,1
89,2637,train,9
89,6423,train,5
89,3603,train,7
89,1471,train,3
89,5068,train,3
89,5375,train,7
89,116,train,4
89,4909,train,8
89,3363,train,0
89,4914,train,4
89,6693,train,2
89,4860,train,2
89,3678,train,4
89,435,train,2
89,5283,train,9
89,3282,train,0
89,4155,train,8
89,7310,train,9
89,4422,train,4
89,2816,train,7
89,4249,train,4
89,4331,train,4
89,59,train,8
89,412,train,3
89,2684,train,4
89,1015,train,1
89,5217,train,0
89,1065,train,6
89,5809,train,8
89,2158,train,2
89,6817,train,2
89,5423,train,5
89,6181,train,1
89,1795,train,8
89,408,train,2
89,262,train,0
89,4817,train,3
89,193,train,2
89,2884,train,7
89,376,train,6
89,5279,train,2
89,1966,train,6
89,6341,train,9
89,53,train,5
89,4568,train,1
89,6039,train,1
89,62,train,1
89,5133,train,7
89,300,train,2
89,3891,train,0
89,1714,train,7
89,2989,train,1
89,6068,train,6
89,2486,train,4
89,445,train,8
89,2784,train,4
89,4803,train,7
89,3292,train,4
89,3279,train,0
89,3762,train,6
89,4955,train,8
89,5784,train,0
89,335,train,1
89,667,train,0
89,5646,train,2
89,2699,train,8
89,4353,train,5
89,7139,train,4
89,7221,train,3
89,4045,train,2
89,2316,train,1
89,1515,train,6
89,3276,train,9
89,2124,train,3
89,2605,train,8
89,3686,train,3
89,3398,train,6
89,5096,train,3
89,31,train,5
89,6305,train,9
89,6871,train,1
89,3520,train,2
89,2177,train,0
89,1620,train,7
89,2208,train,0
89,1057,train,0
89,3206,train,1
89,4738,train,9
89,295,train,5
89,6308,train,4
89,627,train,3
89,2478,train,8
89,2014,train,2
89,4947,train,6
89,6645,train,7
89,6643,train,5
89,4057,train,3
89,3010,train,6
89,4792,train,3
89,979,train,3
89,6159,train,9
89,5751,train,2
89,2762,train,8
89,3869,train,2
89,2915,train,8
89,552,train,8
89,2797,train,0
89,1362,train,4
89,5507,train,5
89,6950,train,0
89,2399,train,3
89,6266,train,2
89,3232,train,5
89,1961,train,1
89,266,train,4
89,4972,train,2
89,2748,train,8
89,2803,train,6
89,4121,train,3
89,3225,train,7
89,37,train,1
89,1551,train,5
89,1223,train,3
89,2204,train,4
89,2691,train,1
89,652,train,5
89,886,train,6
89,2384,train,5
89,6928,train,4
89,6307,train,8
89,6540,train,4
89,6655,train,7
89,5002,train,0
89,2557,train,6
89,6440,train,1
89,7244,train,6
89,1211,train,0
89,6741,train,7
89,2535,train,7
89,5815,train,7
89,537,train,5
89,7016,train,6
89,4814,train,9
89,3343,train,2
89,1087,train,7
89,5964,train,0
89,5364,train,0
89,5071,train,6
89,1385,train,3
89,2818,train,5
89,2887,train,9
89,4641,train,7
89,2243,train,2
89,4146,train,2
89,6214,train,6
89,677,train,1
89,5562,train,1
89,3817,train,0
89,4839,train,5
89,4298,train,7
89,2991,train,7
89,2700,train,6
89,4444,train,8
89,6727,train,8
89,607,train,6
89,2828,train,4
89,5026,train,9
89,7174,train,1
89,5712,train,1
89,3508,train,3
89,5138,train,5
89,1967,train,8
89,1321,train,7
89,569,train,7
89,2578,train,5
89,280,train,7
89,4134,train,0
89,4576,train,8
89,5148,train,5
89,6431,train,2
89,2079,train,6
89,5725,train,8
89,6414,train,3
89,6882,train,4
89,7146,train,6
89,6537,train,9
89,5203,train,1
89,635,train,9
89,6535,train,1
89,947,train,4
89,5421,train,1
89,1815,train,8
89,4379,train,3
89,596,train,8
89,831,train,1
89,2788,train,7
89,2683,train,5
89,1083,train,7
89,755,train,0
89,4951,train,8
89,406,train,7
89,455,train,5
89,4344,train,3
89,3125,train,3
89,509,train,7
89,172,train,6
89,785,train,3
89,6510,train,7
89,1811,train,2
89,6189,train,8
89,572,train,0
89,4935,train,8
89,5038,train,6
89,6198,train,6
89,5703,train,1
89,429,train,2
89,6649,train,6
89,4800,train,2
89,6572,train,6
89,6107,train,5
89,5209,train,3
89,4694,train,6
89,1249,train,8
89,7038,train,5
89,1357,train,1
89,73,train,3
89,5587,train,6
89,6935,train,5
89,5561,train,6
89,2647,train,1
89,1561,train,2
89,5967,train,3
89,6253,train,0
89,6158,train,6
89,5680,train,1
89,1809,train,6
89,1957,train,3
89,6264,train,5
89,1679,train,2
89,7326,train,1
89,1037,train,1
89,1782,train,2
89,6716,train,7
89,2566,train,9
89,2890,train,9
89,3244,train,2
89,3995,train,6
89,5798,train,7
89,2501,train,4
89,3274,train,9
89,513,train,3
89,975,train,3
89,1311,train,7
89,6724,train,0
89,5699,train,7
89,448,train,0
89,6523,train,0
89,5636,train,0
89,13,train,1
89,5135,train,4
89,4132,train,9
89,6434,train,7
89,2668,train,7
89,7191,train,9
89,4674,train,8
89,3883,train,8
89,1589,train,0
89,6392,train,1
89,6526,train,4
89,2727,train,7
89,5329,train,6
89,7025,train,7
89,4546,train,9
89,3558,train,6
89,5539,train,8
89,6446,train,1
89,6866,train,5
89,2787,train,7
89,3892,train,9
89,32,train,9
89,2756,train,5
89,1833,train,2
89,3224,train,5
89,332,train,1
89,5162,train,8
89,2458,train,1
89,2688,train,2
89,2280,train,5
89,6728,train,4
89,1335,train,4
89,573,train,4
89,4286,train,6
89,41,train,8
89,4554,train,6
89,7249,train,2
89,4462,train,2
89,4701,train,4
89,6023,train,6
89,2635,train,3
89,248,train,8
89,162,train,8
89,688,train,8
89,5245,train,7
89,3305,train,9
89,5236,train,0
89,1595,train,1
89,877,train,7
89,5246,train,3
89,5762,train,2
89,7044,train,5
89,3902,train,9
89,4305,train,8
89,6738,train,7
89,4720,train,0
89,120,train,9
89,1446,train,0
89,792,train,1
89,2304,train,5
89,6677,train,1
89,5969,train,4
89,7049,train,9
89,1356,train,1
89,3252,train,3
89,6845,train,0
89,1320,train,7
89,7100,train,4
89,2218,train,6
89,5310,train,8
89,3683,train,4
89,4320,train,1
89,1857,train,0
89,7056,train,8
89,2422,train,5
89,2156,train,2
89,778,train,3
89,1786,train,8
89,3745,train,7
89,3283,train,1
89,6421,train,4
89,3409,train,9
89,4991,train,3
89,3684,train,2
89,2778,train,3
89,6187,train,2
89,3607,train,5
89,147,train,3
89,5436,train,6
89,3240,train,6
89,3956,train,1
89,1135,train,0
89,1804,train,7
89,4058,train,7
89,6744,train,9
89,2123,train,8
89,4240,train,6
89,4793,train,6
89,712,train,4
89,4937,train,3
89,3164,train,1
89,6712,train,0
89,4856,train,2
89,1284,train,3
89,3116,train,9
89,1117,train,6
89,5881,train,1
89,5780,train,4
89,5789,train,3
89,6709,train,5
89,400,train,8
89,2853,train,9
89,3075,train,8
89,3846,train,5
89,4390,train,9
89,3663,train,3
89,7054,train,0
89,384,train,6
89,3671,train,5
89,976,train,9
89,1708,train,3
89,2985,train,0
89,5115,train,2
89,2315,train,4
89,2201,train,8
89,3502,train,2
89,1371,train,6
89,5061,train,2
89,6007,train,5
89,1252,train,3
89,2000,train,2
89,650,train,9
89,237,train,0
89,2368,train,7
89,8,train,0
89,3309,train,2
89,7349,train,1
89,3172,train,5
89,4079,train,4
89,536,train,4
89,2046,train,0
89,6103,train,1
89,1041,train,1
89,3980,train,7
89,1921,train,6
89,2126,train,0
89,1607,train,2
89,3414,train,2
89,7135,train,3
89,2097,train,2
89,6797,train,0
89,6612,train,6
89,2469,train,8
89,5500,train,7
89,6702,train,1
89,2198,train,4
89,1033,train,2
89,5509,train,6
89,3121,train,4
89,7273,train,2
89,6625,train,0
89,5384,train,7
89,5626,train,7
89,305,train,2
89,867,train,0
89,6869,train,0
89,3162,train,5
89,634,train,7
89,1353,train,8
89,5785,train,1
89,3339,train,1
89,3596,train,5
89,3482,train,4
89,6260,train,0
89,4950,train,2
89,382,train,4
89,432,train,0
89,6141,train,8
89,5833,train,1
89,6968,train,7
89,560,train,3
89,337,train,2
89,6163,train,8
89,2116,train,5
89,3718,train,9
89,2298,train,9
89,3492,train,2
89,2764,train,0
89,6194,train,0
89,2561,train,3
89,7109,train,9
89,6030,train,3
89,7071,train,0
89,350,train,6
89,7120,train,2
89,4346,train,2
89,3615,train,4
89,5586,train,6
89,2979,train,4
89,5200,train,8
89,6841,train,5
89,6258,train,1
89,22,train,8
89,5372,train,7
89,85,train,2
89,5682,train,9
89,4295,train,1
89,6780,train,6
89,3148,train,9
89,4726,train,0
89,5940,train,0
89,4954,train,0
89,5776,train,5
89,3759,train,4
89,541,train,6
89,2161,train,6
89,6772,train,5
89,4552,train,1
89,2600,train,8
89,490,train,5
89,454,train,1
89,6793,train,6
89,232,train,1
89,3946,train,9
89,2210,train,3
89,1201,train,5
89,2494,train,4
89,184,train,6
89,4533,train,9
89,36,train,7
89,4209,train,6
89,7283,train,6
89,5670,train,6
89,6021,train,0
89,651,train,8
89,2326,train,4
89,1586,train,7
89,2639,train,6
89,3195,train,7
89,823,train,0
89,6689,train,9
89,1785,train,4
89,788,train,5
89,6609,train,9
89,439,train,9
89,4785,train,7
89,4359,train,5
89,15,train,7
89,6377,train,0
89,1149,train,1
89,6529,train,6
89,4879,train,7
89,645,train,9
89,6387,train,0
89,404,train,6
89,1084,train,8
89,7149,train,1
89,517,train,6
89,1581,train,4
89,2908,train,1
89,1511,train,4
89,3361,train,0
89,3623,train,5
89,4553,train,5
89,530,train,6
89,5168,train,4
89,649,train,3
89,2616,train,0
89,2920,train,0
89,190,train,5
89,4716,train,3
89,2251,train,2
89,3122,train,8
89,4822,train,6
89,6442,train,7
89,4635,train,3
89,3771,train,7
89,4186,train,0
89,2383,train,1
89,6891,train,9
89,7333,train,8
89,5728,train,8
89,3735,train,9
89,5227,train,0
89,742,train,1
89,5684,train,4
89,6416,train,3
89,6508,train,5
89,5610,train,0
89,3550,train,0
89,825,train,3
89,355,train,4
89,4098,train,5
89,1260,train,5
89,6042,train,4
89,3828,train,3
89,7,train,7
89,5555,train,9
89,214,train,7
89,6455,train,3
89,1696,train,4
89,2461,train,1
89,3767,train,5
89,4922,train,7
89,4013,train,1
89,2239,train,7
89,6892,train,1
89,4054,train,1
89,5580,train,5
89,6272,train,8
89,7019,train,4
89,392,train,8
89,1056,train,2
89,5243,train,9
89,3551,train,3
89,1235,train,2
89,1983,train,0
89,1091,train,4
89,3710,train,1
89,4168,train,4
89,6244,train,7
89,97,train,8
89,6051,train,6
89,6211,train,5
89,3873,train,6
89,4008,train,0
89,664,train,9
89,735,train,6
89,6946,train,7
89,1255,train,3
89,6362,train,8
89,420,train,1
89,5419,train,2
89,5201,train,2
89,6081,train,5
89,1098,train,2
89,26,train,2
89,3326,train,0
89,4631,train,4
89,1602,train,6
89,4214,train,0
89,3347,train,4
89,1244,train,0
89,348,train,9
89,1039,train,3
89,639,train,3
89,760,train,2
89,1812,train,1
89,5543,train,8
89,2706,train,1
89,6499,train,4
89,1013,train,8
89,7258,train,8
89,71,train,9
89,3039,train,9
89,6550,train,2
89,6512,train,7
89,5749,train,4
89,1897,train,3
89,739,train,2
89,1421,train,5
89,4902,train,7
89,761,train,2
89,1405,train,7
89,5356,train,4
89,4988,train,1
89,1514,train,9
89,2350,train,6
89,584,train,2
89,7073,train,5
89,3254,train,8
89,4827,train,3
89,3813,train,1
89,5872,train,8
89,3396,train,3
89,3103,train,4
89,231,train,8
89,2752,train,1
89,3074,train,0
89,7238,train,7
89,1330,train,5
89,2033,train,0
89,4606,train,9
89,7348,train,4
89,6737,train,5
89,4975,train,8
89,5132,train,9
89,697,train,9
89,2057,train,1
89,191,train,3
89,1020,train,4
89,1268,train,1
89,3616,train,6
89,2932,train,5
89,2914,train,8
89,6668,train,7
89,1220,train,1
89,683,train,4
89,77,train,7
89,6813,train,6
89,6595,train,6
89,7345,train,2
89,267,train,6
89,2633,train,4
89,4661,train,4
89,493,train,8
89,5473,train,6
89,520,train,6
89,4136,train,3
89,3035,train,1
89,4502,train,2
89,2845,train,7
89,1079,train,8
89,6096,train,9
89,4225,train,1
89,7204,train,1
89,1943,train,6
89,2092,train,0
89,4663,train,9
89,1032,train,3
89,1690,train,0
89,5481,train,1
89,5306,train,7
89,1555,train,2
89,4770,train,4
89,4676,train,1
89,2101,train,7
89,4131,train,6
89,2054,train,0
89,1621,train,9
89,5119,train,7
89,893,train,5
89,1368,train,8
89,1475,train,7
89,1424,train,3
89,4043,train,8
89,286,train,7
89,6149,train,3
89,4461,train,2
89,4167,train,8
89,250,train,9
89,3059,train,5
89,6458,train,0
89,6145,train,9
89,2495,train,6
89,2410,train,6
89,4945,train,4
89,3475,train,3
89,2468,train,3
89,4451,train,4
89,6074,train,7
89,3485,train,1
89,485,train,0
89,2170,train,7
89,1842,train,1
89,2359,train,3
89,6106,train,9
89,6988,train,8
89,424,train,3
89,4934,train,5
89,1289,train,0
89,6126,train,9
89,1404,train,6
89,2842,train,0
89,3484,train,2
89,2707,train,3
89,873,train,5
89,6138,train,9
89,6711,train,7
89,1067,train,3
89,7246,train,3
89,7234,train,1
89,6071,train,6
89,1218,train,1
89,4020,train,3
89,1440,train,2
89,5777,train,1
89,6133,train,3
89,502,train,4
89,2100,train,9
89,6835,train,3
89,6130,train,6
89,747,train,2
89,6840,train,8
89,158,train,9
89,5929,train,2
89,2292,train,8
89,4748,train,0
89,7267,train,5
89,1305,train,7
89,4477,train,7
89,69,train,4
89,3366,train,2
89,6506,train,5
89,1061,train,4
89,1755,train,0
89,3087,train,7
89,2058,train,1
89,4775,train,2
89,827,train,7
89,3573,train,2
89,749,train,1
89,527,train,9
89,3411,train,3
89,2948,train,5
89,5601,train,8
89,5101,train,9
89,2139,train,3
89,4300,train,8
89,6425,train,6
89,153,train,6
89,5219,train,7
89,2659,train,1
89,4658,train,1
89,2941,train,3
89,4837,train,4
89,6539,train,9
89,1998,train,7
89,7259,train,4
89,3670,train,5
89,3523,train,9
89,4160,train,0
89,3246,train,6
89,3940,train,9
89,7260,train,8
89,2767,train,4
89,529,train,6
89,800,train,4
89,4278,train,3
89,884,train,9
89,4603,train,0
89,3565,train,8
89,2069,train,3
89,474,train,7
89,7218,train,0
89,7140,train,6
89,6852,train,2
89,714,train,6
89,5344,train,0
89,2789,train,3
89,7189,train,4
89,4087,train,8
89,3564,train,0
89,2067,train,9
89,6671,train,7
89,4869,train,6
89,2492,train,7
89,7276,train,9
89,1137,train,8
89,6433,train,3
89,3713,train,1
89,516,train,1
89,1380,train,1
89,488,train,0
89,1834,train,5
89,5255,train,1
89,3838,train,4
89,5069,train,0
89,3306,train,8
89,5667,train,3
89,6806,train,5
89,3040,train,7
89,2622,train,1
89,1306,train,7
89,3587,train,9
89,5485,train,9
89,2552,train,6
89,1063,train,8
89,2596,train,4
89,3022,train,3
89,6500,train,2
89,4551,train,5
89,3203,train,6
89,4573,train,7
89,329,train,8
89,4027,train,2
89,5992,train,9
89,5927,train,5
89,6049,train,2
89,5035,train,3
89,4876,train,9
89,3549,train,8
89,6971,train,9
89,5280,train,7
89,6036,train,4
89,4110,train,5
89,3893,train,6
89,3053,train,4
89,2051,train,6
89,6136,train,3
89,3009,train,5
89,603,train,2
89,3504,train,6
89,1483,train,1
89,2582,train,4
89,5900,train,8
89,1075,train,4
89,7364,train,1
89,4272,train,8
89,3450,train,3
89,2361,train,0
89,7053,train,9
89,4250,train,2
89,5355,train,9
89,2564,train,5
89,6474,train,2
89,708,train,1
89,4400,train,0
89,4999,train,9
89,589,train,2
89,1959,train,7
89,437,train,5
89,3498,train,9
89,6492,train,5
89,924,train,0
89,4569,train,6
89,617,train,4
89,2886,train,4
89,4251,train,0
89,5855,train,0
89,967,train,8
89,44,train,5
89,3976,train,3
89,6361,train,8
89,3653,train,7
89,2261,train,9
89,666,train,1
89,5427,train,1
89,5270,train,2
89,6979,train,9
89,6062,train,5
89,1928,train,8
89,7363,train,4
89,610,train,2
89,2228,train,7
89,4244,train,5
89,317,train,0
89,5447,train,4
89,7292,train,9
89,2062,train,4
89,3613,train,3
89,3723,train,0
89,822,train,4
89,2004,train,1
89,5432,train,2
89,1521,train,0
89,2128,train,2
89,4591,train,9
89,1999,train,3
89,4012,train,0
89,4208,train,5
89,5253,train,1
89,1316,train,2
89,2319,train,7
89,3509,train,9
89,6560,train,0
89,3943,train,0
89,3736,train,2
89,1711,train,3
89,7122,train,1
89,3834,train,5
89,3597,train,8
89,7092,train,9
89,5638,train,6
89,2621,train,3
89,4679,train,4
89,397,train,9
89,2983,train,5
89,1441,train,1
89,577,train,4
89,1414,train,1
89,1619,train,2
89,5837,train,8
89,6183,train,9
89,6705,train,7
89,3129,train,6
89,535,train,0
89,3327,train,7
89,2440,train,8
89,1482,train,1
89,4380,train,0
89,6150,train,5
89,312,train,2
89,2957,train,4
89,1301,train,0
89,2881,train,2
89,691,train,2
89,6131,train,4
89,5112,train,3
89,810,train,6
89,6514,train,7
89,6718,train,1
89,4940,train,3
89,662,train,3
89,1134,train,9
89,3580,train,4
89,6556,train,2
89,5237,train,0
89,6161,train,3
89,2551,train,9
89,4959,train,9
89,3614,train,6
89,2411,train,9
89,5218,train,9
89,5590,train,2
89,7082,train,7
89,6370,train,3
89,3430,train,3
89,456,train,5
89,756,train,6
89,403,train,7
89,5605,train,3
89,3562,train,4
89,2349,train,0
89,1248,train,9
89,5619,train,0
89,3328,train,2
89,1824,train,7
89,679,train,4
89,1591,train,2
89,2642,train,4
89,5542,train,5
89,4454,train,9
89,1153,train,4
89,5884,train,0
89,6356,train,2
89,4071,train,6
89,6633,train,6
89,1688,train,6
89,7281,train,6
89,1420,train,5
89,4763,train,6
89,7184,train,6
89,86,train,0
89,2391,train,7
89,163,train,5
89,5248,train,2
89,3897,train,8
89,450,train,5
89,6413,train,7
89,5381,train,9
89,5474,train,7
89,5529,train,5
89,2964,train,1
89,1309,train,6
89,2055,train,4
89,3853,train,1
89,2769,train,0
89,5241,train,3
89,3050,train,0
89,100,train,2
89,4666,train,9
89,3105,train,0
89,1258,train,2
89,5268,train,7
89,2176,train,3
89,618,train,1
89,6916,train,6
89,1147,train,9
89,1713,train,7
89,7130,train,2
89,50,train,9
89,6180,train,1
89,1973,train,6
89,4784,train,8
89,2665,train,6
89,1779,train,3
89,3955,train,6
89,5067,train,1
89,2283,train,2
89,2820,train,6
89,2191,train,9
89,479,train,5
89,6565,train,2
89,2001,train,7
89,3372,train,4
89,4192,train,3
89,5408,train,7
89,4348,train,6
89,795,train,5
89,4696,train,5
89,393,train,3
89,6590,train,4
89,3779,train,5
89,1312,train,7
89,3593,train,1
89,3637,train,1
89,3015,train,2
89,1559,train,3
89,6603,train,1
89,3434,train,9
89,775,train,7
89,875,train,7
89,3389,train,7
89,1196,train,1
89,4649,train,8
89,939,train,5
89,476,train,9
89,6761,train,7
89,131,train,0
89,2704,train,5
89,2147,train,9
89,290,train,5
89,5982,train,7
89,1929,train,8
89,2363,train,3
89,35,train,8
89,7332,train,7
89,3521,train,6
89,5440,train,4
89,1658,train,0
89,3913,train,7
89,4030,train,6
89,5331,train,6
89,139,train,0
89,5795,train,7
89,1370,train,9
89,3408,train,1
89,352,train,5
89,6054,train,2
89,2689,train,6
89,682,train,9
89,3358,train,8
89,2843,train,5
89,532,train,8
89,1781,train,5
89,7065,train,7
89,5625,train,3
89,7083,train,0
89,1236,train,0
89,5467,train,9
89,2958,train,2
89,313,train,8
89,7318,train,1
89,2184,train,2
89,6777,train,2
89,897,train,4
89,1428,train,2
89,3277,train,7
89,7185,train,0
89,3569,train,9
89,6331,train,0
89,6289,train,5
89,425,train,4
89,83,train,1
89,4746,train,2
89,2721,train,5
89,5401,train,8
89,2982,train,0
89,5576,train,7
89,4540,train,2
89,5149,train,7
89,6134,train,5
89,3131,train,0
89,2821,train,4
89,2027,train,2
89,1303,train,5
89,5009,train,5
89,1021,train,4
89,5977,train,7
89,33,train,8
89,5840,train,0
89,1430,train,6
89,148,train,8
89,5012,train,2
89,4119,train,3
89,1821,train,2
89,6018,train,5
89,5753,train,5
89,3042,train,2
89,4617,train,8
89,3722,train,2
89,633,train,9
89,7344,train,0
89,5925,train,9
89,3801,train,9
89,3617,train,3
89,2129,train,0
89,6368,train,7
89,3217,train,3
89,1645,train,0
89,673,train,1
89,3715,train,1
89,2507,train,8
89,2045,train,7
89,4713,train,6
89,3839,train,0
89,6489,train,7
89,3566,train,4
89,4776,train,1
89,3058,train,5
89,4655,train,3
89,6122,train,3
89,4321,train,0
89,4751,train,3
89,3288,train,5
89,3302,train,4
89,857,train,3
89,6284,train,3
89,1192,train,5
89,6166,train,5
89,2288,train,8
89,5858,train,6
89,571,train,6
89,1407,train,2
89,1841,train,6
89,1887,train,3
89,3208,train,5
89,7236,train,8
89,1200,train,7
89,4308,train,9
89,5094,train,2
89,5059,train,6
89,6092,train,9
89,773,train,0
89,5100,train,6
89,557,train,9
89,1730,train,9
89,3341,train,2
89,4928,train,8
89,5591,train,2
89,3515,train,4
89,4015,train,6
89,4927,train,8
89,3127,train,3
89,4579,train,7
89,11,train,5
89,6118,train,5
89,2312,train,1
89,6044,train,6
89,6063,train,9
89,7282,train,9
89,6380,train,6
89,5371,train,6
89,2511,train,7
89,3694,train,1
89,6478,train,5
89,2405,train,9
89,980,train,6
89,2583,train,7
89,2390,train,8
89,4196,train,3
89,4039,train,8
89,1367,train,2
89,2825,train,4
89,1622,train,9
89,6919,train,0
89,1069,train,4
89,7172,train,8
89,7212,train,7
89,3198,train,5
89,6041,train,7
89,4718,train,2
89,4141,train,4
89,5972,train,7
89,5239,train,1
89,4673,train,6
89,508,train,8
89,4266,train,1
89,3702,train,5
89,5763,train,8
89,6639,train,0
89,2553,train,2
89,215,train,4
89,5093,train,3
89,5676,train,4
89,3342,train,2
89,464,train,5
89,7152,train,7
89,2996,train,2
89,5199,train,4
89,5354,train,0
89,2961,train,0
89,5547,train,3
89,4870,train,0
89,6889,train,7
89,4632,train,3
89,1520,train,6
89,1644,train,9
89,5756,train,6
89,4499,train,3
89,3117,train,3
89,2182,train,7
89,2037,train,8
89,399,train,0
89,3472,train,6
89,1817,train,0
89,2385,train,0
89,1345,train,0
89,4268,train,5
89,3854,train,4
89,4798,train,5
89,4651,train,2
89,2396,train,4
89,5324,train,4
89,6493,train,7
89,5044,train,4
89,299,train,8
89,3865,train,4
89,1183,train,9
89,5806,train,4
89,2163,train,7
89,4862,train,3
89,208,train,7
89,4542,train,0
89,7095,train,1
89,2531,train,1
89,3412,train,9
89,7266,train,4
89,5048,train,6
89,1055,train,7
89,2159,train,1
89,2801,train,8
89,3222,train,4
89,2074,train,3
89,6333,train,8
89,3255,train,8
89,6360,train,1
89,5339,train,7
89,4215,train,4
89,3985,train,7
89,1427,train,4
89,284,train,6
89,421,train,8
89,4127,train,8
89,2114,train,9
89,5731,train,9
89,481,train,6
89,7167,train,3
89,6626,train,7
89,4222,train,8
89,7275,train,1
89,3335,train,4
89,6710,train,9
89,3007,train,0
89,6064,train,4
89,6692,train,9
89,5614,train,8
89,4842,train,7
89,1222,train,9
89,4333,train,8
89,4536,train,5
89,704,train,6
89,6913,train,5
89,5981,train,0
89,4153,train,9
89,3201,train,9
89,463,train,0
89,7097,train,3
89,65,train,0
89,4271,train,9
89,1035,train,1
89,2434,train,4
89,2291,train,2
89,4604,train,1
89,5693,train,6
89,2669,train,4
89,4426,train,5
89,4506,train,4
89,3705,train,7
89,1741,train,1
89,2007,train,3
89,434,train,9
89,7164,train,7
89,2609,train,5
89,6479,train,0
89,882,train,0
89,4276,train,9
89,3304,train,1
89,4558,train,0
89,3454,train,0
89,6854,train,4
89,1564,train,6
89,354,train,6
89,7356,train,7
89,1843,train,7
89,7117,train,7
89,7319,train,4
89,3337,train,1
89,2308,train,8
89,4070,train,8
89,4841,train,2
89,6365,train,1
89,6275,train,1
89,1413,train,9
89,4986,train,4
89,982,train,3
89,6720,train,5
89,4161,train,1
89,4297,train,5
89,7178,train,4
89,4239,train,7
89,16,train,2
89,5454,train,7
89,5573,train,8
89,5098,train,9
89,3033,train,9
89,5483,train,3
89,5072,train,7
89,3137,train,7
89,2574,train,2
89,4667,train,3
89,4464,train,2
89,6674,train,4
89,1106,train,3
89,3606,train,7
89,2454,train,8
89,2871,train,3
89,223,train,3
89,2238,train,0
89,4597,train,5
89,5106,train,4
89,4762,train,0
89,1436,train,0
89,5095,train,6
89,76,train,3
89,636,train,4
89,1667,train,1
89,1997,train,0
89,3481,train,1
89,4197,train,9
89,3371,train,9
89,3646,train,1
89,1924,train,0
89,3911,train,0
89,3191,train,4
89,5606,train,2
89,319,train,6
89,4213,train,3
89,5131,train,2
89,891,train,3
89,6359,train,6
89,5533,train,0
89,1325,train,8
89,2104,train,2
89,1751,train,1
89,3805,train,0
89,6100,train,9
89,4294,train,0
89,6498,train,8
89,2448,train,2
89,5709,train,9
89,3026,train,5
89,7268,train,6
89,3945,train,9
89,6034,train,2
89,4976,train,8
89,2698,train,9
89,1864,train,3
89,5705,train,0
89,4309,train,2
89,3176,train,8
89,7233,train,3
89,2132,train,2
89,3275,train,9
89,4840,train,7
89,5045,train,7
89,4007,train,2
89,6395,train,2
89,4096,train,7
89,6697,train,7
89,5752,train,4
89,826,train,0
89,4103,train,2
89,3622,train,8
89,4773,train,3
89,2976,train,6
89,1324,train,6
89,5308,train,8
89,6564,train,6
89,5935,train,4
89,6906,train,4
89,5978,train,4
89,5466,train,6
89,4434,train,2
89,6914,train,3
89,6594,train,3
89,246,train,8
89,3447,train,1
89,6482,train,9
89,7342,train,4
89,3157,train,5
89,1793,train,3
89,5848,train,7
89,3464,train,0
89,1669,train,4
89,1313,train,2
89,6288,train,8
89,3539,train,7
89,209,train,7
89,5794,train,5
89,5565,train,6
89,5661,train,8
89,3720,train,5
89,373,train,7
89,4055,train,4
89,3488,train,0
89,5807,train,0
89,3047,train,4
89,4489,train,5
89,3199,train,9
89,2724,train,9
89,6954,train,8
89,5424,train,5
89,5632,train,6
89,1728,train,6
89,3757,train,9
89,4170,train,3
89,5993,train,3
89,1431,train,1
89,5975,train,8
89,2619,train,2
89,5104,train,8
89,4712,train,9
89,7020,train,3
89,5076,train,3
89,5315,train,9
89,5267,train,9
89,5941,train,0
89,870,train,2
89,4733,train,6
89,4345,train,2
89,156,train,4
89,4387,train,3
89,7271,train,9
89,2347,train,0
89,2939,train,6
89,3272,train,7
89,5802,train,5
89,2437,train,0
89,5624,train,8
89,4599,train,3
89,1934,train,4
89,4985,train,9
89,2424,train,5
89,3878,train,8
89,5455,train,2
89,7367,train,8
89,767,train,0
89,922,train,2
89,4083,train,4
89,5526,train,4
89,2342,train,0
89,4428,train,7
89,5950,train,5
89,2934,train,9
89,2490,train,5
89,19,train,6
89,5554,train,2
89,4797,train,3
89,6475,train,2
89,854,train,5
89,5415,train,5
89,6148,train,2
89,4541,train,9
89,5602,train,9
89,1666,train,5
89,3391,train,0
89,2570,train,5
89,6335,train,3
89,1251,train,6
89,2541,train,5
89,4194,train,1
89,1445,train,7
89,839,train,3
89,7052,train,0
89,4245,train,0
89,5180,train,8
89,570,train,4
89,7170,train,0
89,5673,train,8
89,3619,train,0
89,4846,train,6
89,2525,train,6
89,1419,train,2
89,5130,train,8
89,5290,train,8
89,2146,train,9
89,991,train,3
89,2452,train,2
89,4931,train,8
89,6278,train,7
89,6410,train,4
89,4458,train,0
89,3260,train,3
89,7006,train,0
89,3822,train,3
89,6784,train,6
89,3900,train,0
89,4881,train,9
89,4970,train,2
89,3029,train,3
89,1528,train,3
89,6844,train,5
89,1178,train,1
89,1374,train,6
89,4085,train,5
89,7156,train,5
89,5302,train,0
89,1882,train,1
89,5079,train,6
89,4424,train,2
89,4439,train,7
89,4362,train,6
89,7336,train,7
89,970,train,4
89,4296,train,5
89,180,train,0
89,6091,train,1
89,3682,train,6
89,4233,train,4
89,4741,train,7
89,7272,train,3
89,3467,train,1
89,358,train,0
89,2329,train,5
89,3661,train,9
89,6450,train,3
89,2963,train,4
89,1492,train,2
89,3695,train,0
89,2687,train,1
89,5345,train,0
89,7029,train,2
89,6907,train,1
89,3848,train,1
89,1449,train,5
89,703,train,4
89,4788,train,9
89,2394,train,3
89,277,train,3
89,5334,train,8
89,6942,train,6
89,1132,train,8
89,1072,train,4
89,3870,train,3
89,2543,train,7
89,4113,train,5
89,2913,train,4
89,3841,train,5
89,1333,train,4
89,2026,train,5
89,2898,train,7
89,4343,train,9
89,3513,train,0
89,6903,train,0
89,1640,train,7
89,7205,train,7
89,1655,train,5
89,4690,train,2
89,4241,train,2
89,3922,train,5
89,3180,train,2
89,7354,train,4
89,6011,train,2
89,5396,train,9
89,4677,train,6
89,3831,train,9
89,3429,train,1
89,1920,train,0
89,2573,train,2
89,3982,train,7
89,4042,train,5
89,847,train,5
89,4099,train,6
89,294,train,9
89,4818,train,0
89,2481,train,2
89,5510,train,6
89,3223,train,6
89,6531,train,4
89,5367,train,7
89,2249,train,4
89,2774,train,5
89,5357,train,5
89,2082,train,8
89,4669,train,3
89,2188,train,4
89,2017,train,2
89,4863,train,5
89,372,train,7
89,1942,train,9
89,5906,train,4
89,7067,train,9
89,6484,train,5
89,5451,train,7
89,7358,train,1
89,3906,train,9
89,3380,train,2
89,894,train,2
89,3599,train,2
89,6756,train,1
89,6641,train,6
89,5823,train,9
89,3625,train,6
89,865,train,4
89,359,train,5
89,4460,train,3
89,2483,train,2
89,5810,train,6
89,6584,train,9
89,3170,train,3
89,2419,train,9
89,5772,train,7
89,3422,train,7
89,4115,train,2
89,3098,train,1
89,1088,train,8
89,790,train,7
89,2586,train,2
89,1016,train,7
89,1673,train,9
89,4200,train,7
89,1823,train,6
89,5221,train,9
89,5657,train,2
89,6873,train,4
89,5020,train,4
89,6600,train,0
89,5903,train,6
89,681,train,3
89,3729,train,9
89,4547,train,4
89,1161,train,9
89,5293,train,5
89,2508,train,4
89,2021,train,3
89,3200,train,8
89,3263,train,5
89,7045,train,2
89,3290,train,3
89,6788,train,9
89,475,train,2
89,2151,train,1
89,5893,train,1
89,923,train,0
89,6398,train,0
89,5273,train,9
89,3168,train,3
89,2926,train,9
89,1365,train,3
89,1706,train,5
89,6578,train,0
89,763,train,4
89,4017,train,0
89,3780,train,8
89,3871,train,4
89,308,train,9
89,6758,train,1
89,5021,train,3
89,1701,train,6
89,4885,train,3
89,5825,train,5
89,3353,train,7
89,3785,train,2
89,3882,train,6
89,5003,train,0
89,3628,train,5
89,5618,train,7
89,88,train,5
89,1531,train,9
89,7286,train,7
89,5716,train,6
89,331,train,8
89,3884,train,7
89,7232,train,4
89,7048,train,7
89,2066,train,2
89,1577,train,0
89,5297,train,4
89,4450,train,0
89,2741,train,8
89,4645,train,8
89,2512,train,1
89,3238,train,5
89,6650,train,7
89,5261,train,4
89,2750,train,8
89,5954,train,7
89,3696,train,1
89,4524,train,1
89,3406,train,6
89,5097,train,2
89,1171,train,4
89,2809,train,8
89,3981,train,7
89,3332,train,3
89,1982,train,9
89,2556,train,1
89,4782,train,0
89,2084,train,4
89,2233,train,5
89,6768,train,4
89,6316,train,0
89,4997,train,1
89,2943,train,2
89,637,train,8
89,4526,train,3
89,6851,train,8
89,4260,train,6
89,2145,train,1
89,2804,train,0
89,6256,train,9
89,1693,train,0
89,72,train,4
89,4050,train,6
89,3055,train,7
89,1185,train,3
89,82,train,4
89,5648,train,5
89,1031,train,0
89,4618,train,6
89,3092,train,7
89,4149,train,9
89,1604,train,7
89,5616,train,9
89,438,train,9
89,2360,train,0
89,3591,train,6
89,3862,train,2
89,7128,train,6
89,644,train,0
89,254,train,3
89,2755,train,4
89,6110,train,4
89,5443,train,7
89,3449,train,8
89,3269,train,9
89,3971,train,0
89,1858,train,9
89,1650,train,8
89,1668,train,4
89,3701,train,4
89,1639,train,5
89,2782,train,1
89,6943,train,1
89,1267,train,7
89,4707,train,4
89,5968,train,3
89,7290,train,7
89,4958,train,8
89,468,train,6
89,489,train,1
89,2299,train,5
89,462,train,3
89,4486,train,1
89,217,train,9
89,5723,train,4
89,5787,train,2
89,4041,train,4
89,2924,train,1
89,5155,train,6
89,1579,train,4
89,6185,train,5
89,4021,train,2
89,6057,train,8
89,828,train,8
89,3887,train,5
89,5370,train,8
89,5841,train,5
89,2656,train,1
89,5470,train,0
89,7032,train,4
89,5523,train,4
89,803,train,7
89,3151,train,3
89,6972,train,8
89,730,train,2
89,594,train,7
89,1478,train,5
89,3890,train,1
89,3093,train,7
89,6810,train,3
89,3776,train,6
89,1975,train,1
89,2607,train,4
89,5153,train,3
89,1553,train,0
89,1047,train,4
89,5259,train,3
89,3963,train,0
89,318,train,7
89,2740,train,5
89,2127,train,0
89,3106,train,5
89,1296,train,6
89,2206,train,9
89,4620,train,2
89,1685,train,1
89,5264,train,8
89,306,train,8
89,4465,train,5
89,371,train,2
89,6980,train,5
89,7111,train,2
89,6936,train,4
89,3514,train,4
89,4920,train,2
89,4861,train,7
89,2392,train,8
89,1193,train,0
89,4207,train,7
89,3375,train,3
89,7193,train,5
89,6252,train,4
89,3518,train,2
89,2263,train,1
89,2370,train,5
89,5863,train,3
89,2604,train,2
89,6249,train,2
89,4256,train,2
89,2103,train,2
89,1884,train,9
89,3912,train,2
89,3388,train,1
89,4224,train,5
89,4973,train,7
89,818,train,7
89,1784,train,0
89,4847,train,7
89,1240,train,8
89,5707,train,9
89,5312,train,6
89,1102,train,7
89,1073,train,2
89,5847,train,3
89,4630,train,1
89,4753,train,8
89,4854,train,0
89,7043,train,4
89,4787,train,0
89,3806,train,2
89,6397,train,8
89,3210,train,6
89,4745,train,3
89,6932,train,2
89,4778,train,4
89,395,train,3
89,6662,train,8
89,34,train,4
89,3797,train,2
89,340,train,5
89,4711,train,4
89,1228,train,1
89,3507,train,7
89,6374,train,8
89,4342,train,9
89,1215,train,6
89,4539,train,2
89,6908,train,1
89,4218,train,7
89,2149,train,2
89,6717,train,4
89,2143,train,0
89,2548,train,4
89,4392,train,4
89,1437,train,9
89,1775,train,8
89,2905,train,0
89,3185,train,9
89,2456,train,3
89,6567,train,8
89,4786,train,3
89,7105,train,7
89,5351,train,6
89,6076,train,6
89,3046,train,5
89,7263,train,4
89,3904,train,9
89,4369,train,3
89,740,train,7
89,3314,train,1
89,7017,train,0
89,5185,train,3
89,6546,train,6
89,504,train,1
89,5564,train,4
89,3732,train,5
89,5382,train,6
89,4393,train,3
89,5558,train,8
89,3601,train,1
89,7062,train,1
89,931,train,7
89,6432,train,8
89,5161,train,2
89,6012,train,4
89,43,train,8
89,2882,train,9
89,3659,train,7
89,834,train,5
89,4596,train,3
89,2883,train,4
89,7081,train,9
89,4815,train,8
89,6334,train,6
89,7202,train,1
89,160,train,0
89,5901,train,2
89,3640,train,3
89,6615,train,0
89,4106,train,4
89,6640,train,3
89,563,train,1
89,3559,train,5
89,1552,train,4
89,543,train,9
89,1264,train,2
89,1945,train,3
89,202,train,9
89,6690,train,7
89,2813,train,1
89,5159,train,8
89,144,train,3
89,40,train,1
89,3021,train,1
89,1366,train,9
89,6079,train,0
89,7257,train,2
89,6792,train,4
89,2038,train,2
89,1157,train,5
89,2355,train,3
89,7309,train,7
89,2279,train,7
89,710,train,5
89,3030,train,7
89,1907,train,6
89,647,train,5
89,4190,train,9
89,4484,train,2
89,2848,train,6
89,57,train,9
89,4420,train,6
89,2029,train,4
89,343,train,8
89,4845,train,2
89,5263,train,9
89,553,train,8
89,6574,train,2
89,2988,train,0
89,4556,train,2
89,5942,train,1
89,2444,train,9
89,4374,train,6
89,2193,train,1
89,2747,train,2
89,5702,train,5
89,4471,train,5
89,626,train,1
89,3066,train,0
89,4710,train,2
89,2758,train,3
89,2973,train,8
89,1479,train,7
89,6457,train,3
89,4518,train,1
89,2306,train,5
89,1104,train,8
89,188,train,6
89,1599,train,4
89,5532,validation,4
89,1344,validation,6
89,7199,validation,6
89,127,validation,3
89,657,validation,5
89,5918,validation,2
89,6966,validation,1
89,196,validation,3
89,7288,validation,6
89,5184,validation,2
89,4654,validation,8
89,2442,validation,1
89,431,validation,0
89,1653,validation,5
89,3714,validation,8
89,6028,validation,2
89,5773,validation,5
89,4994,validation,0
89,621,validation,9
89,2761,validation,5
89,5896,validation,9
89,3123,validation,0
89,5958,validation,2
89,1954,validation,5
89,3407,validation,8
89,4628,validation,5
89,498,validation,8
89,4018,validation,9
89,1964,validation,8
89,3284,validation,3
89,7094,validation,2
89,2942,validation,5
89,6006,validation,2
89,396,validation,6
89,1101,validation,1
89,6132,validation,3
89,4104,validation,2
89,6953,validation,8
89,1439,validation,9
89,1018,validation,2
89,118,validation,6
89,3439,validation,3
89,4892,validation,8
89,7093,validation,8
89,423,validation,7
89,5089,validation,9
89,5171,validation,4
89,6464,validation,5
89,3791,validation,1
89,6486,validation,6
89,2965,validation,0
89,4232,validation,4
89,1844,validation,7
89,2105,validation,2
89,1373,validation,8
89,1578,validation,3
89,1417,validation,2
89,4722,validation,3
89,2457,validation,5
89,4921,validation,4
89,2321,validation,7
89,4329,validation,7
89,1412,validation,7
89,6602,validation,8
89,1909,validation,1
89,4408,validation,5
89,7327,validation,2
89,722,validation,5
89,21,validation,7
89,2894,validation,5
89,1194,validation,0
89,6077,validation,1
89,1111,validation,4
89,4440,validation,1
89,700,validation,4
89,1269,validation,4
89,2335,validation,7
89,5775,validation,5
89,5603,validation,4
89,5274,validation,6
89,3740,validation,5
89,3875,validation,9
89,5469,validation,2
89,4899,validation,9
89,5107,validation,4
89,1633,validation,8
89,5736,validation,7
89,3400,validation,5
89,1474,validation,4
89,1761,validation,6
89,6269,validation,6
89,3452,validation,8
89,4086,validation,4
89,3003,validation,5
89,5960,validation,3
89,4226,validation,5
89,1432,validation,7
89,909,validation,0
89,1451,validation,0
89,5247,validation,0
89,2819,validation,5
89,5799,validation,7
89,2646,validation,5
89,2498,validation,7
89,6401,validation,5
89,1349,validation,2
89,4956,validation,5
89,1664,validation,9
89,5826,validation,7
89,1216,validation,9
89,1891,validation,7
89,6876,validation,2
89,4819,validation,0
89,3211,validation,9
89,6444,validation,7
89,387,validation,5
89,3144,validation,9
89,7254,validation,0
89,2348,validation,1
89,4877,validation,1
89,4613,validation,2
89,391,validation,4
89,2717,validation,4
89,1989,validation,7
89,1246,validation,8
89,6898,validation,9
89,3253,validation,3
89,6296,validation,5
89,96,validation,5
89,6648,validation,6
89,6957,validation,6
89,5696,validation,0
89,6867,validation,5
89,2389,validation,0
89,5774,validation,4
89,4290,validation,3
89,3924,validation,8
89,2776,validation,7
89,2725,validation,0
89,4061,validation,2
89,1467,validation,6
89,7352,validation,4
89,3949,validation,2
89,2785,validation,6
89,4009,validation,5
89,2831,validation,4
89,2970,validation,3
89,3934,validation,0
89,2611,validation,5
89,5598,validation,1
89,4336,validation,1
89,1922,validation,7
89,4835,validation,9
89,2094,validation,9
89,2681,validation,7
89,987,validation,0
89,7209,validation,9
89,2351,validation,0
89,5304,validation,4
89,6652,validation,3
89,4719,validation,6
89,2773,validation,2
89,2779,validation,0
89,4521,validation,8
89,3025,validation,0
89,3069,validation,7
89,4758,validation,7
89,675,validation,0
89,2708,validation,6
89,3929,validation,4
89,1438,validation,4
89,855,validation,0
89,5187,validation,4
89,6040,validation,4
89,5596,validation,5
89,1022,validation,6
89,2956,validation,2
89,4756,validation,6
89,3143,validation,1
89,2542,validation,6
89,4880,validation,7
89,1239,validation,3
89,6010,validation,2
89,4318,validation,5
89,5990,validation,4
89,6472,validation,2
89,4686,validation,0
89,2318,validation,7
89,4311,validation,6
89,4476,validation,0
89,6745,validation,6
89,727,validation,5
89,1048,validation,8
89,6534,validation,4
89,4508,validation,3
89,7005,validation,7
89,3951,validation,0
89,964,validation,3
89,90,validation,7
89,3527,validation,3
89,6894,validation,4
89,4162,validation,1
89,6764,validation,2
89,3001,validation,8
89,3769,validation,9
89,2562,validation,9
89,511,validation,1
89,4652,validation,9
89,5600,validation,1
89,3775,validation,6
89,1819,validation,8
89,4335,validation,6
89,6255,validation,4
89,6628,validation,8
89,1381,validation,8
89,5948,validation,9
89,2885,validation,3
89,3230,validation,2
89,129,validation,9
89,6468,validation,2
89,4175,validation,7
89,611,validation,1
89,6060,validation,3
89,4705,validation,2
89,3457,validation,3
89,6618,validation,0
89,3387,validation,7
89,5137,validation,7
89,6571,validation,9
89,2219,validation,8
89,4191,validation,9
89,3547,validation,8
89,6782,validation,0
89,5720,validation,4
89,1175,validation,4
89,5189,validation,2
89,4974,validation,5
89,477,validation,8
89,851,validation,3
89,5672,validation,6
89,6647,validation,2
89,6082,validation,6
89,252,validation,2
89,6247,validation,2
89,2923,validation,5
89,6402,validation,4
89,5453,validation,9
89,1762,validation,1
89,5920,validation,5
89,7162,validation,4
89,2131,validation,5
89,797,validation,1
89,2073,validation,7
89,7003,validation,5
89,7039,validation,3
89,495,validation,4
89,4117,validation,7
89,4671,validation,0
89,1165,validation,6
89,3017,validation,0
89,6125,validation,0
89,7322,validation,1
89,3647,validation,8
89,48,validation,8
89,1587,validation,8
89,1448,validation,6
89,3431,validation,0
89,4662,validation,4
89,3083,validation,8
89,6700,validation,1
89,5065,validation,8
89,3325,validation,7
89,5895,validation,1
89,5713,validation,7
89,1351,validation,8
89,734,validation,4
89,6001,validation,3
89,4625,validation,9
89,842,validation,6
89,6918,validation,3
89,3973,validation,4
89,293,validation,2
89,6962,validation,2
89,457,validation,4
89,4077,validation,3
89,3500,validation,6
89,2739,validation,4
89,3644,validation,5
89,4872,validation,8
89,555,validation,4
89,6911,validation,2
89,3928,validation,1
89,2009,validation,4
89,270,validation,0
89,3045,validation,6
89,3378,validation,1
89,670,validation,0
89,3476,validation,4
89,628,validation,5
89,3948,validation,6
89,4483,validation,8
89,2025,validation,7
89,1129,validation,0
89,467,validation,6
89,4219,validation,7
89,4347,validation,1
89,2662,validation,2
89,2671,validation,6
89,5399,validation,9
89,2240,validation,5
89,1855,validation,8
89,3860,validation,6
89,5575,validation,0
89,2672,validation,4
89,2534,validation,5
89,625,validation,0
89,3858,validation,3
89,1338,validation,3
89,7175,validation,0
89,4355,validation,4
89,896,validation,2
89,3077,validation,1
89,738,validation,4
89,4993,validation,6
89,1748,validation,2
89,6597,validation,5
89,2610,validation,5
89,1936,validation,3
89,5698,validation,7
89,401,validation,8
89,5552,validation,0
89,3461,validation,9
89,2679,validation,5
89,482,validation,0
89,2674,validation,3
89,934,validation,1
89,2980,validation,6
89,4330,validation,0
89,4199,validation,1
89,1233,validation,3
89,3909,validation,1
89,2244,validation,2
89,7320,validation,2
89,2533,validation,0
89,1203,validation,7
89,5508,validation,1
89,5819,validation,1
89,4068,validation,2
89,3919,validation,8
89,3972,validation,6
89,2286,validation,2
89,612,validation,4
89,3468,validation,7
89,6035,validation,2
89,917,validation,4
89,4466,validation,1
89,3088,validation,4
89,3101,validation,2
89,7216,validation,6
89,6912,validation,1
89,5465,validation,6
89,3571,validation,1
89,4376,validation,3
89,2581,validation,2
89,2857,validation,0
89,5276,validation,1
89,1207,validation,7
89,5854,validation,0
89,2414,validation,2
89,3438,validation,1
89,1580,validation,0
89,3235,validation,9
89,4706,validation,9
89,1485,validation,7
89,6199,validation,9
89,5229,validation,9
89,6547,validation,1
89,7059,validation,5
89,6707,validation,7
89,6842,validation,8
89,181,validation,2
89,3262,validation,8
89,7171,validation,4
89,2119,validation,7
89,658,validation,4
89,2992,validation,5
89,540,validation,0
89,1901,validation,2
89,5701,validation,1
89,2328,validation,1
89,2398,validation,7
89,1498,validation,3
89,6513,validation,8
89,4812,validation,7
89,3721,validation,9
89,6808,validation,6
89,6142,validation,3
89,4513,validation,1
89,6699,validation,1
89,2052,validation,7
89,5761,validation,1
89,7057,validation,2
89,1408,validation,5
89,3717,validation,3
89,6657,validation,7
89,7165,validation,8
89,2357,validation,8
89,4708,validation,8
89,6174,validation,5
89,5953,validation,7
89,5822,validation,0
89,1937,validation,9
89,5548,validation,5
89,642,validation,7
89,4287,validation,2
89,6807,validation,0
89,614,validation,3
89,2431,validation,2
89,5336,validation,5
89,4356,validation,6
89,2968,validation,6
89,974,validation,3
89,2955,validation,9
89,1204,validation,8
89,347,validation,4
89,3706,validation,6
89,7058,validation,7
89,623,validation,1
89,641,validation,4
89,5285,validation,6
89,6856,validation,8
89,4066,validation,9
89,6964,validation,5
89,87,validation,6
89,6518,validation,5
89,1300,validation,9
89,5461,validation,0
89,5337,validation,9
89,6843,validation,4
89,1968,validation,5
89,1074,validation,5
89,1154,validation,3
89,5737,validation,9
89,4391,validation,4
89,2810,validation,5
89,3251,validation,6
89,4183,validation,3
89,2544,validation,2
89,4520,validation,9
89,4783,validation,7
89,7131,validation,6
89,2540,validation,4
89,1635,validation,5
89,4811,validation,7
89,3668,validation,2
89,3920,validation,3
89,7251,validation,2
89,1574,validation,3
89,1765,validation,5
89,5445,validation,5
89,5534,validation,0
89,5853,validation,8
89,2710,validation,6
89,4370,validation,5
89,1124,validation,3
89,3818,validation,0
89,4092,validation,8
89,7192,validation,1
89,1071,validation,9
89,6837,validation,8
89,1538,validation,3
89,7357,validation,0
89,694,validation,2
89,5078,validation,5
89,251,validation,0
89,6002,validation,4
89,5911,validation,9
89,815,validation,1
89,5513,validation,6
89,1756,validation,3
89,6349,validation,1
89,6987,validation,7
89,4728,validation,3
89,6276,validation,6
89,6000,validation,6
89,3348,validation,7
89,4990,validation,2
89,4114,validation,4
89,1826,validation,5
89,2839,validation,9
89,154,validation,8
89,2229,validation,0
89,1146,validation,5
89,177,validation,0
89,2432,validation,6
89,5743,validation,5
89,2866,validation,4
89,583,validation,9
89,4056,validation,0
89,2248,validation,7
89,2002,validation,6
89,2018,validation,3
89,3403,validation,2
89,899,validation,4
89,1158,validation,7
89,346,validation,1
89,4732,validation,9
89,2701,validation,4
89,5735,validation,7
89,3405,validation,7
89,6248,validation,5
89,2081,validation,7
89,2808,validation,8
89,3250,validation,0
89,6846,validation,0
89,960,validation,9
89,954,validation,8
89,1839,validation,0
89,3856,validation,7
89,2041,validation,2
89,1082,validation,8
89,5662,validation,2
89,3511,validation,5
89,6796,validation,7
89,5919,validation,0
89,364,validation,9
89,7312,validation,3
89,3589,validation,9
89,4273,validation,5
89,2977,validation,5
89,2427,validation,2
89,5839,validation,8
89,3942,validation,7
89,5223,validation,9
89,3960,validation,4
89,5183,validation,6
89,3216,validation,8
89,12,validation,5
89,2601,validation,7
89,5036,validation,4
89,1700,validation,6
89,5157,validation,3
89,6804,validation,5
89,4504,validation,9
89,4528,validation,5
89,7315,validation,2
89,3474,validation,1
89,3815,validation,2
89,2085,validation,7
89,3298,validation,2
89,6785,validation,9
89,6798,validation,6
89,4503,validation,9
89,197,validation,2
89,4984,validation,5
89,1331,validation,0
89,1386,validation,7
89,3413,validation,8
89,1125,validation,1
89,2140,validation,3
89,5722,validation,0
89,5859,validation,3
89,766,validation,9
89,2861,validation,3
89,4377,validation,8
89,1164,validation,8
89,2666,validation,8
89,6543,validation,2
89,874,validation,5
89,6137,validation,4
89,4866,validation,6
89,3993,validation,1
89,3823,validation,0
89,484,validation,4
89,30,validation,6
89,428,validation,2
89,969,validation,5
89,5116,validation,3
89,1908,validation,1
89,7153,validation,9
89,6097,validation,7
89,7269,validation,3
89,7176,validation,7
89,6072,validation,8
89,4532,validation,6
89,3019,validation,4
89,721,validation,5
89,6232,validation,3
89,6637,validation,4
89,169,validation,4
89,2063,validation,5
89,7366,validation,6
89,1746,validation,2
89,4808,validation,3
89,5320,validation,9
89,5066,validation,4
89,2373,validation,0
89,4515,validation,3
89,3832,validation,7
89,995,validation,2
89,4282,validation,1
89,3746,validation,8
89,5252,validation,1
89,1327,validation,4
89,6291,validation,5
89,4177,validation,1
89,6203,validation,9
89,7313,validation,4
89,6406,validation,3
89,2869,validation,1
89,1991,validation,5
89,4159,validation,5
89,6222,validation,4
89,6848,validation,9
89,2013,validation,9
89,2806,validation,9
89,1308,validation,3
89,2446,validation,8
89,4322,validation,1
89,6294,validation,3
89,6566,validation,2
89,724,validation,8
89,1749,validation,2
89,6694,validation,7
89,1468,validation,4
89,6135,validation,2
89,1118,validation,6
89,1865,validation,8
89,7213,validation,9
89,3522,validation,8
89,3404,validation,0
89,2523,validation,8
89,4494,validation,0
89,6497,validation,7
89,3689,validation,2
89,907,validation,7
89,3401,validation,8
89,1466,validation,8
89,6237,validation,8
89,5365,validation,8
89,7198,validation,1
89,186,validation,9
89,5475,validation,0
89,4589,validation,2
89,6562,validation,3
89,4438,validation,0
89,1601,validation,6
89,3138,validation,4
89,1780,validation,1
89,7047,validation,1
89,383,validation,6
89,1787,validation,5
89,3935,validation,5
89,844,validation,5
89,3788,validation,6
89,2874,validation,3
89,6503,validation,9
89,5757,validation,2
89,333,validation,0
89,1877,validation,5
89,2196,validation,2
89,1859,validation,6
89,3799,validation,5
89,316,validation,9
89,3811,validation,0
89,3784,validation,2
89,4601,validation,8
89,2917,validation,6
89,4004,validation,1
89,6750,validation,5
89,5634,validation,2
89,3983,validation,7
89,4525,validation,8
89,2891,validation,7
89,2294,validation,4
89,228,validation,3
89,1092,validation,9
89,6977,validation,7
89,890,validation,2
89,5852,validation,1
89,1517,validation,0
89,7169,validation,5
89,6802,validation,9
89,4561,validation,3
89,4097,validation,3
89,3193,validation,3
89,5022,validation,5
89,3197,validation,1
89,1594,validation,9
89,2510,validation,1
89,1768,validation,5
89,6323,validation,8
89,6217,validation,1
89,3630,validation,4
89,4891,validation,0
89,2936,validation,3
89,3620,validation,6
89,817,validation,3
89,3595,validation,6
89,6061,validation,9
89,7247,validation,6
89,6140,validation,1
89,2550,validation,6
89,5150,validation,5
89,5824,validation,0
89,4065,validation,4
89,6993,validation,1
89,5174,validation,3
89,4231,validation,9
89,4415,validation,1
89,4044,validation,5
89,338,validation,7
89,2975,validation,7
89,2632,validation,7
89,230,validation,6
89,4906,validation,8
89,1107,validation,8
89,4237,validation,3
89,3443,validation,4
89,5070,validation,8
89,3643,validation,2
89,222,validation,2
89,1613,validation,7
89,98,validation,8
89,4913,validation,7
89,2499,validation,8
89,3204,validation,0
89,1717,validation,6
89,5679,validation,6
89,321,validation,4
89,6577,validation,1
89,821,validation,6
89,7361,validation,1
89,6557,validation,2
89,4754,validation,3
89,5134,validation,6
89,3632,validation,8
89,1862,validation,1
89,1739,validation,0
89,7307,validation,1
89,2,validation,2
89,719,validation,6
89,2603,validation,2
89,1026,validation,6
89,2011,validation,5
89,413,validation,3
89,4093,validation,3
89,7197,validation,9
89,1328,validation,4
89,5914,validation,7
89,1567,validation,5
89,940,validation,5
89,2969,validation,2
89,5697,validation,5
89,1974,validation,7
89,6372,validation,0
89,7196,validation,9
89,6986,validation,0
89,3285,validation,1
89,3927,validation,7
89,4572,validation,6
89,1948,validation,3
89,6725,validation,6
89,2978,validation,1
89,2005,validation,1
89,5585,validation,9
89,2487,validation,8
89,4824,validation,4
89,23,validation,4
89,1558,validation,6
89,7339,validation,9
89,6981,validation,7
89,5314,validation,6
89,5691,validation,3
89,5075,validation,9
89,1900,validation,2
89,5730,validation,0
89,3790,validation,0
89,5742,validation,4
89,5650,validation,3
89,6790,validation,0
89,912,validation,0
89,869,validation,8
89,1806,validation,0
89,4549,validation,4
89,4417,validation,8
89,7181,validation,9
89,4453,validation,7
89,1687,validation,4
89,6754,validation,2
89,5617,validation,8
89,7182,validation,9
89,2770,validation,6
89,1550,validation,7
89,2713,validation,6
89,4028,validation,1
89,444,validation,9
89,5934,validation,4
89,5226,validation,9
89,2736,validation,9
89,6776,validation,7
89,1463,validation,5
89,4089,validation,4
89,5289,validation,2
89,3543,validation,7
89,3303,validation,4
89,298,validation,4
89,1814,validation,9
89,4255,validation,3
89,772,validation,7
89,4640,validation,7
89,6859,validation,5
89,362,validation,4
89,7215,validation,7
89,4165,validation,9
89,1905,validation,3
89,2799,validation,6
89,3544,validation,6
89,3859,validation,6
89,6084,validation,9
89,5,validation,4
89,2282,validation,8
89,3642,validation,1
89,2702,validation,5
89,7144,validation,2
89,6298,validation,4
89,6047,validation,4
89,7089,validation,2
89,5167,validation,5
89,4405,validation,7
89,5804,validation,4
89,3864,validation,0
89,6353,validation,8
89,3748,validation,1
89,6833,validation,0
89,5117,validation,6
89,4364,validation,3
89,159,validation,8
89,1675,validation,8
89,4747,validation,3
89,4498,validation,2
89,2476,validation,5
89,4668,validation,4
89,5391,validation,5
89,2912,validation,7
89,3120,validation,6
89,7338,validation,9
89,3370,validation,6
89,6147,validation,9
89,5092,validation,6
89,3000,validation,6
89,1096,validation,3
89,233,validation,7
89,3477,validation,6
89,693,validation,3
89,7239,validation,8
89,3738,validation,6
89,5955,validation,9
89,4248,validation,6
89,2904,validation,0
89,1319,validation,3
89,3833,validation,2
89,478,validation,9
89,943,validation,7
89,3699,validation,9
89,7328,validation,4
89,539,validation,5
89,4236,validation,2
89,2443,validation,0
89,872,validation,6
89,5518,validation,1
89,4306,validation,0
89,4998,validation,4
89,297,validation,7
89,6532,validation,1
89,5932,validation,6
89,5689,validation,2
89,6219,validation,7
89,2753,validation,1
89,6611,validation,9
89,1270,validation,1
89,1489,validation,6
89,4752,validation,9
89,2591,validation,3
89,4809,validation,5
89,5374,validation,3
89,620,validation,4
89,173,validation,7
89,2695,validation,3
89,4689,validation,9
89,6415,validation,6
89,3952,validation,5
89,1642,validation,3
89,2341,validation,7
89,7274,validation,3
89,4034,validation,4
89,5721,validation,2
89,4381,validation,0
89,5711,validation,3
89,4075,validation,9
89,1563,validation,5
89,6207,validation,8
89,6742,validation,1
89,4608,validation,3
89,1227,validation,8
89,165,validation,5
89,2584,validation,7
89,6059,validation,8
89,1410,validation,2
89,4989,validation,3
89,1496,validation,0
89,3258,validation,6
89,3665,validation,4
89,6542,validation,6
89,4505,validation,9
89,1610,validation,5
89,850,validation,1
89,2148,validation,6
89,1649,validation,3
89,4697,validation,6
89,6588,validation,0
89,5277,validation,6
89,4130,validation,5
89,835,validation,7
89,6153,validation,0
89,6339,validation,0
89,1390,validation,7
89,365,validation,5
89,2743,validation,2
89,2667,validation,2
89,3586,validation,6
89,791,validation,2
89,1469,validation,4
89,6870,validation,4
89,5501,validation,7
89,3867,validation,5
89,5333,validation,6
89,503,validation,7
89,4284,validation,3
89,5897,validation,9
89,1046,validation,3
89,7126,validation,3
89,4948,validation,4
89,3062,validation,4
89,812,validation,4
89,4529,validation,8
89,6129,validation,7
89,5956,validation,1
89,3739,validation,4
89,5158,validation,1
89,146,validation,1
89,2420,validation,8
89,1588,validation,9
89,6642,validation,2
89,2300,validation,2
89,3930,validation,1
89,3130,validation,7
89,1818,validation,5
89,5866,validation,7
89,4363,validation,0
89,1838,validation,9
89,1126,validation,6
89,5604,validation,5
89,6085,validation,3
89,2953,validation,9
89,5389,validation,5
89,5468,validation,5
89,6090,validation,1
89,6173,validation,2
89,1199,validation,0
89,3852,validation,2
89,1870,validation,7
89,6636,validation,5
89,2439,validation,0
89,6818,validation,0
89,1182,validation,3
89,2567,validation,2
89,5719,validation,7
89,5049,validation,3
89,5514,validation,5
89,4229,validation,6
89,3610,validation,2
89,1025,validation,3
89,4488,validation,5
89,486,validation,6
89,4487,validation,4
89,1996,validation,1
89,451,validation,4
89,5142,validation,0
89,2216,validation,0
89,1917,validation,8
89,4952,validation,7
89,7011,validation,4
89,2040,validation,4
89,1058,validation,0
89,5140,validation,2
89,5817,validation,1
89,6215,validation,5
89,4933,validation,0
89,4795,validation,3
89,4019,validation,1
89,6613,validation,5
89,1210,validation,9
89,4128,validation,0
89,786,validation,8
89,3318,validation,9
89,4493,validation,7
89,2863,validation,8
89,1726,validation,6
89,2107,validation,5
89,7297,validation,5
89,2844,validation,3
89,2737,validation,4
89,5613,validation,0
89,4171,validation,8
89,6930,validation,7
89,2715,validation,0
89,2929,validation,2
89,5771,validation,6
89,1382,validation,0
89,1396,validation,9
89,813,validation,5
89,5057,validation,7
89,2096,validation,6
89,6186,validation,7
89,5844,validation,4
89,4848,validation,6
89,3183,validation,9
89,2585,validation,8
89,2289,validation,0
89,1213,validation,2
89,2050,validation,1
89,5675,validation,3
89,1456,validation,1
89,1886,validation,2
89,1683,validation,0
89,4743,validation,0
89,3134,validation,2
89,1660,validation,2
89,729,validation,4
89,4777,validation,2
89,2909,validation,1
89,6828,validation,3
89,7210,validation,3
89,6881,validation,9
89,6905,validation,1
89,357,validation,6
89,5937,validation,4
89,2777,validation,2
89,6328,validation,5
89,6605,validation,6
89,6627,validation,6
89,124,validation,9
89,6739,validation,4
89,6684,validation,9
89,4495,validation,2
89,1665,validation,1
89,701,validation,4
89,2369,validation,6
89,1992,validation,3
89,4560,validation,8
89,5249,validation,8
89,3080,validation,6
89,6342,validation,2
89,1195,validation,3
89,6411,validation,2
89,7118,validation,4
89,830,validation,4
89,1350,validation,4
89,3939,validation,8
89,6354,validation,7
89,1933,validation,5
89,4917,validation,0
89,5957,validation,2
89,2109,validation,8
89,5452,validation,1
89,1360,validation,0
89,3018,validation,1
89,5788,validation,2
89,6703,validation,4
89,6160,validation,8
89,4220,validation,1
89,1926,validation,6
89,837,validation,1
89,363,validation,8
89,6857,validation,7
89,1143,validation,3
89,1805,validation,1
89,2388,validation,0
89,6143,validation,5
89,2065,validation,2
89,4691,validation,9
89,6056,validation,4
89,3921,validation,2
89,2950,validation,4
89,1099,validation,3
89,1736,validation,9
89,5338,validation,6
89,3524,validation,9
89,6681,validation,5
89,5535,validation,0
89,1698,validation,5
89,4717,validation,9
89,3931,validation,0
89,4780,validation,0
89,2408,validation,3
89,3798,validation,8
89,5222,validation,1
89,4368,validation,9
89,6809,validation,8
89,3166,validation,5
89,5216,validation,0
89,2629,validation,1
89,4485,validation,2
89,1133,validation,8
89,4610,validation,1
89,7091,validation,2
89,2693,validation,6
89,2921,validation,7
89,5615,validation,1
89,94,validation,6
89,1494,validation,3
89,1043,validation,0
89,1686,validation,2
89,7250,validation,6
89,4223,validation,4
89,692,validation,2
89,2023,validation,8
89,1512,validation,8
89,6176,validation,1
89,2154,validation,1
89,5754,validation,8
89,5545,validation,0
89,6682,validation,9
89,7168,validation,9
89,7101,validation,8
89,745,validation,8
89,3529,validation,4
89,2781,validation,9
89,3020,validation,6
89,1473,validation,8
89,2310,validation,6
89,5832,validation,7
89,1916,validation,6
89,601,validation,1
89,2010,validation,8
89,2790,validation,0
89,5944,validation,6
89,6831,validation,6
89,1972,validation,0
89,5361,validation,4
89,7362,validation,8
89,3425,validation,9
89,6624,validation,2
89,5584,validation,0
89,6524,validation,1
89,3212,validation,1
89,5597,validation,5
89,3786,validation,9
89,7133,validation,9
89,1173,validation,1
89,3054,validation,6
89,6877,validation,7
89,2624,validation,5
89,1136,validation,5
89,6369,validation,8
89,3944,validation,1
89,4357,validation,8
89,1358,validation,5
89,4964,validation,8
89,5816,validation,2
89,4724,validation,4
89,6551,validation,5
89,3868,validation,2
89,3501,validation,1
89,1499,validation,0
89,7077,validation,4
89,4501,validation,4
89,6280,validation,3
89,1089,validation,0
89,1504,validation,1
89,669,validation,7
89,6944,validation,4
89,6470,validation,2
89,1205,validation,6
89,6337,validation,6
89,2954,validation,1
89,902,validation,4
89,1004,validation,9
89,5846,validation,0
89,7157,validation,3
89,4941,validation,8
89,3064,validation,8
89,130,validation,3
89,4371,validation,0
89,6660,validation,4
89,7042,validation,2
89,4916,validation,3
89,512,validation,7
89,2502,validation,4
89,414,validation,8
89,6139,validation,0
89,2650,validation,7
89,6418,validation,8
89,219,validation,7
89,1409,validation,5
89,1053,validation,5
89,1647,validation,3
89,2852,validation,0
89,6665,validation,1
89,6038,validation,9
89,4496,validation,7
89,4983,validation,0
89,2855,validation,4
89,4148,validation,5
89,2833,validation,8
89,5088,validation,6
89,2164,validation,1
89,2226,validation,7
89,5904,validation,5
89,74,validation,9
89,528,validation,8
89,2798,validation,6
89,1565,validation,3
89,4893,validation,6
89,4293,validation,9
89,3479,validation,3
89,2823,validation,4
89,2903,validation,8
89,640,validation,2
89,6024,validation,5
89,2463,validation,4
89,6733,validation,6
89,361,validation,8
89,889,validation,1
89,2532,validation,1
89,4455,validation,9
89,2322,validation,5
89,3096,validation,0
89,3734,validation,4
89,6251,validation,3
89,992,validation,0
89,6901,validation,3
89,4790,validation,8
89,3174,validation,1
89,3312,validation,9
89,6865,validation,9
89,936,validation,2
89,3693,validation,0
89,4594,validation,9
89,7201,validation,5
89,6177,validation,9
89,1122,validation,8
89,5335,validation,8
89,1006,validation,3
89,1753,validation,0
89,4031,validation,0
89,6003,validation,8
89,4534,validation,7
89,1455,validation,8
89,7316,validation,5
89,806,validation,3
89,1915,validation,5
89,4319,validation,9
89,5577,validation,0
89,1616,validation,1
89,4403,validation,7
89,4006,validation,8
89,2203,validation,1
89,3095,validation,3
89,2563,validation,0
89,3242,validation,9
89,568,validation,9
89,243,validation,3
89,2840,validation,4
89,1979,validation,1
89,2297,validation,7
89,876,validation,5
89,709,validation,6
89,6205,validation,5
89,3598,validation,3
89,5998,validation,8
89,702,validation,2
89,3845,validation,1
89,1254,validation,3
89,3289,validation,1
89,4888,validation,9
89,3704,validation,2
89,6821,validation,8
89,993,validation,3
89,3357,validation,6
89,4695,validation,6
89,5349,validation,0
89,2352,validation,2
89,3662,validation,7
89,1783,validation,3
89,2597,validation,9
89,1042,validation,6
89,7230,validation,9
89,5505,validation,3
89,6175,validation,1
89,1888,validation,1
89,1259,validation,0
89,2231,validation,0
89,4562,validation,5
89,5077,validation,0
89,4570,validation,7
89,1732,validation,1
89,7303,validation,7
89,1672,validation,9
89,3280,validation,6
89,916,validation,3
89,5326,validation,3
89,5588,validation,0
89,7115,validation,7
89,2530,validation,3
89,1488,validation,8
89,2407,validation,7
89,3097,validation,6
89,2115,validation,4
89,405,validation,9
89,6261,validation,6
89,6729,validation,8
89,4457,validation,1
89,6511,validation,6
89,6872,validation,6
89,17,validation,2
89,1560,validation,8
89,3497,validation,0
89,802,validation,4
89,7087,validation,1
89,4365,validation,7
89,5244,validation,2
89,6162,validation,2
89,6937,validation,7
89,5347,validation,7
89,2327,validation,6
89,4388,validation,4
89,1799,validation,7
89,2817,validation,4
89,4687,validation,1
89,2264,validation,3
89,3471,validation,2
89,296,validation,2
89,6389,validation,7
89,6708,validation,6
89,4288,validation,1
89,6066,validation,2
89,3758,validation,9
89,5295,validation,3
89,2365,validation,0
89,3234,validation,9
89,7080,validation,8
89,5054,validation,3
89,1769,validation,8
89,7187,validation,2
89,4865,validation,1
89,225,validation,1
89,4468,validation,3
89,4126,validation,2
89,6378,validation,4
89,6576,validation,8
89,5549,validation,8
89,559,validation,9
89,6231,validation,3
89,2864,validation,9
89,5016,validation,7
89,3803,validation,1
89,2269,validation,9
89,5388,validation,7
89,4480,validation,1
89,4514,validation,1
89,7076,validation,1
89,5179,validation,3
89,654,validation,6
89,4174,validation,2
89,6080,validation,4
89,7289,validation,4
89,6760,validation,5
89,1568,validation,1
89,1093,validation,4
89,4911,validation,3
89,5029,validation,3
89,3572,validation,1
89,3751,validation,8
89,3726,validation,7
89,927,validation,0
89,5527,validation,1
89,2375,validation,0
89,3938,validation,4
89,5849,validation,0
89,962,validation,4
89,3109,validation,2
89,1875,validation,1
89,1962,validation,9
89,3733,validation,4
89,6357,validation,4
89,7159,validation,3
89,3716,validation,8
89,1487,validation,6
89,345,validation,2
89,5486,validation,3
89,10,validation,4
89,5907,validation,7
89,3416,validation,1
89,5472,validation,7
89,3756,validation,2
89,2415,validation,3
89,4469,validation,0
89,2473,validation,4
89,1892,validation,3
89,5803,validation,2
89,6265,validation,6
89,4210,validation,8
89,978,validation,3
89,3885,validation,8
89,2053,validation,7
89,3249,validation,9
89,5637,validation,0
89,3437,validation,9
89,5877,validation,3
89,265,validation,4
89,1138,validation,1
89,2019,validation,9
89,7108,validation,3
89,6781,validation,3
89,5913,validation,5
89,3727,validation,5
89,7136,validation,8
89,2093,validation,7
89,2731,validation,2
89,3126,validation,2
89,5393,validation,7
89,1727,validation,9
89,6286,validation,5
89,7030,validation,8
89,3540,validation,9
89,7134,validation,7
89,7160,validation,1
89,1174,validation,1
89,1941,validation,1
89,1394,validation,1
89,4648,validation,5
89,4614,validation,4
89,2366,validation,6
89,1513,validation,7
89,5952,validation,5
89,3445,validation,0
89,2640,validation,7
89,360,validation,6
89,492,validation,9
89,2832,validation,9
89,3081,validation,4
89,6031,validation,8
89,1704,validation,3
89,3755,validation,0
89,5688,validation,5
89,1546,validation,0
89,4622,validation,5
89,824,validation,3
89,3978,validation,8
89,5448,validation,2
89,4742,validation,8
89,7069,validation,7
89,4750,validation,8
89,4051,validation,7
89,4406,validation,4
89,1387,validation,8
89,5352,validation,3
89,5287,validation,7
89,2178,validation,2
89,6635,validation,1
89,1596,validation,0
89,7132,validation,3
149,4149,train,9
149,1580,train,0
149,2687,train,1
149,2769,train,0
149,3565,train,8
149,296,train,2
149,826,train,0
149,6048,train,7
149,945,train,5
149,5101,train,9
149,625,train,0
149,666,train,1
149,730,train,2
149,5917,train,4
149,6063,train,9
149,3063,train,4
149,2524,train,3
149,7176,train,7
149,4408,train,5
149,6576,train,8
149,6388,train,5
149,6663,train,3
149,1730,train,9
149,713,train,6
149,2674,train,3
149,2027,train,2
149,1444,train,0
149,591,train,8
149,1413,train,9
149,4850,train,0
149,2159,train,1
149,1341,train,5
149,5991,train,9
149,1904,train,3
149,5530,train,9
149,485,train,0
149,5246,train,3
149,3722,train,2
149,3674,train,4
149,6498,train,8
149,172,train,6
149,6963,train,6
149,4280,train,4
149,1157,train,5
149,2273,train,0
149,1793,train,3
149,4086,train,4
149,5093,train,3
149,5388,train,7
149,4888,train,9
149,7064,train,3
149,11,train,5
149,4129,train,3
149,6196,train,7
149,7120,train,2
149,4042,train,5
149,590,train,0
149,4453,train,7
149,5157,train,3
149,3303,train,4
149,2735,train,7
149,3489,train,2
149,3452,train,8
149,1937,train,9
149,4474,train,0
149,284,train,6
149,6357,train,4
149,6259,train,7
149,2743,train,2
149,4972,train,2
149,4442,train,5
149,4213,train,3
149,955,train,7
149,5027,train,2
149,2956,train,2
149,3546,train,8
149,1853,train,9
149,1858,train,9
149,6108,train,8
149,3765,train,7
149,3017,train,0
149,4130,train,5
149,4858,train,2
149,5739,train,9
149,1363,train,2
149,4124,train,4
149,6818,train,0
149,7192,train,1
149,537,train,5
149,6654,train,2
149,6377,train,0
149,1663,train,8
149,694,train,2
149,3025,train,0
149,7067,train,9
149,3239,train,6
149,3094,train,5
149,315,train,5
149,1426,train,2
149,306,train,8
149,2739,train,4
149,7199,train,6
149,1088,train,8
149,1107,train,8
149,2210,train,3
149,425,train,4
149,5418,train,8
149,5451,train,7
149,1819,train,8
149,5405,train,8
149,2208,train,0
149,2858,train,6
149,947,train,4
149,4272,train,8
149,4195,train,1
149,5923,train,7
149,5339,train,7
149,3433,train,2
149,3346,train,5
149,6393,train,5
149,5873,train,6
149,4170,train,3
149,4603,train,0
149,2918,train,6
149,6971,train,9
149,3276,train,9
149,1483,train,1
149,334,train,7
149,952,train,6
149,1291,train,0
149,1554,train,2
149,3279,train,0
149,3885,train,8
149,4944,train,3
149,2401,train,3
149,506,train,3
149,756,train,6
149,4412,train,5
149,7144,train,2
149,5259,train,3
149,2810,train,5
149,6798,train,6
149,2470,train,2
149,7330,train,9
149,3065,train,2
149,3261,train,3
149,244,train,0
149,1432,train,7
149,5599,train,9
149,3437,train,9
149,7304,train,3
149,5378,train,7
149,6796,train,7
149,6233,train,6
149,3959,train,5
149,4351,train,3
149,6451,train,9
149,843,train,7
149,4375,train,2
149,4405,train,7
149,3313,train,8
149,5908,train,5
149,1896,train,0
149,6017,train,9
149,2631,train,8
149,4780,train,0
149,3138,train,4
149,6399,train,3
149,3067,train,2
149,484,train,4
149,5505,train,3
149,3997,train,4
149,3657,train,9
149,3477,train,6
149,2035,train,1
149,7028,train,5
149,530,train,6
149,6697,train,7
149,6998,train,6
149,3245,train,2
149,1004,train,9
149,682,train,9
149,684,train,6
149,3226,train,7
149,2469,train,8
149,1610,train,5
149,4835,train,9
149,2172,train,0
149,7104,train,5
149,3666,train,8
149,6473,train,5
149,386,train,7
149,6759,train,3
149,6913,train,5
149,276,train,9
149,3753,train,5
149,6189,train,8
149,6767,train,5
149,6858,train,4
149,3568,train,7
149,4668,train,4
149,331,train,8
149,2947,train,3
149,6276,train,6
149,2408,train,3
149,689,train,4
149,7221,train,3
149,3788,train,6
149,6991,train,2
149,2013,train,9
149,6612,train,6
149,5651,train,1
149,1266,train,9
149,818,train,7
149,3721,train,9
149,7289,train,4
149,3395,train,7
149,4499,train,3
149,2707,train,3
149,4561,train,3
149,5384,train,7
149,599,train,9
149,3837,train,4
149,8,train,0
149,6449,train,4
149,860,train,6
149,2339,train,5
149,6885,train,4
149,5580,train,5
149,2520,train,8
149,5336,train,5
149,6815,train,8
149,4756,train,6
149,6720,train,5
149,4777,train,2
149,2009,train,4
149,3630,train,4
149,3084,train,5
149,2123,train,8
149,430,train,4
149,1771,train,0
149,2219,train,8
149,6584,train,9
149,7005,train,7
149,570,train,4
149,4637,train,9
149,1036,train,3
149,3841,train,5
149,1917,train,8
149,3248,train,7
149,3983,train,7
149,364,train,9
149,4427,train,9
149,72,train,4
149,6849,train,6
149,5394,train,2
149,1714,train,7
149,6940,train,1
149,40,train,1
149,1228,train,1
149,1510,train,7
149,2559,train,8
149,396,train,6
149,2073,train,7
149,4426,train,5
149,365,train,5
149,5852,train,1
149,6301,train,2
149,3484,train,2
149,2572,train,8
149,4913,train,7
149,2598,train,7
149,5476,train,9
149,4890,train,5
149,3204,train,0
149,6735,train,3
149,2321,train,7
149,4647,train,8
149,895,train,8
149,1221,train,0
149,5841,train,5
149,4402,train,0
149,1526,train,8
149,5141,train,5
149,7088,train,5
149,5700,train,0
149,4233,train,4
149,1933,train,5
149,6279,train,9
149,152,train,8
149,5829,train,3
149,2811,train,5
149,7355,train,9
149,1820,train,6
149,1958,train,0
149,2288,train,8
149,4848,train,6
149,3468,train,7
149,2217,train,3
149,1176,train,6
149,1722,train,3
149,5345,train,0
149,2803,train,6
149,4820,train,2
149,1676,train,0
149,5894,train,1
149,5558,train,8
149,2916,train,1
149,5777,train,1
149,1948,train,3
149,459,train,5
149,6472,train,2
149,7007,train,4
149,2666,train,8
149,4059,train,2
149,6306,train,3
149,6370,train,3
149,4674,train,8
149,2042,train,5
149,3448,train,9
149,3351,train,2
149,2381,train,0
149,4380,train,0
149,6119,train,3
149,4849,train,3
149,1498,train,3
149,7083,train,0
149,2238,train,0
149,4300,train,8
149,7226,train,1
149,5898,train,9
149,7080,train,8
149,7340,train,8
149,5059,train,6
149,4984,train,5
149,6606,train,6
149,907,train,7
149,4565,train,2
149,5957,train,2
149,378,train,2
149,1502,train,9
149,4860,train,2
149,1300,train,9
149,1007,train,7
149,3440,train,3
149,2927,train,0
149,5789,train,3
149,2019,train,9
149,6781,train,3
149,1679,train,2
149,3577,train,9
149,4247,train,1
149,2991,train,7
149,6596,train,9
149,5118,train,8
149,3123,train,0
149,3388,train,1
149,7129,train,7
149,1938,train,4
149,2433,train,2
149,5817,train,1
149,4242,train,5
149,6491,train,3
149,1752,train,9
149,5603,train,4
149,6495,train,5
149,6914,train,3
149,4154,train,1
149,1505,train,1
149,3153,train,9
149,2812,train,5
149,4877,train,1
149,73,train,3
149,1782,train,2
149,5533,train,0
149,1072,train,4
149,6766,train,5
149,879,train,3
149,1713,train,7
149,1430,train,6
149,6151,train,5
149,601,train,1
149,4519,train,9
149,6997,train,4
149,5465,train,6
149,5902,train,3
149,1946,train,8
149,7040,train,6
149,2604,train,2
149,6085,train,3
149,2539,train,9
149,7022,train,3
149,1380,train,1
149,7090,train,1
149,4700,train,9
149,3115,train,4
149,5763,train,8
149,1348,train,6
149,4299,train,8
149,2624,train,5
149,5986,train,4
149,3782,train,7
149,3686,train,3
149,3872,train,1
149,2900,train,5
149,6769,train,2
149,4743,train,0
149,1246,train,8
149,2757,train,6
149,639,train,3
149,2977,train,5
149,3528,train,1
149,3978,train,8
149,105,train,5
149,4123,train,3
149,1185,train,3
149,2419,train,9
149,3499,train,4
149,5618,train,7
149,422,train,6
149,676,train,3
149,5032,train,3
149,2222,train,1
149,3093,train,7
149,2270,train,4
149,4976,train,8
149,3220,train,3
149,6239,train,5
149,4734,train,5
149,1215,train,6
149,5318,train,6
149,817,train,3
149,4494,train,0
149,5514,train,5
149,6249,train,2
149,745,train,8
149,1064,train,7
149,5057,train,7
149,3284,train,3
149,3601,train,1
149,4064,train,2
149,6591,train,6
149,1519,train,2
149,3683,train,4
149,6641,train,6
149,4553,train,5
149,5973,train,1
149,1692,train,3
149,1368,train,8
149,3986,train,7
149,4575,train,0
149,2446,train,8
149,186,train,9
149,2078,train,3
149,6237,train,8
149,5227,train,0
149,3460,train,4
149,2337,train,8
149,1403,train,5
149,379,train,8
149,6675,train,1
149,3463,train,1
149,5346,train,6
149,573,train,4
149,2634,train,4
149,307,train,9
149,6468,train,2
149,2423,train,4
149,2478,train,8
149,4431,train,8
149,4589,train,2
149,2460,train,4
149,3792,train,2
149,7078,train,9
149,4776,train,1
149,4127,train,8
149,2909,train,1
149,4367,train,4
149,6430,train,3
149,4628,train,5
149,6610,train,3
149,5496,train,4
149,7250,train,6
149,3418,train,4
149,4422,train,4
149,24,train,1
149,4395,train,1
149,5525,train,1
149,5421,train,1
149,178,train,8
149,5934,train,4
149,3011,train,3
149,4543,train,7
149,3309,train,2
149,5609,train,1
149,5703,train,1
149,7185,train,0
149,3613,train,3
149,4753,train,8
149,6995,train,5
149,2546,train,8
149,1276,train,3
149,2768,train,8
149,5151,train,5
149,4174,train,2
149,3889,train,7
149,1705,train,4
149,886,train,6
149,3427,train,5
149,4410,train,5
149,3608,train,6
149,3758,train,9
149,1758,train,8
149,5220,train,0
149,6782,train,0
149,5330,train,7
149,3400,train,5
149,3551,train,3
149,4901,train,7
149,7014,train,8
149,2226,train,7
149,6418,train,8
149,43,train,8
149,388,train,1
149,4814,train,9
149,808,train,8
149,801,train,4
149,3836,train,5
149,2373,train,0
149,3922,train,5
149,5661,train,8
149,565,train,4
149,6518,train,5
149,1450,train,9
149,2359,train,3
149,4238,train,4
149,6251,train,3
149,6365,train,1
149,785,train,3
149,5043,train,3
149,34,train,4
149,640,train,2
149,7352,train,4
149,7151,train,5
149,5167,train,5
149,2309,train,2
149,6622,train,5
149,336,train,7
149,2295,train,2
149,2941,train,3
149,2759,train,7
149,3006,train,0
149,1848,train,7
149,2832,train,9
149,670,train,0
149,2541,train,5
149,3631,train,5
149,4394,train,2
149,2187,train,9
149,3658,train,5
149,664,train,9
149,5334,train,8
149,1868,train,0
149,6933,train,1
149,3924,train,8
149,5549,train,8
149,7209,train,9
149,1210,train,9
149,1968,train,5
149,1173,train,1
149,5928,train,5
149,2017,train,2
149,96,train,5
149,4111,train,0
149,2679,train,5
149,2263,train,1
149,4697,train,6
149,1699,train,7
149,157,train,6
149,3038,train,4
149,5734,train,5
149,6484,train,5
149,5745,train,8
149,18,train,7
149,594,train,7
149,327,train,9
149,6027,train,1
149,2912,train,7
149,2957,train,4
149,5506,train,8
149,1244,train,0
149,1763,train,7
149,2748,train,8
149,6629,train,2
149,6297,train,5
149,2024,train,7
149,620,train,4
149,6487,train,4
149,1613,train,7
149,5128,train,3
149,2483,train,2
149,6469,train,7
149,834,train,5
149,1167,train,8
149,1127,train,4
149,4251,train,0
149,5189,train,2
149,3563,train,6
149,3679,train,5
149,3321,train,0
149,6313,train,5
149,3791,train,1
149,6144,train,6
149,4212,train,3
149,6255,train,4
149,631,train,2
149,4506,train,4
149,3913,train,7
149,1207,train,7
149,3325,train,7
149,6888,train,7
149,7052,train,0
149,1032,train,3
149,524,train,6
149,1595,train,1
149,2169,train,5
149,4352,train,9
149,5190,train,2
149,3012,train,1
149,1330,train,5
149,2673,train,9
149,4466,train,1
149,3099,train,7
149,2560,train,6
149,7367,train,8
149,2082,train,8
149,6732,train,8
149,3667,train,5
149,5963,train,0
149,3942,train,7
149,5022,train,5
149,210,train,9
149,2356,train,7
149,5584,train,0
149,3022,train,3
149,2318,train,7
149,3018,train,1
149,4684,train,9
149,5974,train,1
149,2591,train,3
149,1805,train,1
149,733,train,8
149,4115,train,2
149,1528,train,3
149,394,train,0
149,612,train,4
149,6623,train,4
149,2552,train,6
149,1447,train,4
149,1271,train,8
149,607,train,6
149,1343,train,5
149,6310,train,7
149,1400,train,1
149,101,train,0
149,6504,train,2
149,2854,train,9
149,4444,train,8
149,3386,train,9
149,2989,train,1
149,6934,train,5
149,5910,train,1
149,5370,train,8
149,5136,train,0
149,4793,train,6
149,4922,train,7
149,5177,train,3
149,3603,train,7
149,3755,train,0
149,2109,train,8
149,2051,train,6
149,3578,train,1
149,6012,train,4
149,972,train,3
149,7302,train,9
149,6383,train,1
149,1062,train,2
149,3984,train,3
149,3787,train,4
149,5429,train,2
149,5090,train,8
149,2976,train,6
149,4740,train,3
149,872,train,6
149,5996,train,8
149,5774,train,4
149,1960,train,8
149,2681,train,7
149,776,train,0
149,2041,train,2
149,4878,train,4
149,293,train,2
149,5673,train,8
149,490,train,5
149,1854,train,9
149,2815,train,4
149,5242,train,6
149,42,train,1
149,4419,train,6
149,3939,train,8
149,1941,train,1
149,6274,train,7
149,4542,train,0
149,5707,train,9
149,5443,train,7
149,428,train,2
149,7125,train,2
149,2250,train,3
149,3573,train,2
149,5158,train,1
149,7171,train,4
149,1828,train,2
149,3853,train,1
149,5130,train,8
149,50,train,9
149,5500,train,7
149,6939,train,4
149,1337,train,5
149,5820,train,9
149,2116,train,5
149,7093,train,8
149,1885,train,3
149,1446,train,0
149,403,train,7
149,5471,train,9
149,3960,train,4
149,2394,train,3
149,3856,train,7
149,513,train,3
149,662,train,3
149,4709,train,9
149,2452,train,2
149,2203,train,1
149,149,train,1
149,4868,train,6
149,5906,train,4
149,2302,train,1
149,5263,train,9
149,2921,train,7
149,2336,train,4
149,583,train,9
149,5610,train,0
149,3339,train,1
149,2113,train,2
149,1242,train,7
149,5809,train,8
149,7282,train,9
149,3819,train,3
149,113,train,5
149,3311,train,9
149,269,train,1
149,6870,train,4
149,1675,train,8
149,344,train,6
149,1476,train,8
149,2241,train,4
149,548,train,8
149,2265,train,5
149,2593,train,0
149,2761,train,5
149,4126,train,2
149,5539,train,8
149,139,train,0
149,3828,train,3
149,7306,train,5
149,2959,train,1
149,1459,train,6
149,6765,train,7
149,6309,train,6
149,4055,train,4
149,5329,train,6
149,4767,train,0
149,3682,train,6
149,356,train,9
149,2615,train,2
149,2736,train,9
149,1124,train,3
149,2125,train,5
149,814,train,6
149,597,train,9
149,3557,train,0
149,1643,train,5
149,4192,train,3
149,512,train,7
149,2711,train,4
149,6554,train,3
149,1589,train,0
149,560,train,3
149,6571,train,9
149,5214,train,6
149,429,train,2
149,1567,train,5
149,3238,train,5
149,6300,train,4
149,5166,train,1
149,4747,train,3
149,3806,train,2
149,7155,train,1
149,5040,train,1
149,5962,train,1
149,2195,train,3
149,2544,train,2
149,2935,train,0
149,3107,train,4
149,6143,train,5
149,4511,train,3
149,5655,train,0
149,2306,train,5
149,5843,train,2
149,7157,train,3
149,6452,train,6
149,5023,train,1
149,2015,train,0
149,1041,train,1
149,1018,train,2
149,2193,train,1
149,3681,train,1
149,3798,train,8
149,705,train,1
149,6052,train,2
149,4614,train,4
149,1003,train,6
149,2514,train,3
149,5375,train,7
149,5567,train,5
149,5324,train,4
149,2809,train,8
149,1736,train,9
149,2561,train,3
149,4699,train,6
149,5838,train,7
149,1233,train,3
149,5448,train,2
149,6724,train,0
149,870,train,2
149,6215,train,5
149,5629,train,5
149,1066,train,8
149,27,train,5
149,4687,train,1
149,6171,train,5
149,2117,train,6
149,2600,train,8
149,4107,train,0
149,7117,train,7
149,266,train,4
149,2233,train,5
149,3923,train,3
149,1264,train,2
149,1238,train,3
149,6544,train,5
149,4153,train,9
149,6282,train,8
149,6692,train,9
149,4312,train,1
149,6541,train,7
149,4169,train,8
149,1652,train,9
149,5480,train,0
149,5950,train,5
149,4260,train,6
149,572,train,0
149,5612,train,5
149,4813,train,2
149,3802,train,0
149,2585,train,8
149,2310,train,6
149,7174,train,1
149,3412,train,9
149,4574,train,5
149,5123,train,5
149,5755,train,3
149,3635,train,1
149,998,train,1
149,7112,train,2
149,3102,train,6
149,5231,train,9
149,1136,train,5
149,4267,train,0
149,1443,train,1
149,904,train,7
149,906,train,4
149,1928,train,8
149,2247,train,6
149,252,train,2
149,529,train,6
149,5674,train,1
149,4632,train,3
149,4730,train,7
149,6859,train,5
149,6999,train,6
149,5455,train,2
149,1364,train,5
149,7190,train,0
149,108,train,3
149,5813,train,0
149,5247,train,0
149,4900,train,3
149,7122,train,1
149,7271,train,9
149,4601,train,8
149,2590,train,0
149,6764,train,2
149,5581,train,9
149,2851,train,1
149,5014,train,9
149,187,train,7
149,6160,train,8
149,6838,train,6
149,5689,train,2
149,3272,train,7
149,3252,train,3
149,1051,train,2
149,589,train,2
149,4101,train,3
149,3904,train,9
149,5356,train,4
149,7132,train,3
149,5074,train,6
149,2663,train,3
149,6763,train,6
149,6778,train,4
149,3120,train,6
149,4413,train,2
149,2440,train,8
149,4987,train,8
149,2501,train,4
149,1297,train,6
149,1942,train,9
149,729,train,4
149,5119,train,7
149,6050,train,4
149,3776,train,6
149,3101,train,2
149,774,train,1
149,7227,train,1
149,4165,train,9
149,463,train,0
149,1438,train,4
149,2498,train,7
149,1649,train,3
149,12,train,5
149,3934,train,0
149,1626,train,8
149,7303,train,7
149,932,train,0
149,847,train,5
149,5212,train,3
149,4509,train,4
149,339,train,9
149,2253,train,1
149,387,train,5
149,4182,train,4
149,3432,train,6
149,592,train,7
149,5746,train,8
149,74,train,9
149,5299,train,8
149,4492,train,4
149,5617,train,8
149,1981,train,6
149,4520,train,9
149,5806,train,4
149,1084,train,8
149,239,train,0
149,79,train,1
149,736,train,9
149,2179,train,4
149,3103,train,4
149,2186,train,5
149,1660,train,2
149,956,train,0
149,56,train,0
149,3665,train,4
149,593,train,0
149,1295,train,8
149,64,train,4
149,6628,train,8
149,1532,train,1
149,2919,train,7
149,3365,train,1
149,3810,train,5
149,5138,train,5
149,273,train,7
149,6800,train,1
149,3480,train,1
149,1614,train,9
149,154,train,8
149,6258,train,1
149,4708,train,8
149,2873,train,2
149,1331,train,0
149,6138,train,9
149,5540,train,3
149,5397,train,8
149,3933,train,2
149,2201,train,8
149,4978,train,2
149,551,train,0
149,5899,train,3
149,1037,train,1
149,1139,train,4
149,7332,train,7
149,5104,train,8
149,6779,train,1
149,4815,train,8
149,2643,train,4
149,2107,train,5
149,2314,train,4
149,1709,train,2
149,123,train,3
149,2776,train,7
149,3863,train,2
149,2742,train,7
149,6691,train,4
149,4095,train,5
149,2143,train,0
149,5116,train,3
149,941,train,2
149,858,train,7
149,1344,train,6
149,605,train,4
149,6664,train,5
149,845,train,2
149,2616,train,0
149,4303,train,0
149,144,train,3
149,1110,train,1
149,4584,train,0
149,446,train,6
149,5548,train,5
149,1034,train,4
149,3925,train,3
149,4208,train,5
149,2389,train,0
149,3052,train,8
149,351,train,4
149,3444,train,9
149,3080,train,6
149,4185,train,7
149,1394,train,1
149,6580,train,2
149,3590,train,5
149,3771,train,7
149,6582,train,9
149,2670,train,6
149,253,train,7
149,383,train,6
149,2426,train,8
149,4069,train,3
149,1106,train,3
149,4155,train,8
149,6009,train,1
149,3661,train,9
149,4253,train,6
149,4949,train,7
149,2184,train,2
149,1690,train,0
149,1452,train,2
149,29,train,7
149,960,train,9
149,5589,train,3
149,5075,train,9
149,6299,train,4
149,6602,train,8
149,417,train,9
149,6421,train,4
149,3720,train,5
149,6572,train,6
149,4539,train,2
149,4786,train,3
149,1371,train,6
149,204,train,0
149,323,train,1
149,4385,train,8
149,3039,train,9
149,4688,train,0
149,7073,train,5
149,63,train,1
149,4857,train,1
149,575,train,9
149,2908,train,1
149,3126,train,2
149,5622,train,9
149,4261,train,5
149,4563,train,9
149,1460,train,5
149,57,train,9
149,1253,train,4
149,4515,train,3
149,197,train,2
149,1813,train,4
149,1141,train,1
149,221,train,3
149,3475,train,3
149,7153,train,9
149,2744,train,7
149,5941,train,0
149,5348,train,6
149,2393,train,0
149,3060,train,4
149,3178,train,3
149,1490,train,6
149,645,train,9
149,7103,train,1
149,5621,train,5
149,4528,train,5
149,7234,train,1
149,871,train,8
149,6552,train,8
149,4008,train,0
149,3035,train,1
149,4057,train,3
149,2818,train,5
149,1388,train,5
149,6188,train,0
149,6649,train,6
149,1773,train,3
149,3592,train,3
149,2953,train,9
149,2639,train,6
149,4163,train,1
149,4080,train,8
149,742,train,1
149,83,train,1
149,5643,train,2
149,5295,train,3
149,4704,train,3
149,1445,train,7
149,6918,train,3
149,2344,train,7
149,1260,train,5
149,4179,train,6
149,5625,train,3
149,1915,train,5
149,5683,train,7
149,1010,train,5
149,4666,train,9
149,5652,train,2
149,3675,train,5
149,4965,train,5
149,7017,train,0
149,4479,train,9
149,6275,train,1
149,3766,train,0
149,6743,train,8
149,3482,train,4
149,6109,train,0
149,4480,train,1
149,4527,train,4
149,4387,train,3
149,6352,train,8
149,3071,train,2
149,3294,train,6
149,1727,train,9
149,4048,train,7
149,4981,train,6
149,1966,train,6
149,1351,train,8
149,6907,train,1
149,2950,train,4
149,6167,train,1
149,991,train,3
149,5946,train,0
149,5897,train,9
149,6932,train,2
149,5779,train,9
149,1414,train,1
149,5570,train,2
149,5257,train,1
149,5784,train,0
149,4917,train,0
149,4696,train,5
149,4495,train,2
149,6547,train,1
149,6983,train,8
149,2340,train,6
149,569,train,7
149,6601,train,6
149,2983,train,5
149,7189,train,4
149,1711,train,3
149,3929,train,4
149,1310,train,2
149,1708,train,3
149,1621,train,9
149,1362,train,4
149,2071,train,4
149,229,train,2
149,6130,train,6
149,5435,train,5
149,5650,train,3
149,905,train,7
149,7118,train,4
149,400,train,8
149,2799,train,6
149,5058,train,2
149,3662,train,7
149,4399,train,3
149,3529,train,4
149,3004,train,7
149,3652,train,9
149,1851,train,0
149,6662,train,8
149,1599,train,4
149,1641,train,8
149,5134,train,6
149,3874,train,8
149,5616,train,9
149,3752,train,6
149,7241,train,0
149,807,train,7
149,5289,train,2
149,6078,train,7
149,1169,train,6
149,2713,train,6
149,1894,train,2
149,3359,train,9
149,522,train,8
149,815,train,1
149,3730,train,1
149,4,train,4
149,604,train,3
149,883,train,0
149,2626,train,0
149,2861,train,3
149,688,train,8
149,6382,train,1
149,3342,train,2
149,6827,train,1
149,6505,train,8
149,1785,train,4
149,2023,train,8
149,1843,train,7
149,4225,train,1
149,4885,train,3
149,5961,train,9
149,4710,train,2
149,5393,train,7
149,256,train,2
149,4842,train,7
149,4918,train,3
149,5433,train,4
149,700,train,4
149,2491,train,9
149,5320,train,9
149,4588,train,2
149,3426,train,6
149,940,train,5
149,868,train,6
149,4210,train,8
149,468,train,6
149,4514,train,1
149,4521,train,8
149,5600,train,1
149,5912,train,9
149,959,train,6
149,3637,train,1
149,5001,train,1
149,2251,train,2
149,3326,train,0
149,2115,train,4
149,3410,train,1
149,3535,train,4
149,2447,train,3
149,347,train,4
149,2392,train,8
149,5113,train,6
149,1818,train,5
149,5680,train,1
149,3604,train,2
149,33,train,8
149,5144,train,0
149,6512,train,7
149,6613,train,5
149,4675,train,2
149,5156,train,5
149,3121,train,4
149,4728,train,3
149,2085,train,7
149,2880,train,7
149,3369,train,5
149,5508,train,1
149,5669,train,5
149,4289,train,9
149,2781,train,9
149,6947,train,1
149,5729,train,5
149,5627,train,2
149,7137,train,0
149,6625,train,0
149,4397,train,6
149,3422,train,7
149,2400,train,6
149,2797,train,0
149,6921,train,8
149,262,train,0
149,1395,train,6
149,5084,train,7
149,177,train,0
149,983,train,8
149,310,train,7
149,2006,train,9
149,5677,train,8
149,2067,train,9
149,81,train,8
149,1222,train,9
149,2053,train,7
149,4943,train,5
149,4006,train,8
149,1535,train,7
149,5444,train,9
149,6773,train,4
149,2300,train,2
149,3176,train,8
149,6774,train,7
149,1481,train,0
149,6746,train,5
149,6919,train,0
149,4077,train,3
149,7341,train,8
149,767,train,0
149,2503,train,3
149,6481,train,2
149,5653,train,0
149,5427,train,1
149,923,train,0
149,5552,train,0
149,2715,train,0
149,1043,train,0
149,659,train,2
149,5323,train,2
149,2368,train,7
149,866,train,6
149,4311,train,6
149,382,train,4
149,533,train,9
149,795,train,5
149,4389,train,3
149,5232,train,6
149,5148,train,5
149,1204,train,8
149,4879,train,7
149,3354,train,8
149,1545,train,1
149,2852,train,0
149,6246,train,1
149,220,train,6
149,6794,train,6
149,1796,train,2
149,5310,train,8
149,3501,train,1
149,4440,train,1
149,121,train,4
149,4787,train,0
149,5305,train,8
149,3255,train,8
149,1827,train,0
149,7072,train,2
149,3901,train,9
149,2654,train,3
149,6084,train,9
149,5727,train,4
149,1687,train,4
149,3363,train,0
149,1823,train,6
149,5298,train,6
149,3645,train,9
149,652,train,5
149,6431,train,2
149,2952,train,6
149,6700,train,1
149,4865,train,1
149,5696,train,0
149,408,train,2
149,902,train,4
149,6841,train,5
149,4134,train,0
149,6856,train,8
149,7351,train,0
149,3954,train,2
149,6257,train,2
149,3914,train,3
149,4224,train,5
149,646,train,0
149,353,train,3
149,3888,train,3
149,6653,train,3
149,1795,train,8
149,5611,train,2
149,7253,train,3
149,483,train,8
149,5419,train,2
149,5145,train,4
149,7266,train,4
149,6736,train,6
149,2640,train,7
149,1744,train,8
149,3438,train,1
149,2706,train,1
149,4635,train,3
149,2188,train,4
149,2031,train,3
149,6261,train,6
149,4698,train,1
149,6843,train,4
149,5377,train,8
149,6285,train,9
149,7010,train,4
149,3228,train,2
149,6620,train,3
149,3707,train,8
149,1770,train,3
149,6920,train,1
149,1022,train,6
149,7251,train,2
149,1284,train,3
149,5915,train,7
149,7043,train,4
149,3647,train,8
149,2147,train,9
149,3053,train,4
149,4836,train,1
149,6548,train,8
149,3128,train,0
149,1338,train,3
149,4211,train,7
149,5252,train,1
149,5498,train,2
149,4607,train,5
149,322,train,6
149,7268,train,6
149,6656,train,4
149,5833,train,1
149,6703,train,4
149,6839,train,7
149,5452,train,1
149,884,train,9
149,5686,train,8
149,6089,train,4
149,321,train,4
149,5510,train,6
149,6149,train,3
149,3659,train,7
149,3146,train,3
149,2665,train,6
149,4794,train,6
149,5301,train,3
149,3492,train,2
149,3877,train,3
149,2292,train,8
149,5342,train,5
149,451,train,4
149,1576,train,0
149,6021,train,0
149,5450,train,5
149,6035,train,2
149,2064,train,5
149,6305,train,9
149,2932,train,5
149,6666,train,7
149,7217,train,1
149,5343,train,0
149,4231,train,9
149,4005,train,6
149,2684,train,4
149,3280,train,6
149,7181,train,9
149,2063,train,5
149,4252,train,9
149,3127,train,3
149,2865,train,0
149,5303,train,9
149,4502,train,2
149,5080,train,0
149,4366,train,8
149,5491,train,2
149,5107,train,4
149,2079,train,6
149,5701,train,1
149,3324,train,1
149,1122,train,8
149,4583,train,2
149,1852,train,8
149,4874,train,6
149,1724,train,5
149,4229,train,6
149,5601,train,8
149,384,train,6
149,132,train,5
149,2312,train,1
149,5807,train,0
149,3207,train,1
149,3861,train,2
149,1422,train,6
149,5792,train,3
149,2570,train,5
149,6497,train,7
149,2080,train,3
149,4136,train,3
149,13,train,1
149,3964,train,2
149,5033,train,7
149,1524,train,9
149,4694,train,6
149,916,train,3
149,5240,train,7
149,2317,train,8
149,538,train,5
149,6783,train,8
149,1992,train,3
149,1256,train,7
149,4328,train,6
149,6207,train,8
149,2081,train,7
149,7333,train,8
149,4766,train,6
149,3403,train,2
149,623,train,1
149,766,train,9
149,4658,train,1
149,2474,train,1
149,3338,train,9
149,1477,train,3
149,2028,train,2
149,2813,train,1
149,609,train,7
149,5642,train,0
149,1439,train,9
149,4513,train,1
149,6428,train,8
149,3676,train,7
149,5481,train,1
149,3257,train,9
149,1083,train,7
149,658,train,4
149,5250,train,2
149,3868,train,2
149,683,train,4
149,1890,train,1
149,5766,train,7
149,3057,train,2
149,562,train,6
149,1453,train,1
149,2864,train,9
149,3040,train,7
149,4270,train,1
149,2502,train,4
149,1597,train,1
149,1517,train,0
149,3225,train,7
149,2668,train,7
149,3507,train,7
149,1070,train,6
149,92,train,3
149,3058,train,5
149,867,train,0
149,671,train,7
149,2620,train,5
149,1287,train,0
149,7211,train,6
149,5870,train,8
149,4652,train,9
149,2563,train,0
149,3392,train,6
149,6182,train,3
149,3304,train,1
149,4051,train,7
149,1875,train,1
149,3955,train,6
149,1630,train,2
149,7075,train,4
149,1340,train,8
149,7045,train,2
149,143,train,7
149,3606,train,7
149,5982,train,7
149,844,train,5
149,3542,train,2
149,5810,train,6
149,5475,train,0
149,2479,train,6
149,176,train,0
149,3034,train,4
149,3649,train,9
149,2755,train,4
149,7267,train,5
149,2611,train,5
149,4692,train,2
149,7204,train,1
149,3109,train,2
149,6177,train,9
149,5065,train,8
149,1096,train,3
149,3244,train,2
149,3405,train,7
149,5695,train,7
149,259,train,3
149,7353,train,2
149,2708,train,6
149,6791,train,0
149,6750,train,5
149,5193,train,2
149,1732,train,1
149,1183,train,9
149,2882,train,9
149,2924,train,1
149,4745,train,3
149,5224,train,8
149,118,train,6
149,822,train,4
149,6630,train,9
149,2138,train,6
149,737,train,8
149,10,train,4
149,2999,train,7
149,2007,train,3
149,5292,train,3
149,7138,train,6
149,2566,train,9
149,6346,train,3
149,3891,train,0
149,5273,train,9
149,1114,train,9
149,636,train,4
149,5149,train,7
149,5410,train,5
149,7025,train,7
149,2562,train,9
149,854,train,5
149,4161,train,1
149,7363,train,4
149,967,train,8
149,6812,train,2
149,3476,train,4
149,977,train,4
149,2641,train,9
149,542,train,1
149,2388,train,0
149,6531,train,4
149,1346,train,7
149,441,train,8
149,3205,train,0
149,2890,train,9
149,5179,train,3
149,3582,train,2
149,1976,train,3
149,156,train,4
149,7212,train,7
149,1504,train,1
149,3091,train,7
149,1044,train,5
149,2894,train,5
149,2694,train,4
149,7284,train,2
149,3762,train,6
149,305,train,2
149,471,train,0
149,5782,train,0
149,6751,train,9
149,5407,train,4
149,3002,train,2
149,1552,train,4
149,39,train,6
149,1673,train,9
149,6894,train,4
149,6216,train,2
149,4540,train,2
149,3287,train,3
149,437,train,5
149,5794,train,5
149,44,train,5
149,5716,train,6
149,1926,train,6
149,5985,train,6
149,3732,train,5
149,4749,train,5
149,5091,train,6
149,1448,train,6
149,514,train,0
149,3840,train,6
149,675,train,0
149,3168,train,3
149,1090,train,7
149,7339,train,9
149,7021,train,3
149,1328,train,4
149,7359,train,4
149,1569,train,3
149,6852,train,2
149,7092,train,9
149,979,train,3
149,4290,train,3
149,7285,train,0
149,367,train,2
149,6070,train,4
149,1920,train,0
149,557,train,9
149,5374,train,3
149,7008,train,4
149,3751,train,8
149,6454,train,4
149,1336,train,2
149,1780,train,1
149,3221,train,2
149,5380,train,5
149,6034,train,2
149,1745,train,0
149,2297,train,7
149,212,train,0
149,301,train,2
149,1308,train,3
149,2584,train,7
149,3254,train,8
149,7299,train,8
149,5803,train,2
149,3394,train,0
149,5858,train,6
149,3320,train,4
149,2533,train,0
149,3488,train,0
149,5365,train,8
149,574,train,9
149,3214,train,4
149,6159,train,9
149,5999,train,4
149,7198,train,1
149,1121,train,7
149,4591,train,9
149,2132,train,2
149,3639,train,8
149,4679,train,4
149,2516,train,5
149,1993,train,6
149,3719,train,4
149,436,train,9
149,568,train,9
149,549,train,2
149,2938,train,3
149,2569,train,2
149,7243,train,9
149,5579,train,8
149,4068,train,2
149,567,train,1
149,7184,train,6
149,2557,train,6
149,1312,train,7
149,1029,train,5
149,2323,train,8
149,391,train,4
149,5865,train,8
149,5207,train,9
149,1240,train,8
149,3618,train,3
149,1407,train,2
149,4544,train,5
149,2431,train,2
149,2928,train,9
149,2308,train,8
149,3619,train,0
149,1598,train,1
149,5869,train,6
149,6846,train,0
149,4190,train,9
149,1324,train,6
149,4443,train,2
149,6799,train,6
149,480,train,2
149,3705,train,7
149,226,train,8
149,1243,train,2
149,4097,train,3
149,6322,train,9
149,6911,train,2
149,3740,train,5
149,304,train,6
149,6241,train,2
149,6081,train,5
149,4240,train,6
149,5248,train,2
149,2436,train,5
149,5422,train,6
149,3713,train,1
149,1076,train,7
149,4970,train,2
149,1574,train,3
149,2050,train,1
149,6822,train,8
149,267,train,6
149,3640,train,3
149,4400,train,0
149,1358,train,5
149,4404,train,5
149,3865,train,4
149,4187,train,7
149,4638,train,8
149,3495,train,8
149,4491,train,2
149,2738,train,8
149,5966,train,9
149,2021,train,3
149,6966,train,1
149,312,train,2
149,6681,train,5
149,507,train,7
149,1864,train,3
149,1777,train,5
149,3651,train,7
149,6563,train,7
149,3737,train,9
149,4058,train,7
149,4886,train,5
149,6152,train,6
149,4859,train,2
149,4475,train,8
149,14,train,3
149,4805,train,8
149,5657,train,2
149,467,train,6
149,2885,train,3
149,1798,train,0
149,1075,train,4
149,2012,train,7
149,4326,train,9
149,5053,train,0
149,348,train,9
149,7024,train,4
149,7225,train,4
149,4265,train,8
149,2990,train,8
149,4661,train,4
149,1245,train,0
149,4322,train,1
149,1956,train,9
149,109,train,7
149,3349,train,4
149,769,train,3
149,3822,train,3
149,4167,train,8
149,962,train,4
149,1826,train,5
149,2721,train,5
149,4739,train,0
149,338,train,7
149,2824,train,1
149,4957,train,8
149,7035,train,3
149,1590,train,4
149,1756,train,3
149,3518,train,2
149,4683,train,9
149,4927,train,8
149,1442,train,0
149,2268,train,5
149,4493,train,7
149,4778,train,4
149,7156,train,5
149,6790,train,0
149,2450,train,9
149,6007,train,5
149,5077,train,0
149,6359,train,6
149,60,train,0
149,5676,train,4
149,2697,train,6
149,4830,train,8
149,6721,train,2
149,1908,train,1
149,4822,train,6
149,146,train,1
149,272,train,8
149,6288,train,8
149,3441,train,7
149,5470,train,0
149,1267,train,7
149,5814,train,1
149,2043,train,7
149,4304,train,7
149,465,train,3
149,41,train,8
149,3000,train,6
149,5551,train,3
149,6417,train,3
149,1419,train,2
149,5265,train,3
149,3991,train,6
149,1048,train,8
149,2345,train,8
149,442,train,8
149,361,train,8
149,3921,train,2
149,6013,train,8
149,3235,train,9
149,5816,train,2
149,3340,train,5
149,103,train,7
149,1031,train,0
149,2264,train,3
149,4166,train,7
149,245,train,5
149,6296,train,5
149,1735,train,3
149,2328,train,1
149,3401,train,8
149,2118,train,5
149,2448,train,2
149,5769,train,8
149,2699,train,8
149,3586,train,6
149,4342,train,9
149,2523,train,8
149,5891,train,8
149,2136,train,2
149,3903,train,0
149,151,train,5
149,2645,train,0
149,2499,train,8
149,3966,train,7
149,4256,train,2
149,2907,train,9
149,3562,train,4
149,6871,train,1
149,5799,train,7
149,203,train,4
149,3813,train,1
149,6742,train,1
149,3589,train,9
149,1342,train,9
149,2680,train,9
149,4010,train,5
149,6667,train,9
149,3790,train,0
149,4630,train,1
149,4093,train,3
149,3624,train,1
149,7065,train,7
149,3447,train,1
149,3291,train,8
149,2224,train,9
149,1895,train,8
149,1521,train,0
149,849,train,9
149,4622,train,5
149,3598,train,3
149,6757,train,1
149,3759,train,4
149,3411,train,3
149,3895,train,6
149,4861,train,7
149,5711,train,3
149,5453,train,9
149,2642,train,4
149,2077,train,5
149,6427,train,5
149,3027,train,5
149,4376,train,3
149,6314,train,2
149,3125,train,3
149,6325,train,6
149,828,train,8
149,6426,train,6
149,3236,train,8
149,4221,train,9
149,6448,train,4
149,1914,train,1
149,3538,train,1
149,5372,train,7
149,2307,train,2
149,1279,train,9
149,5122,train,5
149,6546,train,6
149,6335,train,3
149,5502,train,5
149,5698,train,7
149,5489,train,1
149,208,train,7
149,1366,train,9
149,5788,train,2
149,5361,train,4
149,6186,train,7
149,1311,train,7
149,6039,train,1
149,3962,train,9
149,1065,train,6
149,3703,train,7
149,5335,train,8
149,5976,train,9
149,4175,train,7
149,663,train,3
149,2089,train,3
149,4702,train,1
149,4851,train,6
149,3503,train,1
149,6036,train,4
149,2005,train,1
149,5359,train,6
149,6737,train,5
149,5859,train,3
149,6645,train,7
149,1108,train,1
149,2189,train,7
149,360,train,6
149,3879,train,2
149,5371,train,6
149,651,train,8
149,3054,train,6
149,6608,train,2
149,2871,train,3
149,7099,train,1
149,903,train,2
149,2488,train,9
149,3021,train,1
149,3483,train,1
149,4266,train,1
149,4757,train,8
149,2151,train,1
149,4633,train,2
149,2090,train,8
149,7087,train,1
149,4555,train,3
149,3783,train,2
149,5718,train,4
149,1146,train,5
149,1068,train,8
149,4939,train,8
149,1887,train,3
149,6501,train,1
149,2059,train,7
149,6718,train,1
149,4948,train,4
149,3045,train,6
149,4930,train,0
149,3387,train,7
149,2838,train,3
149,782,train,0
149,5237,train,0
149,1027,train,7
149,6128,train,4
149,4148,train,5
149,3754,train,3
149,2518,train,6
149,5592,train,9
149,1399,train,5
149,1562,train,2
149,4437,train,4
149,6271,train,7
149,6342,train,2
149,1298,train,9
149,3005,train,0
149,4875,train,7
149,2689,train,6
149,7168,train,9
149,3789,train,1
149,5187,train,4
149,389,train,8
149,6355,train,9
149,2596,train,4
149,1884,train,9
149,2069,train,3
149,1257,train,8
149,1282,train,5
149,1684,train,6
149,4599,train,3
149,4215,train,4
149,3860,train,6
149,6228,train,9
149,1458,train,0
149,1866,train,3
149,2456,train,3
149,6329,train,7
149,4302,train,1
149,1262,train,4
149,5850,train,6
149,2522,train,1
149,2092,train,0
149,6597,train,5
149,2967,train,0
149,4121,train,3
149,4471,train,5
149,6564,train,6
149,7222,train,0
149,6194,train,0
149,6387,train,0
149,248,train,8
149,148,train,8
149,432,train,0
149,5413,train,2
149,3858,train,3
149,4507,train,3
149,2513,train,8
149,6162,train,2
149,6704,train,2
149,4763,train,6
149,6333,train,8
149,6829,train,3
149,225,train,1
149,4751,train,3
149,164,train,4
149,1877,train,5
149,2432,train,6
149,3832,train,7
149,4994,train,0
149,784,train,7
149,3644,train,5
149,6198,train,6
149,2845,train,7
149,5924,train,8
149,1189,train,4
149,4330,train,0
149,2398,train,7
149,3749,train,3
149,5855,train,0
149,2046,train,0
149,1686,train,2
149,7261,train,9
149,5893,train,1
149,4220,train,1
149,3105,train,0
149,1668,train,4
149,3015,train,2
149,1740,train,3
149,4021,train,2
149,2659,train,1
149,6917,train,6
149,1464,train,8
149,3193,train,3
149,48,train,8
149,6748,train,4
149,3290,train,3
149,615,train,9
149,7201,train,5
149,1543,train,1
149,1119,train,0
149,2352,train,2
149,1409,train,5
149,4024,train,4
149,7357,train,0
149,4724,train,4
149,4362,train,6
149,1109,train,1
149,6165,train,0
149,1639,train,5
149,4449,train,0
149,2225,train,8
149,1101,train,1
149,2565,train,2
149,241,train,3
149,820,train,5
149,6550,train,2
149,3289,train,1
149,1060,train,1
149,949,train,6
149,6665,train,1
149,6557,train,2
149,2856,train,6
149,3100,train,5
149,681,train,3
149,2780,train,2
149,6245,train,4
149,635,train,9
149,6568,train,8
149,5008,train,1
149,2527,train,3
149,5013,train,5
149,5215,train,5
149,6657,train,7
149,1197,train,7
149,806,train,3
149,4445,train,1
149,3478,train,8
149,3530,train,1
149,3455,train,5
149,4770,train,4
149,1511,train,4
149,6857,train,7
149,5851,train,2
149,3264,train,6
149,5965,train,5
149,3691,train,6
149,5349,train,0
149,6965,train,1
149,2281,train,9
149,4406,train,4
149,5671,train,6
149,4960,train,7
149,5802,train,5
149,2583,train,7
149,3014,train,2
149,2981,train,3
149,1650,train,8
149,6813,train,6
149,1418,train,9
149,1786,train,8
149,3830,train,1
149,3556,train,8
149,5282,train,7
149,5163,train,0
149,5520,train,8
149,4795,train,3
149,4315,train,2
149,2282,train,8
149,5731,train,9
149,3391,train,0
149,4566,train,9
149,4371,train,0
149,95,train,8
149,6303,train,8
149,719,train,6
149,1058,train,0
149,2556,train,1
149,2036,train,3
149,1162,train,2
149,4746,train,2
149,243,train,3
149,6708,train,6
149,1026,train,6
149,3216,train,8
149,643,train,0
149,5416,train,8
149,5808,train,1
149,6686,train,2
149,915,train,1
149,5125,train,5
149,6854,train,4
149,2026,train,5
149,6959,train,0
149,6439,train,9
149,2787,train,7
149,175,train,5
149,325,train,2
149,2341,train,7
149,7246,train,3
149,1495,train,6
149,7236,train,8
149,3161,train,3
149,166,train,7
149,4695,train,6
149,5159,train,8
149,718,train,7
149,1158,train,7
149,701,train,4
149,309,train,7
149,286,train,7
149,937,train,2
149,2422,train,5
149,52,train,4
149,628,train,5
149,4964,train,8
149,5281,train,9
149,3389,train,7
149,4512,train,6
149,7107,train,7
149,2014,train,2
149,6205,train,5
149,3273,train,9
149,4276,train,9
149,1055,train,7
149,4072,train,7
149,1335,train,4
149,4485,train,2
149,3249,train,9
149,5173,train,8
149,3500,train,6
149,2676,train,7
149,7191,train,9
149,732,train,9
149,576,train,6
149,3106,train,5
149,2294,train,4
149,4531,train,9
149,5884,train,0
149,3436,train,6
149,6619,train,6
149,3262,train,8
149,201,train,9
149,3517,train,9
149,517,train,6
149,6106,train,9
149,275,train,8
149,1947,train,0
149,6730,train,3
149,5300,train,7
149,184,train,6
149,6968,train,7
149,2648,train,7
149,3520,train,2
149,6323,train,8
149,3206,train,1
149,2931,train,1
149,6784,train,6
149,3996,train,8
149,626,train,1
149,3953,train,8
149,4263,train,0
149,5293,train,5
149,6281,train,5
149,5379,train,6
149,7136,train,8
149,1397,train,4
149,4811,train,7
149,4772,train,1
149,3824,train,2
149,192,train,0
149,4082,train,6
149,6517,train,4
149,5877,train,3
149,6229,train,1
149,502,train,4
149,888,train,0
149,137,train,0
149,6396,train,9
149,3736,train,2
149,6212,train,3
149,556,train,0
149,2717,train,4
149,913,train,5
149,869,train,8
149,3382,train,6
149,4823,train,3
149,2543,train,7
149,6425,train,6
149,3979,train,3
149,6526,train,4
149,3993,train,1
149,2843,train,5
149,925,train,9
149,6592,train,7
149,4143,train,0
149,4997,train,1
149,5270,train,2
149,3770,train,1
149,4833,train,4
149,1457,train,2
149,709,train,6
149,329,train,8
149,6639,train,0
149,6500,train,2
149,1555,train,2
149,3869,train,2
149,62,train,1
149,7058,train,7
149,951,train,3
149,3973,train,4
149,1177,train,6
149,4060,train,2
149,2025,train,7
149,550,train,2
149,5244,train,2
149,5562,train,1
149,4924,train,7
149,3083,train,8
149,1965,train,9
149,3033,train,9
149,6185,train,5
149,5041,train,5
149,5997,train,4
149,6510,train,7
149,5115,train,2
149,1556,train,9
149,4181,train,4
149,521,train,8
149,958,train,0
149,2366,train,6
149,3240,train,6
149,6728,train,4
149,2232,train,6
149,4360,train,5
149,2622,train,1
149,134,train,5
149,6433,train,3
149,4672,train,4
149,5918,train,2
149,7100,train,4
149,3286,train,2
149,3817,train,0
149,5035,train,3
149,4228,train,3
149,1469,train,4
149,1195,train,3
149,4855,train,2
149,862,train,8
149,580,train,2
149,6566,train,2
149,4974,train,5
149,285,train,6
149,789,train,3
149,5403,train,6
149,899,train,4
149,725,train,3
149,6685,train,3
149,1677,train,7
149,332,train,1
149,1289,train,0
149,4940,train,3
149,3602,train,5
149,2567,train,2
149,1618,train,3
149,935,train,0
149,3367,train,7
149,352,train,5
149,6761,train,7
149,861,train,2
149,5114,train,0
149,1496,train,0
149,6701,train,6
149,3230,train,2
149,2293,train,5
149,5387,train,0
149,6951,train,1
149,182,train,7
149,6071,train,6
149,232,train,1
149,5812,train,7
149,1623,train,6
149,1467,train,6
149,3424,train,7
149,5938,train,7
149,5112,train,3
149,1227,train,8
149,1480,train,9
149,7215,train,7
149,2946,train,6
149,1387,train,8
149,1788,train,5
149,6086,train,2
149,7016,train,6
149,4106,train,4
149,6311,train,9
149,4719,train,6
149,3171,train,2
149,4552,train,1
149,749,train,1
149,2054,train,0
149,4832,train,1
149,3733,train,4
149,4407,train,1
149,1040,train,2
149,487,train,8
149,4559,train,1
149,654,train,6
149,2925,train,7
149,4977,train,0
149,7059,train,5
149,6360,train,1
149,6542,train,6
149,4517,train,9
149,1871,train,2
149,2923,train,5
149,2847,train,0
149,6655,train,7
149,5691,train,3
149,3023,train,9
149,6832,train,4
149,4686,train,0
149,852,train,0
149,4020,train,3
149,6308,train,4
149,3850,train,1
149,1842,train,1
149,1140,train,3
149,1712,train,3
149,4226,train,5
149,1292,train,4
149,974,train,3
149,5373,train,7
149,3855,train,4
149,3779,train,5
149,3132,train,3
149,4908,train,7
149,4454,train,9
149,6338,train,3
149,330,train,8
149,1943,train,6
149,6389,train,7
149,3358,train,8
149,943,train,7
149,4941,train,8
149,4029,train,7
149,5868,train,0
149,2386,train,8
149,4625,train,9
149,2784,train,4
149,3186,train,7
149,5560,train,4
149,59,train,8
149,838,train,8
149,1030,train,2
149,5564,train,4
149,5351,train,6
149,6952,train,0
149,1806,train,0
149,1833,train,2
149,1579,train,4
149,2963,train,4
149,7288,train,6
149,1841,train,6
149,6210,train,8
149,876,train,5
149,1332,train,8
149,4790,train,8
149,1462,train,4
149,1429,train,2
149,2047,train,9
149,2486,train,4
149,3731,train,6
149,3989,train,5
149,6264,train,5
149,5103,train,4
149,3079,train,1
149,5888,train,6
149,798,train,2
149,2411,train,9
149,5385,train,4
149,1698,train,5
149,1389,train,3
149,3496,train,4
149,20,train,9
149,7051,train,5
149,5222,train,1
149,2301,train,8
149,6415,train,6
149,159,train,8
149,2939,train,6
149,2465,train,9
149,2181,train,7
149,6987,train,7
149,4321,train,0
149,6851,train,8
149,1133,train,8
149,804,train,7
149,1376,train,2
149,1693,train,0
149,136,train,2
149,2651,train,0
149,5105,train,1
149,2170,train,7
149,3140,train,7
149,1607,train,2
149,2625,train,0
149,3724,train,8
149,3957,train,5
149,255,train,2
149,706,train,1
149,1087,train,7
149,3049,train,4
149,4081,train,1
149,2874,train,3
149,368,train,6
149,1353,train,8
149,1149,train,1
149,3761,train,8
149,1259,train,0
149,6184,train,5
149,7148,train,7
149,4899,train,9
149,3744,train,5
149,768,train,9
149,6060,train,3
149,948,train,3
149,6964,train,5
149,4649,train,8
149,603,train,2
149,2049,train,5
149,3187,train,2
149,716,train,5
149,1357,train,1
149,1475,train,7
149,4363,train,0
149,2945,train,9
149,6787,train,3
149,3157,train,5
149,4781,train,1
149,5488,train,5
149,2521,train,4
149,6972,train,8
149,6248,train,5
149,2367,train,2
149,2573,train,2
149,7146,train,6
149,7263,train,4
149,6979,train,9
149,6176,train,1
149,1954,train,5
149,374,train,6
149,930,train,1
149,1774,train,0
149,3512,train,0
149,2652,train,1
149,2816,train,7
149,1501,train,8
149,647,train,5
149,5218,train,9
149,6438,train,1
149,6989,train,1
149,5747,train,1
149,6219,train,7
149,1431,train,1
149,2001,train,7
149,2044,train,7
149,5002,train,0
149,4655,train,3
149,3561,train,0
149,5296,train,5
149,4207,train,7
149,2458,train,1
149,5208,train,9
149,4076,train,9
149,2902,train,3
149,2922,train,5
149,1970,train,5
149,153,train,6
149,6955,train,4
149,4664,train,1
149,3263,train,5
149,3548,train,8
149,7183,train,8
149,3620,train,6
149,6869,train,0
149,5688,train,5
149,6834,train,7
149,2269,train,9
149,6740,train,2
149,993,train,3
149,5408,train,7
149,2793,train,0
149,5415,train,5
149,7,train,7
149,1536,train,3
149,6367,train,0
149,4792,train,3
149,4298,train,7
149,2756,train,5
149,1898,train,8
149,1930,train,0
149,4316,train,9
149,2439,train,0
149,6474,train,2
149,6626,train,7
149,6158,train,6
149,6618,train,0
149,189,train,8
149,6187,train,2
149,1601,train,6
149,5140,train,2
149,968,train,6
149,5728,train,8
149,3086,train,5
149,5956,train,1
149,6218,train,4
149,6465,train,1
149,1333,train,4
149,7232,train,4
149,6503,train,9
149,376,train,6
149,3687,train,9
149,2547,train,8
149,6521,train,3
149,3670,train,5
149,147,train,3
149,1143,train,3
149,6519,train,8
149,6545,train,9
149,6525,train,5
149,3329,train,8
149,4244,train,5
149,5532,train,4
149,6471,train,1
149,6824,train,0
149,82,train,4
149,2507,train,8
149,1099,train,3
149,1834,train,5
149,7113,train,7
149,632,train,5
149,4035,train,8
149,3660,train,0
149,4852,train,6
149,6607,train,0
149,2594,train,2
149,6362,train,8
149,1998,train,7
149,5931,train,9
149,6178,train,7
149,3809,train,3
149,5183,train,6
149,3191,train,4
149,1911,train,5
149,3406,train,6
149,3699,train,9
149,2647,train,1
149,4738,train,9
149,7223,train,0
149,3685,train,4
149,4729,train,7
149,5719,train,7
149,777,train,8
149,2705,train,7
149,3875,train,9
149,1734,train,9
149,4636,train,8
149,2823,train,4
149,4490,train,6
149,1095,train,5
149,3871,train,4
149,333,train,0
149,4255,train,3
149,668,train,4
149,4467,train,7
149,2987,train,6
149,5765,train,9
149,5565,train,6
149,7133,train,9
149,2072,train,1
149,5978,train,4
149,4239,train,7
149,5614,train,8
149,3076,train,7
149,4193,train,1
149,1755,train,0
149,735,train,6
149,249,train,9
149,5911,train,9
149,1925,train,6
149,5830,train,5
149,6617,train,3
149,4717,train,9
149,4003,train,0
149,1934,train,4
149,2830,train,0
149,6110,train,4
149,3117,train,3
149,942,train,7
149,6755,train,0
149,3036,train,4
149,1628,train,6
149,3442,train,1
149,630,train,2
149,1078,train,4
149,6289,train,5
149,1288,train,1
149,4597,train,5
149,3143,train,1
149,5015,train,0
149,3617,train,3
149,418,train,2
149,390,train,5
149,6447,train,1
149,2792,train,4
149,4549,train,4
149,6659,train,5
149,1302,train,6
149,3379,train,2
149,6476,train,8
149,2834,train,1
149,5572,train,6
149,1689,train,9
149,2795,train,4
149,265,train,4
149,6558,train,5
149,5507,train,5
149,1935,train,2
149,2472,train,7
149,6477,train,6
149,3772,train,2
149,7061,train,7
149,4606,train,9
149,5165,train,8
149,5503,train,6
149,5071,train,6
149,2747,train,2
149,205,train,1
149,3710,train,1
149,3977,train,6
149,5202,train,3
149,1482,train,1
149,2554,train,1
149,3145,train,0
149,1824,train,7
149,535,train,0
149,5874,train,6
149,5988,train,2
149,3534,train,7
149,5021,train,3
149,5171,train,4
149,392,train,8
149,1410,train,2
149,6725,train,6
149,476,train,9
149,3069,train,7
149,4332,train,0
149,3470,train,2
149,3522,train,8
149,4644,train,1
149,629,train,9
149,4357,train,8
149,6348,train,6
149,2260,train,4
149,7313,train,4
149,7348,train,4
149,4718,train,2
149,1873,train,8
149,1024,train,4
149,6816,train,7
149,6555,train,5
149,2065,train,2
149,877,train,7
149,5411,train,4
149,5182,train,1
149,4909,train,8
149,5546,train,1
149,1953,train,3
149,3664,train,8
149,6056,train,4
149,2839,train,9
149,2060,train,5
149,5550,train,3
149,1225,train,1
149,2038,train,2
149,3243,train,1
149,6179,train,4
149,142,train,1
149,6404,train,6
149,1685,train,1
149,5326,train,3
149,1996,train,1
149,4329,train,7
149,84,train,6
149,438,train,9
149,5069,train,0
149,2587,train,2
149,534,train,9
149,4959,train,9
149,5764,train,8
149,2496,train,7
149,731,train,9
149,271,train,8
149,5049,train,3
149,3510,train,9
149,4216,train,8
149,2762,train,8
149,3425,train,9
149,6837,train,8
149,2032,train,8
149,6227,train,2
149,3124,train,0
149,1988,train,6
149,3803,train,1
149,2166,train,1
149,1821,train,2
149,1969,train,7
149,6284,train,3
149,6792,train,4
149,1487,train,6
149,5607,train,8
149,6103,train,1
149,5801,train,1
149,532,train,8
149,3158,train,3
149,4894,train,4
149,4455,train,9
149,3943,train,0
149,3453,train,3
149,3336,train,9
149,5885,train,8
149,1071,train,9
149,2327,train,6
149,6768,train,4
149,1509,train,6
149,3688,train,0
149,1872,train,6
149,5783,train,0
149,4895,train,2
149,1789,train,6
149,3362,train,2
149,5989,train,1
149,7245,train,4
149,714,train,6
149,4235,train,9
149,6398,train,0
149,2037,train,8
149,6910,train,2
149,1624,train,8
149,558,train,9
149,1369,train,7
149,7293,train,2
149,1049,train,5
149,3213,train,8
149,7011,train,4
149,3010,train,6
149,3967,train,6
149,3638,train,1
149,720,train,4
149,3553,train,1
149,7091,train,2
149,4568,train,1
149,5824,train,0
149,686,train,5
149,3890,train,1
149,6094,train,3
149,155,train,6
149,2646,train,5
149,3654,train,0
149,4735,train,3
149,6814,train,1
149,112,train,3
149,2403,train,1
149,5251,train,7
149,1382,train,0
149,2558,train,9
149,1249,train,8
149,1779,train,3
149,3026,train,5
149,6211,train,5
149,2819,train,5
149,6789,train,5
149,6419,train,6
149,2234,train,6
149,1301,train,0
149,912,train,0
149,1619,train,2
149,1573,train,5
149,2441,train,3
149,2316,train,1
149,4074,train,2
149,30,train,6
149,696,train,4
149,1011,train,6
149,491,train,1
149,4624,train,9
149,1809,train,6
149,7334,train,2
149,2385,train,0
149,4425,train,3
149,54,train,0
149,6046,train,3
149,4992,train,6
149,660,train,8
149,856,train,8
149,4993,train,6
149,1972,train,0
149,5844,train,4
149,4257,train,4
149,2966,train,5
149,413,train,3
149,405,train,9
149,4593,train,0
149,4227,train,8
149,1147,train,9
149,4570,train,7
149,1085,train,2
149,1991,train,5
149,6112,train,3
149,3878,train,8
149,5742,train,4
149,1269,train,4
149,6262,train,4
149,1617,train,7
149,3479,train,3
149,4331,train,4
149,2379,train,1
149,1179,train,0
149,6131,train,4
149,3876,train,1
149,4218,train,7
149,2435,train,2
149,7109,train,9
149,7178,train,4
149,3838,train,4
149,6488,train,6
149,2068,train,6
149,4090,train,4
149,5280,train,7
149,1913,train,1
149,3177,train,7
149,138,train,2
149,1994,train,8
149,5494,train,3
149,3747,train,4
149,1586,train,7
149,4550,train,4
149,2770,train,6
149,1534,train,5
149,3189,train,1
149,2277,train,5
149,1082,train,8
149,6490,train,7
149,397,train,9
149,3911,train,0
149,2130,train,1
149,5793,train,8
149,966,train,5
149,3735,train,9
149,1600,train,2
149,1683,train,0
149,1694,train,3
149,997,train,5
149,7081,train,9
149,1932,train,7
149,19,train,6
149,6164,train,3
149,5152,train,8
149,7193,train,5
149,6489,train,7
149,1546,train,0
149,690,train,0
149,1449,train,5
149,1156,train,6
149,1849,train,8
149,1151,train,4
149,2617,train,6
149,424,train,3
149,3843,train,8
149,359,train,5
149,4084,train,0
149,1473,train,8
149,2221,train,4
149,5864,train,1
149,503,train,7
149,6611,train,9
149,6043,train,6
149,4176,train,9
149,4015,train,6
149,2942,train,5
149,978,train,3
149,5337,train,9
149,6319,train,6
149,5648,train,5
149,6863,train,6
149,3312,train,9
149,773,train,0
149,5583,train,5
149,3558,train,6
149,5675,train,3
149,779,train,5
149,5876,train,2
149,270,train,0
149,2675,train,6
149,2814,train,2
149,447,train,7
149,5933,train,3
149,5147,train,9
149,5146,train,2
149,1314,train,9
149,4691,train,9
149,5663,train,4
149,1020,train,4
149,6312,train,4
149,6221,train,1
149,2303,train,1
149,4140,train,8
149,516,train,1
149,1737,train,9
149,1772,train,5
149,1627,train,8
149,4117,train,7
149,2782,train,1
149,2475,train,3
149,6830,train,6
149,6689,train,9
149,5142,train,0
149,4197,train,9
149,2722,train,9
149,3646,train,1
149,1602,train,6
149,5795,train,7
149,2568,train,0
149,4986,train,4
149,5666,train,7
149,1466,train,8
149,6331,train,0
149,4324,train,6
149,2442,train,1
149,3628,train,5
149,7044,train,5
149,117,train,7
149,525,train,5
149,2872,train,7
149,4843,train,3
149,319,train,6
149,1542,train,5
149,3588,train,7
149,6811,train,3
149,2360,train,0
149,5602,train,9
149,110,train,2
149,2075,train,5
149,7294,train,7
149,6079,train,0
149,7291,train,6
149,5692,train,7
149,2605,train,8
149,3242,train,9
149,224,train,3
149,5399,train,9
149,657,train,5
149,2937,train,6
149,1661,train,3
149,2764,train,0
149,5823,train,9
149,2621,train,3
149,5760,train,8
149,702,train,2
149,3920,train,3
149,3723,train,0
149,274,train,5
149,5328,train,1
149,3131,train,0
149,1512,train,8
149,6879,train,9
149,399,train,0
149,5499,train,8
149,4932,train,5
149,1045,train,2
149,4582,train,7
149,7000,train,3
149,4343,train,9
149,5083,train,9
149,1485,train,7
149,2741,train,8
149,6029,train,6
149,4646,train,8
149,4869,train,6
149,3335,train,4
149,3994,train,3
149,4662,train,4
149,7158,train,0
149,2045,train,7
149,6424,train,1
149,6230,train,6
149,6466,train,6
149,1566,train,8
149,1901,train,2
149,3237,train,4
149,7364,train,1
149,4955,train,8
149,4428,train,7
149,5150,train,5
149,1456,train,1
149,6615,train,0
149,6733,train,6
149,2149,train,2
149,1196,train,1
149,1963,train,2
149,2353,train,2
149,7019,train,4
149,3902,train,9
149,7248,train,9
149,247,train,5
149,2093,train,7
149,4452,train,9
149,6379,train,5
149,4056,train,0
149,1701,train,6
149,4837,train,4
149,1236,train,0
149,5800,train,0
149,642,train,7
149,3549,train,8
149,1381,train,8
149,2114,train,9
149,6453,train,8
149,857,train,3
149,3208,train,5
149,4489,train,5
149,4150,train,7
149,7079,train,8
149,1098,train,2
149,3428,train,7
149,6604,train,7
149,1688,train,6
149,1012,train,3
149,7298,train,2
149,6524,train,1
149,99,train,3
149,3574,train,0
149,2235,train,6
149,1488,train,8
149,850,train,1
149,25,train,4
149,3610,train,2
149,2700,train,6
149,6772,train,5
149,162,train,8
149,6467,train,9
149,2311,train,1
149,6083,train,2
149,6908,train,1
149,2888,train,0
149,7254,train,0
149,7147,train,3
149,1248,train,9
149,3504,train,6
149,5987,train,6
149,4441,train,9
149,1830,train,7
149,1716,train,2
149,1128,train,3
149,2374,train,2
149,4526,train,3
149,6197,train,4
149,812,train,4
149,478,train,9
149,7060,train,5
149,6242,train,9
149,3641,train,1
149,4571,train,2
149,6924,train,1
149,6126,train,9
149,7349,train,1
149,3540,train,9
149,443,train,4
149,3375,train,3
149,1375,train,4
149,4146,train,2
149,586,train,8
149,5217,train,0
149,5791,train,3
149,3376,train,2
149,4902,train,7
149,3743,train,8
149,3352,train,9
149,173,train,7
149,6266,train,2
149,2008,train,3
149,6741,train,7
149,371,train,2
149,3397,train,8
149,2592,train,8
149,985,train,8
149,3350,train,4
149,5272,train,9
149,2202,train,0
149,4806,train,9
149,4871,train,4
149,1454,train,3
149,771,train,1
149,3114,train,8
149,7131,train,6
149,3812,train,3
149,6066,train,2
149,5440,train,4
149,6923,train,0
149,2863,train,8
149,4785,train,7
149,4390,train,9
149,2613,train,0
149,5126,train,4
149,1345,train,0
149,4346,train,2
149,6181,train,1
149,3615,train,4
149,6978,train,0
149,3357,train,6
149,32,train,9
149,7119,train,4
149,6049,train,2
149,2319,train,7
149,4802,train,0
149,4457,train,1
149,1170,train,9
149,1876,train,1
149,2685,train,3
149,4118,train,7
149,6145,train,9
149,2405,train,9
149,2574,train,2
149,7319,train,4
149,6579,train,6
149,5620,train,4
149,1355,train,3
149,1975,train,1
149,763,train,4
149,78,train,5
149,3950,train,4
149,1352,train,3
149,5613,train,0
149,5186,train,4
149,4159,train,5
149,7106,train,4
149,4162,train,1
149,4726,train,0
149,896,train,2
149,1008,train,8
149,6744,train,9
149,495,train,4
149,954,train,8
149,3297,train,6
149,4204,train,3
149,2808,train,8
149,2139,train,3
149,4825,train,3
149,6403,train,1
149,5216,train,0
149,1719,train,4
149,4872,train,8
149,3043,train,0
149,5175,train,9
149,1313,train,2
149,4089,train,4
149,3073,train,2
149,5759,train,2
149,217,train,9
149,5937,train,4
149,22,train,8
149,6821,train,8
149,2984,train,6
149,1329,train,8
149,5285,train,6
149,2218,train,6
149,1667,train,1
149,6594,train,3
149,5892,train,3
149,2841,train,0
149,6586,train,5
149,3527,train,3
149,4867,train,7
149,1859,train,6
149,3404,train,0
149,743,train,6
149,4523,train,5
149,6969,train,3
149,939,train,5
149,5555,train,9
149,2767,train,4
149,1508,train,1
149,6475,train,2
149,5752,train,4
149,1863,train,5
149,7230,train,9
149,3569,train,9
149,6304,train,2
149,222,train,2
149,3965,train,1
149,855,train,0
149,3046,train,5
149,1845,train,2
149,4608,train,3
149,2510,train,1
149,4572,train,6
149,6535,train,1
149,1973,train,6
149,880,train,5
149,6970,train,1
149,2505,train,1
149,5740,train,7
149,5875,train,2
149,933,train,4
149,4773,train,3
149,2480,train,5
149,6062,train,5
149,5909,train,7
149,6368,train,7
149,6522,train,5
149,6738,train,7
149,5678,train,3
149,3051,train,3
149,2018,train,3
149,5153,train,3
149,6047,train,4
149,2835,train,1
149,1100,train,5
149,976,train,9
149,1831,train,6
149,975,train,3
149,4432,train,0
149,2867,train,7
149,3611,train,2
149,2127,train,0
149,6819,train,8
149,5062,train,5
149,6057,train,8
149,4083,train,4
149,2338,train,3
149,6445,train,1
149,5341,train,2
149,5431,train,9
149,6958,train,0
149,5825,train,5
149,3299,train,5
149,7315,train,2
149,4969,train,9
149,980,train,6
149,5582,train,8
149,6405,train,5
149,5274,train,6
149,4219,train,7
149,7150,train,0
149,7009,train,7
149,680,train,1
149,3697,train,4
149,6441,train,0
149,1544,train,0
149,4784,train,8
149,1747,train,1
149,6455,train,3
149,2402,train,0
149,3166,train,5
149,6980,train,5
149,7244,train,6
149,6412,train,5
149,3795,train,7
149,4320,train,1
149,1325,train,8
149,481,train,6
149,415,train,6
149,2760,train,2
149,2960,train,3
149,2494,train,4
149,6116,train,4
149,1921,train,6
149,479,train,5
149,6470,train,2
149,2126,train,0
149,4883,train,8
149,5366,train,0
149,3701,train,4
149,1437,train,9
149,3317,train,6
149,5867,train,4
149,6410,train,4
149,6777,train,2
149,3976,train,3
149,7015,train,4
149,600,train,4
149,3048,train,4
149,3337,train,1
149,2267,train,6
149,5319,train,1
149,116,train,4
149,4727,train,0
149,4634,train,8
149,3932,train,1
149,3524,train,9
149,3748,train,1
149,4983,train,0
149,7300,train,8
149,4748,train,0
149,5109,train,8
149,1537,train,3
149,3882,train,6
149,7108,train,3
149,3781,train,4
149,3450,train,3
149,3458,train,7
149,6030,train,3
149,2099,train,0
149,3334,train,2
149,3371,train,9
149,691,train,2
149,2850,train,3
149,7273,train,2
149,3907,train,1
149,665,train,1
149,1522,train,8
149,3757,train,9
149,4269,train,3
149,5826,train,7
149,950,train,0
149,5645,train,5
149,4482,train,5
149,2589,train,2
149,6008,train,9
149,1715,train,8
149,4378,train,1
149,195,train,7
149,1549,train,8
149,3892,train,9
149,3625,train,6
149,5598,train,1
149,494,train,8
149,6140,train,1
149,2430,train,2
149,1907,train,6
149,1468,train,4
149,641,train,4
149,4497,train,2
149,1931,train,3
149,5515,train,9
149,7026,train,5
149,5561,train,6
149,1855,train,8
149,5054,train,3
149,6860,train,7
149,7127,train,6
149,4295,train,1
149,1223,train,3
149,6638,train,8
149,345,train,2
149,3857,train,2
149,1900,train,2
149,863,train,3
149,6873,train,4
149,3669,train,5
149,3742,train,2
149,6644,train,0
149,5368,train,9
149,1706,train,5
149,5129,train,0
149,135,train,1
149,3532,train,8
149,7089,train,2
149,3175,train,6
149,6395,train,2
149,6001,train,3
149,3135,train,3
149,4834,train,4
149,2955,train,9
149,5269,train,7
149,6082,train,6
149,2304,train,5
149,6687,train,0
149,4838,train,3
149,7301,train,2
149,3267,train,2
149,489,train,1
149,2720,train,1
149,3456,train,1
149,1234,train,4
149,4577,train,1
149,4866,train,6
149,7207,train,9
149,6669,train,4
149,2141,train,2
149,3075,train,8
149,4670,train,6
149,3152,train,2
149,23,train,4
149,7337,train,4
149,6436,train,3
149,1385,train,3
149,4250,train,2
149,1892,train,3
149,3164,train,1
149,747,train,2
149,554,train,3
149,2102,train,6
149,3935,train,5
149,4656,train,1
149,970,train,4
149,5995,train,3
149,4349,train,6
149,837,train,1
149,5781,train,6
149,6729,train,8
149,6090,train,1
149,2595,train,2
149,5464,train,7
149,587,train,8
149,4401,train,3
149,800,train,4
149,4157,train,1
149,5306,train,7
149,1886,train,2
149,7314,train,9
149,5459,train,8
149,7195,train,5
149,6372,train,0
149,6293,train,8
149,1194,train,0
149,257,train,8
149,3066,train,0
149,919,train,8
149,5312,train,6
149,5283,train,9
149,76,train,3
149,4308,train,9
149,627,train,3
149,1822,train,6
149,2540,train,4
149,464,train,5
149,4002,train,1
149,5168,train,4
149,3003,train,5
149,3454,train,0
149,6899,train,8
149,1247,train,8
149,4958,train,8
149,6805,train,7
149,637,train,8
149,741,train,2
149,1547,train,9
149,5404,train,1
149,1837,train,6
149,4045,train,2
149,5369,train,0
149,6354,train,7
149,6984,train,7
149,2477,train,8
149,6111,train,7
149,1769,train,8
149,770,train,9
149,3927,train,7
149,6529,train,6
149,462,train,3
149,3596,train,5
149,1206,train,3
149,6705,train,7
149,5670,train,6
149,3992,train,3
149,2993,train,9
149,6236,train,6
149,1214,train,8
149,1648,train,0
149,3344,train,6
149,7356,train,7
149,1268,train,1
149,5922,train,0
149,2728,train,1
149,6407,train,6
149,2968,train,6
149,1645,train,0
149,610,train,2
149,6780,train,6
149,1286,train,7
149,4096,train,7
149,2848,train,6
149,3096,train,0
149,2754,train,5
149,6037,train,3
149,2257,train,4
149,3893,train,6
149,759,train,0
149,3070,train,6
149,644,train,0
149,66,train,7
149,1657,train,7
149,3024,train,6
149,6754,train,2
149,4282,train,1
149,4325,train,0
149,726,train,6
149,7280,train,2
149,2495,train,6
149,91,train,8
149,3774,train,4
149,2088,train,5
149,1187,train,3
149,2416,train,6
149,4936,train,3
149,3108,train,2
149,6848,train,9
149,6960,train,6
149,2603,train,2
149,5180,train,8
149,1995,train,8
149,938,train,8
149,3116,train,9
149,2571,train,7
149,5051,train,6
149,45,train,1
149,2783,train,6
149,2509,train,4
149,4032,train,9
149,518,train,8
149,4041,train,4
149,5983,train,1
149,5856,train,8
149,4368,train,9
149,831,train,1
149,692,train,2
149,6785,train,9
149,2805,train,9
149,3348,train,7
149,7239,train,8
149,6353,train,8
149,6674,train,4
149,7124,train,1
149,3970,train,7
149,6059,train,8
149,4533,train,9
149,2901,train,0
149,3663,train,3
149,1720,train,2
149,793,train,2
149,5219,train,7
149,5939,train,3
149,4998,train,4
149,5395,train,1
149,6416,train,3
149,3190,train,4
149,3671,train,5
149,4831,train,5
149,2537,train,8
149,5604,train,5
149,2103,train,2
149,6508,train,5
149,9,train,0
149,2553,train,2
149,3862,train,2
149,2011,train,5
149,4103,train,2
149,7278,train,0
149,6146,train,7
149,3308,train,9
149,3082,train,0
149,2180,train,5
149,6456,train,9
149,1211,train,0
149,3322,train,8
149,6912,train,1
149,6876,train,2
149,3941,train,6
149,4392,train,4
149,7187,train,2
149,5519,train,5
149,1635,train,5
149,4237,train,3
149,3381,train,4
149,4725,train,1
149,544,train,4
149,2822,train,1
149,3564,train,0
149,2693,train,6
149,802,train,4
149,1130,train,6
149,4091,train,6
149,115,train,5
149,7102,train,0
149,616,train,7
149,6191,train,7
149,4339,train,3
149,6702,train,1
149,6224,train,2
149,4893,train,6
149,4762,train,0
149,4812,train,7
149,5073,train,6
149,2434,train,4
149,362,train,4
149,3968,train,7
149,5847,train,3
149,547,train,3
149,6845,train,0
149,3268,train,0
149,2821,train,4
149,6786,train,0
149,3829,train,4
149,7033,train,5
149,454,train,1
149,6280,train,3
149,3864,train,0
149,5770,train,8
149,5066,train,4
149,819,train,7
149,5020,train,4
149,5277,train,6
149,5086,train,3
149,4461,train,2
149,5737,train,9
149,6528,train,8
149,4627,train,8
149,2413,train,7
149,5523,train,4
149,3172,train,5
149,1959,train,7
149,7257,train,2
149,3883,train,8
149,4712,train,9
149,6530,train,9
149,461,train,0
149,80,train,6
149,2920,train,0
149,5191,train,8
149,2176,train,3
149,7085,train,4
149,6679,train,3
149,2237,train,5
149,3451,train,4
149,3944,train,1
149,5412,train,5
149,3266,train,9
149,6443,train,8
149,1702,train,5
149,5593,train,7
149,4112,train,8
149,6136,train,3
149,4999,train,9
149,6117,train,3
149,781,train,3
149,2289,train,0
149,2734,train,3
149,1888,train,1
149,2112,train,8
149,788,train,5
149,6942,train,6
149,1237,train,3
149,4350,train,3
149,7317,train,7
149,2548,train,4
149,6010,train,2
149,5509,train,6
149,2404,train,4
149,2690,train,2
149,1551,train,5
149,7074,train,0
149,2526,train,2
149,4203,train,3
149,6026,train,3
149,7062,train,1
149,5290,train,8
149,2849,train,2
149,5327,train,9
149,7345,train,2
149,5467,train,9
149,7238,train,7
149,4554,train,6
149,3247,train,8
149,5029,train,3
149,5400,train,5
149,3634,train,9
149,825,train,3
149,5445,train,5
149,4087,train,8
149,198,train,6
149,200,train,8
149,5161,train,2
149,6627,train,6
149,2635,train,3
149,3607,train,5
149,2290,train,7
149,2204,train,4
149,3429,train,1
149,2070,train,9
149,1390,train,7
149,4498,train,2
149,6696,train,3
149,5466,train,6
149,4980,train,6
149,2511,train,7
149,6154,train,3
149,3396,train,3
149,6317,train,1
149,6044,train,6
149,4156,train,7
149,5143,train,5
149,129,train,9
149,3292,train,4
149,5665,train,4
149,1739,train,0
149,2254,train,0
149,5631,train,2
149,4435,train,0
149,6458,train,0
149,5921,train,1
149,1939,train,5
149,6025,train,8
149,6716,train,7
149,89,train,0
149,1518,train,4
149,2199,train,1
149,2606,train,4
149,3595,train,6
149,4243,train,2
149,1235,train,2
149,2898,train,7
149,3327,train,7
149,3698,train,0
149,1360,train,0
149,5209,train,3
149,4690,train,2
149,3746,train,8
149,4764,train,5
149,5690,train,7
149,107,train,4
149,5819,train,1
149,622,train,7
149,5723,train,4
149,526,train,7
149,5732,train,7
149,3842,train,5
149,7242,train,3
149,1743,train,7
149,3047,train,4
149,6437,train,1
149,7286,train,7
149,280,train,7
149,5253,train,1
149,1929,train,8
149,6887,train,9
149,6040,train,4
149,5031,train,4
149,4374,train,6
149,4258,train,9
149,1500,train,3
149,1717,train,6
149,4016,train,5
149,3265,train,7
149,2346,train,5
149,6853,train,8
149,6605,train,6
149,964,train,3
149,882,train,0
149,6422,train,9
149,342,train,2
149,4587,train,6
149,7259,train,4
149,4294,train,0
149,1174,train,1
149,6478,train,5
149,407,train,8
149,6878,train,1
149,1178,train,1
149,213,train,3
149,3330,train,9
149,753,train,2
149,3773,train,4
149,5534,train,0
149,5473,train,6
149,5121,train,9
149,3328,train,2
149,5835,train,8
149,2261,train,9
149,6945,train,6
149,278,train,8
149,2094,train,9
149,4359,train,5
149,38,train,8
149,3314,train,1
149,6190,train,6
149,7297,train,5
149,1281,train,9
149,722,train,5
149,297,train,7
149,6380,train,6
149,2903,train,8
149,4979,train,8
149,1318,train,6
149,758,train,0
149,1861,train,9
149,4961,train,3
149,4887,train,4
149,4370,train,5
149,6347,train,2
149,2740,train,5
149,5042,train,3
149,445,train,8
149,251,train,0
149,2429,train,2
149,7216,train,6
149,1587,train,8
149,1766,train,4
149,5364,train,0
149,786,train,8
149,5382,train,6
149,452,train,4
149,160,train,0
149,2444,train,9
149,6243,train,8
149,5516,train,8
149,523,train,6
149,1254,train,3
149,4714,train,7
149,4356,train,6
149,2766,train,0
149,7196,train,9
149,3110,train,6
149,5333,train,6
149,2020,train,9
149,5228,train,2
149,5108,train,9
149,7036,train,2
149,4291,train,7
149,1396,train,9
149,5557,train,1
149,4884,train,9
149,5687,train,4
149,3390,train,6
149,4307,train,1
149,2637,train,9
149,5441,train,6
149,6273,train,0
149,2039,train,2
149,6915,train,3
149,4458,train,0
149,4711,train,4
149,1285,train,9
149,3347,train,4
149,1792,train,9
149,4639,train,0
149,3151,train,3
149,4681,train,2
149,5376,train,9
149,1218,train,1
149,4610,train,1
149,3360,train,6
149,2086,train,2
149,3886,train,1
149,5563,train,2
149,1398,train,2
149,2343,train,6
149,2926,train,9
149,6006,train,2
149,1775,train,8
149,2462,train,7
149,1571,train,7
149,1646,train,2
149,2671,train,6
149,988,train,2
149,4034,train,4
149,1165,train,6
149,1270,train,1
149,4119,train,3
149,4014,train,7
149,6053,train,5
149,5203,train,1
149,3605,train,1
149,7128,train,6
149,6223,train,9
149,3814,train,9
149,1531,train,9
149,4141,train,4
149,6202,train,0
149,887,train,5
149,1102,train,7
149,2348,train,1
149,36,train,7
149,1384,train,4
149,291,train,3
149,4012,train,0
149,4313,train,3
149,4605,train,2
149,4476,train,0
149,508,train,8
149,6486,train,6
149,5392,train,9
149,6534,train,4
149,2517,train,2
149,1192,train,5
149,2158,train,2
149,6825,train,7
149,6234,train,2
149,3087,train,7
149,4631,train,4
149,4209,train,6
149,4556,train,2
149,7172,train,8
149,697,train,9
149,120,train,9
149,2174,train,1
149,3234,train,9
149,2003,train,2
149,5006,train,4
149,1126,train,6
149,1005,train,6
149,3198,train,5
149,4135,train,9
149,4853,train,4
149,2048,train,4
149,6460,train,5
149,3416,train,1
149,4388,train,4
149,163,train,5
149,5044,train,4
149,4863,train,5
149,3,train,1
149,4205,train,3
149,6982,train,5
149,35,train,8
149,3377,train,4
149,3461,train,9
149,2451,train,9
149,3778,train,0
149,6366,train,1
149,4460,train,3
149,2242,train,6
149,3544,train,6
149,5315,train,9
149,6693,train,2
149,3118,train,1
149,1674,train,8
149,6567,train,8
149,4160,train,0
149,5837,train,8
149,540,train,0
149,7063,train,3
149,3906,train,9
149,715,train,4
149,6633,train,6
149,1651,train,5
149,4800,train,2
149,2883,train,4
149,1017,train,7
149,3364,train,4
149,2778,train,3
149,4063,train,2
149,5596,train,5
149,2985,train,0
149,1116,train,0
149,5003,train,0
149,2716,train,7
149,3900,train,0
149,1161,train,9
149,6163,train,8
149,6122,train,3
149,1918,train,4
149,5181,train,6
149,318,train,7
149,634,train,7
149,673,train,1
149,674,train,9
149,2996,train,2
149,4102,train,1
149,3165,train,3
149,2274,train,1
149,5656,train,4
149,2775,train,3
149,2986,train,4
149,5106,train,4
149,6153,train,0
149,6076,train,6
149,7030,train,8
149,4067,train,5
149,1903,train,3
149,519,train,0
149,4910,train,7
149,4744,train,6
149,17,train,2
149,816,train,8
149,1940,train,3
149,6975,train,6
149,3988,train,3
149,4505,train,9
149,1797,train,1
149,1856,train,9
149,4022,train,0
149,6936,train,4
149,2719,train,7
149,2623,train,7
149,6573,train,9
149,6556,train,2
149,1472,train,0
149,4750,train,8
149,1507,train,8
149,7346,train,8
149,2249,train,4
149,7034,train,9
149,6804,train,5
149,5331,train,6
149,7161,train,9
149,1631,train,9
149,282,train,7
149,3614,train,6
149,6803,train,1
149,6018,train,5
149,5424,train,5
149,3928,train,1
149,3689,train,2
149,3823,train,0
149,1359,train,0
149,2749,train,9
149,3648,train,6
149,4532,train,6
149,3008,train,2
149,892,train,7
149,1168,train,7
149,1594,train,9
149,1729,train,8
149,6762,train,2
149,295,train,5
149,4541,train,9
149,1155,train,2
149,5347,train,7
149,6880,train,5
149,4305,train,8
149,6758,train,1
149,5586,train,6
149,3318,train,9
149,7258,train,8
149,492,train,9
149,3975,train,4
149,3111,train,0
149,6889,train,7
149,6406,train,3
149,2519,train,4
149,1489,train,6
149,1463,train,5
149,2357,train,8
149,5796,train,0
149,2653,train,1
149,5484,train,5
149,7202,train,1
149,543,train,9
149,2098,train,5
149,2827,train,1
149,1564,train,6
149,3694,train,1
149,6600,train,0
149,1404,train,6
149,6385,train,1
149,1216,train,9
149,6775,train,0
149,5542,train,5
149,563,train,1
149,4912,train,6
149,1478,train,5
149,3372,train,4
149,5038,train,6
149,4120,train,8
149,2828,train,4
149,5857,train,7
149,6231,train,3
149,1323,train,8
149,6287,train,1
149,2334,train,4
149,1949,train,0
149,6173,train,2
149,5624,train,8
149,6114,train,0
149,1019,train,7
149,6909,train,6
149,6817,train,2
149,4898,train,8
149,5169,train,5
149,5332,train,1
149,2453,train,0
149,393,train,3
149,2588,train,0
149,5389,train,5
149,3629,train,5
149,5913,train,5
149,7002,train,8
149,1416,train,3
149,5878,train,0
149,3305,train,9
149,6506,train,5
149,5608,train,9
149,5846,train,0
149,1611,train,3
149,7219,train,0
149,4292,train,3
149,1653,train,5
149,93,train,4
149,2191,train,9
149,678,train,2
149,4230,train,5
149,608,train,6
149,254,train,3
149,6113,train,5
149,4052,train,6
149,3739,train,4
149,3844,train,2
149,219,train,7
149,4277,train,0
149,918,train,7
149,1591,train,2
149,3554,train,2
149,2171,train,3
149,1391,train,2
149,4503,train,9
149,3545,train,8
149,1077,train,4
149,3275,train,9
149,1014,train,8
149,679,train,4
149,4214,train,0
149,5442,train,8
149,3952,train,5
149,5170,train,5
149,5245,train,7
149,1609,train,6
149,5210,train,6
149,3269,train,9
149,5082,train,8
149,4954,train,0
149,1749,train,2
149,2457,train,5
149,3374,train,2
149,6045,train,6
149,1423,train,6
149,3708,train,6
149,6067,train,3
149,564,train,9
149,3543,train,7
149,7154,train,9
149,6713,train,9
149,6977,train,7
149,6847,train,0
149,3612,train,1
149,5291,train,6
149,4904,train,8
149,26,train,2
149,4626,train,4
149,703,train,4
149,4741,train,7
149,4510,train,5
149,406,train,7
149,2091,train,0
149,3867,train,5
149,1159,train,7
149,6125,train,0
149,2607,train,4
149,5753,train,5
149,728,train,5
149,3490,train,6
149,3319,train,7
149,5636,train,0
149,7366,train,6
149,5497,train,9
149,5993,train,3
149,3513,train,0
149,260,train,9
149,4094,train,5
149,6953,train,8
149,185,train,1
149,4617,train,8
149,1957,train,3
149,6174,train,5
149,7228,train,4
149,21,train,7
149,3961,train,2
149,4274,train,3
149,7311,train,3
149,6358,train,3
149,1527,train,0
149,6434,train,7
149,4009,train,5
149,2868,train,3
149,1550,train,7
149,6719,train,7
149,6949,train,0
149,4701,train,4
149,5155,train,6
149,792,train,1
149,3241,train,2
149,7134,train,7
149,311,train,5
149,823,train,0
149,920,train,5
149,4925,train,1
149,541,train,6
149,6292,train,8
149,5684,train,4
149,5981,train,0
149,4654,train,8
149,3149,train,5
149,5197,train,6
149,2097,train,2
149,2506,train,5
149,2230,train,8
149,6882,train,4
149,5185,train,3
149,5358,train,8
149,5932,train,6
149,1097,train,8
149,1912,train,2
149,2438,train,4
149,6068,train,6
149,2285,train,5
149,5457,train,8
149,5188,train,4
149,2943,train,2
149,6400,train,2
149,6590,train,4
149,4463,train,9
149,4030,train,6
149,7200,train,4
149,6240,train,8
149,3599,train,2
149,6635,train,1
149,3745,train,7
149,2884,train,7
149,1383,train,8
149,6493,train,7
149,6974,train,7
149,2329,train,5
149,2108,train,7
149,5402,train,2
149,6973,train,5
149,1474,train,4
149,5706,train,2
149,5052,train,0
149,4971,train,9
149,4856,train,2
149,748,train,8
149,6148,train,2
149,6361,train,8
149,5357,train,5
149,7220,train,7
149,1405,train,7
149,4845,train,2
149,4259,train,7
149,3423,train,3
149,4044,train,5
149,6559,train,0
149,1530,train,7
149,1764,train,2
149,5236,train,0
149,5307,train,5
149,5972,train,7
149,2258,train,2
149,1199,train,0
149,1317,train,0
149,5414,train,6
149,1592,train,3
149,2229,train,0
149,6723,train,3
149,3222,train,4
149,6019,train,6
149,2380,train,1
149,1232,train,2
149,3462,train,9
149,4386,train,7
149,3763,train,0
149,4025,train,4
149,1817,train,0
149,1180,train,5
149,4039,train,8
149,7224,train,5
149,4685,train,7
149,5866,train,7
149,6156,train,1
149,261,train,7
149,752,train,5
149,3302,train,4
149,2911,train,7
149,2862,train,0
149,7335,train,4
149,2545,train,5
149,6560,train,0
149,6115,train,4
149,4946,train,8
149,848,train,1
149,5738,train,8
149,6269,train,6
149,3472,train,6
149,6734,train,4
149,6935,train,5
149,509,train,7
149,4534,train,7
149,6356,train,2
149,2995,train,4
149,4198,train,6
149,3092,train,7
149,3074,train,0
149,5634,train,2
149,3825,train,9
149,7042,train,2
149,2437,train,0
149,5321,train,0
149,6394,train,2
149,7116,train,9
149,4145,train,5
149,946,train,9
149,6011,train,2
149,6020,train,9
149,4564,train,3
149,5949,train,6
149,2362,train,3
149,611,train,1
149,638,train,1
149,231,train,8
149,3609,train,4
149,6041,train,7
149,5977,train,7
149,199,train,0
149,4462,train,2
149,617,train,4
149,181,train,2
149,4283,train,5
149,1927,train,1
149,2466,train,5
149,1707,train,3
149,5654,train,9
149,1350,train,4
149,5302,train,0
149,4033,train,8
149,780,train,8
149,900,train,1
149,2243,train,2
149,3134,train,2
149,4310,train,1
149,1642,train,3
149,5538,train,1
149,6432,train,8
149,2820,train,6
149,4317,train,1
149,4567,train,1
149,830,train,4
149,409,train,2
149,2347,train,0
149,4595,train,7
149,2703,train,3
149,1568,train,1
149,4403,train,7
149,4446,train,1
149,4967,train,1
149,6295,train,3
149,1906,train,9
149,6570,train,0
149,1144,train,0
149,3655,train,1
149,1290,train,2
149,4611,train,0
149,1584,train,8
149,2504,train,4
149,131,train,0
149,3345,train,3
149,3464,train,0
149,4323,train,2
149,6351,train,9
149,2370,train,5
149,3159,train,5
149,5879,train,8
149,5225,train,9
149,2910,train,8
149,6760,train,5
149,527,train,9
149,2415,train,3
149,6599,train,7
149,4524,train,1
149,1050,train,5
149,3180,train,2
149,2454,train,8
149,3552,train,8
149,1889,train,2
149,5120,train,2
149,4754,train,3
149,6676,train,4
149,6096,train,9
149,3144,train,9
149,5659,train,0
149,6507,train,9
149,1142,train,1
149,6634,train,8
149,3511,train,5
149,1778,train,4
149,4417,train,8
149,1309,train,6
149,4897,train,8
149,5271,train,4
149,5061,train,2
149,6137,train,4
149,7182,train,9
149,2104,train,2
149,1138,train,1
149,5958,train,2
149,53,train,5
149,4168,train,4
149,7296,train,4
149,2252,train,4
149,7249,train,2
149,5200,train,8
149,1999,train,3
149,5694,train,6
149,385,train,3
149,5100,train,6
149,67,train,2
149,2245,train,9
149,58,train,2
149,2508,train,4
149,3173,train,5
149,4050,train,6
149,6976,train,9
149,4125,train,2
149,5733,train,8
149,4585,train,1
149,6699,train,1
149,6134,train,5
149,2087,train,8
149,6069,train,5
149,4223,train,4
149,1319,train,3
149,6731,train,4
149,1440,train,2
149,3393,train,1
149,5880,train,6
149,2131,train,5
149,5025,train,4
149,85,train,2
149,6107,train,5
149,2582,train,4
149,4296,train,5
149,4905,train,7
149,1540,train,2
149,5493,train,9
149,5018,train,0
149,4956,train,5
149,1753,train,0
149,1209,train,5
149,5133,train,7
149,6413,train,7
149,3044,train,8
149,1516,train,0
149,1306,train,7
149,4327,train,1
149,3181,train,9
149,1377,train,4
149,4348,train,6
149,4288,train,1
149,1810,train,1
149,3985,train,7
149,6712,train,0
149,799,train,5
149,453,train,5
149,4133,train,6
149,969,train,5
149,2377,train,4
149,469,train,9
149,2364,train,9
149,3541,train,4
149,6124,train,8
149,2198,train,4
149,4937,train,3
149,3909,train,1
149,2696,train,9
149,1120,train,8
149,31,train,5
149,7162,train,4
149,4414,train,6
149,5805,train,5
149,3887,train,5
149,2846,train,4
149,3085,train,9
149,4891,train,0
149,2581,train,2
149,7362,train,8
149,3940,train,9
149,1760,train,1
149,992,train,0
149,2949,train,8
149,1046,train,3
149,6087,train,8
149,6844,train,5
149,100,train,2
149,4186,train,0
149,4017,train,0
149,5160,train,9
149,1539,train,5
149,3715,train,1
149,4535,train,6
149,5717,train,3
149,3170,train,3
149,961,train,6
149,4755,train,3
149,4018,train,9
149,1922,train,7
149,724,train,8
149,4337,train,4
149,1983,train,0
149,4731,train,3
149,1808,train,7
149,6770,train,2
149,6797,train,0
149,7071,train,0
149,4576,train,8
149,6102,train,0
149,1629,train,7
149,435,train,2
149,711,train,1
149,4293,train,9
149,5383,train,2
149,3572,train,1
149,4099,train,6
149,4558,train,0
149,6337,train,6
149,5024,train,3
149,3498,train,9
149,4676,train,1
149,2378,train,9
149,2055,train,4
149,4013,train,1
149,3212,train,1
149,3849,train,2
149,6209,train,8
149,4952,train,7
149,498,train,8
149,4054,train,1
149,5744,train,6
149,2798,train,6
149,5137,train,7
149,2083,train,8
149,2973,train,8
149,2725,train,0
149,4982,train,7
149,1494,train,3
149,4188,train,9
149,2672,train,4
149,4319,train,9
149,4768,train,1
149,5954,train,7
149,4911,train,3
149,677,train,1
149,1038,train,2
149,2305,train,7
149,982,train,3
149,7305,train,3
149,1936,train,3
149,3331,train,6
149,881,train,4
149,598,train,0
149,7169,train,5
149,2994,train,8
149,5098,train,9
149,3399,train,5
149,7086,train,8
149,6753,train,2
149,1742,train,1
149,2619,train,2
149,4079,train,4
149,6270,train,2
149,3155,train,5
149,5750,train,0
149,897,train,4
149,3990,train,4
149,4152,train,0
149,5959,train,6
149,2718,train,6
149,2145,train,1
149,1471,train,3
149,4415,train,1
149,2375,train,0
149,6581,train,0
149,5595,train,0
149,2156,train,2
149,5725,train,8
149,2291,train,2
149,6260,train,0
149,1654,train,6
149,497,train,4
149,4202,train,5
149,5067,train,1
149,1801,train,4
149,2332,train,3
149,1869,train,6
149,2280,train,5
149,3700,train,3
149,2161,train,6
149,4191,train,9
149,3805,train,0
149,5705,train,0
149,2124,train,3
149,3421,train,5
149,6957,train,6
149,1015,train,1
149,4903,train,3
149,7252,train,1
149,7231,train,2
149,4819,train,0
149,4916,train,3
149,373,train,7
149,3174,train,1
149,5710,train,4
149,3854,train,4
149,5446,train,1
149,4682,train,2
149,3847,train,0
149,4001,train,4
149,5904,train,5
149,5871,train,7
149,218,train,9
149,6139,train,0
149,5541,train,1
149,1436,train,0
149,3439,train,3
149,1491,train,2
149,1726,train,6
149,595,train,5
149,6593,train,5
149,2142,train,4
149,1637,train,1
149,1479,train,7
149,6946,train,7
149,5544,train,3
149,5417,train,5
149,3696,train,1
149,366,train,3
149,4621,train,8
149,5591,train,2
149,835,train,7
149,4736,train,9
149,6180,train,1
149,5936,train,1
149,499,train,6
149,4516,train,1
149,7076,train,1
149,6129,train,7
149,87,train,6
149,2877,train,7
149,1514,train,9
149,6244,train,7
149,230,train,6
149,1967,train,8
149,5587,train,6
149,5420,train,1
149,4396,train,1
149,4881,train,9
149,989,train,4
149,2239,train,7
149,7312,train,3
149,5047,train,0
149,2231,train,0
149,6684,train,9
149,3277,train,7
149,7255,train,2
149,5352,train,3
149,3218,train,7
149,6648,train,6
149,4821,train,5
149,1137,train,8
149,7281,train,6
149,5863,train,3
149,2228,train,7
149,7295,train,1
149,4345,train,2
149,2733,train,9
149,4788,train,9
149,5724,train,2
149,3443,train,4
149,3201,train,9
149,2859,train,7
149,3227,train,2
149,2627,train,5
149,5386,train,1
149,3678,train,4
149,1258,train,2
149,7309,train,7
149,4921,train,4
149,6093,train,0
149,1283,train,0
149,1682,train,3
149,3030,train,7
149,7331,train,1
149,927,train,0
149,1746,train,2
149,1902,train,0
149,3485,train,1
149,2427,train,2
149,2002,train,6
149,6614,train,3
149,1499,train,0
149,3756,train,2
149,5632,train,6
149,1166,train,3
149,6636,train,5
149,6902,train,7
149,3801,train,9
149,7307,train,1
149,504,train,1
149,2826,train,7
149,734,train,4
149,3197,train,1
149,3780,train,8
149,4281,train,0
149,5606,train,2
149,3446,train,9
149,5543,train,8
149,1123,train,6
149,4862,train,3
149,1241,train,5
149,4353,train,5
149,4088,train,6
149,3851,train,7
149,1013,train,8
149,246,train,8
149,6981,train,7
149,7175,train,0
149,3343,train,2
149,2979,train,4
149,6706,train,7
149,5211,train,3
149,4000,train,7
149,6992,train,5
149,5055,train,9
149,4433,train,7
149,5767,train,1
149,4829,train,8
149,2255,train,5
149,7130,train,2
149,4942,train,9
149,15,train,7
149,5907,train,7
149,3408,train,1
149,5230,train,0
149,5900,train,8
149,1129,train,0
149,5469,train,2
149,1081,train,1
149,5223,train,9
149,1625,train,0
149,5249,train,8
149,4733,train,6
149,2175,train,3
149,981,train,2
149,3831,train,9
149,2468,train,3
149,3807,train,7
149,2484,train,1
149,171,train,4
149,4988,train,1
149,685,train,7
149,2964,train,1
149,4715,train,6
149,6595,train,6
149,4616,train,8
149,4314,train,5
149,3999,train,4
149,3680,train,2
149,1503,train,1
149,5860,train,3
149,5068,train,3
149,3508,train,3
149,6120,train,5
149,3519,train,8
149,7050,train,7
149,2807,train,6
149,5896,train,9
149,1021,train,4
149,2313,train,4
149,6336,train,7
149,3692,train,1
149,2831,train,4
149,3533,train,6
149,3738,train,6
149,5050,train,6
149,2934,train,9
149,6752,train,7
149,2602,train,8
149,1231,train,9
149,606,train,6
149,1091,train,4
149,4934,train,5
149,3711,train,1
149,2729,train,1
149,6033,train,4
149,288,train,1
149,431,train,0
149,3910,train,7
149,2034,train,9
149,2283,train,2
149,2320,train,4
149,2534,train,5
149,5751,train,2
149,6408,train,1
149,5354,train,0
149,7056,train,8
149,4249,train,4
149,5391,train,5
149,3580,train,4
149,2529,train,7
149,4991,train,3
149,4151,train,4
149,4920,train,2
149,5818,train,0
149,6256,train,9
149,4640,train,7
149,6250,train,0
149,106,train,0
149,1125,train,1
149,6543,train,2
149,6717,train,4
149,744,train,5
149,5528,train,4
149,4807,train,4
149,6464,train,5
149,739,train,2
149,314,train,9
149,7164,train,7
149,2244,train,2
149,2133,train,8
149,16,train,2
149,5367,train,7
149,921,train,0
149,3560,train,6
149,6392,train,1
149,6204,train,3
149,1865,train,8
149,4779,train,4
149,4448,train,8
149,4496,train,7
149,5423,train,5
149,846,train,4
149,5478,train,0
149,6565,train,2
149,3656,train,7
149,2790,train,0
149,894,train,2
149,6051,train,6
149,2869,train,1
149,794,train,4
149,3643,train,2
149,5668,train,7
149,839,train,3
149,1506,train,4
149,891,train,3
149,552,train,8
149,3341,train,2
149,1832,train,5
149,699,train,3
149,6429,train,2
149,3098,train,1
149,5943,train,2
149,3636,train,5
149,2155,train,7
149,228,train,3
149,6341,train,9
149,5184,train,2
149,4803,train,7
149,326,train,6
149,4873,train,4
149,1803,train,0
149,6892,train,1
149,1322,train,8
149,6710,train,9
149,4189,train,1
149,1977,train,5
149,6307,train,8
149,994,train,2
149,6166,train,5
149,1193,train,0
149,3796,train,6
149,4995,train,6
149,3361,train,0
149,5628,train,8
149,965,train,1
149,6375,train,1
149,957,train,3
149,539,train,5
149,279,train,4
149,5472,train,7
149,953,train,2
149,1951,train,1
149,4810,train,8
149,2459,train,0
149,6551,train,5
149,4612,train,9
149,5571,train,8
149,354,train,6
149,1304,train,0
149,6095,train,8
149,973,train,3
149,3431,train,0
149,2275,train,1
149,4732,train,9
149,559,train,9
149,995,train,2
149,2185,train,3
149,2887,train,9
149,3366,train,2
149,5239,train,1
149,4236,train,2
149,3594,train,1
149,398,train,8
149,5340,train,1
149,1208,train,2
149,6042,train,4
149,158,train,9
149,7213,train,9
149,2160,train,3
149,1229,train,8
149,1135,train,0
149,1962,train,9
149,6091,train,1
149,69,train,4
149,3931,train,0
149,6883,train,7
149,6961,train,6
149,7068,train,5
149,875,train,7
149,3192,train,0
149,5194,train,1
149,5456,train,4
149,2424,train,5
149,1700,train,6
149,3050,train,0
149,865,train,4
149,3491,train,9
149,1002,train,3
149,2628,train,6
149,5566,train,9
149,3353,train,7
149,3078,train,9
149,4808,train,3
149,5174,train,3
149,5204,train,1
149,6536,train,6
149,1800,train,9
149,1321,train,7
149,2731,train,2
149,6381,train,7
149,3215,train,0
149,3593,train,1
149,5017,train,2
149,5574,train,1
149,6206,train,2
149,5238,train,7
149,5714,train,1
149,235,train,9
149,1678,train,1
149,842,train,6
149,2052,train,7
149,6024,train,5
149,47,train,4
149,6988,train,8
149,6578,train,0
149,545,train,3
149,1725,train,5
149,5537,train,8
149,4669,train,3
149,4110,train,5
149,2777,train,2
149,5890,train,7
149,6462,train,9
149,3727,train,5
149,2266,train,6
149,4650,train,0
149,2833,train,8
149,3653,train,7
149,5072,train,7
149,5060,train,0
149,2972,train,4
149,5088,train,6
149,7206,train,8
149,4579,train,7
149,4065,train,4
149,2840,train,4
149,1703,train,9
149,536,train,4
149,1878,train,3
149,1622,train,9
149,37,train,1
149,5099,train,0
149,3307,train,0
149,3591,train,6
149,6621,train,7
149,760,train,2
149,2745,train,4
149,2649,train,6
149,7105,train,7
149,292,train,6
149,3764,train,2
149,5697,train,5
149,2936,train,3
149,474,train,7
149,5576,train,7
149,5309,train,8
149,3523,train,9
149,4275,train,4
149,2599,train,7
149,5903,train,6
149,1181,train,1
149,7095,train,1
149,6842,train,8
149,2397,train,3
149,5662,train,2
149,375,train,0
149,990,train,5
149,7360,train,4
149,2853,train,9
149,2855,train,4
149,3402,train,5
149,3194,train,4
149,3936,train,4
149,1402,train,8
149,5730,train,0
149,7274,train,3
149,6065,train,4
149,1633,train,8
149,308,train,9
149,4824,train,4
149,4287,train,2
149,372,train,7
149,150,train,7
149,2683,train,5
149,55,train,3
149,6668,train,7
149,2860,train,3
149,5967,train,3
149,987,train,0
149,3811,train,0
149,1373,train,8
149,1224,train,2
149,6141,train,8
149,614,train,3
149,165,train,5
149,4459,train,2
149,6574,train,2
149,1111,train,4
149,3310,train,0
149,6463,train,9
149,7121,train,1
149,2342,train,0
149,4246,train,5
149,7324,train,8
149,4783,train,7
149,5390,train,1
149,5927,train,5
149,5124,train,5
149,6286,train,5
149,6133,train,3
149,206,train,3
149,4604,train,1
149,3559,train,5
149,4953,train,7
149,6028,train,2
149,4840,train,7
149,1016,train,7
149,1520,train,6
149,4680,train,7
149,3948,train,6
149,4907,train,0
149,579,train,5
149,6318,train,2
149,2660,train,1
149,3516,train,9
149,7277,train,2
149,1604,train,7
149,2753,train,1
149,5026,train,9
149,2178,train,2
149,4333,train,8
149,1665,train,1
149,6948,train,2
149,5322,train,6
149,2349,train,0
149,4131,train,6
149,1704,train,3
149,6588,train,0
149,133,train,7
149,7270,train,3
149,5030,train,1
149,6650,train,7
149,4254,train,4
149,5468,train,5
149,7320,train,2
149,5585,train,9
149,104,train,2
149,5308,train,8
149,6927,train,6
149,4722,train,3
149,458,train,7
149,624,train,1
149,2940,train,5
149,2196,train,2
149,1812,train,1
149,3576,train,6
149,6326,train,2
149,2084,train,4
149,3200,train,8
149,7326,train,1
149,1305,train,7
149,6776,train,7
149,7142,train,3
149,5715,train,0
149,6514,train,7
149,2970,train,3
149,6075,train,1
149,5485,train,9
149,6461,train,5
149,4232,train,4
149,2396,train,4
149,3251,train,6
149,914,train,8
149,1664,train,9
149,3471,train,2
149,1989,train,7
149,475,train,2
149,3718,train,9
149,6904,train,1
149,98,train,8
149,6609,train,9
149,4105,train,8
149,5353,train,3
149,2746,train,0
149,1982,train,9
149,4914,train,4
149,122,train,5
149,5726,train,0
149,6624,train,2
149,3919,train,8
149,1899,train,7
149,7159,train,3
149,412,train,3
149,2157,train,7
149,1441,train,1
149,5045,train,7
149,1787,train,5
149,2913,train,4
149,1188,train,4
149,6985,train,3
149,207,train,5
149,4963,train,4
149,1697,train,5
149,193,train,2
149,5831,train,8
149,140,train,0
149,6690,train,7
149,3575,train,0
149,3169,train,5
149,4178,train,4
149,4183,train,3
149,4075,train,9
149,4623,train,0
149,6937,train,7
149,1636,train,3
149,5139,train,3
149,5984,train,0
149,3202,train,8
149,2061,train,6
149,4518,train,1
149,3704,train,2
149,5848,train,7
149,4765,train,6
149,4500,train,0
149,790,train,7
149,2128,train,2
149,7160,train,1
149,824,train,3
149,6864,train,1
149,695,train,1
149,6002,train,4
149,746,train,2
149,1578,train,3
149,401,train,8
149,5016,train,7
149,2134,train,5
149,1731,train,5
149,2933,train,3
149,3185,train,9
149,1293,train,2
149,5605,train,3
149,3995,train,6
149,2944,train,9
149,1354,train,1
149,5693,train,6
149,168,train,7
149,4752,train,9
149,1757,train,9
149,4092,train,8
149,971,train,9
149,6509,train,4
149,5953,train,7
149,2662,train,2
149,2197,train,1
149,2382,train,9
149,3786,train,9
149,4335,train,6
149,4966,train,5
149,2372,train,5
149,1811,train,2
149,1916,train,6
149,3384,train,0
149,5258,train,9
149,3323,train,0
149,5775,train,5
149,5284,train,8
149,3712,train,6
149,4801,train,5
149,6022,train,7
149,3684,train,2
149,4114,train,4
149,5919,train,0
149,4950,train,2
149,7256,train,2
149,3958,train,9
149,6444,train,7
149,1152,train,1
149,7013,train,7
149,5577,train,0
149,3706,train,6
149,6890,train,4
149,4373,train,5
149,5458,train,4
149,5437,train,0
149,6538,train,7
149,3550,train,0
149,2751,train,3
149,3816,train,5
149,1924,train,0
149,111,train,3
149,5381,train,9
149,5398,train,1
149,114,train,8
149,1529,train,2
149,1023,train,5
149,6121,train,3
149,4284,train,3
149,6334,train,6
149,2969,train,2
149,1184,train,4
149,2182,train,7
149,4338,train,8
149,3196,train,0
149,5078,train,5
149,5935,train,4
149,7070,train,8
149,341,train,3
149,5970,train,6
149,4723,train,8
149,6222,train,4
149,433,train,2
149,3139,train,7
149,6253,train,0
149,5951,train,5
149,2538,train,9
149,5926,train,4
149,4436,train,1
149,5757,train,2
149,1202,train,0
149,3056,train,5
149,6891,train,9
149,4100,train,0
149,2802,train,9
149,7126,train,3
149,237,train,0
149,6147,train,9
149,3912,train,2
149,119,train,3
149,2395,train,4
149,762,train,1
149,7054,train,0
149,2772,train,9
149,4882,train,2
149,7233,train,3
149,4847,train,7
149,1799,train,7
149,1596,train,0
149,450,train,5
149,4477,train,7
149,2165,train,8
149,421,train,8
149,4309,train,2
149,3668,train,2
149,4047,train,8
149,5254,train,7
149,2371,train,3
149,3623,train,5
149,2678,train,8
149,2296,train,1
149,6855,train,5
149,4817,train,3
149,1294,train,6
149,7179,train,8
149,3306,train,8
149,4416,train,1
149,6861,train,4
149,750,train,3
149,4393,train,3
149,5110,train,7
149,853,train,5
149,4742,train,8
149,7082,train,7
149,757,train,3
149,3980,train,7
149,4038,train,0
149,5529,train,5
149,3494,train,2
149,4545,train,2
149,5063,train,0
149,2418,train,0
149,4926,train,6
149,1117,train,6
149,7186,train,3
149,1748,train,2
149,3231,train,3
149,3794,train,6
149,6722,train,3
149,3122,train,8
149,2192,train,2
149,289,train,5
149,5834,train,4
149,4530,train,1
149,1191,train,4
149,2817,train,4
149,5531,train,5
149,5432,train,2
149,7229,train,5
149,3119,train,4
149,510,train,3
149,1829,train,0
149,3378,train,1
149,3016,train,0
149,300,train,2
149,2892,train,5
149,1669,train,4
149,5205,train,6
149,2062,train,4
149,1079,train,8
149,6900,train,0
149,1367,train,2
149,911,train,4
149,2272,train,2
149,7275,train,1
149,5709,train,9
149,3449,train,8
149,4985,train,9
149,466,train,7
149,6192,train,3
149,4487,train,4
149,2771,train,8
149,1582,train,1
149,2701,train,4
149,5905,train,6
149,2857,train,0
149,4573,train,7
149,1327,train,4
149,411,train,8
149,5511,train,6
149,2870,train,5
149,5741,train,9
149,1263,train,4
149,457,train,4
149,4172,train,7
149,6956,train,6
149,2209,train,0
149,5630,train,1
149,6252,train,4
149,2482,train,9
149,4557,train,5
149,2550,train,6
149,4036,train,6
149,6926,train,4
149,3278,train,6
149,5639,train,8
149,5350,train,4
149,7037,train,2
149,3285,train,1
149,7031,train,4
149,2271,train,1
149,2656,train,1
149,456,train,5
149,2614,train,4
149,669,train,7
149,1606,train,4
149,4334,train,6
149,3938,train,4
149,5117,train,6
149,2763,train,9
149,4716,train,3
149,3918,train,7
149,2962,train,5
149,6788,train,9
149,3217,train,3
149,6994,train,4
149,70,train,8
149,2686,train,6
149,1103,train,1
149,4004,train,1
149,5517,train,5
149,2324,train,3
149,1883,train,6
149,2879,train,9
149,472,train,3
149,188,train,6
149,363,train,8
149,5454,train,7
149,2532,train,1
149,2022,train,0
149,827,train,7
149,6340,train,2
149,4381,train,0
149,4447,train,0
149,6203,train,9
149,4844,train,0
149,723,train,6
149,6345,train,1
149,3597,train,8
149,1451,train,0
149,4473,train,4
149,299,train,8
149,6808,train,6
149,1164,train,8
149,4657,train,8
149,4486,train,1
149,1850,train,5
149,4609,train,7
149,6423,train,5
149,1905,train,3
149,893,train,5
149,3081,train,4
149,1047,train,4
149,277,train,3
149,1205,train,6
149,4828,train,0
149,2579,train,5
149,898,train,5
149,6836,train,1
149,2246,train,0
149,4297,train,5
149,3486,train,5
149,809,train,8
149,633,train,9
149,2205,train,5
149,3846,train,5
149,2358,train,3
149,505,train,6
149,1386,train,7
149,6265,train,6
149,65,train,0
149,4470,train,4
149,3926,train,4
149,6587,train,6
149,482,train,0
149,3826,train,0
149,3587,train,9
149,5064,train,7
149,1265,train,3
149,5363,train,8
149,5768,train,6
149,3009,train,5
149,7006,train,0
149,6320,train,3
149,1201,train,5
149,377,train,6
149,6875,train,4
149,6661,train,8
149,5658,train,9
149,6214,train,6
149,984,train,8
149,2410,train,6
149,2493,train,4
149,7247,train,6
149,783,train,2
149,7018,train,8
149,4973,train,7
149,1656,train,0
149,5504,train,7
149,2056,train,6
149,3211,train,9
149,3804,train,2
149,1620,train,7
149,1392,train,6
149,6598,train,5
149,5822,train,0
149,7173,train,1
149,931,train,7
149,6893,train,6
149,4643,train,7
149,7038,train,5
149,2774,train,5
149,4158,train,1
149,1791,train,7
149,6833,train,0
149,3137,train,7
149,1723,train,2
149,3315,train,1
149,2331,train,9
149,3884,train,7
149,5226,train,9
149,7047,train,1
149,4194,train,1
149,4109,train,0
149,2893,train,1
149,1086,train,6
149,1,train,3
149,2788,train,7
149,4760,train,9
149,7323,train,3
149,5721,train,2
149,6098,train,6
149,6324,train,7
149,3183,train,9
149,6831,train,6
149,2278,train,9
149,4268,train,5
149,6402,train,4
149,7336,train,7
149,5195,train,0
149,6332,train,3
149,4931,train,8
149,2425,train,5
149,6549,train,4
149,5849,train,0
149,1493,train,6
149,500,train,2
149,6670,train,9
149,3616,train,6
149,2915,train,8
149,1296,train,6
149,3398,train,6
149,6678,train,5
149,5569,train,9
149,6826,train,3
149,2580,train,5
149,28,train,3
149,1115,train,3
149,3385,train,5
149,3007,train,0
149,1094,train,4
149,1203,train,7
149,5638,train,6
149,3728,train,6
149,4796,train,9
149,4177,train,1
149,7358,train,1
149,2363,train,3
149,2886,train,4
149,1839,train,0
149,2350,train,6
149,1171,train,4
149,2899,train,0
149,5980,train,4
149,4705,train,2
149,5176,train,6
149,6004,train,0
149,6157,train,8
149,7203,train,3
149,5990,train,4
149,1190,train,9
149,2997,train,6
149,343,train,8
149,2998,train,4
149,5092,train,6
149,124,train,9
149,7098,train,5
149,7096,train,7
149,2667,train,2
149,1175,train,4
149,4199,train,1
149,4598,train,4
149,4919,train,4
149,4645,train,8
149,1378,train,0
149,1261,train,6
149,2974,train,2
149,102,train,3
149,1052,train,2
149,2489,train,5
149,2692,train,0
149,395,train,3
149,6199,train,9
149,1484,train,5
149,2948,train,5
149,5267,train,9
149,2010,train,8
149,6515,train,7
149,5685,train,6
149,4592,train,3
149,7342,train,4
149,7276,train,9
149,6298,train,4
149,1412,train,7
149,561,train,0
149,4026,train,3
149,3800,train,3
149,3852,train,2
149,3848,train,1
149,4377,train,8
149,1575,train,5
149,328,train,6
149,5046,train,4
149,7214,train,5
149,1365,train,3
149,3493,train,1
149,7350,train,2
149,6874,train,9
149,4073,train,6
149,4759,train,8
149,5615,train,1
149,6061,train,9
149,420,train,1
149,3250,train,0
149,5778,train,5
149,3987,train,7
149,2702,train,5
149,5646,train,2
149,6055,train,5
149,5076,train,3
149,1089,train,0
149,3633,train,4
149,4689,train,9
149,381,train,3
149,2842,train,0
149,4641,train,7
149,1807,train,9
149,929,train,7
149,5992,train,9
149,5005,train,3
149,2632,train,7
149,1515,train,6
149,1074,train,5
149,6316,train,0
149,4590,train,5
149,2866,train,4
149,227,train,5
149,751,train,7
149,2732,train,6
149,6483,train,4
149,2655,train,3
149,1870,train,7
149,3457,train,3
149,3974,train,7
149,1754,train,5
149,1406,train,0
149,2961,train,0
149,88,train,5
149,404,train,6
149,223,train,3
149,2551,train,9
149,797,train,1
149,1964,train,8
149,6494,train,5
149,2525,train,6
149,5649,train,9
149,3702,train,5
149,2682,train,8
149,1765,train,5
149,6278,train,7
149,3283,train,1
149,1009,train,5
149,2154,train,1
149,2121,train,5
149,5761,train,1
149,1497,train,9
149,6950,train,0
149,2040,train,4
149,4996,train,3
149,4547,train,4
149,4586,train,6
149,2095,train,0
149,470,train,6
149,7283,train,6
149,4285,train,7
149,6850,train,5
149,5708,train,6
149,1134,train,9
149,1695,train,8
149,5895,train,1
149,5036,train,4
149,1776,train,1
149,4841,train,2
149,4456,train,6
149,4870,train,0
149,2207,train,3
149,5594,train,6
149,290,train,5
149,6905,train,1
149,1104,train,8
149,1909,train,1
149,2101,train,7
149,3223,train,6
149,4031,train,0
149,3514,train,4
149,2658,train,2
149,6532,train,1
149,3880,train,3
149,999,train,1
149,3729,train,9
149,4933,train,0
149,3570,train,8
149,264,train,4
149,6898,train,9
149,6537,train,9
149,3029,train,3
149,346,train,1
149,5201,train,2
149,2629,train,1
149,3142,train,8
149,7338,train,9
149,2351,train,0
149,6652,train,3
149,7327,train,2
149,2618,train,4
149,5735,train,7
149,5406,train,0
149,7170,train,0
149,7308,train,2
149,2752,train,1
149,1538,train,3
149,755,train,0
149,6,train,7
149,2455,train,3
149,3300,train,6
149,2033,train,0
149,661,train,3
149,1945,train,3
149,3502,train,2
149,5667,train,3
149,4629,train,2
149,6527,train,0
149,1277,train,0
149,7139,train,4
149,1638,train,4
149,6349,train,1
149,6820,train,1
149,1879,train,4
149,6642,train,2
149,477,train,8
149,3415,train,3
149,2383,train,1
149,1042,train,6
149,349,train,1
149,3032,train,5
149,5462,train,9
149,5556,train,9
149,5641,validation,6
149,2971,validation,6
149,1093,validation,4
149,6962,validation,2
149,281,validation,2
149,5762,validation,2
149,3797,validation,2
149,0,validation,7
149,4816,validation,0
149,2414,validation,2
149,7066,validation,4
149,414,validation,8
149,6132,validation,3
149,6339,validation,0
149,7049,validation,9
149,5845,validation,0
149,5483,validation,3
149,2177,validation,0
149,1039,validation,3
149,3827,validation,9
149,6523,validation,0
149,2215,validation,6
149,97,validation,8
149,5712,validation,1
149,5513,validation,6
149,4525,validation,8
149,5501,validation,7
149,5554,validation,2
149,738,validation,4
149,3288,validation,5
149,5449,validation,2
149,2330,validation,6
149,585,validation,4
149,234,validation,4
149,3370,validation,6
149,6088,validation,1
149,1985,validation,8
149,2391,validation,7
149,1733,validation,0
149,667,validation,0
149,3373,validation,6
149,1145,validation,5
149,5772,validation,7
149,7166,validation,4
149,4581,validation,9
149,3430,validation,3
149,6866,validation,5
149,6364,validation,5
149,6711,validation,7
149,4945,validation,4
149,5081,validation,8
149,5588,validation,0
149,5261,validation,4
149,761,validation,2
149,3767,validation,5
149,1721,validation,7
149,6220,validation,1
149,5872,validation,8
149,5633,validation,1
149,2100,validation,9
149,71,validation,9
149,515,validation,2
149,4620,validation,2
149,5360,validation,4
149,4826,validation,4
149,5827,validation,0
149,488,validation,0
149,4677,validation,6
149,5085,validation,7
149,5288,validation,0
149,4929,validation,1
149,2153,validation,5
149,5679,validation,6
149,917,validation,4
149,6072,validation,8
149,5547,validation,3
149,167,validation,0
149,1230,validation,9
149,5955,validation,9
149,1880,validation,3
149,6099,validation,1
149,4070,validation,8
149,4465,validation,5
149,486,validation,6
149,986,validation,0
149,4138,validation,9
149,6343,validation,1
149,1434,validation,4
149,294,validation,9
149,1891,validation,7
149,3521,validation,6
149,2785,validation,6
149,127,validation,3
149,698,validation,8
149,6161,validation,3
149,1857,validation,0
149,1881,validation,8
149,3760,validation,5
149,4200,validation,7
149,2837,validation,7
149,656,validation,1
149,5930,validation,6
149,791,validation,2
149,6513,validation,8
149,2608,validation,9
149,2929,validation,2
149,1219,validation,9
149,5009,validation,5
149,5213,validation,0
149,5883,validation,9
149,5229,validation,9
149,3768,validation,4
149,3293,validation,1
149,6201,validation,1
149,3019,validation,4
149,302,validation,4
149,5771,validation,6
149,1316,validation,2
149,1250,validation,7
149,4369,validation,3
149,4019,validation,1
149,546,validation,7
149,2829,validation,8
149,6401,validation,5
149,5889,validation,4
149,1570,validation,4
149,7165,validation,8
149,6283,validation,1
149,3725,validation,2
149,3104,validation,0
149,6479,validation,0
149,6671,validation,7
149,5070,validation,8
149,3001,validation,8
149,3537,validation,4
149,4472,validation,8
149,5619,validation,0
149,6016,validation,2
149,5132,validation,9
149,704,validation,6
149,4548,validation,7
149,4411,validation,8
149,4007,validation,2
149,5314,validation,6
149,3037,validation,2
149,5264,validation,8
149,4053,validation,1
149,4665,validation,4
149,1583,validation,1
149,5536,validation,1
149,7177,validation,4
149,6896,validation,3
149,5881,validation,1
149,6254,validation,7
149,6520,validation,6
149,2057,validation,1
149,2206,validation,9
149,5969,validation,4
149,1840,validation,4
149,6867,validation,5
149,2286,validation,2
149,2512,validation,1
149,6707,validation,7
149,5773,validation,5
149,805,validation,9
149,6990,validation,4
149,2492,validation,7
149,7084,validation,0
149,621,validation,9
149,3133,validation,3
149,2704,validation,5
149,7152,validation,7
149,2076,validation,6
149,7325,validation,6
149,5221,validation,9
149,1794,validation,8
149,1470,validation,3
149,5355,validation,9
149,2361,validation,0
149,7269,validation,3
149,3020,validation,6
149,3873,validation,6
149,3734,validation,4
149,5463,validation,2
149,410,validation,7
149,3506,validation,8
149,2406,validation,9
149,183,validation,3
149,5573,validation,8
149,6127,validation,1
149,4028,validation,1
149,3908,validation,8
149,2420,validation,8
149,1561,validation,2
149,6226,validation,0
149,3916,validation,6
149,5401,validation,8
149,5518,validation,1
149,4578,validation,3
149,6928,validation,4
149,2896,validation,4
149,1816,validation,7
149,2677,validation,1
149,5948,validation,9
149,840,validation,7
149,851,validation,3
149,6100,validation,9
149,6986,validation,0
149,2490,validation,5
149,5095,validation,6
149,2691,validation,1
149,4962,validation,9
149,6643,validation,5
149,2555,validation,7
149,6709,validation,5
149,4418,validation,5
149,2657,validation,2
149,324,validation,0
149,2897,validation,1
149,2461,validation,1
149,1728,validation,6
149,2965,validation,0
149,7194,validation,3
149,423,validation,7
149,4142,validation,3
149,764,validation,3
149,1425,validation,2
149,4139,validation,0
149,3028,validation,1
149,2333,validation,1
149,928,validation,4
149,2695,validation,3
149,7265,validation,5
149,5839,validation,8
149,4761,validation,6
149,2335,validation,7
149,2106,validation,1
149,3383,validation,2
149,1565,validation,3
149,721,validation,5
149,1415,validation,1
149,6996,validation,7
149,5097,validation,2
149,4147,validation,4
149,2806,validation,9
149,4667,validation,3
149,6442,validation,7
149,6516,validation,0
149,2917,validation,6
149,740,validation,7
149,1581,validation,4
149,7316,validation,5
149,3474,validation,1
149,1435,validation,5
149,4660,validation,3
149,1132,validation,8
149,126,validation,5
149,2630,validation,1
149,3182,validation,9
149,4318,validation,5
149,5828,validation,7
149,4880,validation,7
149,4613,validation,2
149,6073,validation,6
149,6168,validation,3
149,1768,validation,5
149,6539,validation,9
149,250,validation,9
149,7053,validation,9
149,2633,validation,4
149,2119,validation,7
149,2723,validation,6
149,6268,validation,1
149,1153,validation,4
149,1847,validation,5
149,209,validation,7
149,2326,validation,4
149,1559,validation,3
149,434,validation,9
149,778,validation,3
149,2262,validation,7
149,2786,validation,2
149,5998,validation,8
149,3971,validation,0
149,7048,validation,7
149,553,validation,8
149,6631,validation,7
149,7094,validation,2
149,2638,validation,1
149,2325,validation,8
149,3583,validation,7
149,6232,validation,3
149,1421,validation,5
149,6603,validation,1
149,5192,validation,2
149,6058,validation,5
149,3042,validation,2
149,5862,validation,8
149,2213,validation,2
149,1990,validation,7
149,4846,validation,6
149,6169,validation,3
149,3695,validation,0
149,4040,validation,3
149,5940,validation,0
149,4379,validation,3
149,717,validation,0
149,3642,validation,1
149,6828,validation,3
149,707,validation,9
149,1118,validation,6
149,3419,validation,6
149,7365,validation,1
149,3282,validation,0
149,5233,validation,3
149,2223,validation,2
149,3621,validation,7
149,1681,validation,7
149,6200,validation,3
149,3210,validation,6
149,6414,validation,3
149,6632,validation,1
149,4438,validation,0
149,7322,validation,1
149,6457,validation,3
149,648,validation,1
149,4864,validation,0
149,796,validation,7
149,1640,validation,7
149,6884,validation,6
149,6496,validation,6
149,5409,validation,9
149,5964,validation,0
149,440,validation,9
149,6929,validation,0
149,1846,validation,6
149,2216,validation,0
149,926,validation,9
149,7290,validation,7
149,4537,validation,8
149,1783,validation,3
149,2445,validation,4
149,236,validation,7
149,5266,validation,2
149,4721,validation,1
149,3881,validation,8
149,3821,validation,5
149,4594,validation,9
149,4420,validation,6
149,3622,validation,8
149,6756,validation,1
149,3750,validation,4
149,2791,validation,3
149,1054,validation,1
149,7023,validation,3
149,7027,validation,8
149,6698,validation,7
149,1200,validation,7
149,161,validation,2
149,1978,validation,6
149,7032,validation,4
149,6032,validation,1
149,5317,validation,3
149,7055,validation,4
149,4273,validation,5
149,1862,validation,1
149,6267,validation,9
149,3356,validation,2
149,3167,validation,0
149,320,validation,2
149,3059,validation,5
149,6225,validation,1
149,5007,validation,8
149,1585,validation,3
149,3224,validation,5
149,7110,validation,6
149,335,validation,1
149,7111,validation,2
149,4562,validation,5
149,1067,validation,3
149,3077,validation,1
149,2279,validation,7
149,4653,validation,8
149,7077,validation,4
149,1541,validation,9
149,710,validation,5
149,5780,validation,4
149,2074,validation,3
149,687,validation,8
149,4361,validation,2
149,5527,validation,1
149,1751,validation,1
149,2120,validation,2
149,5279,validation,2
149,7210,validation,3
149,5275,validation,4
149,1984,validation,4
149,3298,validation,2
149,6872,validation,6
149,3481,validation,1
149,571,validation,6
149,3579,validation,9
149,4923,validation,4
149,7143,validation,2
149,5234,validation,1
149,1616,validation,1
149,4906,validation,8
149,3295,validation,0
149,2930,validation,2
149,3162,validation,5
149,7123,validation,0
149,4538,validation,2
149,3672,validation,7
149,5492,validation,8
149,4951,validation,8
149,5325,validation,3
149,7069,validation,7
149,832,validation,5
149,885,validation,1
149,619,validation,7
149,7260,validation,8
149,1603,validation,5
149,3547,validation,8
149,1615,validation,7
149,5313,validation,2
149,2000,validation,2
149,6150,validation,5
149,5920,validation,5
149,7205,validation,7
149,4098,validation,5
149,7197,validation,9
149,4484,validation,2
149,2163,validation,7
149,3897,validation,8
149,6793,validation,6
149,7361,validation,1
149,1750,validation,5
149,2530,validation,3
149,4344,validation,3
149,3407,validation,8
149,5720,validation,4
149,2476,validation,5
149,5028,validation,7
149,5235,validation,3
149,6135,validation,2
149,6350,validation,2
149,2417,validation,8
149,4354,validation,1
149,5439,validation,2
149,4560,validation,8
149,4201,validation,3
149,2876,validation,3
149,4799,validation,4
149,3972,validation,6
149,4775,validation,2
149,4066,validation,9
149,3859,validation,6
149,3274,validation,9
149,1710,validation,4
149,874,validation,5
149,6502,validation,4
149,1113,validation,0
149,303,validation,0
149,6105,validation,5
149,3951,validation,0
149,3068,validation,0
149,602,validation,2
149,6235,validation,7
149,6993,validation,1
149,2168,validation,2
149,6480,validation,7
149,4078,validation,1
149,1672,validation,9
149,6272,validation,8
149,578,validation,4
149,787,validation,3
149,2449,validation,9
149,4501,validation,4
149,4737,validation,6
149,6080,validation,4
149,3409,validation,9
149,5434,validation,9
149,94,validation,6
149,6726,validation,6
149,5430,validation,1
149,3917,validation,0
149,3808,validation,4
149,1860,validation,0
149,3469,validation,2
149,2500,validation,1
149,1767,validation,6
149,7115,validation,7
149,5436,validation,6
149,4372,validation,9
149,5287,validation,7
149,1814,validation,9
149,5199,validation,4
149,2144,validation,8
149,6747,validation,3
149,2709,validation,8
149,1053,validation,5
149,4383,validation,9
149,5262,validation,8
149,130,validation,3
149,4469,validation,0
149,1836,validation,9
149,5797,validation,4
149,2636,validation,5
149,6561,validation,8
149,7012,validation,9
149,2535,validation,7
149,1997,validation,0
149,3777,validation,1
149,6941,validation,5
149,596,validation,8
149,4693,validation,8
149,5425,validation,8
149,4488,validation,5
149,5785,validation,1
149,5647,validation,4
149,4264,validation,4
149,1825,validation,0
149,2066,validation,2
149,6376,validation,4
149,3355,validation,6
149,1334,validation,9
149,6327,validation,1
149,3571,validation,1
149,4483,validation,8
149,6208,validation,0
149,2978,validation,1
149,4439,validation,7
149,4947,validation,6
149,4706,validation,9
149,6925,validation,9
149,650,validation,9
149,4222,validation,8
149,4713,validation,6
149,4128,validation,0
149,7003,validation,5
149,6384,validation,3
149,3600,validation,9
149,3459,validation,8
149,4171,validation,8
149,3726,validation,7
149,2904,validation,0
149,6328,validation,5
149,6916,validation,6
149,3041,validation,9
149,3055,validation,7
149,4122,validation,9
149,6967,validation,6
149,3368,validation,1
149,5736,validation,7
149,1226,validation,3
149,7279,validation,2
149,3156,validation,2
149,5426,validation,9
149,6745,validation,6
149,3281,validation,9
149,7354,validation,4
149,1299,validation,7
149,944,validation,6
149,268,validation,5
149,6673,validation,1
149,6511,validation,6
149,6391,validation,7
149,4271,validation,9
149,6585,validation,8
149,5798,validation,7
149,5568,validation,8
149,1239,validation,3
149,1844,validation,7
149,6290,validation,5
149,1131,validation,6
149,5637,validation,0
149,1455,validation,8
149,4769,validation,3
149,128,validation,7
149,6810,validation,3
149,6499,validation,4
149,1217,validation,6
149,864,validation,5
149,2712,validation,1
149,2980,validation,6
149,196,validation,3
149,6868,validation,4
149,3982,validation,7
149,2710,validation,6
149,2299,validation,5
149,7321,validation,7
149,2473,validation,4
149,1063,validation,8
149,924,validation,0
149,7208,validation,2
149,419,validation,3
149,2,validation,2
149,2248,validation,7
149,7163,validation,9
149,6562,validation,3
149,6865,validation,9
149,1326,validation,5
149,4061,validation,2
149,3714,validation,8
149,2390,validation,8
149,5260,validation,5
149,3219,validation,2
149,1838,validation,9
149,6922,validation,6
149,2982,validation,0
149,5758,validation,9
149,6038,validation,9
149,1608,validation,6
149,6142,validation,3
149,6651,validation,0
149,1986,validation,8
149,501,validation,0
149,1000,validation,7
149,4424,validation,2
149,2609,validation,5
149,3130,validation,7
149,7101,validation,8
149,1919,validation,3
149,4164,validation,5
149,3581,validation,2
149,7046,validation,6
149,6835,validation,3
149,3793,validation,1
149,4892,validation,8
149,4707,validation,4
149,3626,validation,9
149,6930,validation,7
149,3899,validation,4
149,6640,validation,3
149,1761,validation,6
149,6944,validation,4
149,1815,validation,8
149,2150,validation,6
149,3515,validation,4
149,7344,validation,0
149,6840,validation,8
149,4049,validation,2
149,5034,validation,3
149,2549,validation,4
149,3163,validation,0
149,6378,validation,4
149,6390,validation,3
149,1356,validation,1
149,1370,validation,9
149,2387,validation,4
149,1593,validation,6
149,1198,validation,8
149,2194,validation,5
149,5512,validation,1
149,7141,validation,4
149,2212,validation,2
149,613,validation,7
149,2030,validation,6
149,3097,validation,6
149,3677,validation,1
149,3259,validation,8
149,2443,validation,0
149,7180,validation,5
149,5524,validation,6
149,90,validation,7
149,4434,validation,2
149,4659,validation,5
149,3896,validation,6
149,3088,validation,4
149,6118,validation,5
149,6054,validation,2
149,6302,validation,4
149,5975,validation,8
149,6014,validation,4
149,1213,validation,2
149,4365,validation,7
149,582,validation,7
149,4043,validation,8
149,5952,validation,5
149,3445,validation,0
149,449,validation,0
149,1182,validation,3
149,4580,validation,2
149,2200,validation,1
149,6795,validation,7
149,4144,validation,5
149,2730,validation,9
149,1804,validation,7
149,3673,validation,7
149,3316,validation,3
149,2409,validation,2
149,1741,validation,1
149,1910,validation,8
149,6170,validation,2
149,448,validation,0
149,5037,validation,6
149,1028,validation,4
149,75,validation,0
149,5578,validation,3
149,5428,validation,5
149,5495,validation,7
149,6104,validation,5
149,2190,validation,7
149,4450,validation,0
149,6897,validation,1
149,3785,validation,2
149,1057,validation,0
149,1784,validation,0
149,6533,validation,0
149,4062,validation,1
149,2796,validation,4
149,4651,validation,2
149,5477,validation,6
149,6482,validation,9
149,765,validation,4
149,1835,validation,9
149,1525,validation,5
149,1560,validation,8
149,4809,validation,5
149,4478,validation,1
149,3709,validation,2
149,5079,validation,6
149,4279,validation,9
149,5255,validation,1
149,4915,validation,9
149,1662,validation,4
149,3784,validation,2
149,2412,validation,9
149,4818,validation,0
149,5135,validation,4
149,4132,validation,9
149,577,validation,4
149,6694,validation,7
149,4104,validation,2
149,2891,validation,7
149,5521,validation,0
149,520,validation,6
149,1781,validation,5
149,3229,validation,9
149,4085,validation,5
149,7318,validation,1
149,1411,validation,0
149,2298,validation,9
149,5056,validation,6
149,427,validation,7
149,1272,validation,2
149,240,validation,8
149,566,validation,6
149,1061,validation,4
149,4180,validation,1
149,1952,validation,7
149,3818,validation,0
149,2779,validation,0
149,3487,validation,5
149,4023,validation,6
149,5094,validation,2
149,1605,validation,5
149,4278,validation,3
149,7328,validation,4
149,7097,validation,3
149,2714,validation,3
149,3090,validation,9
149,6031,validation,8
149,2801,validation,8
149,4430,validation,2
149,910,validation,9
149,1059,validation,5
149,1577,validation,0
149,1315,validation,2
149,5704,validation,1
149,4619,validation,4
149,531,validation,3
149,5276,validation,1
149,460,validation,5
149,963,validation,9
149,4782,validation,0
149,5887,validation,8
149,6577,validation,1
149,340,validation,5
149,6155,validation,3
149,6807,validation,0
149,5945,validation,4
149,2889,validation,2
149,2240,validation,5
149,439,validation,9
149,4551,validation,5
149,1303,validation,5
149,3717,validation,3
149,3260,validation,3
149,2354,validation,5
149,5979,validation,0
149,1655,validation,5
149,5241,validation,3
149,4546,validation,9
149,6637,validation,4
149,6714,validation,0
149,455,validation,5
149,5286,validation,0
149,7029,validation,2
149,2528,validation,6
149,6183,validation,9
149,5474,validation,7
149,5196,validation,8
149,2727,validation,7
149,3566,validation,4
149,821,validation,6
149,3188,validation,8
149,2407,validation,7
149,5821,validation,3
149,6877,validation,7
149,1349,validation,2
149,1979,validation,1
149,2664,validation,8
149,3209,validation,8
149,416,validation,8
149,6895,validation,8
149,1802,validation,2
149,6446,validation,1
149,6330,validation,7
149,4600,validation,3
149,1420,validation,5
149,4173,validation,4
149,4791,validation,8
149,61,validation,2
149,1572,validation,0
149,5479,validation,8
149,5944,validation,6
149,3536,validation,4
149,5575,validation,0
149,6695,validation,5
149,3112,validation,2
149,2485,validation,5
149,233,validation,7
149,5039,validation,7
149,3246,validation,6
149,2669,validation,4
149,5842,validation,0
149,4968,validation,9
149,1980,validation,1
149,5749,validation,4
149,1320,validation,7
149,2825,validation,4
149,1882,validation,1
149,4071,validation,6
149,5942,validation,1
149,810,validation,6
149,86,validation,0
149,5644,validation,2
149,2975,validation,7
149,3775,validation,6
149,3296,validation,3
149,5840,validation,0
149,1424,validation,3
149,3915,validation,0
149,3332,validation,3
149,889,validation,1
149,1666,validation,5
149,3467,validation,1
149,528,validation,8
149,1073,validation,2
149,214,validation,7
149,287,validation,8
149,3417,validation,0
149,1035,validation,1
149,1950,validation,7
149,2497,validation,6
149,5087,validation,8
149,2467,validation,0
149,5882,validation,4
149,2881,validation,2
149,2167,validation,4
149,4508,validation,3
149,1150,validation,6
149,1533,validation,6
149,3129,validation,6
149,6294,validation,3
149,6809,validation,8
149,6193,validation,5
149,3937,validation,2
149,3509,validation,9
149,7237,validation,7
149,5243,validation,9
149,5535,validation,0
149,5836,validation,1
149,3147,validation,7
149,6023,validation,6
149,6938,validation,9
149,3949,validation,2
149,1513,validation,7
149,5000,validation,0
149,1212,validation,6
149,5664,validation,8
149,4398,validation,6
149,6217,validation,1
149,5011,validation,9
149,3062,validation,4
149,3584,validation,7
149,6802,validation,9
149,5713,validation,7
149,6321,validation,3
149,3270,validation,2
149,4468,validation,3
149,1056,validation,2
149,7264,validation,7
149,6015,validation,2
149,6492,validation,5
149,1154,validation,3
149,2992,validation,5
149,3195,validation,7
149,5790,validation,1
149,2905,validation,0
149,5626,validation,7
149,1033,validation,2
149,5994,validation,0
149,5482,validation,0
149,3141,validation,4
149,3833,validation,2
149,3203,validation,6
149,7114,validation,3
149,3413,validation,8
149,1588,validation,9
149,3567,validation,5
149,4536,validation,5
149,1105,validation,8
149,1275,validation,1
149,238,validation,3
149,1092,validation,9
149,836,validation,4
149,1220,validation,1
149,7235,validation,8
149,2737,validation,4
149,1251,validation,6
149,5010,validation,0
149,3690,validation,9
149,754,validation,1
149,3466,validation,7
149,6569,validation,5
149,2765,validation,7
149,5623,validation,1
149,5089,validation,9
149,4046,validation,7
149,5672,validation,6
149,5681,validation,6
149,5722,validation,0
149,4206,validation,9
149,2844,validation,3
149,6371,validation,4
149,3741,validation,5
149,3233,validation,7
149,6374,validation,8
149,7329,validation,0
149,6003,validation,8
149,4522,validation,9
149,4642,validation,0
149,3148,validation,9
149,5178,validation,0
149,1961,validation,1
149,3905,validation,0
149,712,validation,4
149,3072,validation,6
149,194,validation,9
149,426,validation,8
149,7240,validation,1
149,3089,validation,4
149,6646,validation,9
149,6677,validation,1
149,7347,validation,5
149,6688,validation,6
149,49,validation,7
149,6386,validation,8
149,2276,validation,3
149,4789,validation,7
149,4481,validation,9
149,3258,validation,6
149,1307,validation,4
149,1944,validation,8
149,584,validation,2
149,772,validation,7
149,5344,validation,0
149,1680,validation,6
149,5597,validation,5
149,5256,validation,2
149,3301,validation,9
149,2597,validation,9
149,4928,validation,8
149,4703,validation,9
149,2428,validation,1
149,4234,validation,6
149,2129,validation,0
149,2564,validation,5
149,4797,validation,3
149,6715,validation,6
149,4854,validation,0
149,190,validation,5
149,6485,validation,5
149,1025,validation,3
149,5901,validation,2
149,5004,validation,4
149,6315,validation,3
149,6277,validation,5
149,2122,validation,7
149,7262,validation,4
149,4504,validation,9
149,3061,validation,4
149,5154,validation,7
149,3898,validation,4
149,298,validation,4
149,350,validation,6
149,4876,validation,9
149,3930,validation,1
149,6064,validation,4
149,1955,validation,5
149,191,validation,3
149,5811,validation,1
149,215,validation,4
149,6123,validation,4
149,6823,validation,8
149,5804,validation,4
149,2105,validation,2
149,7020,validation,3
149,444,validation,9
149,4678,validation,1
149,3179,validation,7
149,1923,validation,3
149,3253,validation,3
149,5754,validation,8
149,878,validation,0
149,5304,validation,4
149,6806,validation,5
149,180,validation,0
149,5162,validation,8
149,4011,validation,0
149,1112,validation,9
149,179,validation,1
149,2481,validation,2
149,3531,validation,6
149,493,validation,8
149,3199,validation,9
149,996,validation,4
149,2800,validation,6
149,3064,validation,8
149,4391,validation,4
149,5925,validation,9
149,5854,validation,0
149,7343,validation,6
149,5682,validation,9
149,3420,validation,6
149,2464,validation,0
149,283,validation,1
149,2531,validation,1
149,46,validation,5
149,6238,validation,1
149,4384,validation,4
149,1658,validation,0
149,1163,validation,9
149,1069,validation,4
149,3095,validation,3
149,2365,validation,0
149,3834,validation,5
149,2951,validation,3
149,125,validation,8
149,4429,validation,3
149,4774,validation,0
149,7004,validation,0
149,1790,validation,8
149,402,validation,1
149,1172,validation,6
149,1893,validation,2
149,4673,validation,6
149,2399,validation,3
149,4137,validation,4
149,2875,validation,9
149,1867,validation,4
149,2463,validation,4
149,2954,validation,1
149,5362,validation,6
149,2789,validation,3
149,2576,validation,6
149,1897,validation,3
149,5102,validation,7
149,1558,validation,6
149,3525,validation,4
149,5278,validation,7
149,2577,validation,0
149,6097,validation,7
149,2610,validation,5
149,5268,validation,7
149,5338,validation,6
149,6682,validation,9
149,2135,validation,7
149,1160,validation,7
149,174,validation,3
149,1408,validation,5
149,1273,validation,9
149,5111,validation,4
149,1001,validation,8
149,6409,validation,9
149,6660,validation,4
149,5640,validation,7
149,5886,validation,6
149,1647,validation,3
149,581,validation,1
149,4347,validation,1
149,3845,validation,1
149,4663,validation,9
149,5487,validation,5
149,4771,validation,6
149,2110,validation,7
149,649,validation,3
149,369,validation,6
149,2029,validation,4
149,2906,validation,9
149,1379,validation,4
149,6616,validation,5
149,3799,validation,5
149,901,validation,7
149,6101,validation,2
149,2111,validation,8
149,2586,validation,2
149,5012,validation,2
149,1433,validation,6
149,1718,validation,0
149,6906,validation,4
149,3031,validation,6
149,1080,validation,9
149,5635,validation,9
149,909,validation,0
149,4451,validation,4
149,2220,validation,2
149,1417,validation,2
149,7272,validation,3
149,5947,validation,5
149,5960,validation,3
149,2211,validation,7
149,1563,validation,5
149,4341,validation,0
149,4358,validation,7
149,2421,validation,7
149,1523,validation,2
149,4529,validation,8
149,2698,validation,9
149,2146,validation,9
149,77,validation,7
149,3870,validation,3
149,693,validation,3
149,6954,validation,8
149,3473,validation,0
149,1006,validation,3
149,2287,validation,4
149,588,validation,6
149,3184,validation,1
149,2284,validation,8
149,6195,validation,1
149,4671,validation,0
149,6172,validation,4
149,4615,validation,8
149,4108,validation,0
149,5127,validation,4
149,7149,validation,1
149,2471,validation,6
149,6739,validation,4
149,936,validation,2
149,4569,validation,6
149,6672,validation,1
149,3693,validation,0
149,4720,validation,0
149,68,validation,0
149,3271,validation,4
149,4804,validation,7
149,2601,validation,7
149,4382,validation,8
149,4301,validation,5
149,3866,validation,5
149,5447,validation,4
149,6247,validation,2
149,2958,validation,2
149,6213,validation,3
149,4602,validation,3
149,1347,validation,6
149,4248,validation,6
149,1339,validation,2
149,4827,validation,3
149,5198,validation,3
149,618,validation,1
149,5396,validation,9
149,2878,validation,5
149,4262,validation,6
149,4409,validation,2
149,7292,validation,9
149,5861,validation,1
149,6000,validation,6
149,7145,validation,4
149,4990,validation,2
149,1659,validation,3
149,873,validation,5
149,4027,validation,2
149,316,validation,9
149,4798,validation,5
149,2058,validation,1
149,2173,validation,2
149,811,validation,5
149,655,validation,5
149,3465,validation,8
149,355,validation,4
149,5460,validation,1
149,2661,validation,6
149,1148,validation,4
149,3585,validation,0
149,2895,validation,5
149,6683,validation,8
149,2688,validation,2
149,6263,validation,4
149,1374,validation,6
149,358,validation,0
149,5096,validation,3
149,4935,validation,8
149,2259,validation,6
149,4758,validation,7
149,4336,validation,1
149,7057,validation,2
149,5297,validation,4
149,4839,validation,5
149,5438,validation,3
149,5316,validation,4
149,263,validation,9
149,3820,validation,6
149,6771,validation,7
149,7310,validation,9
149,4306,validation,0
149,5929,validation,2
149,2214,validation,1
149,3136,validation,1
149,1634,validation,0
149,3380,validation,2
149,337,validation,2
149,4989,validation,3
149,258,validation,2
149,145,validation,8
149,829,validation,0
149,3835,validation,6
149,6943,validation,1
149,4648,validation,5
149,5914,validation,7
149,6005,validation,1
149,2148,validation,6
149,6881,validation,9
149,2515,validation,5
149,5968,validation,3
149,5786,validation,7
149,3256,validation,1
149,2162,validation,7
149,841,validation,1
149,3539,validation,7
149,2016,validation,1
149,242,validation,7
149,3716,validation,8
149,1987,validation,9
149,4340,validation,4
149,1696,validation,4
149,4938,validation,8
149,5748,validation,5
149,4184,validation,1
149,3998,validation,9
149,7041,validation,8
149,3526,validation,8
149,1465,validation,8
149,7218,validation,0
149,170,validation,3
149,2794,validation,8
149,1671,validation,9
149,2322,validation,5
149,5311,validation,3
149,2355,validation,3
149,4355,validation,4
149,1427,validation,4
149,3555,validation,0
149,6903,validation,0
149,3154,validation,6
149,908,validation,1
149,6077,validation,1
149,169,validation,4
149,6175,validation,1
149,890,validation,2
149,5590,validation,2
149,4241,validation,2
149,6575,validation,6
149,1278,validation,5
149,1612,validation,7
149,3013,validation,8
149,2758,validation,3
149,2542,validation,6
149,3414,validation,2
149,3969,validation,5
149,2750,validation,8
149,2726,validation,8
149,496,validation,2
149,5787,validation,2
149,7135,validation,3
149,6862,validation,9
149,934,validation,1
149,3333,validation,5
149,6435,validation,0
149,2578,validation,5
149,3956,validation,1
149,2575,validation,5
149,3650,validation,9
149,6901,validation,3
149,6291,validation,5
149,2650,validation,7
149,775,validation,7
149,3894,validation,3
149,6647,validation,2
149,5545,validation,0
149,3150,validation,8
149,4113,validation,5
149,6092,validation,9
149,2096,validation,6
149,2724,validation,9
149,5486,validation,3
149,4464,validation,2
149,6459,validation,5
149,1255,validation,3
149,5776,validation,5
149,5019,validation,3
149,5294,validation,1
149,2612,validation,4
149,5164,validation,8
149,6583,validation,0
149,1691,validation,8
149,1428,validation,2
149,4618,validation,6
149,6749,validation,1
149,6450,validation,3
149,3839,validation,0
149,3947,validation,5
149,6397,validation,8
149,7167,validation,3
149,708,validation,1
149,4889,validation,7
149,2988,validation,0
149,5526,validation,4
149,5916,validation,1
149,2773,validation,2
149,5702,validation,5
149,1874,validation,8
149,7039,validation,3
149,2836,validation,4
149,1280,validation,8
149,1553,validation,0
149,4975,validation,8
149,3815,validation,2
149,4423,validation,0
149,5660,validation,5
149,1644,validation,9
149,2004,validation,1
149,6420,validation,2
149,1461,validation,1
149,5743,validation,5
149,1252,validation,3
149,2384,validation,5
149,1361,validation,3
149,1372,validation,2
149,1670,validation,8
149,5756,validation,6
149,7287,validation,8
149,6589,validation,0
149,1759,validation,2
149,4116,validation,6
149,473,validation,3
149,6373,validation,5
149,1974,validation,7
149,6540,validation,4
149,6680,validation,0
149,3505,validation,5
149,6411,validation,2
149,6363,validation,9
149,2487,validation,8
149,7001,validation,2
149,4896,validation,6
149,6886,validation,2
149,4596,validation,3
149,5832,validation,7
149,5553,validation,2
149,51,validation,5
149,2164,validation,1
149,4217,validation,6
149,3160,validation,6
149,313,validation,8
149,5,validation,4
149,7188,validation,6
149,3769,validation,9
149,653,validation,5
149,3963,validation,0
149,211,validation,3
149,1393,validation,3
149,7140,validation,6
149,5172,validation,4
149,5971,validation,4
149,2152,validation,2
149,4196,validation,3
149,6553,validation,6
149,380,validation,4
149,5815,validation,7
149,2140,validation,3
149,2369,validation,6
149,3632,validation,8
149,2236,validation,1
149,6074,validation,7
149,3113,validation,1
149,3497,validation,0
149,2315,validation,4
149,2914,validation,8
149,6727,validation,8
149,3232,validation,5
149,216,validation,0
149,1557,validation,0
149,2644,validation,1
149,1274,validation,3
149,1548,validation,5
149,3945,validation,9
149,5559,validation,5
149,1738,validation,0
149,6931,validation,3
149,5206,validation,2
149,2183,validation,6
149,813,validation,5
149,672,validation,8
149,4037,validation,9
149,202,validation,9
149,833,validation,3
149,1492,validation,2
149,803,validation,7
149,6344,validation,8
149,1401,validation,9
149,1971,validation,0
149,4364,validation,3
149,922,validation,2
149,4421,validation,6
149,6658,validation,4
149,317,validation,0
149,859,validation,4
149,141,validation,5
149,1632,validation,9
149,5522,validation,2
149,511,validation,1
149,2137,validation,4
149,555,validation,4
149,6801,validation,5
149,6369,validation,8
149,2376,validation,8
149,3946,validation,9
149,1186,validation,2
149,4245,validation,0
149,357,validation,6
149,5490,validation,7
149,727,validation,5
149,5131,validation,2
149,370,validation,5
149,1762,validation,1
149,3981,validation,7
149,5048,validation,6
149,3435,validation,5
149,1486,validation,5
149,2256,validation,3
149,5699,validation,7
149,2536,validation,8
149,5461,validation,0
149,3627,validation,2
149,2804,validation,0
149,5853,validation,8
149,6440,validation,1
149,3434,validation,9
149,4286,validation,6
149,2227,validation,3
