seed,original_index,split,target
13,6179,train,4
13,5264,train,8
13,7119,train,4
13,559,train,9
13,1344,train,6
13,6510,train,7
13,1017,train,7
13,3122,train,8
13,4218,train,7
13,2983,train,5
13,2343,train,6
13,3239,train,6
13,431,train,0
13,2930,train,2
13,7116,train,9
13,3451,train,4
13,5414,train,6
13,5154,train,7
13,2567,train,2
13,7139,train,4
13,6516,train,0
13,2261,train,9
13,3104,train,0
13,2988,train,0
13,3121,train,4
13,1246,train,8
13,1269,train,4
13,1086,train,6
13,5921,train,1
13,6072,train,8
13,4875,train,7
13,4161,train,1
13,4543,train,7
13,239,train,0
13,2719,train,7
13,5549,train,8
13,2586,train,2
13,2342,train,0
13,5359,train,6
13,2856,train,6
13,1313,train,2
13,5046,train,4
13,223,train,3
13,4830,train,8
13,5964,train,0
13,3855,train,4
13,781,train,3
13,1379,train,4
13,853,train,5
13,429,train,2
13,6203,train,9
13,7191,train,9
13,1661,train,3
13,3035,train,1
13,1116,train,0
13,4371,train,0
13,5954,train,7
13,7117,train,7
13,1793,train,3
13,4680,train,7
13,1298,train,9
13,1724,train,5
13,779,train,5
13,4645,train,8
13,3456,train,1
13,3333,train,5
13,388,train,1
13,6610,train,3
13,1502,train,9
13,689,train,4
13,6394,train,2
13,1678,train,1
13,3448,train,9
13,2388,train,0
13,4107,train,0
13,2587,train,2
13,4304,train,7
13,335,train,1
13,3212,train,1
13,7079,train,8
13,5696,train,0
13,4376,train,3
13,3194,train,4
13,4029,train,7
13,1821,train,2
13,5560,train,4
13,5374,train,3
13,2459,train,0
13,3185,train,9
13,4075,train,9
13,1652,train,9
13,451,train,4
13,3712,train,6
13,517,train,6
13,2093,train,7
13,1651,train,5
13,842,train,6
13,5831,train,8
13,5350,train,4
13,4748,train,0
13,3237,train,4
13,548,train,8
13,1753,train,0
13,3766,train,0
13,2363,train,3
13,4981,train,6
13,3617,train,3
13,4803,train,7
13,158,train,9
13,3008,train,2
13,5188,train,4
13,6773,train,4
13,6302,train,4
13,1531,train,9
13,1649,train,3
13,1839,train,0
13,794,train,4
13,6864,train,1
13,3858,train,3
13,6413,train,7
13,934,train,1
13,3370,train,6
13,6427,train,5
13,2640,train,7
13,1094,train,4
13,2953,train,9
13,6167,train,1
13,6737,train,5
13,6921,train,8
13,6205,train,5
13,3343,train,2
13,1549,train,8
13,7262,train,4
13,1582,train,1
13,6857,train,7
13,489,train,1
13,4545,train,2
13,4956,train,5
13,2172,train,0
13,3870,train,3
13,2854,train,9
13,5493,train,9
13,246,train,8
13,973,train,3
13,7288,train,6
13,6985,train,3
13,1146,train,5
13,3849,train,2
13,829,train,0
13,3073,train,2
13,2087,train,8
13,440,train,9
13,3610,train,2
13,6284,train,3
13,3111,train,0
13,6218,train,4
13,434,train,9
13,4589,train,2
13,5327,train,9
13,6034,train,2
13,1171,train,4
13,850,train,1
13,2104,train,2
13,878,train,0
13,3215,train,0
13,2578,train,5
13,4402,train,0
13,3596,train,5
13,5060,train,0
13,2183,train,6
13,4945,train,4
13,1374,train,6
13,6408,train,1
13,5053,train,0
13,2931,train,1
13,3975,train,4
13,885,train,1
13,1529,train,2
13,2250,train,3
13,7048,train,7
13,5698,train,7
13,6904,train,1
13,7001,train,2
13,6125,train,0
13,3753,train,5
13,4477,train,7
13,3765,train,7
13,1079,train,8
13,3230,train,2
13,4810,train,8
13,1895,train,8
13,5445,train,5
13,2478,train,8
13,3071,train,2
13,7236,train,8
13,2454,train,8
13,3584,train,7
13,3578,train,1
13,4457,train,1
13,2610,train,5
13,4373,train,5
13,4353,train,5
13,5216,train,0
13,3790,train,0
13,5360,train,4
13,2842,train,0
13,3009,train,5
13,326,train,6
13,6445,train,1
13,3518,train,2
13,294,train,9
13,4490,train,6
13,2565,train,2
13,5442,train,8
13,653,train,5
13,369,train,6
13,2164,train,1
13,502,train,4
13,534,train,9
13,3848,train,1
13,730,train,2
13,3380,train,2
13,3555,train,0
13,6208,train,0
13,4130,train,5
13,3717,train,3
13,2540,train,4
13,4463,train,9
13,6708,train,6
13,3029,train,3
13,6091,train,1
13,242,train,7
13,4192,train,3
13,2504,train,4
13,3427,train,5
13,2604,train,2
13,1513,train,7
13,3291,train,8
13,2124,train,3
13,7038,train,5
13,6650,train,7
13,2650,train,7
13,4559,train,1
13,3193,train,3
13,3593,train,1
13,3016,train,0
13,5459,train,8
13,1176,train,6
13,6113,train,5
13,976,train,9
13,2732,train,6
13,2826,train,7
13,4815,train,8
13,6739,train,4
13,2602,train,8
13,807,train,7
13,1728,train,6
13,356,train,9
13,996,train,4
13,2746,train,0
13,593,train,0
13,3033,train,9
13,857,train,3
13,1780,train,1
13,6109,train,0
13,1186,train,2
13,3930,train,1
13,4798,train,5
13,4525,train,8
13,4660,train,3
13,4518,train,1
13,3646,train,1
13,4136,train,3
13,5494,train,3
13,3464,train,0
13,168,train,7
13,4804,train,7
13,6247,train,2
13,3742,train,2
13,6127,train,1
13,7094,train,2
13,3648,train,6
13,238,train,3
13,3850,train,1
13,2923,train,5
13,5958,train,2
13,221,train,3
13,550,train,2
13,2866,train,4
13,4165,train,9
13,7366,train,6
13,4422,train,4
13,5393,train,7
13,6224,train,2
13,3115,train,4
13,2054,train,0
13,3904,train,9
13,4885,train,3
13,3210,train,6
13,3458,train,7
13,1484,train,5
13,6444,train,7
13,873,train,5
13,2714,train,3
13,5452,train,1
13,1799,train,7
13,2759,train,7
13,1520,train,6
13,298,train,4
13,6470,train,2
13,6274,train,7
13,3684,train,2
13,6948,train,2
13,6727,train,8
13,1462,train,4
13,5984,train,0
13,5312,train,6
13,3619,train,0
13,1019,train,7
13,4148,train,5
13,3273,train,9
13,3417,train,0
13,5227,train,0
13,2998,train,4
13,3282,train,0
13,5019,train,3
13,1908,train,1
13,4496,train,7
13,7036,train,2
13,2837,train,7
13,3123,train,0
13,6062,train,5
13,5788,train,2
13,5033,train,7
13,2644,train,1
13,3697,train,4
13,3133,train,3
13,799,train,5
13,6512,train,7
13,4968,train,9
13,6442,train,7
13,3168,train,3
13,4724,train,4
13,1334,train,9
13,7218,train,0
13,5579,train,8
13,3420,train,6
13,26,train,2
13,3860,train,6
13,187,train,7
13,3003,train,5
13,5872,train,8
13,7328,train,4
13,3459,train,8
13,3124,train,0
13,7080,train,8
13,6051,train,6
13,3954,train,2
13,5993,train,3
13,3678,train,4
13,7222,train,0
13,3408,train,1
13,4128,train,0
13,4343,train,9
13,3315,train,1
13,2576,train,6
13,4599,train,3
13,3942,train,7
13,6463,train,9
13,4466,train,1
13,981,train,2
13,1739,train,0
13,5665,train,4
13,5427,train,1
13,2325,train,8
13,2146,train,9
13,132,train,5
13,3468,train,7
13,7211,train,6
13,5147,train,9
13,5423,train,5
13,268,train,5
13,461,train,0
13,4837,train,4
13,4906,train,8
13,3060,train,4
13,4316,train,9
13,1200,train,7
13,3932,train,1
13,5632,train,6
13,6143,train,5
13,3540,train,9
13,543,train,9
13,2318,train,7
13,3496,train,4
13,1806,train,0
13,5561,train,6
13,2338,train,3
13,4058,train,7
13,7249,train,2
13,742,train,1
13,5866,train,7
13,1370,train,9
13,3572,train,1
13,5066,train,4
13,4647,train,8
13,4914,train,4
13,2720,train,1
13,1993,train,6
13,4167,train,8
13,3204,train,0
13,484,train,4
13,3911,train,0
13,5229,train,9
13,4842,train,7
13,2869,train,1
13,837,train,1
13,321,train,4
13,4280,train,4
13,2483,train,2
13,350,train,6
13,1905,train,3
13,1773,train,3
13,2659,train,1
13,4423,train,0
13,2167,train,4
13,7202,train,1
13,6670,train,9
13,5420,train,1
13,5528,train,4
13,6538,train,7
13,2443,train,0
13,4328,train,6
13,4515,train,3
13,4283,train,5
13,654,train,6
13,3001,train,8
13,4397,train,6
13,5776,train,5
13,5018,train,0
13,3284,train,3
13,6467,train,9
13,3854,train,4
13,2645,train,0
13,5876,train,2
13,6124,train,8
13,6507,train,9
13,4918,train,3
13,3963,train,0
13,747,train,2
13,6880,train,5
13,1054,train,1
13,5170,train,5
13,276,train,9
13,3088,train,4
13,1574,train,3
13,387,train,5
13,3012,train,1
13,2929,train,2
13,65,train,0
13,3308,train,9
13,1476,train,8
13,4206,train,9
13,4666,train,9
13,4620,train,2
13,3495,train,8
13,3957,train,5
13,5187,train,4
13,1252,train,3
13,6150,train,5
13,2637,train,9
13,1924,train,0
13,1267,train,7
13,4078,train,1
13,46,train,5
13,6694,train,7
13,3493,train,1
13,832,train,5
13,7237,train,7
13,2744,train,7
13,6979,train,9
13,5629,train,5
13,991,train,3
13,95,train,8
13,4120,train,8
13,4662,train,4
13,300,train,2
13,6107,train,5
13,3704,train,2
13,3350,train,4
13,1707,train,3
13,3730,train,1
13,4873,train,4
13,3658,train,5
13,6587,train,6
13,127,train,3
13,6671,train,7
13,564,train,9
13,1626,train,8
13,5213,train,0
13,3205,train,0
13,4139,train,0
13,591,train,8
13,3472,train,6
13,6396,train,9
13,905,train,7
13,2603,train,2
13,5697,train,5
13,302,train,4
13,6894,train,4
13,6241,train,2
13,4094,train,5
13,3556,train,8
13,3049,train,4
13,2917,train,6
13,5746,train,8
13,3235,train,9
13,6225,train,1
13,205,train,1
13,2671,train,6
13,6344,train,8
13,6676,train,4
13,3520,train,2
13,6197,train,4
13,6239,train,5
13,109,train,7
13,4852,train,6
13,856,train,8
13,1206,train,3
13,3603,train,7
13,1592,train,3
13,1749,train,2
13,3693,train,0
13,4670,train,6
13,4846,train,6
13,6084,train,9
13,3923,train,3
13,2015,train,0
13,4448,train,8
13,7102,train,0
13,2695,train,3
13,5862,train,8
13,3950,train,4
13,4568,train,1
13,129,train,9
13,1219,train,9
13,6500,train,2
13,79,train,1
13,5316,train,4
13,4657,train,8
13,1512,train,8
13,4632,train,3
13,6797,train,0
13,6621,train,7
13,4938,train,8
13,5304,train,4
13,4812,train,7
13,7157,train,3
13,2148,train,6
13,1702,train,5
13,6351,train,9
13,6700,train,1
13,6726,train,6
13,3449,train,8
13,3423,train,3
13,5686,train,8
13,6228,train,9
13,1856,train,9
13,5904,train,5
13,4672,train,4
13,646,train,0
13,2693,train,6
13,1159,train,7
13,4232,train,4
13,445,train,8
13,6098,train,6
13,4843,train,3
13,4554,train,6
13,3917,train,0
13,4005,train,6
13,4732,train,9
13,5289,train,2
13,5680,train,1
13,398,train,8
13,4519,train,9
13,5852,train,1
13,2026,train,5
13,4142,train,3
13,4962,train,9
13,5027,train,2
13,898,train,5
13,5538,train,1
13,2559,train,8
13,3657,train,9
13,985,train,8
13,5808,train,1
13,6348,train,6
13,6223,train,9
13,5477,train,6
13,1,train,3
13,2519,train,4
13,5410,train,5
13,6675,train,1
13,2310,train,6
13,786,train,8
13,1287,train,0
13,6272,train,8
13,1078,train,4
13,4140,train,8
13,3157,train,5
13,1737,train,9
13,6015,train,2
13,3,train,1
13,4942,train,9
13,4175,train,7
13,2730,train,9
13,287,train,8
13,3687,train,9
13,6019,train,6
13,6606,train,6
13,4272,train,8
13,3057,train,2
13,6771,train,7
13,2822,train,1
13,2389,train,0
13,1001,train,8
13,4049,train,2
13,7156,train,5
13,1305,train,7
13,3651,train,7
13,5441,train,6
13,6884,train,6
13,2764,train,0
13,4577,train,1
13,1130,train,6
13,22,train,8
13,5715,train,0
13,4960,train,7
13,4169,train,8
13,5208,train,9
13,2315,train,4
13,1045,train,2
13,4484,train,2
13,1871,train,2
13,184,train,6
13,401,train,8
13,3083,train,8
13,1666,train,5
13,2674,train,3
13,1514,train,9
13,5677,train,8
13,2477,train,8
13,4171,train,8
13,6959,train,0
13,4011,train,0
13,6729,train,8
13,180,train,0
13,1938,train,4
13,4892,train,8
13,2768,train,8
13,1758,train,8
13,4365,train,7
13,972,train,3
13,4608,train,3
13,3851,train,7
13,2194,train,5
13,5518,train,1
13,3100,train,5
13,1701,train,6
13,4742,train,8
13,3663,train,3
13,200,train,8
13,6828,train,3
13,4055,train,4
13,3791,train,1
13,5236,train,0
13,4102,train,1
13,1766,train,4
13,4396,train,1
13,3934,train,0
13,315,train,5
13,1562,train,2
13,3615,train,4
13,6038,train,9
13,5338,train,6
13,2762,train,8
13,4319,train,9
13,1292,train,4
13,3502,train,2
13,6609,train,9
13,1750,train,5
13,4571,train,2
13,4199,train,1
13,5440,train,4
13,6997,train,4
13,2897,train,1
13,1656,train,0
13,1211,train,0
13,2309,train,2
13,2219,train,8
13,5104,train,8
13,986,train,0
13,4582,train,7
13,4661,train,4
13,218,train,9
13,6683,train,8
13,7239,train,8
13,7004,train,0
13,5750,train,0
13,6949,train,0
13,5646,train,2
13,4752,train,9
13,2722,train,9
13,5888,train,6
13,2961,train,0
13,4302,train,1
13,4270,train,1
13,4383,train,9
13,110,train,2
13,7305,train,3
13,165,train,5
13,3435,train,5
13,6410,train,4
13,5029,train,3
13,6457,train,3
13,4268,train,5
13,2114,train,9
13,2282,train,8
13,222,train,2
13,4074,train,2
13,2140,train,3
13,4455,train,9
13,582,train,7
13,3048,train,4
13,5957,train,2
13,4856,train,2
13,5889,train,4
13,3573,train,2
13,2476,train,5
13,3233,train,7
13,3188,train,8
13,6666,train,7
13,3926,train,4
13,1914,train,1
13,1401,train,9
13,2067,train,9
13,5656,train,4
13,6990,train,4
13,4246,train,5
13,4687,train,1
13,3218,train,7
13,7241,train,0
13,1069,train,4
13,882,train,0
13,1830,train,7
13,2373,train,0
13,6722,train,3
13,6140,train,1
13,4679,train,4
13,6796,train,7
13,4324,train,6
13,1453,train,1
13,5466,train,6
13,696,train,4
13,1552,train,4
13,1633,train,8
13,3462,train,9
13,1800,train,9
13,131,train,0
13,3197,train,1
13,1815,train,8
13,6981,train,7
13,2293,train,5
13,3063,train,4
13,2629,train,1
13,5034,train,3
13,2304,train,5
13,4928,train,8
13,4593,train,0
13,2555,train,7
13,3295,train,0
13,745,train,8
13,6956,train,6
13,2865,train,0
13,4085,train,5
13,2226,train,7
13,6377,train,0
13,6498,train,8
13,2,train,2
13,6664,train,5
13,6968,train,7
13,4924,train,7
13,7168,train,9
13,4592,train,3
13,5275,train,4
13,436,train,9
13,448,train,0
13,7277,train,2
13,4249,train,4
13,2098,train,5
13,2094,train,9
13,96,train,5
13,5357,train,5
13,3014,train,2
13,61,train,2
13,7223,train,0
13,3314,train,1
13,1904,train,3
13,4858,train,2
13,2271,train,1
13,4583,train,2
13,7152,train,7
13,2574,train,2
13,2354,train,5
13,1654,train,6
13,3709,train,2
13,5367,train,7
13,4014,train,7
13,5182,train,1
13,5432,train,2
13,3920,train,3
13,3746,train,8
13,1564,train,6
13,5800,train,0
13,332,train,1
13,4070,train,8
13,7109,train,9
13,5578,train,3
13,4811,train,7
13,1755,train,0
13,4927,train,8
13,1570,train,4
13,6105,train,5
13,658,train,4
13,1461,train,1
13,2157,train,7
13,4444,train,8
13,7010,train,4
13,3110,train,6
13,6973,train,5
13,6050,train,4
13,907,train,7
13,3397,train,8
13,576,train,6
13,4072,train,7
13,2570,train,5
13,1050,train,5
13,11,train,5
13,3949,train,2
13,2775,train,3
13,4318,train,5
13,6178,train,7
13,6593,train,5
13,7234,train,1
13,2510,train,1
13,4773,train,3
13,1509,train,6
13,3737,train,9
13,6367,train,0
13,4227,train,8
13,6429,train,2
13,2863,train,8
13,5914,train,7
13,3131,train,0
13,3811,train,0
13,402,train,1
13,2031,train,3
13,5861,train,1
13,4533,train,9
13,6868,train,4
13,4147,train,4
13,2849,train,2
13,3558,train,6
13,99,train,3
13,3609,train,4
13,3349,train,4
13,738,train,4
13,6118,train,5
13,6544,train,5
13,6497,train,7
13,103,train,7
13,4279,train,9
13,1276,train,3
13,2073,train,7
13,913,train,5
13,4654,train,8
13,6285,train,9
13,6171,train,5
13,2557,train,6
13,6016,train,2
13,2317,train,8
13,2413,train,7
13,1426,train,2
13,1378,train,0
13,4253,train,6
13,2761,train,5
13,1318,train,6
13,4083,train,4
13,3874,train,8
13,3325,train,7
13,2299,train,5
13,3995,train,6
13,2060,train,5
13,2747,train,2
13,3004,train,7
13,5434,train,9
13,5934,train,4
13,1483,train,1
13,4046,train,7
13,459,train,5
13,4948,train,4
13,6554,train,3
13,2369,train,6
13,7347,train,5
13,5524,train,6
13,3240,train,6
13,4623,train,0
13,1714,train,7
13,3341,train,2
13,2427,train,2
13,6601,train,6
13,7203,train,3
13,4613,train,2
13,5755,train,3
13,1532,train,1
13,5267,train,9
13,6935,train,5
13,4006,train,8
13,4252,train,9
13,2752,train,1
13,6526,train,4
13,5315,train,9
13,1317,train,0
13,3369,train,5
13,3960,train,4
13,5453,train,9
13,1487,train,6
13,1260,train,5
13,4195,train,1
13,6723,train,3
13,254,train,3
13,3285,train,1
13,5013,train,5
13,6896,train,3
13,1361,train,3
13,3226,train,7
13,2715,train,0
13,5137,train,7
13,2769,train,0
13,1022,train,6
13,3067,train,2
13,1544,train,0
13,1198,train,8
13,3918,train,7
13,1290,train,2
13,2783,train,6
13,3238,train,5
13,628,train,5
13,386,train,7
13,477,train,8
13,6111,train,7
13,7227,train,1
13,5791,train,3
13,2811,train,5
13,1682,train,3
13,4675,train,2
13,1038,train,2
13,4504,train,9
13,3475,train,3
13,7141,train,4
13,1578,train,3
13,5206,train,2
13,240,train,8
13,817,train,3
13,4493,train,7
13,6869,train,0
13,5502,train,5
13,1347,train,6
13,1288,train,1
13,457,train,4
13,98,train,8
13,6322,train,9
13,7188,train,6
13,595,train,5
13,5620,train,4
13,4678,train,1
13,397,train,9
13,5977,train,7
13,5336,train,5
13,6768,train,4
13,2028,train,2
13,1890,train,1
13,3309,train,2
13,4223,train,4
13,4685,train,7
13,1249,train,8
13,2599,train,7
13,731,train,9
13,2942,train,5
13,3490,train,6
13,7358,train,1
13,1388,train,5
13,5877,train,3
13,6879,train,9
13,6932,train,2
13,5111,train,4
13,1320,train,7
13,7153,train,9
13,1008,train,8
13,2177,train,0
13,697,train,9
13,1089,train,0
13,6121,train,3
13,6226,train,0
13,4551,train,5
13,7194,train,3
13,6441,train,0
13,6176,train,1
13,6025,train,8
13,5859,train,3
13,5388,train,7
13,1642,train,3
13,5054,train,3
13,6911,train,2
13,188,train,6
13,423,train,7
13,3749,train,3
13,5576,train,7
13,1583,train,1
13,3181,train,9
13,2958,train,2
13,3523,train,9
13,6328,train,5
13,1741,train,1
13,3787,train,4
13,4021,train,2
13,5945,train,4
13,3512,train,0
13,7159,train,3
13,3492,train,2
13,2128,train,2
13,6947,train,1
13,2814,train,2
13,2663,train,3
13,1485,train,7
13,937,train,2
13,2502,train,4
13,3589,train,9
13,2344,train,7
13,3637,train,1
13,2279,train,7
13,3634,train,9
13,2216,train,0
13,941,train,2
13,4063,train,2
13,5392,train,9
13,2208,train,0
13,6701,train,6
13,655,train,5
13,453,train,5
13,1182,train,3
13,6655,train,7
13,10,train,4
13,5936,train,1
13,3345,train,3
13,2081,train,7
13,4888,train,9
13,1193,train,0
13,3748,train,1
13,5174,train,3
13,7187,train,2
13,4410,train,5
13,1508,train,1
13,6887,train,9
13,4744,train,6
13,2808,train,8
13,4972,train,2
13,6781,train,3
13,3514,train,4
13,2914,train,8
13,5643,train,2
13,4780,train,0
13,2423,train,4
13,4469,train,0
13,2482,train,9
13,1988,train,6
13,6337,train,6
13,2947,train,3
13,5022,train,5
13,3385,train,5
13,1415,train,1
13,535,train,0
13,3094,train,5
13,3881,train,8
13,708,train,1
13,4882,train,2
13,2886,train,4
13,4833,train,4
13,2243,train,2
13,5025,train,4
13,6106,train,9
13,3021,train,1
13,4181,train,4
13,3195,train,7
13,3107,train,4
13,6443,train,8
13,3668,train,2
13,3829,train,4
13,6032,train,1
13,6318,train,2
13,3362,train,2
13,1906,train,9
13,4507,train,3
13,5555,train,9
13,3068,train,0
13,4735,train,3
13,4306,train,0
13,7164,train,7
13,6642,train,2
13,6245,train,4
13,5057,train,7
13,143,train,7
13,5415,train,5
13,3332,train,3
13,615,train,9
13,4185,train,7
13,359,train,5
13,529,train,6
13,3705,train,7
13,3379,train,2
13,2116,train,5
13,3899,train,4
13,4441,train,9
13,393,train,3
13,5572,train,6
13,50,train,9
13,6897,train,1
13,2143,train,0
13,3399,train,5
13,1647,train,3
13,1887,train,3
13,6265,train,6
13,5890,train,7
13,5287,train,7
13,5930,train,6
13,1936,train,3
13,2024,train,7
13,4973,train,7
13,364,train,9
13,3879,train,2
13,3539,train,7
13,1264,train,2
13,6115,train,4
13,4999,train,9
13,2341,train,7
13,5884,train,0
13,2609,train,5
13,6699,train,1
13,5163,train,0
13,2350,train,6
13,2909,train,1
13,1342,train,9
13,6338,train,3
13,848,train,1
13,4363,train,0
13,4071,train,6
13,3583,train,7
13,382,train,4
13,4406,train,4
13,6104,train,5
13,1760,train,1
13,5305,train,8
13,648,train,1
13,2875,train,9
13,5913,train,5
13,352,train,5
13,6487,train,4
13,3718,train,9
13,1417,train,2
13,4052,train,6
13,2739,train,4
13,5744,train,6
13,6586,train,5
13,1492,train,2
13,2990,train,8
13,1376,train,2
13,793,train,2
13,6804,train,5
13,6873,train,4
13,531,train,3
13,5391,train,5
13,2595,train,2
13,901,train,7
13,613,train,7
13,179,train,1
13,2628,train,6
13,7296,train,4
13,3147,train,7
13,4224,train,5
13,2118,train,5
13,236,train,7
13,4941,train,8
13,4186,train,0
13,2297,train,7
13,4673,train,6
13,1387,train,8
13,5937,train,4
13,3529,train,4
13,3279,train,0
13,7291,train,6
13,1736,train,9
13,4708,train,8
13,4409,train,2
13,1863,train,5
13,2360,train,0
13,4426,train,5
13,5008,train,1
13,2404,train,4
13,3509,train,9
13,4295,train,1
13,574,train,9
13,2484,train,1
13,4288,train,1
13,4065,train,4
13,6924,train,1
13,2648,train,7
13,2871,train,3
13,407,train,8
13,5372,train,7
13,1357,train,1
13,5526,train,4
13,1255,train,3
13,3757,train,9
13,7072,train,2
13,1310,train,2
13,7278,train,0
13,7111,train,2
13,3201,train,9
13,608,train,6
13,2053,train,7
13,5105,train,1
13,1597,train,1
13,5525,train,1
13,1882,train,1
13,3292,train,4
13,5818,train,0
13,2582,train,4
13,3108,train,2
13,3143,train,1
13,6563,train,7
13,4331,train,4
13,893,train,5
13,5663,train,4
13,52,train,4
13,1389,train,3
13,6078,train,7
13,736,train,9
13,5109,train,8
13,5198,train,3
13,2533,train,0
13,5972,train,7
13,6598,train,5
13,6055,train,5
13,2445,train,4
13,2209,train,0
13,4512,train,6
13,1704,train,3
13,2538,train,9
13,5691,train,3
13,6678,train,5
13,3662,train,7
13,2592,train,8
13,5708,train,6
13,1810,train,1
13,772,train,7
13,3952,train,5
13,3744,train,5
13,712,train,4
13,866,train,6
13,4125,train,2
13,4656,train,1
13,1764,train,2
13,677,train,1
13,4286,train,6
13,1311,train,7
13,5296,train,5
13,2240,train,5
13,5907,train,7
13,3415,train,3
13,346,train,1
13,2062,train,4
13,4622,train,5
13,6943,train,1
13,1398,train,2
13,2415,train,3
13,1726,train,6
13,6927,train,6
13,2206,train,9
13,361,train,8
13,1020,train,4
13,5362,train,6
13,5075,train,9
13,7138,train,6
13,5262,train,8
13,6944,train,4
13,316,train,9
13,6843,train,4
13,5678,train,3
13,5583,train,5
13,6707,train,7
13,1658,train,0
13,7206,train,8
13,2211,train,7
13,7035,train,3
13,1598,train,1
13,112,train,3
13,6925,train,9
13,3444,train,9
13,1977,train,5
13,851,train,3
13,367,train,2
13,5917,train,4
13,1139,train,4
13,6346,train,3
13,6936,train,4
13,6692,train,9
13,1503,train,1
13,5102,train,7
13,5885,train,8
13,6401,train,5
13,3805,train,0
13,3565,train,8
13,1493,train,6
13,2799,train,6
13,638,train,1
13,3307,train,0
13,7106,train,4
13,5040,train,1
13,795,train,5
13,5996,train,8
13,4992,train,6
13,5062,train,5
13,3339,train,1
13,213,train,3
13,3002,train,2
13,4220,train,1
13,3216,train,8
13,191,train,3
13,6758,train,1
13,3336,train,9
13,1393,train,3
13,6075,train,1
13,5130,train,8
13,2638,train,1
13,1971,train,0
13,6189,train,8
13,2049,train,5
13,681,train,3
13,1131,train,6
13,3364,train,4
13,5725,train,8
13,2798,train,6
13,4415,train,1
13,4575,train,0
13,4783,train,7
13,6307,train,8
13,7046,train,6
13,3359,train,9
13,6851,train,8
13,6070,train,4
13,6202,train,0
13,6916,train,6
13,3621,train,7
13,2347,train,0
13,4863,train,5
13,4864,train,0
13,2718,train,6
13,4292,train,3
13,6372,train,0
13,2679,train,5
13,5121,train,9
13,2272,train,2
13,673,train,1
13,1958,train,0
13,6853,train,8
13,1635,train,5
13,6088,train,1
13,3750,train,4
13,1870,train,7
13,5706,train,2
13,2327,train,6
13,3815,train,2
13,1743,train,7
13,4750,train,8
13,4764,train,5
13,41,train,8
13,1836,train,9
13,4818,train,0
13,4470,train,4
13,469,train,9
13,3774,train,4
13,3412,train,9
13,3351,train,2
13,5487,train,5
13,6607,train,0
13,432,train,0
13,5701,train,1
13,5051,train,6
13,5671,train,6
13,3608,train,6
13,3534,train,7
13,1752,train,9
13,4584,train,0
13,6163,train,8
13,5482,train,0
13,910,train,9
13,5331,train,6
13,6885,train,4
13,6227,train,2
13,3998,train,9
13,2560,train,6
13,4702,train,1
13,12,train,5
13,4775,train,2
13,2646,train,5
13,6422,train,9
13,2235,train,6
13,2316,train,1
13,1674,train,8
13,5395,train,1
13,1648,train,0
13,4831,train,5
13,6291,train,5
13,713,train,6
13,3182,train,9
13,3317,train,6
13,3991,train,6
13,6698,train,7
13,4877,train,1
13,6802,train,9
13,3672,train,7
13,2496,train,7
13,3614,train,6
13,1940,train,3
13,5218,train,9
13,4652,train,9
13,1353,train,8
13,570,train,4
13,5378,train,7
13,2589,train,2
13,4609,train,7
13,142,train,1
13,7333,train,8
13,333,train,0
13,6092,train,9
13,3549,train,8
13,6460,train,5
13,2954,train,1
13,5979,train,0
13,3491,train,9
13,6116,train,4
13,1865,train,8
13,3864,train,0
13,2840,train,4
13,6665,train,1
13,1842,train,1
13,4936,train,3
13,733,train,8
13,419,train,3
13,5345,train,0
13,7210,train,3
13,3383,train,2
13,1409,train,5
13,1108,train,1
13,2669,train,4
13,2234,train,6
13,3263,train,5
13,518,train,8
13,4208,train,5
13,766,train,9
13,1937,train,9
13,6928,train,4
13,1424,train,3
13,7047,train,1
13,3788,train,6
13,5195,train,0
13,6930,train,7
13,3146,train,3
13,3465,train,8
13,7122,train,1
13,2351,train,0
13,3280,train,6
13,660,train,8
13,3569,train,9
13,4193,train,1
13,4311,train,6
13,1594,train,9
13,3007,train,0
13,6382,train,1
13,6031,train,8
13,3027,train,5
13,7050,train,7
13,1358,train,5
13,5535,train,0
13,1122,train,8
13,4368,train,9
13,7063,train,3
13,450,train,5
13,6041,train,7
13,6891,train,9
13,441,train,8
13,2873,train,2
13,5085,train,7
13,4886,train,5
13,7146,train,6
13,627,train,3
13,7322,train,1
13,409,train,2
13,4431,train,8
13,6419,train,6
13,3477,train,6
13,6673,train,1
13,4190,train,9
13,5851,train,2
13,5965,train,5
13,5149,train,7
13,1609,train,6
13,4179,train,6
13,5998,train,8
13,5419,train,2
13,3538,train,1
13,6849,train,6
13,1605,train,5
13,5801,train,1
13,6321,train,3
13,1179,train,0
13,7317,train,7
13,2820,train,6
13,1338,train,3
13,4546,train,9
13,2159,train,1
13,3227,train,2
13,57,train,9
13,2664,train,8
13,6326,train,2
13,7011,train,4
13,2503,train,3
13,1134,train,9
13,6332,train,3
13,4693,train,8
13,5258,train,9
13,4467,train,7
13,1263,train,4
13,6844,train,5
13,6188,train,0
13,2402,train,0
13,5537,train,8
13,3582,train,2
13,5687,train,4
13,4889,train,7
13,6899,train,8
13,3598,train,3
13,5093,train,3
13,4111,train,0
13,6083,train,2
13,3537,train,4
13,6780,train,6
13,4828,train,0
13,2862,train,0
13,4531,train,9
13,914,train,8
13,1149,train,1
13,4489,train,5
13,5274,train,6
13,1444,train,0
13,4045,train,2
13,6114,train,0
13,896,train,2
13,493,train,8
13,1026,train,6
13,4340,train,4
13,5927,train,5
13,5103,train,4
13,6278,train,7
13,1360,train,0
13,2397,train,3
13,7231,train,2
13,5983,train,1
13,185,train,1
13,7189,train,4
13,1481,train,0
13,6365,train,1
13,7313,train,4
13,939,train,5
13,4549,train,4
13,209,train,7
13,4771,train,6
13,5144,train,0
13,293,train,2
13,7091,train,2
13,4822,train,6
13,1496,train,0
13,80,train,6
13,4119,train,3
13,2563,train,0
13,1711,train,3
13,6687,train,0
13,5490,train,7
13,272,train,8
13,1550,train,7
13,4894,train,4
13,3691,train,6
13,4235,train,9
13,4626,train,4
13,2242,train,6
13,2182,train,7
13,983,train,8
13,4265,train,8
13,3893,train,6
13,5754,train,8
13,4893,train,6
13,2442,train,1
13,5651,train,1
13,5999,train,4
13,7120,train,2
13,1181,train,1
13,6006,train,2
13,5322,train,6
13,3866,train,5
13,902,train,4
13,3171,train,2
13,6578,train,0
13,2070,train,9
13,6988,train,8
13,4934,train,5
13,6583,train,0
13,5693,train,6
13,7112,train,2
13,2874,train,3
13,6519,train,8
13,1435,train,5
13,6654,train,2
13,7349,train,1
13,3064,train,8
13,5849,train,0
13,1397,train,4
13,2154,train,1
13,7298,train,2
13,92,train,3
13,7092,train,9
13,1967,train,8
13,6166,train,5
13,5503,train,6
13,2529,train,7
13,2147,train,9
13,2528,train,6
13,4297,train,5
13,5107,train,4
13,3939,train,8
13,3943,train,0
13,2748,train,8
13,2804,train,0
13,3801,train,9
13,2383,train,1
13,274,train,5
13,2944,train,9
13,635,train,9
13,4416,train,1
13,3807,train,7
13,3568,train,7
13,5377,train,8
13,5759,train,2
13,7132,train,3
13,34,train,4
13,5619,train,0
13,1341,train,5
13,6181,train,1
13,6355,train,9
13,1213,train,2
13,1506,train,4
13,947,train,4
13,1448,train,6
13,931,train,7
13,1355,train,3
13,4267,train,0
13,5712,train,1
13,1751,train,1
13,5270,train,2
13,107,train,4
13,2300,train,2
13,821,train,6
13,4955,train,8
13,4027,train,2
13,6301,train,2
13,5249,train,8
13,4851,train,6
13,4020,train,3
13,3355,train,6
13,5793,train,8
13,5514,train,5
13,3915,train,0
13,2643,train,4
13,758,train,0
13,2480,train,5
13,5846,train,0
13,7089,train,2
13,3544,train,6
13,4378,train,1
13,3875,train,9
13,2158,train,2
13,980,train,6
13,598,train,0
13,6087,train,8
13,5952,train,5
13,7108,train,3
13,3036,train,4
13,891,train,3
13,1088,train,8
13,2295,train,2
13,2088,train,5
13,6473,train,5
13,6838,train,6
13,782,train,0
13,3430,train,3
13,1903,train,3
13,3254,train,8
13,4696,train,5
13,3394,train,0
13,2883,train,4
13,1505,train,1
13,4137,train,4
13,6435,train,0
13,1413,train,9
13,7214,train,5
13,6267,train,9
13,2375,train,0
13,1270,train,1
13,3726,train,7
13,5768,train,6
13,75,train,0
13,5228,train,2
13,2717,train,4
13,584,train,2
13,4170,train,3
13,815,train,1
13,5150,train,5
13,1394,train,1
13,7175,train,0
13,5276,train,1
13,6667,train,9
13,3607,train,5
13,4786,train,3
13,1960,train,8
13,5230,train,0
13,5424,train,5
13,66,train,7
13,4722,train,3
13,1873,train,8
13,1021,train,4
13,4511,train,3
13,1539,train,5
13,30,train,6
13,6023,train,6
13,5521,train,0
13,2852,train,0
13,723,train,6
13,6369,train,8
13,503,train,7
13,6211,train,5
13,7270,train,3
13,4677,train,6
13,921,train,0
13,5512,train,1
13,6430,train,3
13,6217,train,1
13,4774,train,0
13,2010,train,8
13,5038,train,6
13,2186,train,5
13,94,train,6
13,3812,train,3
13,6005,train,1
13,3488,train,0
13,5252,train,1
13,3125,train,3
13,3767,train,5
13,3906,train,9
13,2987,train,6
13,642,train,7
13,1436,train,0
13,6820,train,1
13,2089,train,3
13,993,train,3
13,2174,train,1
13,2035,train,1
13,4985,train,9
13,1774,train,0
13,6152,train,6
13,2558,train,9
13,1274,train,3
13,7325,train,6
13,6323,train,8
13,5488,train,5
13,7018,train,8
13,1463,train,5
13,4738,train,9
13,7118,train,4
13,6656,train,4
13,5990,train,4
13,1679,train,2
13,1143,train,3
13,1284,train,3
13,3508,train,3
13,264,train,4
13,1297,train,6
13,4746,train,2
13,2971,train,6
13,5970,train,6
13,4097,train,3
13,231,train,8
13,789,train,3
13,7115,train,7
13,1742,train,1
13,5355,train,9
13,4634,train,8
13,4443,train,2
13,4145,train,5
13,6347,train,2
13,3666,train,8
13,4339,train,3
13,7216,train,6
13,876,train,5
13,5901,train,2
13,2290,train,7
13,190,train,5
13,6553,train,6
13,5650,train,3
13,743,train,6
13,7360,train,4
13,4330,train,0
13,3439,train,3
13,7224,train,5
13,3655,train,1
13,1302,train,6
13,4961,train,3
13,5456,train,4
13,6754,train,2
13,611,train,1
13,7039,train,3
13,2019,train,9
13,269,train,1
13,6975,train,6
13,2086,train,2
13,5201,train,2
13,2084,train,4
13,6449,train,4
13,5655,train,0
13,5916,train,1
13,3113,train,1
13,404,train,6
13,7084,train,0
13,641,train,4
13,7361,train,1
13,86,train,0
13,6811,train,3
13,6464,train,5
13,372,train,7
13,2892,train,5
13,1522,train,8
13,1859,train,6
13,5556,train,9
13,391,train,4
13,2473,train,4
13,3134,train,2
13,7027,train,8
13,1154,train,3
13,4382,train,8
13,3921,train,2
13,6342,train,2
13,1155,train,2
13,3909,train,1
13,2816,train,7
13,6230,train,6
13,6509,train,4
13,6875,train,4
13,5761,train,1
13,7012,train,9
13,3497,train,0
13,2681,train,7
13,5179,train,3
13,1434,train,4
13,606,train,6
13,3217,train,3
13,4692,train,2
13,6064,train,4
13,3410,train,1
13,566,train,6
13,2703,train,3
13,3967,train,6
13,918,train,7
13,1215,train,6
13,1824,train,7
13,5023,train,1
13,4327,train,1
13,5789,train,3
13,1735,train,3
13,6613,train,5
13,3398,train,6
13,1117,train,6
13,4901,train,7
13,6631,train,7
13,2943,train,2
13,6275,train,1
13,2526,train,2
13,1285,train,9
13,6532,train,1
13,5963,train,0
13,2985,train,0
13,2461,train,1
13,3407,train,8
13,1383,train,8
13,622,train,7
13,1999,train,3
13,3940,train,9
13,6792,train,4
13,7307,train,1
13,154,train,8
13,7271,train,9
13,16,train,2
13,5058,train,2
13,3929,train,4
13,3148,train,9
13,906,train,4
13,5562,train,1
13,1185,train,3
13,5400,train,5
13,3867,train,5
13,444,train,9
13,6760,train,5
13,5648,train,5
13,6415,train,6
13,5636,train,0
13,961,train,6
13,4432,train,0
13,2960,train,3
13,1819,train,8
13,4931,train,8
13,2376,train,8
13,130,train,3
13,5319,train,1
13,5070,train,8
13,6144,train,6
13,3519,train,8
13,7029,train,2
13,2832,train,9
13,1061,train,4
13,924,train,0
13,3983,train,7
13,6151,train,5
13,6262,train,4
13,279,train,4
13,2962,train,5
13,4289,train,9
13,5183,train,6
13,1979,train,1
13,5802,train,5
13,2619,train,2
13,5722,train,0
13,7147,train,3
13,3086,train,5
13,2160,train,3
13,685,train,7
13,5116,train,3
13,6119,train,3
13,6542,train,6
13,571,train,6
13,1524,train,9
13,3701,train,4
13,5588,train,0
13,2724,train,9
13,523,train,6
13,2074,train,3
13,4952,train,7
13,7259,train,4
13,6691,train,4
13,2432,train,6
13,3890,train,1
13,1897,train,3
13,4579,train,7
13,5035,train,3
13,4688,train,0
13,770,train,9
13,1162,train,2
13,6192,train,3
13,262,train,0
13,6493,train,7
13,1777,train,5
13,4682,train,2
13,7279,train,2
13,647,train,5
13,6101,train,2
13,3278,train,6
13,6282,train,8
13,5366,train,0
13,3828,train,3
13,5470,train,0
13,5119,train,7
13,3396,train,3
13,3320,train,4
13,251,train,0
13,5743,train,5
13,2898,train,7
13,67,train,2
13,2063,train,5
13,1589,train,0
13,1534,train,5
13,4023,train,6
13,7185,train,0
13,5280,train,7
13,825,train,3
13,3318,train,9
13,2831,train,4
13,6890,train,4
13,1403,train,5
13,4259,train,7
13,5404,train,1
13,4394,train,2
13,5786,train,7
13,3056,train,5
13,203,train,4
13,1763,train,7
13,4284,train,3
13,43,train,8
13,7281,train,6
13,5840,train,0
13,5724,train,2
13,4127,train,8
13,6352,train,8
13,3159,train,5
13,3822,train,3
13,2745,train,4
13,3481,train,1
13,6608,train,2
13,1066,train,8
13,6222,train,4
13,4025,train,4
13,3262,train,8
13,7314,train,9
13,1468,train,4
13,5037,train,6
13,5292,train,3
13,2888,train,0
13,6926,train,4
13,3342,train,2
13,5164,train,8
13,2735,train,7
13,3620,train,6
13,5642,train,0
13,3255,train,8
13,4788,train,9
13,3428,train,7
13,5030,train,1
13,734,train,4
13,4351,train,3
13,2601,train,7
13,1277,train,0
13,714,train,6
13,6775,train,0
13,2905,train,0
13,2213,train,2
13,2348,train,1
13,5478,train,0
13,2004,train,1
13,21,train,7
13,4969,train,9
13,1825,train,0
13,7201,train,5
13,2232,train,6
13,915,train,1
13,6289,train,5
13,7354,train,4
13,403,train,7
13,1065,train,6
13,2428,train,1
13,4238,train,4
13,1537,train,3
13,3536,train,4
13,663,train,3
13,5497,train,9
13,1610,train,5
13,4043,train,8
13,4389,train,3
13,15,train,7
13,5245,train,7
13,2398,train,7
13,6627,train,6
13,3835,train,6
13,2353,train,2
13,5471,train,9
13,5985,train,6
13,4725,train,1
13,2999,train,7
13,7209,train,9
13,6182,train,3
13,602,train,2
13,7129,train,7
13,4291,train,7
13,2812,train,5
13,2666,train,8
13,4066,train,9
13,5816,train,2
13,5711,train,3
13,4838,train,3
13,6513,train,8
13,854,train,5
13,1362,train,4
13,4315,train,2
13,1555,train,2
13,1676,train,0
13,3938,train,4
13,5731,train,9
13,7134,train,7
13,6349,train,1
13,6251,train,3
13,3005,train,0
13,798,train,2
13,1721,train,7
13,1862,train,1
13,7331,train,1
13,438,train,9
13,371,train,2
13,5078,train,5
13,846,train,4
13,1744,train,8
13,4591,train,9
13,4978,train,2
13,2513,train,8
13,948,train,3
13,5713,train,7
13,5436,train,6
13,6945,train,6
13,6954,train,8
13,3656,train,7
13,4802,train,0
13,7098,train,5
13,299,train,8
13,467,train,6
13,5799,train,7
13,3062,train,4
13,999,train,1
13,4076,train,9
13,7287,train,8
13,4697,train,6
13,6201,train,1
13,5792,train,3
13,624,train,1
13,4451,train,4
13,5910,train,1
13,5946,train,0
13,4260,train,6
13,1063,train,8
13,3802,train,0
13,5735,train,7
13,470,train,6
13,4988,train,1
13,6991,train,2
13,1349,train,2
13,1482,train,1
13,4298,train,7
13,1934,train,4
13,761,train,2
13,3733,train,4
13,1954,train,5
13,1322,train,8
13,7208,train,2
13,2386,train,8
13,3340,train,5
13,6693,train,2
13,5451,train,7
13,2023,train,8
13,260,train,9
13,5298,train,6
13,4040,train,3
13,3247,train,8
13,4745,train,3
13,6696,train,3
13,2294,train,4
13,587,train,8
13,4514,train,1
13,3078,train,9
13,7318,train,1
13,5064,train,7
13,5416,train,8
13,1070,train,6
13,2312,train,1
13,6697,train,7
13,5461,train,0
13,6861,train,4
13,3484,train,2
13,3894,train,3
13,3670,train,5
13,6059,train,8
13,6568,train,8
13,3554,train,2
13,2080,train,3
13,2144,train,8
13,6823,train,8
13,3323,train,0
13,6297,train,5
13,3363,train,0
13,5880,train,6
13,4868,train,6
13,82,train,4
13,5762,train,2
13,6970,train,1
13,2345,train,8
13,6604,train,7
13,3162,train,5
13,4879,train,7
13,2506,train,5
13,3382,train,6
13,3679,train,5
13,1946,train,8
13,2725,train,0
13,2488,train,9
13,161,train,2
13,3653,train,7
13,1525,train,5
13,6810,train,3
13,1257,train,8
13,3478,train,8
13,1011,train,6
13,6612,train,6
13,3576,train,6
13,6371,train,4
13,631,train,2
13,446,train,6
13,3630,train,4
13,995,train,2
13,115,train,5
13,4601,train,8
13,5989,train,1
13,2099,train,0
13,6446,train,1
13,1471,train,3
13,698,train,8
13,5511,train,6
13,5875,train,2
13,4437,train,4
13,3473,train,0
13,7284,train,2
13,2934,train,9
13,2656,train,1
13,3319,train,7
13,4104,train,2
13,719,train,6
13,5031,train,4
13,7087,train,1
13,1944,train,8
13,5266,train,2
13,6599,train,7
13,3079,train,1
13,2058,train,1
13,2612,train,4
13,1180,train,5
13,7093,train,8
13,664,train,9
13,1528,train,3
13,2741,train,8
13,1028,train,4
13,6135,train,2
13,5428,train,5
13,1762,train,1
13,6309,train,6
13,5484,train,5
13,2770,train,6
13,718,train,7
13,867,train,0
13,4118,train,7
13,2212,train,2
13,1248,train,9
13,4727,train,0
13,1151,train,4
13,3436,train,6
13,3112,train,2
13,3785,train,2
13,6240,train,8
13,4000,train,7
13,4312,train,1
13,7,train,7
13,7346,train,8
13,506,train,3
13,4747,train,3
13,4048,train,7
13,784,train,7
13,173,train,7
13,7181,train,9
13,5559,train,5
13,659,train,2
13,3956,train,1
13,7182,train,9
13,2686,train,6
13,1326,train,5
13,2588,train,0
13,7165,train,8
13,3297,train,6
13,5260,train,5
13,1391,train,2
13,1765,train,5
13,3106,train,5
13,4640,train,7
13,1523,train,2
13,2034,train,9
13,3729,train,9
13,4547,train,4
13,4228,train,3
13,14,train,3
13,6293,train,8
13,2907,train,9
13,4526,train,3
13,5131,train,2
13,5547,train,3
13,6195,train,1
13,7326,train,1
13,2743,train,2
13,2692,train,0
13,3300,train,6
13,174,train,3
13,4082,train,6
13,1275,train,1
13,2407,train,7
13,1465,train,8
13,2097,train,2
13,5597,train,5
13,55,train,3
13,2103,train,2
13,5132,train,9
13,2472,train,7
13,4401,train,3
13,4644,train,1
13,6625,train,0
13,273,train,7
13,4087,train,8
13,17,train,2
13,1941,train,1
13,5220,train,0
13,4358,train,7
13,3994,train,3
13,1783,train,3
13,6168,train,3
13,3440,train,3
13,3390,train,6
13,4695,train,6
13,5226,train,9
13,5695,train,7
13,4712,train,9
13,5383,train,2
13,3039,train,9
13,1319,train,3
13,1490,train,6
13,5742,train,4
13,4898,train,8
13,6018,train,5
13,5978,train,4
13,3720,train,5
13,3681,train,1
13,720,train,4
13,4580,train,2
13,3328,train,2
13,2870,train,5
13,6162,train,2
13,1641,train,8
13,5342,train,5
13,861,train,2
13,2829,train,8
13,727,train,5
13,4651,train,2
13,4191,train,9
13,5600,train,1
13,3228,train,2
13,6836,train,1
13,5592,train,9
13,4446,train,1
13,1920,train,0
13,4068,train,2
13,70,train,8
13,51,train,5
13,978,train,3
13,6431,train,2
13,5865,train,8
13,4630,train,1
13,2417,train,8
13,5692,train,7
13,2729,train,1
13,4755,train,3
13,6017,train,9
13,2056,train,6
13,5864,train,1
13,4487,train,4
13,6036,train,4
13,7053,train,9
13,1217,train,6
13,2068,train,6
13,6159,train,9
13,5767,train,1
13,1808,train,7
13,5454,train,7
13,3443,train,4
13,5313,train,2
13,4240,train,6
13,5474,train,7
13,6669,train,4
13,1911,train,5
13,5774,train,4
13,1084,train,8
13,3055,train,7
13,1846,train,6
13,2605,train,8
13,1948,train,3
13,2129,train,0
13,6412,train,5
13,610,train,2
13,754,train,1
13,3352,train,9
13,1606,train,4
13,3727,train,5
13,7273,train,2
13,249,train,9
13,1486,train,5
13,616,train,7
13,6812,train,2
13,4922,train,7
13,831,train,1
13,1040,train,2
13,3050,train,0
13,2881,train,2
13,538,train,5
13,5389,train,5
13,5882,train,4
13,7082,train,7
13,6743,train,8
13,7179,train,8
13,3305,train,9
13,3612,train,1
13,930,train,1
13,498,train,8
13,5271,train,4
13,7268,train,6
13,3913,train,7
13,1554,train,2
13,6063,train,9
13,4737,train,6
13,2061,train,6
13,5948,train,9
13,1431,train,1
13,4646,train,8
13,3852,train,2
13,4453,train,7
13,1557,train,0
13,2926,train,9
13,4971,train,9
13,4520,train,9
13,3281,train,9
13,1062,train,2
13,6521,train,3
13,4404,train,5
13,464,train,5
13,4829,train,8
13,5506,train,8
13,5097,train,2
13,4616,train,8
13,6067,train,3
13,3269,train,9
13,5457,train,8
13,3361,train,0
13,411,train,8
13,3840,train,6
13,176,train,0
13,516,train,1
13,2027,train,2
13,7173,train,1
13,954,train,8
13,1729,train,8
13,4618,train,6
13,5745,train,8
13,3032,train,5
13,5504,train,7
13,1624,train,8
13,4987,train,8
13,1667,train,1
13,1032,train,3
13,578,train,4
13,5492,train,8
13,2608,train,9
13,849,train,9
13,3141,train,4
13,2229,train,0
13,6300,train,4
13,2198,train,4
13,7014,train,8
13,703,train,4
13,2037,train,8
13,5256,train,2
13,933,train,4
13,1561,train,2
13,1175,train,4
13,3660,train,0
13,101,train,0
13,2882,train,9
13,5380,train,5
13,3804,train,2
13,5589,train,3
13,3882,train,6
13,4854,train,0
13,5475,train,0
13,4427,train,9
13,349,train,1
13,4895,train,2
13,2115,train,4
13,4149,train,9
13,6824,train,0
13,4059,train,2
13,1855,train,8
13,644,train,0
13,4,train,4
13,4990,train,2
13,1438,train,4
13,1437,train,9
13,3635,train,1
13,5297,train,4
13,3202,train,8
13,6524,train,1
13,6204,train,3
13,4671,train,0
13,4134,train,0
13,6984,train,7
13,4229,train,6
13,1915,train,5
13,5160,train,9
13,6360,train,1
13,6466,train,6
13,1706,train,5
13,785,train,3
13,816,train,8
13,2195,train,3
13,6815,train,8
13,1945,train,3
13,4902,train,7
13,406,train,7
13,5043,train,3
13,2794,train,8
13,2723,train,6
13,6503,train,9
13,6056,train,4
13,1280,train,8
13,3244,train,2
13,4273,train,5
13,5844,train,4
13,3830,train,1
13,1416,train,3
13,5443,train,7
13,331,train,8
13,2523,train,8
13,2858,train,6
13,3114,train,8
13,146,train,1
13,4201,train,3
13,2912,train,7
13,5171,train,4
13,828,train,8
13,7348,train,4
13,4335,train,6
13,6065,train,4
13,4816,train,0
13,7076,train,1
13,6008,train,9
13,3375,train,3
13,5933,train,3
13,3951,train,0
13,6095,train,8
13,5577,train,0
13,2011,train,5
13,1097,train,8
13,5829,train,3
13,1369,train,7
13,447,train,7
13,1831,train,6
13,1449,train,5
13,84,train,6
13,1921,train,6
13,4473,train,4
13,4486,train,1
13,3250,train,0
13,974,train,3
13,2252,train,4
13,3099,train,7
13,4719,train,6
13,2512,train,1
13,2781,train,9
13,6475,train,2
13,2108,train,7
13,4155,train,8
13,2288,train,8
13,2676,train,7
13,4494,train,0
13,5052,train,0
13,7253,train,3
13,4485,train,2
13,5542,train,5
13,4763,train,6
13,3487,train,5
13,4757,train,8
13,1629,train,7
13,3901,train,9
13,1916,train,6
13,1075,train,4
13,1457,train,2
13,4050,train,6
13,160,train,0
13,1106,train,3
13,1785,train,4
13,4835,train,9
13,2289,train,0
13,1010,train,5
13,997,train,5
13,4564,train,3
13,3324,train,1
13,5337,train,9
13,3898,train,4
13,6260,train,0
13,3234,train,9
13,2807,train,6
13,1759,train,2
13,252,train,2
13,3207,train,1
13,2210,train,3
13,5223,train,9
13,3391,train,0
13,5905,train,6
13,5462,train,9
13,1703,train,9
13,6110,train,4
13,1584,train,8
13,4501,train,4
13,198,train,6
13,4026,train,3
13,3135,train,3
13,3715,train,1
13,4386,train,7
13,1123,train,6
13,1840,train,4
13,69,train,4
13,4296,train,5
13,5090,train,8
13,4510,train,5
13,1585,train,3
13,7013,train,7
13,1536,train,3
13,2727,train,7
13,76,train,3
13,5676,train,4
13,2524,train,3
13,4946,train,8
13,1767,train,6
13,3224,train,5
13,3090,train,9
13,1241,train,5
13,4770,train,4
13,1346,train,7
13,7007,train,4
13,1618,train,3
13,5214,train,6
13,1190,train,9
13,3498,train,9
13,7275,train,1
13,3627,train,2
13,6133,train,3
13,7323,train,3
13,5352,train,3
13,3229,train,9
13,6561,train,8
13,6350,train,2
13,3268,train,0
13,5409,train,9
13,2577,train,0
13,2535,train,7
13,6384,train,3
13,1035,train,1
13,5438,train,3
13,1282,train,5
13,357,train,6
13,5332,train,1
13,149,train,1
13,1708,train,3
13,3445,train,0
13,4054,train,1
13,6576,train,8
13,505,train,6
13,3457,train,3
13,5364,train,0
13,877,train,7
13,588,train,6
13,6356,train,2
13,6881,train,9
13,202,train,9
13,2222,train,1
13,5092,train,6
13,880,train,5
13,1715,train,8
13,7061,train,7
13,5242,train,6
13,7040,train,6
13,3661,train,9
13,700,train,4
13,3000,train,6
13,3984,train,3
13,3611,train,2
13,1077,train,4
13,4699,train,6
13,3208,train,5
13,5982,train,7
13,830,train,4
13,4357,train,8
13,2815,train,4
13,5782,train,0
13,5519,train,5
13,5472,train,7
13,3261,train,3
13,7075,train,4
13,2742,train,7
13,1224,train,2
13,3310,train,0
13,4908,train,7
13,1677,train,7
13,6423,train,5
13,1841,train,6
13,1003,train,6
13,3948,train,6
13,6009,train,1
13,811,train,5
13,7316,train,5
13,626,train,1
13,1596,train,0
13,6854,train,4
13,1293,train,2
13,5088,train,6
13,3528,train,1
13,2359,train,3
13,3551,train,3
13,1797,train,1
13,5290,train,8
13,5575,train,0
13,1265,train,3
13,3200,train,8
13,4776,train,1
13,6841,train,5
13,5728,train,8
13,3206,train,1
13,7074,train,0
13,2267,train,6
13,1027,train,7
13,1150,train,6
13,4849,train,3
13,3990,train,4
13,6777,train,2
13,7220,train,7
13,2835,train,1
13,2572,train,8
13,2702,train,5
13,2920,train,0
13,1291,train,0
13,1637,train,1
13,2150,train,6
13,2940,train,5
13,4214,train,0
13,500,train,2
13,4521,train,8
13,437,train,5
13,5071,train,6
13,2046,train,0
13,7028,train,5
13,2522,train,1
13,6154,train,3
13,6134,train,5
13,7190,train,0
13,19,train,6
13,6271,train,7
13,3889,train,7
13,1791,train,7
13,6778,train,4
13,6383,train,1
13,3732,train,5
13,6688,train,6
13,1294,train,6
13,4400,train,0
13,1340,train,8
13,5373,train,7
13,45,train,1
13,6468,train,2
13,565,train,4
13,3799,train,5
13,4197,train,9
13,6846,train,0
13,5539,train,8
13,5167,train,5
13,5598,train,1
13,6010,train,2
13,4950,train,2
13,2736,train,9
13,4346,train,2
13,7327,train,2
13,2237,train,5
13,6316,train,0
13,3070,train,6
13,2362,train,3
13,373,train,7
13,5379,train,6
13,6120,train,5
13,3580,train,4
13,6850,train,5
13,5523,train,4
13,3447,train,1
13,7128,train,6
13,2466,train,5
13,6964,train,5
13,4310,train,1
13,701,train,4
13,3545,train,8
13,6315,train,3
13,3714,train,8
13,5552,train,0
13,6,train,7
13,6495,train,5
13,3425,train,9
13,6380,train,6
13,6679,train,3
13,942,train,7
13,5177,train,3
13,7297,train,5
13,4239,train,7
13,2231,train,0
13,2585,train,8
13,1990,train,7
13,1138,train,1
13,7177,train,4
13,97,train,8
13,181,train,2
13,6575,train,6
13,2121,train,5
13,1966,train,6
13,4051,train,7
13,6774,train,7
13,4896,train,6
13,1039,train,3
13,2307,train,2
13,6889,train,7
13,6855,train,5
13,3179,train,7
13,7303,train,7
13,3176,train,8
13,2979,train,4
13,2365,train,0
13,1368,train,8
13,568,train,9
13,4299,train,8
13,979,train,3
13,6266,train,2
13,2935,train,0
13,233,train,7
13,3664,train,8
13,4537,train,8
13,6993,train,1
13,3389,train,7
13,4154,train,1
13,662,train,3
13,2414,train,2
13,224,train,3
13,4791,train,8
13,5007,train,8
13,5881,train,1
13,7219,train,0
13,4578,train,3
13,6832,train,4
13,3755,train,0
13,7299,train,8
13,6426,train,6
13,1796,train,2
13,1051,train,2
13,1222,train,9
13,5741,train,9
13,2138,train,6
13,1301,train,0
13,310,train,7
13,4307,train,1
13,3075,train,8
13,838,train,8
13,102,train,3
13,6040,train,4
13,6248,train,5
13,3211,train,9
13,3041,train,9
13,4997,train,1
13,4060,train,2
13,2334,train,4
13,454,train,1
13,6147,train,9
13,4813,train,2
13,1852,train,8
13,6024,train,5
13,1455,train,8
13,1113,train,0
13,4278,train,3
13,6097,train,7
13,6053,train,5
13,228,train,3
13,530,train,6
13,5824,train,0
13,483,train,8
13,4857,train,1
13,7055,train,4
13,2458,train,1
13,1628,train,6
13,2153,train,5
13,2916,train,1
13,6826,train,3
13,5863,train,3
13,4664,train,1
13,1429,train,2
13,4135,train,9
13,1004,train,9
13,128,train,7
13,6156,train,1
13,2420,train,8
13,6003,train,8
13,5666,train,7
13,1877,train,5
13,5908,train,5
13,4594,train,9
13,3038,train,4
13,764,train,3
13,7114,train,3
13,214,train,7
13,6535,train,1
13,6528,train,8
13,1607,train,2
13,1173,train,1
13,4905,train,7
13,3454,train,0
13,2418,train,0
13,5398,train,1
13,2408,train,3
13,1733,train,0
13,4452,train,9
13,5679,train,6
13,5522,train,2
13,3806,train,2
13,3151,train,3
13,4017,train,0
13,1299,train,7
13,3548,train,8
13,6494,train,5
13,439,train,9
13,3096,train,0
13,2620,train,5
13,2401,train,3
13,2772,train,9
13,6175,train,1
13,4720,train,0
13,4099,train,6
13,875,train,7
13,2705,train,7
13,5669,train,5
13,6753,train,2
13,2580,train,5
13,301,train,2
13,3517,train,9
13,4574,train,5
13,1296,train,6
13,7337,train,4
13,6636,train,5
13,4845,train,2
13,3337,train,1
13,1104,train,8
13,2495,train,6
13,3813,train,1
13,5368,train,9
13,3166,train,5
13,6611,train,9
13,6361,train,8
13,3221,train,2
13,1495,train,6
13,7090,train,1
13,3863,train,2
13,2507,train,8
13,3304,train,1
13,4650,train,0
13,2042,train,5
13,4196,train,3
13,196,train,3
13,4794,train,6
13,7160,train,1
13,5763,train,8
13,514,train,0
13,6995,train,5
13,525,train,5
13,1111,train,4
13,5413,train,2
13,6600,train,0
13,897,train,4
13,4529,train,8
13,5726,train,0
13,6862,train,9
13,2200,train,1
13,4039,train,8
13,2040,train,4
13,4587,train,6
13,5842,train,0
13,6847,train,0
13,5421,train,1
13,4923,train,4
13,1428,train,2
13,2287,train,4
13,6709,train,5
13,2433,train,2
13,3775,train,6
13,1983,train,0
13,5966,train,9
13,2925,train,7
13,2516,train,5
13,3180,train,2
13,679,train,4
13,1408,train,5
13,551,train,0
13,3706,train,6
13,3356,train,2
13,1235,train,2
13,1896,train,0
13,6209,train,8
13,2554,train,1
13,4488,train,5
13,3722,train,2
13,2520,train,8
13,5513,train,6
13,6705,train,7
13,3716,train,8
13,3738,train,6
13,3469,train,2
13,6148,train,2
13,6073,train,6
13,6757,train,1
13,6957,train,6
13,2932,train,5
13,2857,train,0
13,6451,train,9
13,1491,train,2
13,7172,train,8
13,656,train,1
13,2800,train,6
13,2132,train,2
13,1801,train,4
13,3316,train,3
13,6269,train,6
13,215,train,4
13,3178,train,3
13,4548,train,7
13,1530,train,7
13,91,train,8
13,3118,train,1
13,6617,train,3
13,4364,train,3
13,7289,train,4
13,2265,train,5
13,3283,train,1
13,1167,train,8
13,2855,train,4
13,1638,train,4
13,2997,train,6
13,6983,train,8
13,4552,train,1
13,4413,train,2
13,757,train,3
13,2066,train,2
13,6614,train,3
13,4648,train,5
13,338,train,7
13,672,train,8
13,6643,train,5
13,4264,train,4
13,1174,train,1
13,3880,train,3
13,2498,train,7
13,3441,train,7
13,6030,train,3
13,3907,train,1
13,5653,train,0
13,3470,train,2
13,5108,train,9
13,7068,train,5
13,4891,train,0
13,6986,train,0
13,6103,train,1
13,3466,train,7
13,5981,train,0
13,5212,train,3
13,3486,train,5
13,4356,train,6
13,3289,train,1
13,3980,train,7
13,6569,train,5
13,6432,train,8
13,6626,train,7
13,1488,train,8
13,4009,train,5
13,1670,train,8
13,1575,train,5
13,5011,train,9
13,2568,train,0
13,6742,train,1
13,495,train,4
13,7000,train,3
13,3577,train,9
13,2055,train,4
13,4301,train,5
13,4542,train,0
13,4156,train,7
13,1090,train,7
13,6938,train,9
13,2921,train,7
13,5710,train,4
13,5949,train,6
13,5810,train,6
13,5730,train,0
13,6257,train,2
13,982,train,3
13,6231,train,3
13,5207,train,9
13,1335,train,4
13,5534,train,0
13,1459,train,6
13,1692,train,3
13,4257,train,4
13,6572,train,6
13,2977,train,5
13,1612,train,7
13,6733,train,6
13,317,train,0
13,1952,train,7
13,1816,train,7
13,6541,train,7
13,4730,train,7
13,4777,train,2
13,728,train,5
13,1784,train,0
13,4231,train,9
13,4939,train,8
13,6835,train,3
13,5159,train,8
13,5120,train,2
13,6622,train,5
13,6514,train,7
13,805,train,9
13,6491,train,3
13,5181,train,6
13,5382,train,6
13,7309,train,7
13,6918,train,3
13,1884,train,9
13,3993,train,1
13,4491,train,2
13,2913,train,4
13,3626,train,9
13,4878,train,4
13,3186,train,7
13,6741,train,7
13,1418,train,9
13,4336,train,1
13,6333,train,8
13,2773,train,2
13,4625,train,9
13,4425,train,3
13,5375,train,7
13,1900,train,2
13,6093,train,0
13,5069,train,0
13,4326,train,9
13,5361,train,4
13,1202,train,0
13,1573,train,5
13,4995,train,6
13,1189,train,4
13,5967,train,3
13,4016,train,5
13,4250,train,2
13,4534,train,7
13,3872,train,1
13,705,train,1
13,6842,train,8
13,7265,train,5
13,6007,train,5
13,2721,train,5
13,2711,train,4
13,4860,train,2
13,3232,train,5
13,5015,train,0
13,5059,train,6
13,1541,train,9
13,4323,train,2
13,5911,train,9
13,4084,train,0
13,6390,train,3
13,3264,train,6
13,241,train,3
13,2256,train,3
13,4103,train,2
13,72,train,4
13,1356,train,1
13,2292,train,8
13,472,train,3
13,32,train,9
13,1336,train,2
13,3377,train,4
13,1965,train,9
13,1208,train,2
13,2946,train,6
13,1170,train,9
13,5815,train,7
13,3782,train,7
13,2440,train,8
13,4309,train,2
13,3023,train,9
13,1580,train,0
13,2393,train,0
13,5959,train,6
13,1467,train,6
13,4073,train,6
13,322,train,6
13,1315,train,2
13,2188,train,4
13,2847,train,0
13,512,train,7
13,1053,train,5
13,2336,train,4
13,579,train,5
13,5530,train,9
13,5340,train,1
13,2626,train,0
13,7213,train,9
13,1046,train,3
13,3566,train,4
13,6373,train,5
13,5061,train,2
13,5608,train,9
13,2700,train,6
13,4069,train,3
13,3587,train,9
13,354,train,6
13,5205,train,6
13,39,train,6
13,1613,train,7
13,3592,train,3
13,4380,train,0
13,1056,train,2
13,6555,train,5
13,3865,train,4
13,2001,train,7
13,6221,train,1
13,4407,train,1
13,3480,train,1
13,1286,train,7
13,4766,train,6
13,1722,train,3
13,5955,train,9
13,7125,train,2
13,6090,train,1
13,5153,train,3
13,1337,train,5
13,24,train,1
13,5607,train,8
13,7235,train,8
13,776,train,0
13,5157,train,3
13,6717,train,4
13,868,train,6
13,1756,train,3
13,6190,train,6
13,6648,train,6
13,4219,train,7
13,6477,train,6
13,3406,train,6
13,6638,train,8
13,5180,train,8
13,1771,train,0
13,585,train,4
13,5500,train,7
13,6329,train,7
13,6531,train,4
13,5969,train,4
13,5721,train,2
13,2191,train,9
13,6399,train,3
13,7083,train,0
13,2377,train,4
13,3764,train,2
13,4659,train,5
13,6389,train,7
13,5138,train,5
13,3138,train,4
13,3853,train,1
13,2102,train,6
13,4523,train,5
13,5897,train,9
13,3986,train,7
13,1425,train,2
13,1917,train,8
13,1657,train,7
13,5112,train,3
13,1566,train,8
13,462,train,3
13,7023,train,3
13,1694,train,3
13,812,train,4
13,2181,train,7
13,1892,train,3
13,3093,train,7
13,1761,train,6
13,5244,train,2
13,5142,train,0
13,4348,train,6
13,539,train,5
13,2045,train,7
13,1366,train,9
13,990,train,5
13,4824,train,4
13,6193,train,5
13,1826,train,5
13,4821,train,5
13,5682,train,9
13,4390,train,9
13,6647,train,2
13,6164,train,3
13,1256,train,7
13,5838,train,7
13,5099,train,0
13,2683,train,5
13,7343,train,6
13,3354,train,8
13,4203,train,3
13,6718,train,1
13,780,train,8
13,3809,train,3
13,1446,train,0
13,966,train,5
13,5369,train,0
13,4762,train,0
13,3698,train,0
13,6746,train,5
13,7276,train,9
13,3450,train,3
13,4456,train,6
13,5591,train,2
13,1603,train,5
13,4121,train,3
13,5900,train,8
13,1156,train,6
13,4779,train,4
13,4781,train,1
13,1982,train,9
13,5609,train,1
13,1125,train,1
13,5605,train,3
13,2562,train,9
13,2048,train,4
13,2429,train,2
13,2779,train,0
13,1807,train,9
13,3482,train,4
13,4381,train,0
13,3581,train,2
13,3591,train,6
13,5133,train,7
13,175,train,5
13,5458,train,4
13,3777,train,1
13,5387,train,0
13,6308,train,4
13,2937,train,6
13,1778,train,4
13,3900,train,0
13,6829,train,3
13,5076,train,3
13,2738,train,8
13,2841,train,0
13,3575,train,0
13,633,train,9
13,4122,train,9
13,6813,train,6
13,7044,train,5
13,3326,train,0
13,5239,train,1
13,6798,train,6
13,3685,train,4
13,5615,train,1
13,289,train,5
13,5625,train,3
13,1734,train,9
13,62,train,1
13,3779,train,5
13,2008,train,3
13,5647,train,4
13,4095,train,5
13,2320,train,4
13,3959,train,5
13,2311,train,1
13,6951,train,1
13,956,train,0
13,5922,train,0
13,1632,train,9
13,5211,train,3
13,1024,train,4
13,3489,train,2
13,5250,train,2
13,5241,train,3
13,5272,train,9
13,2419,train,9
13,2486,train,4
13,2948,train,5
13,4106,train,4
13,4213,train,3
13,4615,train,8
13,640,train,2
13,1433,train,6
13,2553,train,2
13,5003,train,0
13,5843,train,2
13,88,train,5
13,7367,train,8
13,3404,train,0
13,6558,train,5
13,4883,train,8
13,1962,train,9
13,3877,train,3
13,3937,train,2
13,6375,train,1
13,6057,train,8
13,2471,train,6
13,3219,train,2
13,6359,train,6
13,1210,train,9
13,704,train,6
13,248,train,8
13,5126,train,4
13,1686,train,2
13,3981,train,7
13,1420,train,5
13,6816,train,7
13,247,train,5
13,1441,train,1
13,186,train,9
13,1209,train,5
13,6043,train,6
13,4975,train,8
13,2713,train,6
13,3570,train,8
13,4475,train,8
13,1623,train,6
13,5529,train,5
13,871,train,8
13,6387,train,0
13,3773,train,4
13,2911,train,7
13,5550,train,3
13,5073,train,6
13,6839,train,7
13,3762,train,6
13,148,train,8
13,6027,train,1
13,4123,train,3
13,7158,train,0
13,89,train,0
13,3574,train,0
13,159,train,8
13,6505,train,8
13,6677,train,1
13,358,train,0
13,4933,train,0
13,6955,train,4
13,4114,train,4
13,6872,train,6
13,183,train,3
13,1913,train,1
13,2716,train,7
13,1833,train,2
13,4522,train,9
13,4698,train,1
13,6640,train,3
13,5495,train,7
13,951,train,3
13,2995,train,4
13,2651,train,0
13,5919,train,0
13,6131,train,4
13,6219,train,7
13,4674,train,8
13,1214,train,8
13,1640,train,7
13,2957,train,4
13,4174,train,2
13,2844,train,3
13,3571,train,1
13,56,train,0
13,5248,train,2
13,2329,train,5
13,4385,train,8
13,1309,train,6
13,7088,train,5
13,339,train,9
13,7351,train,0
13,5781,train,6
13,4210,train,8
13,2615,train,2
13,4241,train,2
13,2872,train,7
13,5110,train,7
13,6259,train,7
13,6738,train,7
13,1586,train,7
13,6950,train,0
13,717,train,0
13,6455,train,3
13,562,train,6
13,5879,train,8
13,3344,train,6
13,6822,train,8
13,6764,train,2
13,2749,train,9
13,2876,train,3
13,4743,train,0
13,2549,train,4
13,792,train,1
13,3139,train,7
13,2633,train,4
13,1148,train,4
13,5467,train,9
13,4064,train,2
13,258,train,2
13,6545,train,9
13,1129,train,0
13,5718,train,4
13,6903,train,0
13,3971,train,0
13,6252,train,4
13,1044,train,5
13,7034,train,9
13,2697,train,6
13,2859,train,7
13,3327,train,7
13,4707,train,4
13,5455,train,2
13,1985,train,8
13,1902,train,0
13,2766,train,0
13,2239,train,7
13,122,train,5
13,6886,train,2
13,4715,train,6
13,6725,train,6
13,1271,train,8
13,2672,train,4
13,680,train,1
13,2313,train,4
13,7022,train,3
13,4133,train,6
13,6126,train,9
13,7246,train,3
13,171,train,4
13,1930,train,0
13,1782,train,2
13,3936,train,4
13,4429,train,3
13,3026,train,5
13,7363,train,4
13,104,train,2
13,6438,train,1
13,2283,train,2
13,7026,train,5
13,1868,train,0
13,1616,train,1
13,327,train,9
13,1187,train,3
13,3189,train,1
13,2760,train,2
13,528,train,8
13,5507,train,5
13,2689,train,6
13,197,train,2
13,4729,train,7
13,2340,train,6
13,6354,train,7
13,3069,train,7
13,5658,train,9
13,6392,train,1
13,3988,train,3
13,210,train,9
13,475,train,2
13,5551,train,3
13,987,train,0
13,6130,train,6
13,1828,train,2
13,5394,train,2
13,1975,train,1
13,5886,train,6
13,3187,train,2
13,78,train,5
13,5433,train,4
13,7238,train,7
13,4871,train,4
13,1372,train,2
13,1972,train,0
13,1231,train,9
13,6102,train,0
13,1005,train,6
13,3823,train,0
13,553,train,8
13,5311,train,3
13,208,train,7
13,1540,train,2
13,3768,train,4
13,1205,train,6
13,6440,train,1
13,3401,train,8
13,2170,train,7
13,3869,train,2
13,2989,train,1
13,5821,train,3
13,5517,train,5
13,2544,train,2
13,522,train,8
13,2448,train,2
13,7350,train,2
13,1119,train,0
13,6076,train,6
13,3246,train,6
13,4710,train,2
13,2527,train,3
13,6732,train,8
13,580,train,2
13,6479,train,0
13,1969,train,7
13,1196,train,1
13,6787,train,3
13,2112,train,8
13,5860,train,3
13,5418,train,8
13,6972,train,8
13,1844,train,7
13,4963,train,4
13,6786,train,0
13,744,train,5
13,2758,train,3
13,3353,train,7
13,3606,train,7
13,426,train,8
13,2964,train,1
13,5225,train,9
13,2364,train,9
13,3302,train,4
13,5261,train,4
13,44,train,5
13,5689,train,2
13,6793,train,6
13,6311,train,9
13,3821,train,5
13,309,train,7
13,6762,train,2
13,3969,train,5
13,4607,train,5
13,7315,train,2
13,594,train,7
13,800,train,4
13,5344,train,0
13,6045,train,6
13,967,train,8
13,1886,train,2
13,5780,train,4
13,6482,train,9
13,1043,train,0
13,2566,train,9
13,1230,train,9
13,1955,train,5
13,1489,train,6
13,4741,train,7
13,5396,train,9
13,2517,train,2
13,5992,train,9
13,5469,train,2
13,787,train,3
13,2654,train,3
13,6174,train,5
13,2169,train,5
13,4325,train,0
13,6702,train,1
13,5158,train,1
13,5516,train,8
13,5657,train,2
13,6420,train,2
13,556,train,0
13,1991,train,5
13,280,train,7
13,1480,train,9
13,3275,train,9
13,194,train,9
13,5976,train,9
13,1272,train,2
13,4943,train,5
13,6834,train,7
13,994,train,2
13,2632,train,7
13,5486,train,3
13,5968,train,3
13,2163,train,7
13,3761,train,8
13,3132,train,3
13,3833,train,2
13,177,train,0
13,1220,train,1
13,2763,train,9
13,3808,train,4
13,4558,train,0
13,3296,train,3
13,463,train,0
13,172,train,6
13,6934,train,5
13,7186,train,3
13,2156,train,2
13,4586,train,6
13,5175,train,9
13,1135,train,0
13,6060,train,3
13,3471,train,2
13,5582,train,8
13,7300,train,8
13,1888,train,1
13,760,train,2
13,2009,train,4
13,4474,train,0
13,1091,train,4
13,962,train,4
13,363,train,8
13,6196,train,7
13,378,train,2
13,3747,train,4
13,3199,train,9
13,5700,train,0
13,3028,train,1
13,420,train,1
13,2007,train,3
13,455,train,5
13,5,train,4
13,166,train,7
13,5048,train,6
13,4769,train,3
13,2591,train,3
13,253,train,7
13,323,train,1
13,4853,train,4
13,3017,train,0
13,71,train,9
13,6287,train,1
13,6977,train,7
13,1619,train,2
13,6515,train,7
13,6478,train,5
13,4921,train,4
13,5723,train,4
13,3928,train,1
13,2268,train,5
13,2843,train,5
13,6305,train,9
13,1239,train,3
13,5259,train,3
13,5616,train,9
13,375,train,0
13,418,train,2
13,2806,train,9
13,970,train,4
13,6686,train,2
13,4606,train,9
13,2699,train,8
13,1639,train,5
13,3859,train,6
13,6982,train,5
13,1501,train,8
13,4569,train,6
13,2846,train,4
13,5806,train,4
13,796,train,7
13,325,train,2
13,765,train,4
13,6818,train,0
13,6901,train,3
13,984,train,8
13,5988,train,2
13,5536,train,1
13,2887,train,9
13,4204,train,3
13,3676,train,7
13,4434,train,2
13,5446,train,1
13,4408,train,5
13,6418,train,8
13,2894,train,5
13,4867,train,7
13,7319,train,4
13,748,train,8
13,2880,train,7
13,7154,train,9
13,2491,train,9
13,952,train,6
13,4759,train,8
13,7142,train,3
13,5874,train,6
13,2660,train,1
13,1864,train,3
13,6633,train,6
13,6458,train,0
13,1067,train,3
13,137,train,0
13,1608,train,6
13,558,train,9
13,6527,train,0
13,636,train,4
13,3798,train,8
13,5050,train,6
13,2635,train,3
13,1055,train,7
13,3758,train,9
13,4866,train,6
13,5156,train,5
13,1680,train,6
13,739,train,2
13,4980,train,6
13,3562,train,4
13,536,train,4
13,4492,train,4
13,6782,train,0
13,6374,train,8
13,4984,train,5
13,4982,train,7
13,2639,train,6
13,1404,train,6
13,1553,train,0
13,6170,train,2
13,2447,train,3
13,855,train,0
13,1732,train,1
13,3731,train,6
13,609,train,7
13,141,train,5
13,1244,train,0
13,1602,train,6
13,554,train,3
13,2785,train,6
13,2306,train,5
13,3506,train,8
13,1705,train,4
13,3225,train,7
13,1203,train,7
13,6909,train,6
13,3622,train,8
13,2057,train,1
13,1359,train,0
13,1559,train,3
13,266,train,4
13,2771,train,8
13,6002,train,4
13,1454,train,3
13,2251,train,2
13,4570,train,7
13,1060,train,1
13,3703,train,7
13,5765,train,9
13,4414,train,6
13,1517,train,0
13,5222,train,1
13,2395,train,4
13,5641,train,6
13,1025,train,3
13,5659,train,0
13,4438,train,0
13,1314,train,9
13,5995,train,3
13,1036,train,3
13,3974,train,7
13,1233,train,3
13,3629,train,5
13,1634,train,0
13,2690,train,2
13,1497,train,9
13,4234,train,6
13,2475,train,3
13,6548,train,8
13,2895,train,5
13,3640,train,3
13,4089,train,4
13,3916,train,6
13,5485,train,9
13,2630,train,1
13,545,train,3
13,1956,train,9
13,6962,train,2
13,605,train,4
13,8,train,0
13,3946,train,9
13,6122,train,3
13,3059,train,5
13,2223,train,2
13,6335,train,3
13,1521,train,0
13,4333,train,8
13,1542,train,5
13,6728,train,4
13,7336,train,7
13,5544,train,3
13,2135,train,7
13,7352,train,4
13,6290,train,5
13,2933,train,3
13,3097,train,6
13,2712,train,1
13,3958,train,9
13,7212,train,7
13,668,train,4
13,3524,train,9
13,1015,train,1
13,1978,train,6
13,5813,train,0
13,840,train,7
13,2205,train,5
13,4157,train,1
13,2254,train,0
13,3719,train,4
13,3793,train,1
13,285,train,6
13,3564,train,0
13,1935,train,2
13,5570,train,2
13,2438,train,4
13,1479,train,7
13,7294,train,7
13,3888,train,3
13,296,train,2
13,4751,train,3
13,507,train,7
13,2584,train,7
13,5286,train,0
13,1452,train,2
13,2613,train,0
13,783,train,2
13,6081,train,5
13,567,train,1
13,6915,train,3
13,4536,train,5
13,481,train,6
13,4826,train,4
13,7283,train,6
13,617,train,4
13,4760,train,9
13,4566,train,9
13,5251,train,7
13,1786,train,8
13,6279,train,9
13,93,train,4
13,6605,train,6
13,2861,train,3
13,806,train,3
13,6502,train,4
13,5822,train,0
13,2096,train,6
13,7163,train,9
13,6454,train,4
13,377,train,6
13,971,train,9
13,119,train,3
13,1458,train,0
13,2246,train,0
13,957,train,3
13,5390,train,1
13,1822,train,6
13,5594,train,6
13,515,train,2
13,1644,train,9
13,5891,train,8
13,2384,train,5
13,1194,train,0
13,3031,train,6
13,3604,train,2
13,6403,train,1
13,5282,train,7
13,232,train,1
13,7069,train,7
13,4216,train,8
13,864,train,5
13,7006,train,0
13,2509,train,4
13,6256,train,9
13,889,train,1
13,7266,train,4
13,5568,train,8
13,5732,train,7
13,4035,train,8
13,2823,train,4
13,1128,train,3
13,7131,train,6
13,6212,train,3
13,288,train,1
13,4621,train,8
13,152,train,8
13,5468,train,5
13,963,train,9
13,1323,train,8
13,4393,train,3
13,3834,train,5
13,6409,train,9
13,762,train,1
13,2490,train,5
13,3618,train,3
13,3597,train,8
13,6489,train,7
13,3667,train,5
13,219,train,7
13,6417,train,3
13,4370,train,5
13,353,train,3
13,4187,train,7
13,7103,train,1
13,521,train,8
13,6713,train,9
13,6550,train,2
13,5145,train,4
13,3174,train,1
13,686,train,5
13,3856,train,7
13,458,train,7
13,3011,train,3
13,2349,train,0
13,4211,train,7
13,1563,train,5
13,1964,train,8
13,5278,train,7
13,1579,train,4
13,3754,train,3
13,6052,train,2
13,1105,train,8
13,3163,train,0
13,5123,train,5
13,2980,train,6
13,5645,train,5
13,25,train,4
13,1390,train,7
13,3997,train,4
13,4173,train,4
13,6795,train,7
13,6436,train,3
13,577,train,4
13,3982,train,7
13,2005,train,1
13,3022,train,3
13,6551,train,5
13,2904,train,0
13,5604,train,5
13,5444,train,9
13,3173,train,5
13,2202,train,0
13,5385,train,4
13,1663,train,8
13,4789,train,7
13,7016,train,6
13,5961,train,9
13,4255,train,3
13,874,train,5
13,7362,train,8
13,3752,train,6
13,5082,train,8
13,2457,train,5
13,3671,train,5
13,1030,train,2
13,4555,train,3
13,1052,train,2
13,4539,train,2
13,3128,train,0
13,3144,train,9
13,6364,train,5
13,2421,train,7
13,6533,train,0
13,5541,train,1
13,3783,train,2
13,2221,train,4
13,3294,train,6
13,6552,train,8
13,261,train,7
13,3507,train,7
13,1558,train,6
13,3433,train,2
13,3411,train,3
13,7015,train,4
13,1843,train,7
13,6138,train,9
13,5021,train,3
13,2352,train,2
13,6776,train,7
13,2525,train,6
13,3966,train,7
13,1567,train,5
13,3092,train,7
13,1442,train,0
13,413,train,3
13,4820,train,2
13,3771,train,7
13,3160,train,6
13,2485,train,5
13,4636,train,8
13,4177,train,1
13,5974,train,1
13,6831,train,6
13,3841,train,5
13,5912,train,9
13,4360,train,5
13,6878,train,1
13,2968,train,6
13,5929,train,2
13,2253,train,1
13,3962,train,9
13,3547,train,8
13,6139,train,0
13,4970,train,2
13,2784,train,4
13,1953,train,3
13,4037,train,9
13,2787,train,7
13,1098,train,2
13,1087,train,7
13,6807,train,0
13,3249,train,9
13,275,train,8
13,2511,train,7
13,1681,train,7
13,4996,train,3
13,7043,train,4
13,5707,train,9
13,1283,train,0
13,7121,train,1
13,1986,train,8
13,5869,train,6
13,2569,train,2
13,6020,train,9
13,623,train,1
13,542,train,1
13,6805,train,7
13,4124,train,4
13,4859,train,2
13,6340,train,2
13,667,train,0
13,380,train,4
13,313,train,8
13,1278,train,5
13,998,train,1
13,5465,train,6
13,2966,train,5
13,6370,train,3
13,886,train,6
13,5197,train,6
13,6931,train,3
13,2127,train,0
13,40,train,1
13,1216,train,9
13,3839,train,0
13,5997,train,4
13,4541,train,9
13,3335,train,4
13,2244,train,2
13,1136,train,5
13,6800,train,1
13,7221,train,3
13,690,train,0
13,2474,train,1
13,2263,train,1
13,4019,train,1
13,5757,train,2
13,1373,train,8
13,955,train,7
13,2991,train,7
13,7342,train,4
13,1591,train,2
13,2264,train,3
13,2435,train,2
13,124,train,9
13,3642,train,1
13,3161,train,3
13,3922,train,5
13,3248,train,7
13,5283,train,9
13,2346,train,5
13,1363,train,2
13,3868,train,2
13,6021,train,0
13,3145,train,0
13,5299,train,8
13,3267,train,2
13,2430,train,2
13,100,train,2
13,5585,train,9
13,3334,train,2
13,6234,train,2
13,5408,train,7
13,5898,train,9
13,7292,train,9
13,6437,train,1
13,6158,train,6
13,5321,train,0
13,6004,train,0
13,5553,train,2
13,4369,train,3
13,1048,train,8
13,38,train,8
13,1881,train,8
13,710,train,5
13,1259,train,0
13,5833,train,1
13,4590,train,5
13,625,train,0
13,3897,train,8
13,5878,train,0
13,4152,train,0
13,5962,train,1
13,3955,train,6
13,2803,train,6
13,1289,train,0
13,1183,train,9
13,5543,train,8
13,759,train,0
13,2409,train,2
13,3156,train,2
13,2845,train,7
13,7073,train,5
13,3034,train,4
13,5858,train,6
13,3674,train,4
13,6769,train,2
13,4113,train,5
13,2774,train,5
13,473,train,3
13,4222,train,8
13,4497,train,2
13,6047,train,4
13,826,train,0
13,1931,train,3
13,4479,train,9
13,4116,train,6
13,2890,train,9
13,917,train,4
13,1691,train,8
13,4287,train,2
13,4053,train,1
13,3992,train,3
13,2600,train,8
13,123,train,3
13,2802,train,9
13,303,train,0
13,164,train,4
13,4067,train,5
13,5063,train,0
13,4711,train,4
13,5938,train,7
13,2178,train,2
13,5114,train,0
13,5814,train,1
13,6378,train,4
13,4916,train,3
13,3784,train,2
13,3908,train,8
13,1172,train,6
13,6730,train,3
13,3786,train,9
13,3242,train,9
13,519,train,0
13,6362,train,8
13,2322,train,5
13,2903,train,8
13,3682,train,6
13,3820,train,6
13,7030,train,8
13,1371,train,6
13,2301,train,8
13,189,train,8
13,555,train,4
13,1381,train,8
13,2536,train,8
13,271,train,8
13,5533,train,0
13,6641,train,6
13,4930,train,0
13,6619,train,6
13,156,train,4
13,3780,train,8
13,1058,train,0
13,7205,train,7
13,7100,train,4
13,2984,train,6
13,6145,train,9
13,5610,train,0
13,5705,train,0
13,4242,train,5
13,3437,train,9
13,4158,train,1
13,3220,train,3
13,4565,train,2
13,3633,train,4
13,6504,train,2
13,3525,train,4
13,1672,train,9
13,5805,train,5
13,1223,train,3
13,1845,train,2
13,7261,train,9
13,2789,train,3
13,6840,train,8
13,6833,train,0
13,394,train,0
13,5612,train,5
13,2014,train,2
13,2593,train,0
13,1273,train,9
13,6094,train,3
13,4176,train,9
13,3348,train,7
13,2791,train,3
13,3521,train,6
13,6511,train,6
13,706,train,1
13,4637,train,9
13,4499,train,3
13,297,train,7
13,4412,train,5
13,5491,train,2
13,5238,train,7
13,4649,train,8
13,4251,train,0
13,2579,train,5
13,3912,train,2
13,4855,train,2
13,2594,train,2
13,2618,train,4
13,5654,train,9
13,5047,train,0
13,6253,train,0
13,4865,train,1
13,4944,train,3
13,3077,train,1
13,1095,train,5
13,133,train,7
13,4881,train,9
13,2199,train,1
13,1207,train,7
13,1901,train,2
13,2793,train,0
13,3198,train,5
13,2258,train,2
13,4761,train,6
13,4081,train,1
13,4245,train,0
13,1879,train,4
13,5520,train,8
13,1103,train,1
13,4207,train,7
13,342,train,2
13,1184,train,4
13,1727,train,9
13,5753,train,5
13,2860,train,3
13,6400,train,2
13,2003,train,2
13,4595,train,7
13,3602,train,5
13,7365,train,1
13,392,train,8
13,5365,train,8
13,2337,train,8
13,2400,train,6
13,2709,train,8
13,2410,train,6
13,216,train,0
13,6376,train,4
13,3287,train,3
13,6089,train,4
13,3895,train,6
13,7054,train,0
13,4131,train,6
13,883,train,0
13,5734,train,5
13,1343,train,5
13,1731,train,5
13,6668,train,7
13,319,train,6
13,2323,train,8
13,6749,train,1
13,4105,train,8
13,2675,train,6
13,192,train,0
13,5906,train,4
13,1099,train,3
13,946,train,9
13,6682,train,9
13,4690,train,2
13,4062,train,1
13,1350,train,4
13,524,train,6
13,1973,train,6
13,537,train,5
13,83,train,1
13,4998,train,4
13,4667,train,3
13,872,train,6
13,5624,train,8
13,1545,train,1
13,5790,train,1
13,2616,train,0
13,1082,train,8
13,3601,train,1
13,3105,train,0
13,6456,train,9
13,28,train,3
13,3515,train,4
13,1942,train,9
13,6900,train,0
13,2302,train,1
13,5812,train,7
13,4344,train,3
13,4782,train,0
13,345,train,2
13,2993,train,9
13,909,train,0
13,5915,train,7
13,5595,train,0
13,833,train,3
13,1451,train,0
13,3432,train,6
13,1818,train,5
13,1770,train,3
13,6662,train,8
13,5083,train,9
13,1121,train,7
13,5826,train,7
13,5769,train,8
13,1720,train,2
13,5186,train,4
13,3769,train,9
13,1166,train,3
13,2546,train,8
13,5122,train,5
13,4334,train,6
13,6161,train,3
13,3434,train,9
13,6074,train,7
13,7002,train,8
13,6404,train,6
13,2834,train,1
13,3876,train,1
13,3499,train,4
13,2394,train,3
13,2020,train,9
13,5505,train,3
13,603,train,2
13,7196,train,9
13,797,train,1
13,3817,train,0
13,2002,train,6
13,692,train,2
13,4562,train,5
13,6845,train,0
13,3290,train,3
13,4701,train,4
13,2698,train,9
13,6405,train,5
13,6960,train,6
13,306,train,8
13,3931,train,0
13,6492,train,5
13,4375,train,2
13,721,train,5
13,6852,train,2
13,2479,train,6
13,3095,train,3
13,1042,train,6
13,2992,train,5
13,5473,train,6
13,348,train,9
13,2642,train,4
13,5584,train,0
13,6996,train,7
13,5798,train,7
13,4391,train,4
13,1247,train,8
13,5166,train,1
13,5546,train,1
13,630,train,2
13,5714,train,1
13,5639,train,8
13,4809,train,5
13,2326,train,4
13,573,train,4
13,2514,train,3
13,6566,train,2
13,1049,train,5
13,3167,train,0
13,1037,train,1
13,2879,train,9
13,4612,train,9
13,1974,train,7
13,6518,train,5
13,5291,train,6
13,6790,train,0
13,5084,train,7
13,3650,train,9
13,788,train,5
13,3265,train,7
13,5796,train,0
13,1928,train,8
13,3418,train,4
13,5752,train,4
13,1345,train,0
13,1163,train,9
13,6155,train,3
13,6866,train,5
13,3426,train,6
13,7247,train,6
13,2658,train,2
13,6876,train,2
13,449,train,0
13,7071,train,0
13,5649,train,9
13,6481,train,2
13,2534,train,5
13,381,train,3
13,5673,train,8
13,4585,train,1
13,5146,train,2
13,5301,train,3
13,2280,train,5
13,6136,train,3
13,1018,train,2
13,2751,train,3
13,1929,train,8
13,6765,train,7
13,2809,train,8
13,597,train,9
13,6624,train,2
13,575,train,9
13,2082,train,8
13,329,train,8
13,6716,train,7
13,4832,train,1
13,2436,train,5
13,1330,train,5
13,1636,train,3
13,1402,train,8
13,964,train,3
13,6395,train,2
13,2190,train,7
13,3560,train,6
13,265,train,4
13,5044,train,4
13,1957,train,3
13,1351,train,8
13,749,train,1
13,3301,train,9
13,2575,train,5
13,1717,train,6
13,2701,train,4
13,1158,train,7
13,2122,train,7
13,4012,train,0
13,1590,train,4
13,6250,train,0
13,2152,train,2
13,4172,train,7
13,804,train,7
13,4784,train,8
13,5621,train,5
13,5603,train,4
13,2547,train,8
13,5871,train,7
13,4388,train,4
13,7329,train,0
13,5096,train,3
13,3925,train,3
13,471,train,0
13,3313,train,8
13,5049,train,3
13,3845,train,1
13,729,train,4
13,2439,train,0
13,6013,train,8
13,3485,train,1
13,452,train,4
13,2137,train,4
13,6474,train,2
13,2598,train,7
13,4683,train,9
13,2422,train,5
13,4532,train,6
13,324,train,0
13,670,train,0
13,3968,train,7
13,1912,train,2
13,2825,train,4
13,5004,train,4
13,4937,train,3
13,4293,train,9
13,2900,train,5
13,726,train,6
13,2839,train,9
13,3734,train,4
13,643,train,0
13,6961,train,6
13,4392,train,4
13,6210,train,8
13,1266,train,9
13,2901,train,0
13,5017,train,2
13,390,train,5
13,2986,train,4
13,1068,train,8
13,3654,train,0
13,7056,train,8
13,740,train,7
13,674,train,9
13,7041,train,8
13,1950,train,7
13,3378,train,1
13,5717,train,3
13,6142,train,3
13,6080,train,4
13,6557,train,2
13,3739,train,4
13,2029,train,4
13,5557,train,1
13,5168,train,4
13,1795,train,8
13,6071,train,6
13,1898,train,8
13,341,train,3
13,2217,train,3
13,3643,train,2
13,6536,train,6
13,4024,train,4
13,7124,train,1
13,5581,train,9
13,843,train,7
13,4007,train,2
13,4966,train,5
13,2899,train,0
13,3713,train,1
13,2884,train,7
13,3844,train,2
13,1237,train,3
13,5683,train,7
13,389,train,8
13,5986,train,4
13,6595,train,6
13,5106,train,4
13,2059,train,7
13,1630,train,2
13,2017,train,2
13,2052,train,7
13,5501,train,7
13,5240,train,7
13,351,train,4
13,1996,train,1
13,6736,train,6
13,4262,train,6
13,2851,train,1
13,2303,train,1
13,601,train,1
13,3277,train,7
13,4749,train,5
13,1817,train,0
13,5006,train,4
13,1698,train,5
13,3953,train,8
13,245,train,5
13,3557,train,0
13,5596,train,5
13,4983,train,0
13,3760,train,5
13,2691,train,1
13,5447,train,4
13,5307,train,5
13,6529,train,6
13,1133,train,8
13,4003,train,0
13,2051,train,6
13,5834,train,4
13,1385,train,3
13,6312,train,4
13,945,train,5
13,2065,train,2
13,442,train,8
13,1399,train,5
13,1092,train,9
13,6469,train,7
13,6767,train,5
13,4163,train,1
13,1620,train,7
13,3331,train,6
13,5125,train,5
13,226,train,8
13,6229,train,1
13,5253,train,1
13,888,train,0
13,4398,train,6
13,6268,train,1
13,7243,train,9
13,1498,train,3
13,3735,train,9
13,3873,train,6
13,581,train,1
13,3710,train,1
13,1997,train,0
13,5161,train,2
13,3358,train,8
13,2077,train,5
13,661,train,3
13,1303,train,5
13,90,train,7
13,943,train,7
13,4276,train,9
13,1803,train,0
13,2597,train,9
13,5811,train,1
13,3838,train,4
13,5202,train,3
13,1581,train,4
13,5277,train,6
13,4001,train,4
13,5515,train,9
13,5173,train,8
13,6770,train,2
13,2499,train,8
13,4421,train,6
13,4765,train,6
13,6965,train,1
13,5729,train,5
13,5386,train,1
13,1228,train,1
13,675,train,0
13,724,train,8
13,1140,train,3
13,6898,train,9
13,460,train,5
13,4635,train,3
13,2449,train,9
13,822,train,4
13,778,train,3
13,199,train,0
13,1671,train,9
13,3155,train,5
13,7045,train,2
13,5118,train,8
13,5165,train,8
13,5532,train,4
13,2072,train,1
13,511,train,1
13,5268,train,7
13,2392,train,8
13,5129,train,0
13,2500,train,1
13,2203,train,1
13,1883,train,6
13,5618,train,7
13,1709,train,2
13,1412,train,7
13,33,train,8
13,702,train,2
13,4093,train,3
13,5947,train,5
13,5630,train,1
13,5435,train,5
13,903,train,2
13,6720,train,5
13,4797,train,3
13,6539,train,9
13,5402,train,2
13,4057,train,3
13,4230,train,5
13,693,train,3
13,3695,train,0
13,7230,train,9
13,2033,train,0
13,7042,train,2
13,4561,train,3
13,932,train,0
13,3236,train,8
13,2508,train,4
13,4465,train,5
13,4949,train,7
13,5117,train,6
13,6577,train,1
13,5709,train,9
13,1392,train,6
13,4825,train,3
13,533,train,9
13,1445,train,7
13,2959,train,1
13,1029,train,5
13,1927,train,1
13,1072,train,4
13,6920,train,1
13,6661,train,8
13,20,train,9
13,3707,train,8
13,6388,train,5
13,1195,train,3
13,4013,train,1
13,3024,train,6
13,2411,train,9
13,6299,train,4
13,746,train,2
13,4899,train,9
13,5335,train,8
13,5152,train,8
13,4808,train,3
13,1719,train,4
13,7345,train,2
13,2176,train,3
13,6112,train,3
13,6537,train,9
13,3745,train,7
13,5314,train,6
13,509,train,7
13,791,train,2
13,5727,train,4
13,1776,train,1
13,904,train,7
13,3338,train,9
13,6597,train,5
13,328,train,6
13,3272,train,7
13,6706,train,7
13,5353,train,3
13,29,train,7
13,2171,train,3
13,2196,train,2
13,5764,train,8
13,4462,train,2
13,256,train,2
13,3223,train,6
13,5690,train,7
13,6183,train,9
13,243,train,3
13,894,train,2
13,2465,train,9
13,1546,train,0
13,755,train,0
13,2941,train,3
13,1790,train,8
13,1261,train,6
13,6085,train,3
13,49,train,7
13,935,train,0
13,6937,train,7
13,4458,train,0
13,6620,train,3
13,5748,train,5
13,6830,train,6
13,140,train,0
13,2255,train,5
13,3140,train,7
13,651,train,8
13,490,train,5
13,3409,train,9
13,1316,train,2
13,3756,train,2
13,7280,train,2
13,6590,train,4
13,2382,train,9
13,6978,train,0
13,6049,train,2
13,5943,train,2
13,320,train,2
13,634,train,7
13,3800,train,3
13,2805,train,9
13,4129,train,3
13,4162,train,1
13,6953,train,8
13,4756,train,6
13,3543,train,7
13,3169,train,5
13,6096,train,9
13,1832,train,5
13,5309,train,8
13,5828,train,7
13,2497,train,6
13,5028,train,7
13,860,train,6
13,5856,train,8
13,60,train,0
13,6910,train,2
13,5771,train,6
13,684,train,6
13,1407,train,2
13,7127,train,6
13,2778,train,3
13,4823,train,3
13,6100,train,9
13,157,train,6
13,6099,train,1
13,7161,train,9
13,7130,train,2
13,769,train,3
13,899,train,4
13,5169,train,5
13,895,train,8
13,3084,train,5
13,4266,train,1
13,5098,train,9
13,3927,train,7
13,4758,train,7
13,5273,train,9
13,925,train,9
13,2818,train,5
13,6324,train,7
13,1611,train,3
13,5095,train,6
13,1687,train,4
13,3374,train,2
13,6233,train,6
13,1662,train,4
13,6310,train,7
13,5437,train,0
13,5894,train,1
13,6169,train,3
13,1225,train,1
13,3126,train,2
13,4861,train,7
13,5450,train,5
13,374,train,6
13,1789,train,6
13,1710,train,4
13,7226,train,1
13,37,train,1
13,4567,train,1
13,4572,train,6
13,4611,train,0
13,5628,train,8
13,3772,train,2
13,1860,train,0
13,6571,train,9
13,1768,train,5
13,5664,train,8
13,3669,train,5
13,485,train,0
13,544,train,4
13,244,train,0
13,126,train,5
13,4036,train,6
13,1684,train,6
13,2412,train,9
13,5162,train,8
13,6584,train,9
13,6992,train,5
13,3847,train,0
13,6471,train,1
13,1229,train,8
13,1848,train,7
13,1510,train,7
13,1572,train,0
13,4440,train,1
13,433,train,2
13,487,train,8
13,340,train,5
13,5284,train,8
13,3973,train,4
13,1430,train,6
13,953,train,2
13,1627,train,8
13,7148,train,7
13,7359,train,4
13,5635,train,9
13,4126,train,2
13,5036,train,4
13,6912,train,1
13,1696,train,4
13,1788,train,5
13,3825,train,9
13,652,train,5
13,4993,train,6
13,1464,train,8
13,4887,train,4
13,2079,train,6
13,3322,train,8
13,949,train,6
13,3286,train,2
13,4424,train,2
13,7204,train,1
13,5191,train,8
13,4338,train,8
13,6908,train,1
13,6659,train,5
13,478,train,9
13,7126,train,3
13,4031,train,0
13,2996,train,2
13,3054,train,6
13,6772,train,5
13,1787,train,5
13,1332,train,8
13,600,train,4
13,1875,train,1
13,4384,train,4
13,211,train,3
13,2446,train,8
13,7025,train,7
13,839,train,3
13,337,train,2
13,466,train,7
13,5783,train,0
13,2095,train,0
13,1987,train,9
13,3649,train,9
13,2621,train,3
13,709,train,6
13,4042,train,5
13,5405,train,8
13,7145,train,4
13,6712,train,0
13,2399,train,3
13,3130,train,7
13,3091,train,7
13,2123,train,8
13,7031,train,4
13,456,train,5
13,4033,train,8
13,6520,train,6
13,1081,train,1
13,6719,train,7
13,1869,train,6
13,4550,train,4
13,2391,train,7
13,7099,train,1
13,1604,train,7
13,4198,train,6
13,5460,train,1
13,2018,train,3
13,2955,train,9
13,5295,train,3
13,3510,train,9
13,6082,train,6
13,5855,train,0
13,6286,train,5
13,3763,train,0
13,1161,train,9
13,6177,train,9
13,2047,train,9
13,6366,train,1
13,3152,train,2
13,1212,train,6
13,1188,train,4
13,1199,train,0
13,5779,train,9
13,4372,train,9
13,4907,train,0
13,6160,train,8
13,2939,train,6
13,3513,train,0
13,750,train,3
13,4112,train,8
13,4018,train,9
13,4704,train,3
13,4436,train,1
13,2396,train,4
13,4904,train,8
13,2298,train,9
13,960,train,9
13,6428,train,8
13,5566,train,9
13,7096,train,7
13,6874,train,9
13,5766,train,7
13,1683,train,0
13,2044,train,7
13,7240,train,1
13,5081,train,8
13,3878,train,8
13,5026,train,9
13,809,train,8
13,5795,train,7
13,422,train,6
13,2324,train,3
13,682,train,9
13,4979,train,8
13,5348,train,6
13,3683,train,4
13,3098,train,1
13,741,train,2
13,4332,train,0
13,5739,train,9
13,6186,train,7
13,5464,train,7
13,2165,train,8
13,2278,train,9
13,3402,train,5
13,2625,train,0
13,5265,train,3
13,4726,train,0
13,178,train,8
13,513,train,3
13,1295,train,8
13,3431,train,0
13,7215,train,7
13,1427,train,4
13,1907,train,6
13,1395,train,6
13,3594,train,1
13,6628,train,8
13,114,train,8
13,7339,train,9
13,557,train,9
13,2434,train,4
13,1857,train,0
13,3043,train,0
13,4366,train,8
13,4146,train,2
13,2682,train,8
13,4516,train,1
13,476,train,9
13,5778,train,5
13,3299,train,5
13,1992,train,3
13,2136,train,2
13,6942,train,6
13,412,train,3
13,1804,train,7
13,400,train,8
13,3190,train,4
13,5358,train,8
13,334,train,7
13,1891,train,7
13,845,train,2
13,6946,train,7
13,5574,train,1
13,4362,train,6
13,844,train,5
13,1354,train,1
13,257,train,8
13,621,train,9
13,2284,train,8
13,1472,train,0
13,1933,train,5
13,2950,train,4
13,7104,train,5
13,6014,train,4
13,813,train,5
13,2247,train,6
13,5042,train,3
13,6817,train,2
13,428,train,2
13,3628,train,5
13,5178,train,0
13,74,train,9
13,193,train,2
13,1885,train,3
13,5351,train,6
13,6213,train,3
13,3505,train,5
13,3533,train,6
13,5627,train,2
13,707,train,9
13,217,train,9
13,3699,train,9
13,6303,train,8
13,2460,train,4
13,4160,train,0
13,2367,train,2
13,4247,train,1
13,4614,train,4
13,5480,train,0
13,1867,train,4
13,2617,train,6
13,824,train,3
13,1101,train,1
13,3579,train,9
13,370,train,5
13,4329,train,7
13,1071,train,9
13,4088,train,6
13,1533,train,6
13,2694,train,4
13,3690,train,9
13,4109,train,0
13,2469,train,8
13,3796,train,6
13,2963,train,4
13,3885,train,8
13,6615,train,0
13,1690,train,0
13,4321,train,0
13,5403,train,6
13,6244,train,7
13,4807,train,4
13,1772,train,5
13,136,train,2
13,1516,train,0
13,3613,train,3
13,195,train,7
13,6214,train,6
13,6270,train,2
13,6966,train,1
13,135,train,1
13,6596,train,9
13,4004,train,1
13,4884,train,9
13,1221,train,0
13,4793,train,6
13,4022,train,0
13,5074,train,6
13,884,train,9
13,823,train,0
13,355,train,4
13,6028,train,2
13,6243,train,8
13,5660,train,5
13,2184,train,2
13,4796,train,9
13,2233,train,5
13,2836,train,4
13,1307,train,4
13,4180,train,1
13,6819,train,8
13,5356,train,4
13,42,train,1
13,2543,train,7
13,6331,train,0
13,424,train,3
13,596,train,8
13,2945,train,9
13,1041,train,1
13,2673,train,9
13,1145,train,5
13,3910,train,7
13,6592,train,7
13,572,train,0
13,6632,train,1
13,6236,train,6
13,4638,train,8
13,2494,train,4
13,1794,train,8
13,3652,train,9
13,1518,train,4
13,1118,train,6
13,4721,train,1
13,169,train,4
13,6039,train,1
13,3209,train,8
13,7251,train,2
13,6660,train,4
13,4030,train,6
13,499,train,6
13,3047,train,4
13,6825,train,7
13,7123,train,0
13,6411,train,2
13,4912,train,6
13,5941,train,0
13,410,train,7
13,5593,train,7
13,5139,train,3
13,911,train,4
13,2201,train,8
13,2481,train,2
13,4108,train,0
13,1279,train,9
13,81,train,8
13,1124,train,3
13,1798,train,0
13,3933,train,2
13,3837,train,4
13,5640,train,7
13,676,train,3
13,4445,train,1
13,3424,train,7
13,5257,train,1
13,1348,train,6
13,6958,train,0
13,5080,train,0
13,2868,train,3
13,2755,train,4
13,1909,train,1
13,5975,train,8
13,1165,train,6
13,3461,train,9
13,4535,train,6
13,7193,train,5
13,3191,train,4
13,1925,train,6
13,3405,train,7
13,6386,train,8
13,1258,train,2
13,6892,train,1
13,7256,train,2
13,4159,train,5
13,1880,train,3
13,6294,train,3
13,1144,train,0
13,5001,train,1
13,206,train,3
13,1306,train,7
13,5895,train,1
13,1556,train,9
13,3053,train,4
13,2515,train,5
13,5847,train,3
13,3563,train,6
13,7192,train,1
13,4168,train,4
13,3303,train,4
13,3087,train,7
13,5634,train,2
13,5797,train,4
13,735,train,6
13,1827,train,0
13,5827,train,0
13,2162,train,7
13,1339,train,2
13,3542,train,2
13,1601,train,6
13,4560,train,8
13,6565,train,2
13,4627,train,8
13,890,train,2
13,2489,train,5
13,6496,train,6
13,5143,train,5
13,167,train,0
13,6814,train,1
13,1012,train,3
13,2622,train,1
13,2975,train,7
13,3214,train,4
13,790,train,7
13,3184,train,1
13,3970,train,7
13,7180,train,5
13,5089,train,9
13,7233,train,3
13,958,train,0
13,7263,train,4
13,4913,train,7
13,4527,train,4
13,2107,train,5
13,1064,train,7
13,5449,train,2
13,3061,train,4
13,6207,train,8
13,2819,train,5
13,6570,train,0
13,7052,train,0
13,3293,train,1
13,1617,train,7
13,4420,train,6
13,4209,train,6
13,6283,train,1
13,5571,train,8
13,6913,train,5
13,2000,train,2
13,4141,train,4
13,4101,train,3
13,3842,train,5
13,6663,train,3
13,2893,train,1
13,2405,train,9
13,3616,train,6
13,1547,train,9
13,834,train,5
13,637,train,8
13,3137,train,7
13,5303,train,9
13,7242,train,3
13,362,train,4
13,3413,train,8
13,2456,train,3
13,2518,train,6
13,5308,train,8
13,2189,train,7
13,5412,train,5
13,3150,train,8
13,2606,train,4
13,938,train,8
13,2204,train,4
13,3595,train,6
13,2767,train,4
13,3871,train,4
13,7334,train,2
13,4801,train,5
13,5148,train,5
13,2145,train,1
13,6591,train,6
13,614,train,3
13,2214,train,1
13,3702,train,5
13,4716,train,3
13,5573,train,8
13,3274,train,9
13,5343,train,0
13,927,train,0
13,1820,train,6
13,1386,train,7
13,7272,train,3
13,650,train,9
13,5005,train,3
13,347,train,4
13,6264,train,5
13,5354,train,0
13,4454,train,9
13,4806,train,9
13,5606,train,2
13,2970,train,3
13,5942,train,1
13,6341,train,9
13,2867,train,7
13,3996,train,8
13,2125,train,5
13,2924,train,1
13,212,train,0
13,5320,train,9
13,560,train,3
13,6044,train,6
13,865,train,4
13,6867,train,5
13,7364,train,1
13,5702,train,5
13,5422,train,6
13,6821,train,8
13,3245,train,2
13,3919,train,8
13,1511,train,4
13,2050,train,1
13,5994,train,0
13,2653,train,1
13,4091,train,6
13,5134,train,6
13,2215,train,6
13,6128,train,4
13,7033,train,5
13,6029,train,6
13,510,train,3
13,6785,train,9
13,1700,train,6
13,1910,train,8
13,3857,train,2
13,291,train,3
13,4347,train,1
13,6914,train,3
13,4379,train,3
13,5124,train,5
13,1699,train,7
13,5224,train,8
13,4508,train,3
13,5172,train,4
13,3535,train,4
13,5510,train,6
13,7135,train,3
13,3312,train,9
13,7144,train,2
13,7078,train,9
13,3081,train,4
13,2227,train,3
13,6165,train,0
13,1074,train,5
13,583,train,9
13,5087,train,8
13,1631,train,9
13,4015,train,6
13,425,train,4
13,5688,train,5
13,1713,train,7
13,2030,train,6
13,5045,train,7
13,284,train,6
13,2733,train,9
13,2737,train,4
13,2649,train,6
13,5508,train,1
13,4909,train,8
13,4976,train,8
13,312,train,2
13,1754,train,5
13,6402,train,4
13,4617,train,8
13,4694,train,6
13,2583,train,7
13,4189,train,1
13,4964,train,8
13,3400,train,5
13,688,train,8
13,4256,train,2
13,3665,train,4
13,1655,train,5
13,396,train,6
13,532,train,8
13,6714,train,0
13,117,train,7
13,1653,train,5
13,5667,train,3
13,68,train,0
13,1141,train,1
13,6298,train,4
13,2314,train,4
13,4433,train,7
13,3040,train,7
13,3044,train,8
13,5235,train,3
13,2357,train,8
13,1147,train,9
13,5699,train,7
13,3961,train,2
13,2530,train,3
13,920,train,5
13,2269,train,9
13,2889,train,2
13,5194,train,1
13,2687,train,1
13,5499,train,8
13,3042,train,2
13,5210,train,6
13,7199,train,6
13,992,train,0
13,4217,train,6
13,3416,train,1
13,879,train,3
13,2041,train,2
13,7320,train,2
13,4709,train,9
13,4405,train,7
13,695,train,1
13,5893,train,1
13,3770,train,1
13,2776,train,7
13,3862,train,2
13,2614,train,4
13,1329,train,8
13,5601,train,8
13,4478,train,1
13,492,train,9
13,5803,train,2
13,6381,train,7
13,1951,train,1
13,5476,train,9
13,2249,train,4
13,1192,train,5
13,6906,train,4
13,6011,train,2
13,2726,train,8
13,1321,train,7
13,1995,train,8
13,711,train,1
13,1460,train,5
13,2111,train,8
13,1243,train,2
13,2556,train,1
13,2416,train,6
13,7195,train,5
13,5254,train,7
13,6066,train,2
13,4502,train,2
13,6079,train,0
13,7077,train,4
13,5016,train,7
13,5867,train,4
13,7302,train,9
13,5346,train,6
13,497,train,4
13,2425,train,5
13,1157,train,5
13,3941,train,6
13,1959,train,7
13,5960,train,3
13,3527,train,3
13,4940,train,3
13,3463,train,1
13,4668,train,4
13,3483,train,1
13,3037,train,2
13,7107,train,7
13,669,train,7
13,2270,train,4
13,207,train,5
13,491,train,1
13,415,train,6
13,1976,train,3
13,7058,train,7
13,1250,train,7
13,546,train,7
13,1961,train,1
13,7217,train,1
13,6022,train,7
13,549,train,2
13,1947,train,0
13,4958,train,8
13,4200,train,7
13,6249,train,2
13,3816,train,5
13,2380,train,1
13,6363,train,9
13,2450,train,9
13,3567,train,5
13,819,train,7
13,5151,train,5
13,2296,train,1
13,6461,train,5
13,3641,train,1
13,2166,train,1
13,7009,train,7
13,5857,train,7
13,5868,train,0
13,7207,train,9
13,3818,train,0
13,4132,train,9
13,3266,train,9
13,4079,train,4
13,969,train,5
13,6525,train,5
13,2668,train,7
13,5638,train,6
13,6623,train,4
13,6462,train,9
13,3453,train,3
13,6069,train,5
13,3903,train,0
13,6450,train,3
13,4839,train,5
13,7155,train,1
13,2092,train,0
13,3532,train,8
13,3914,train,3
13,919,train,8
13,2013,train,9
13,5068,train,3
13,6187,train,2
13,7162,train,4
13,3127,train,3
13,863,train,3
13,5306,train,7
13,3222,train,4
13,4733,train,6
13,5032,train,3
13,6421,train,4
13,5980,train,4
13,6336,train,7
13,1238,train,3
13,3531,train,6
13,4691,train,9
13,2667,train,2
13,1470,train,3
13,3987,train,7
13,54,train,0
13,6398,train,0
13,1473,train,8
13,6784,train,6
13,6747,train,3
13,2545,train,5
13,1811,train,2
13,6939,train,4
13,716,train,5
13,2965,train,0
13,5554,train,2
13,6180,train,1
13,6358,train,3
13,3625,train,6
13,4314,train,5
13,6582,train,9
13,5020,train,4
13,4395,train,1
13,4689,train,9
13,2131,train,5
13,6501,train,1
13,6681,train,5
13,768,train,9
13,4495,train,2
13,6618,train,0
13,5939,train,3
13,6940,train,1
13,494,train,8
13,2286,train,2
13,3511,train,5
13,2187,train,9
13,2542,train,6
13,6895,train,8
13,3559,train,5
13,3329,train,8
13,2133,train,8
13,4573,train,7
13,5318,train,6
13,3600,train,9
13,665,train,1
13,204,train,0
13,569,train,7
13,2390,train,8
13,5269,train,7
13,4481,train,9
13,619,train,7
13,1697,train,5
13,3154,train,6
13,6759,train,3
13,5674,train,1
13,975,train,3
13,3395,train,7
13,6296,train,5
13,6803,train,1
13,5411,train,4
13,2631,train,8
13,5407,train,4
13,6755,train,0
13,527,train,9
13,1109,train,1
13,4700,train,9
13,6486,train,6
13,5839,train,8
13,3018,train,1
13,2561,train,3
13,4778,train,4
13,3271,train,4
13,4308,train,9
13,3455,train,5
13,5115,train,2
13,3550,train,0
13,1565,train,3
13,6653,train,3
13,1894,train,2
13,6357,train,4
13,5463,train,2
13,5823,train,9
13,3689,train,2
13,5401,train,8
13,6058,train,5
13,2139,train,3
13,6258,train,1
13,5987,train,6
13,2105,train,2
13,6325,train,6
13,1872,train,6
13,5817,train,1
13,1571,train,7
13,7308,train,2
13,263,train,9
13,4430,train,2
13,6882,train,4
13,801,train,4
13,1814,train,9
13,6292,train,8
13,4600,train,3
13,5747,train,1
13,2197,train,1
13,18,train,7
13,4269,train,3
13,3366,train,2
13,1926,train,6
13,1538,train,3
13,5349,train,0
13,988,train,2
13,31,train,5
13,7067,train,9
13,2100,train,9
13,4911,train,3
13,540,train,0
13,4080,train,8
13,4138,train,9
13,771,train,1
13,6748,train,4
13,1775,train,8
13,5924,train,8
13,1747,train,1
13,1851,train,0
13,2424,train,5
13,1748,train,2
13,3636,train,5
13,6848,train,9
13,4817,train,3
13,1595,train,1
13,6734,train,4
13,3252,train,3
13,2624,train,5
13,5951,train,5
13,295,train,5
13,7353,train,2
13,1593,train,6
13,1646,train,2
13,4464,train,2
13,1576,train,0
13,4002,train,1
13,649,train,3
13,2850,train,3
13,5531,train,5
13,4862,train,3
13,2969,train,2
13,3467,train,1
13,5918,train,2
13,6406,train,3
13,4281,train,0
13,6343,train,1
13,6870,train,4
13,1551,train,5
13,5101,train,9
13,3241,train,2
13,7149,train,1
13,881,train,4
13,5326,train,3
13,2168,train,2
13,1923,train,3
13,443,train,4
13,5923,train,7
13,5892,train,3
13,5406,train,0
13,1837,train,6
13,6883,train,7
13,2225,train,8
13,7197,train,9
13,7312,train,3
13,2151,train,1
13,4212,train,3
13,5599,train,9
13,2218,train,6
13,3644,train,5
13,1716,train,2
13,6255,train,4
13,2680,train,9
13,4967,train,1
13,7101,train,8
13,6485,train,5
13,6547,train,1
13,5670,train,6
13,6856,train,8
13,2532,train,1
13,6907,train,1
13,399,train,0
13,5481,train,1
13,3945,train,9
13,6998,train,6
13,5203,train,1
13,1665,train,1
13,1450,train,9
13,3066,train,0
13,1218,train,1
13,4598,train,4
13,2710,train,6
13,6745,train,6
13,6967,train,6
13,3631,train,5
13,1850,train,5
13,4044,train,5
13,3257,train,9
13,336,train,7
13,6639,train,0
13,36,train,7
13,6465,train,1
13,2492,train,7
13,4471,train,5
13,7062,train,1
13,4658,train,1
13,6185,train,5
13,3905,train,0
13,5841,train,5
13,5371,train,6
13,4258,train,9
13,2951,train,3
13,2817,train,4
13,6763,train,6
13,3330,train,9
13,737,train,8
13,2662,train,2
13,7136,train,8
13,1889,train,2
13,2224,train,9
13,3051,train,3
13,1861,train,9
13,3270,train,2
13,1899,train,7
13,6141,train,8
13,4194,train,1
13,6863,train,6
13,3795,train,7
13,1769,train,8
13,6238,train,1
13,3639,train,8
13,3158,validation,3
13,1475,validation,7
13,58,validation,2
13,5540,validation,3
13,3978,validation,8
13,1876,validation,1
13,6215,validation,5
13,5246,validation,3
13,5896,validation,9
13,2487,validation,8
13,3803,validation,1
13,1204,validation,8
13,7060,validation,5
13,305,validation,2
13,5209,validation,3
13,1781,validation,5
13,1874,validation,8
13,2113,validation,2
13,6888,validation,7
13,6480,validation,7
13,2451,validation,9
13,5548,validation,5
13,5719,validation,7
13,281,validation,2
13,6000,validation,6
13,4322,validation,1
13,1201,validation,5
13,237,validation,0
13,2259,validation,6
13,6117,validation,3
13,5760,validation,8
13,2753,validation,1
13,940,validation,5
13,4182,validation,4
13,5820,validation,9
13,182,validation,7
13,2236,validation,1
13,2949,validation,8
13,4263,validation,0
13,5234,validation,1
13,1236,validation,0
13,3136,validation,1
13,1723,validation,2
13,4739,validation,0
13,1932,validation,7
13,3883,validation,8
13,1919,validation,3
13,1659,validation,3
13,3541,validation,4
13,6933,validation,1
13,6129,validation,7
13,2126,validation,0
13,3231,validation,3
13,2790,validation,0
13,4596,validation,3
13,4553,validation,5
13,2431,validation,2
13,1057,validation,0
13,230,validation,6
13,235,validation,9
13,6740,validation,2
13,3258,validation,6
13,900,validation,1
13,7252,validation,1
13,802,validation,4
13,170,validation,3
13,1577,validation,0
13,7059,validation,5
13,5953,validation,7
13,4768,validation,1
13,1740,validation,3
13,5384,validation,7
13,5944,validation,6
13,227,validation,5
13,5232,validation,6
13,3985,validation,7
13,5193,validation,2
13,2038,validation,2
13,4305,validation,8
13,4556,validation,2
13,2090,validation,8
13,4034,validation,4
13,5935,validation,4
13,4642,validation,0
13,5039,validation,7
13,4619,validation,4
13,4010,validation,5
13,3522,validation,8
13,6306,validation,3
13,3599,validation,2
13,2765,validation,7
13,4603,validation,0
13,2821,validation,4
13,6448,validation,4
13,4110,validation,5
13,5756,validation,6
13,756,validation,6
13,7324,validation,8
13,63,validation,1
13,4403,validation,7
13,121,validation,4
13,5991,validation,9
13,6646,validation,9
13,4038,validation,0
13,5720,validation,4
13,6585,validation,8
13,3588,validation,7
13,4850,validation,0
13,4629,validation,2
13,2452,validation,2
13,4847,validation,7
13,5219,validation,7
13,3103,validation,4
13,1878,validation,3
13,4795,validation,3
13,6506,validation,5
13,2796,validation,4
13,7151,validation,5
13,1253,validation,4
13,2956,validation,2
13,6397,validation,8
13,6416,validation,3
13,620,validation,4
13,4740,validation,3
13,7267,validation,5
13,5738,validation,8
13,4663,validation,9
13,1660,validation,2
13,7049,validation,9
13,7232,validation,4
13,1421,validation,5
13,6490,validation,7
13,5399,validation,9
13,4300,validation,8
13,5785,validation,1
13,6334,validation,6
13,1333,validation,4
13,887,validation,5
13,6630,validation,9
13,2728,validation,1
13,5661,validation,8
13,6472,validation,2
13,6629,validation,2
13,5155,validation,6
13,4953,validation,7
13,3886,validation,1
13,4524,validation,1
13,1866,validation,3
13,7167,validation,3
13,6048,validation,7
13,4800,validation,2
13,3590,validation,5
13,4361,validation,2
13,3725,validation,2
13,3393,validation,1
13,13,validation,1
13,5787,validation,2
13,1034,validation,4
13,1178,validation,1
13,6012,validation,4
13,5086,validation,3
13,6523,validation,0
13,2464,validation,0
13,3165,validation,3
13,5067,validation,1
13,7245,validation,4
13,1304,validation,0
13,4991,validation,3
13,106,validation,0
13,4669,validation,3
13,4274,validation,3
13,5567,validation,5
13,526,validation,7
13,4819,validation,0
13,6637,validation,4
13,2541,validation,5
13,5749,validation,4
13,2076,validation,6
13,977,validation,4
13,1853,validation,9
13,1300,validation,9
13,607,validation,6
13,5684,validation,4
13,2406,validation,9
13,3623,validation,5
13,7304,validation,3
13,4787,validation,0
13,2332,validation,3
13,2356,validation,7
13,3243,validation,1
13,2754,validation,5
13,3814,validation,9
13,4989,validation,3
13,2757,validation,6
13,6199,validation,9
13,2012,validation,7
13,3827,validation,9
13,7248,validation,9
13,6794,validation,6
13,427,validation,7
13,307,validation,9
13,6320,validation,3
13,4947,validation,6
13,504,validation,1
13,6724,validation,0
13,2238,validation,0
13,7269,validation,3
13,3977,validation,6
13,6433,validation,3
13,7295,validation,1
13,4528,validation,5
13,6806,validation,5
13,1813,validation,4
13,2623,validation,7
13,234,validation,4
13,1792,validation,9
13,1718,validation,0
13,1600,validation,2
13,4439,validation,7
13,753,validation,2
13,4581,validation,9
13,360,validation,6
13,7017,validation,0
13,1115,validation,3
13,6971,validation,9
13,4237,validation,3
13,7178,validation,4
13,1893,validation,2
13,6054,validation,2
13,5920,validation,5
13,1013,validation,8
13,4874,validation,6
13,5675,validation,3
13,5928,validation,5
13,6173,validation,2
13,4538,validation,2
13,5113,validation,6
13,725,validation,3
13,4244,validation,5
13,385,validation,3
13,6488,validation,6
13,6580,validation,2
13,4610,validation,1
13,162,validation,8
13,1000,validation,7
13,6969,validation,3
13,6191,validation,7
13,4633,validation,2
13,5758,validation,9
13,5293,validation,5
13,3740,validation,5
13,1693,validation,0
13,4631,validation,4
13,6999,validation,6
13,4399,validation,3
13,1543,validation,1
13,3944,validation,1
13,7225,validation,4
13,2661,validation,6
13,5247,validation,0
13,6277,validation,5
13,4144,validation,5
13,3321,validation,0
13,4459,validation,2
13,1918,validation,4
13,2330,validation,6
13,1838,validation,9
13,3711,validation,1
13,1858,validation,9
13,3647,validation,8
13,3365,validation,1
13,1809,validation,6
13,3256,validation,1
13,4834,validation,4
13,4359,validation,5
13,4447,validation,0
13,5333,validation,6
13,5196,validation,8
13,4117,validation,7
13,1325,validation,8
13,3586,validation,6
13,2025,validation,7
13,3479,validation,3
13,1197,validation,7
13,929,validation,7
13,1738,validation,0
13,7244,validation,6
13,5737,validation,9
13,803,validation,7
13,2636,validation,5
13,5586,validation,6
13,1984,validation,4
13,4243,validation,2
13,2276,validation,3
13,4713,validation,6
13,5426,validation,9
13,5221,validation,9
13,4350,validation,3
13,827,validation,7
13,482,validation,0
13,7003,validation,5
13,6086,validation,2
13,465,validation,3
13,5002,validation,0
13,1367,validation,2
13,926,validation,9
13,1494,validation,3
13,2110,validation,7
13,6690,validation,7
13,2973,validation,8
13,5770,validation,8
13,5325,validation,3
13,155,validation,6
13,2571,validation,7
13,2241,validation,4
13,2273,validation,0
13,2780,validation,2
13,2548,validation,4
13,2655,validation,3
13,6108,validation,8
13,4919,validation,4
13,1970,validation,5
13,5652,validation,2
13,1989,validation,7
13,1160,validation,7
13,3403,validation,2
13,6345,validation,1
13,1114,validation,9
13,3074,validation,0
13,3386,validation,9
13,4505,validation,9
13,304,validation,6
13,5091,validation,6
13,1527,validation,0
13,2647,validation,1
13,3500,validation,6
13,7198,validation,1
13,6353,validation,8
13,4977,validation,0
13,4367,validation,4
13,944,validation,6
13,2505,validation,1
13,3384,validation,0
13,3638,validation,1
13,1621,validation,9
13,4731,validation,3
13,7024,validation,4
13,1093,validation,4
13,6603,validation,1
13,7341,validation,8
13,4449,validation,0
13,6517,validation,4
13,2248,validation,7
13,5902,validation,3
13,1312,validation,7
13,5204,validation,1
13,6194,validation,0
13,4628,validation,5
13,3781,validation,4
13,5363,validation,8
13,73,validation,3
13,1242,validation,7
13,715,validation,4
13,3460,validation,4
13,6744,validation,9
13,6546,validation,6
13,5614,validation,8
13,6963,validation,6
13,368,validation,6
13,343,validation,8
13,201,validation,9
13,4184,validation,1
13,4917,validation,0
13,2071,validation,4
13,3836,validation,5
13,6407,validation,6
13,1535,validation,7
13,4929,validation,1
13,3797,validation,2
13,4349,validation,6
13,3887,validation,5
13,6206,validation,2
13,3501,validation,1
13,7293,validation,2
13,7228,validation,4
13,2091,validation,0
13,7290,validation,7
13,5611,validation,2
13,2734,validation,3
13,4563,validation,9
13,116,validation,4
13,5950,validation,5
13,3117,validation,3
13,3045,validation,6
13,5014,validation,9
13,2078,validation,3
13,1688,validation,6
13,23,validation,4
13,7066,validation,4
13,6704,validation,2
13,1380,validation,1
13,6254,validation,7
13,430,validation,4
13,5848,validation,7
13,1281,validation,9
13,6425,validation,6
13,6061,validation,9
13,3778,validation,0
13,4411,validation,8
13,1423,validation,6
13,2902,validation,3
13,7285,validation,0
13,2371,validation,3
13,2786,validation,2
13,3924,validation,8
13,4897,validation,8
13,1006,validation,3
13,2972,validation,4
13,7020,validation,3
13,6001,validation,3
13,6791,validation,0
13,4096,validation,7
13,4951,validation,8
13,1031,validation,0
13,5631,validation,2
13,163,validation,5
13,5479,validation,8
13,2467,validation,0
13,908,validation,1
13,2864,validation,9
13,3149,validation,5
13,1432,validation,7
13,282,validation,7
13,6789,validation,5
13,1968,validation,5
13,7081,validation,9
13,5135,validation,4
13,6783,validation,8
13,6658,validation,4
13,5141,validation,5
13,5558,validation,8
13,4387,validation,3
13,5263,validation,9
13,5100,validation,6
13,1324,validation,6
13,144,validation,3
13,2696,validation,9
13,53,validation,5
13,5294,validation,1
13,2032,validation,8
13,3422,validation,7
13,6232,validation,3
13,4714,validation,7
13,5545,validation,0
13,632,validation,5
13,4500,validation,0
13,3843,validation,8
13,5622,validation,9
13,1673,validation,9
13,6799,validation,6
13,4588,validation,2
13,4115,validation,2
13,3810,validation,5
13,6917,validation,6
13,3371,validation,9
13,2331,validation,9
13,3741,validation,5
13,1994,validation,8
13,5580,validation,5
13,290,validation,5
13,2043,validation,7
13,3260,validation,3
13,7282,validation,9
13,3759,validation,4
13,1352,validation,3
13,6484,validation,5
13,6132,validation,3
13,1047,validation,4
13,2228,validation,7
13,480,validation,2
13,479,validation,5
13,3170,validation,3
13,2193,validation,1
13,2627,validation,5
13,6319,validation,6
13,814,validation,6
13,292,validation,6
13,7171,validation,4
13,1745,validation,0
13,6393,validation,5
13,870,validation,2
13,6680,validation,0
13,7051,validation,5
13,47,validation,4
13,5009,validation,5
13,267,validation,6
13,4772,validation,1
13,1922,validation,7
13,2976,validation,6
13,3751,validation,8
13,4974,validation,5
13,5835,validation,8
13,6902,validation,7
13,5199,validation,4
13,2550,validation,6
13,1153,validation,4
13,1002,validation,3
13,2706,validation,1
13,5903,validation,6
13,1107,validation,8
13,6645,validation,7
13,6149,validation,3
13,1805,validation,1
13,6865,validation,9
13,2828,validation,4
13,2075,validation,5
13,3503,validation,1
13,6543,validation,2
13,5613,validation,0
13,1812,validation,1
13,820,validation,5
13,4341,validation,0
13,4472,validation,8
13,6414,validation,3
13,6989,validation,1
13,2607,validation,4
13,3429,validation,1
13,1164,validation,8
13,4686,validation,0
13,7356,validation,7
13,2777,validation,2
13,1746,validation,2
13,1227,validation,8
13,6574,validation,2
13,2838,validation,3
13,2335,validation,7
13,1014,validation,8
13,6837,validation,8
13,2285,validation,5
13,2173,validation,2
13,4717,validation,9
13,2922,validation,5
13,5079,validation,6
13,5184,validation,2
13,4703,validation,9
13,4435,validation,0
13,6035,validation,2
13,5041,validation,5
13,134,validation,5
13,5381,validation,9
13,2366,validation,6
13,5672,validation,6
13,2641,validation,9
13,3826,validation,0
13,4151,validation,4
13,3902,validation,9
13,1980,validation,1
13,629,validation,9
13,2361,validation,0
13,5281,validation,9
13,2453,validation,0
13,3109,validation,2
13,5685,validation,6
13,2877,validation,7
13,6952,validation,0
13,4900,validation,3
13,2657,validation,2
13,6317,validation,1
13,6735,validation,3
13,6137,validation,4
13,7037,validation,2
13,6579,validation,6
13,2016,validation,1
13,2896,validation,4
13,520,validation,6
13,5376,validation,9
13,2180,validation,5
13,563,validation,1
13,5215,validation,5
13,5329,validation,6
13,1668,validation,4
13,3311,validation,9
13,3721,validation,9
13,4790,validation,8
13,4460,validation,3
13,5716,validation,6
13,810,validation,6
13,2981,validation,3
13,311,validation,5
13,1132,validation,8
13,1177,validation,6
13,7332,validation,7
13,5185,validation,3
13,5192,validation,2
13,5662,validation,2
13,6379,validation,5
13,4233,validation,4
13,2521,validation,4
13,4957,validation,8
13,2036,validation,3
13,5733,validation,8
13,376,validation,6
13,4202,validation,5
13,4676,validation,1
13,3164,validation,1
13,5773,validation,5
13,2119,validation,7
13,2142,validation,4
13,5772,validation,7
13,3446,validation,9
13,3724,validation,8
13,4285,validation,7
13,6919,validation,0
13,7065,validation,7
13,1802,validation,2
13,2230,validation,8
13,5496,validation,4
13,2552,validation,6
13,4624,validation,9
13,1664,validation,9
13,4734,validation,5
13,1515,validation,6
13,5397,validation,8
13,4355,validation,4
13,3372,validation,4
13,7019,validation,4
13,3076,validation,7
13,4428,validation,7
13,3743,validation,8
13,1191,validation,4
13,2891,validation,7
13,3688,validation,0
13,928,validation,4
13,1447,validation,4
13,6246,validation,1
13,3010,validation,6
13,4320,validation,1
13,5323,validation,2
13,2220,validation,2
13,4814,validation,9
13,561,validation,0
13,6235,validation,7
13,6567,validation,8
13,5231,validation,9
13,501,validation,0
13,666,validation,1
13,2652,validation,1
13,3116,validation,9
13,1396,validation,9
13,7229,validation,5
13,2149,validation,2
13,5509,validation,6
13,3419,validation,6
13,4706,validation,9
13,5836,validation,1
13,6522,validation,5
13,4935,validation,8
13,6750,validation,5
13,4540,validation,2
13,6635,validation,1
13,1410,validation,2
13,2266,validation,6
13,3526,validation,8
13,1240,validation,8
13,6453,validation,8
13,1478,validation,5
13,4869,validation,6
13,3861,validation,2
13,1526,validation,8
13,125,validation,8
13,3723,validation,0
13,2141,validation,2
13,2277,validation,5
13,6562,validation,3
13,2120,validation,2
13,1477,validation,3
13,4290,validation,3
13,2797,validation,0
13,4986,validation,4
13,6858,validation,4
13,6339,validation,0
13,2262,validation,7
13,3776,validation,6
13,1504,validation,1
13,6602,validation,8
13,6809,validation,8
13,1262,validation,4
13,4450,validation,0
13,2915,validation,8
13,414,validation,8
13,5925,validation,9
13,2328,validation,1
13,5837,validation,8
13,1059,validation,5
13,2927,validation,0
13,6756,validation,1
13,732,validation,9
13,4418,validation,5
13,4032,validation,9
13,6459,validation,5
13,2994,validation,8
13,3965,validation,1
13,6314,validation,2
13,1245,validation,0
13,2333,validation,1
13,4092,validation,8
13,3288,validation,5
13,5809,validation,8
13,7183,validation,8
13,3013,validation,8
13,6281,validation,5
13,683,validation,4
13,592,validation,7
13,774,validation,1
13,3792,validation,2
13,5804,validation,4
13,365,validation,5
13,4236,validation,2
13,5302,validation,0
13,6766,validation,5
13,5617,validation,8
13,3306,validation,8
13,2381,validation,0
13,4799,validation,4
13,2358,validation,3
13,3120,validation,6
13,5233,validation,3
13,3142,validation,8
13,3789,validation,1
13,4557,validation,5
13,2978,validation,1
13,2192,validation,2
13,2590,validation,0
13,496,validation,2
13,7166,validation,4
13,7097,validation,3
13,3832,validation,7
13,4880,validation,7
13,869,validation,8
13,6715,validation,6
13,6751,validation,9
13,3259,validation,8
13,6288,validation,8
13,2368,validation,7
13,2908,validation,1
13,678,validation,2
13,5883,validation,9
13,5334,validation,8
13,3357,validation,6
13,3692,validation,1
13,4754,validation,3
13,1847,validation,5
13,3015,validation,2
13,3645,validation,9
13,5065,validation,8
13,4728,validation,3
13,5569,validation,9
13,3175,validation,6
13,1588,validation,9
13,4377,validation,8
13,113,validation,5
13,2437,validation,0
13,5563,validation,2
13,4098,validation,5
13,2387,validation,4
13,5775,validation,5
13,916,validation,3
13,2813,validation,1
13,1331,validation,0
13,1643,validation,5
13,2207,validation,3
13,2596,validation,4
13,1127,validation,4
13,2426,validation,8
13,421,validation,8
13,1568,validation,1
13,108,validation,3
13,6710,validation,9
13,1251,validation,6
13,5623,validation,1
13,1232,validation,2
13,3976,validation,3
13,6929,validation,0
13,2677,validation,1
13,2537,validation,8
13,6037,validation,3
13,4641,validation,7
13,4753,validation,8
13,5429,validation,2
13,118,validation,6
13,4294,validation,0
13,416,validation,8
13,5633,validation,1
13,2731,validation,2
13,7274,validation,3
13,968,validation,6
13,2305,validation,7
13,270,validation,0
13,277,validation,3
13,3253,validation,3
13,7140,validation,6
13,1120,validation,8
13,2274,validation,1
13,6711,validation,7
13,6922,validation,6
13,6261,validation,6
13,4342,validation,9
13,5279,validation,2
13,2678,validation,8
13,3414,validation,2
13,5825,validation,5
13,3006,validation,0
13,1469,validation,4
13,6564,validation,6
13,2385,validation,0
13,639,validation,3
13,1548,validation,5
13,2308,validation,8
13,3251,validation,6
13,3347,validation,4
13,547,validation,3
13,1100,validation,5
13,1507,validation,8
13,5527,validation,1
13,5602,validation,9
13,1023,validation,5
13,3831,validation,9
13,6808,validation,6
13,5971,validation,4
13,85,validation,2
13,3373,validation,6
13,773,validation,0
13,590,validation,0
13,691,validation,2
13,7330,validation,9
13,5819,validation,1
13,7113,validation,7
13,1254,validation,3
13,6657,validation,7
13,2531,validation,1
13,5176,validation,6
13,4480,validation,1
13,6534,validation,4
13,6330,validation,7
13,2281,validation,9
13,3065,validation,2
13,1384,validation,4
13,5794,validation,5
13,9,validation,0
13,1083,validation,7
13,5430,validation,1
13,6198,validation,6
13,2740,validation,5
13,1419,validation,2
13,6589,validation,0
13,4041,validation,4
13,959,validation,6
13,1669,validation,4
13,599,validation,9
13,3080,validation,6
13,7169,validation,5
13,922,validation,2
13,5668,validation,7
13,5128,validation,3
13,4468,validation,3
13,3442,validation,1
13,6530,validation,9
13,5072,validation,7
13,1757,validation,9
13,6685,validation,3
13,4785,validation,7
13,6877,validation,7
13,6893,validation,6
13,5255,validation,1
13,586,validation,8
13,2564,validation,5
13,6439,validation,9
13,6276,validation,6
13,694,validation,2
13,4008,validation,0
13,3019,validation,4
13,6042,validation,4
13,6859,validation,5
13,4205,validation,3
13,2245,validation,9
13,3101,validation,2
13,7338,validation,9
13,2885,validation,3
13,4517,validation,9
13,3203,validation,6
13,3561,validation,0
13,1849,validation,8
13,1829,validation,0
13,4028,validation,1
13,138,validation,2
13,5887,validation,8
13,3794,validation,6
13,3392,validation,6
13,4047,validation,8
13,4910,validation,7
13,1080,validation,9
13,4178,validation,4
13,4282,validation,1
13,6508,validation,5
13,7321,validation,7
13,5740,validation,7
13,5056,validation,6
13,4271,validation,9
13,6827,validation,1
13,2175,validation,3
13,6788,validation,9
13,1645,validation,0
13,4872,validation,8
13,7311,validation,3
13,7357,validation,0
13,2756,validation,5
13,5330,validation,7
13,1364,validation,5
13,4605,validation,2
13,989,validation,4
13,1126,validation,6
13,7257,validation,2
13,5870,validation,8
13,4374,validation,6
13,3360,validation,6
13,6721,validation,2
13,3368,validation,1
13,3947,validation,5
13,645,validation,9
13,3680,validation,2
13,1615,validation,7
13,250,validation,9
13,7254,validation,0
13,3376,validation,2
13,3819,validation,3
13,6327,validation,1
13,1226,validation,3
13,4932,validation,5
13,3387,validation,7
13,5339,validation,7
13,2339,validation,5
13,417,validation,9
13,4639,validation,0
13,2106,validation,1
13,3972,validation,6
13,48,validation,8
13,4705,validation,2
13,4086,validation,4
13,283,validation,1
13,5909,validation,7
13,3058,validation,5
13,1076,validation,7
13,912,validation,0
13,847,validation,5
13,1414,validation,1
13,4337,validation,4
13,752,validation,5
13,4870,validation,0
13,2355,validation,3
13,5285,validation,6
13,612,validation,4
13,2462,validation,7
13,1622,validation,9
13,3085,validation,9
13,5751,validation,2
13,5425,validation,8
13,2039,validation,2
13,5694,validation,6
13,2470,validation,2
13,2573,validation,2
13,589,validation,2
13,4653,validation,8
13,2967,validation,0
13,6220,validation,1
13,2321,validation,7
13,777,validation,8
13,344,validation,6
13,5077,validation,0
13,4530,validation,1
13,5448,validation,2
13,4077,validation,3
13,3213,validation,8
13,308,validation,9
13,314,validation,9
13,6549,validation,4
13,5317,validation,3
13,3504,validation,6
13,2824,validation,1
13,3999,validation,4
13,5564,validation,4
13,4461,validation,2
13,604,validation,3
13,4254,validation,4
13,120,validation,9
13,1650,validation,8
13,3046,validation,5
13,2685,validation,3
13,278,validation,8
13,5703,validation,1
13,5324,validation,4
13,2581,validation,2
13,4890,validation,5
13,6974,validation,7
13,35,validation,8
13,4100,validation,0
13,7008,validation,4
13,2006,validation,9
13,474,validation,7
13,2750,validation,8
13,6674,validation,4
13,3632,validation,8
13,4303,validation,0
13,3964,validation,2
13,7255,validation,2
13,4188,validation,9
13,6304,validation,2
13,2155,validation,7
13,6499,validation,4
13,1963,validation,2
13,1142,validation,1
13,4926,validation,6
13,7150,validation,0
13,3884,validation,7
13,4150,validation,7
13,5926,validation,4
13,4345,validation,2
13,858,validation,7
13,3102,validation,6
13,4684,validation,9
13,4836,validation,1
13,2782,validation,1
13,4215,validation,4
13,1440,validation,2
13,3824,validation,2
13,6994,validation,4
13,6731,validation,4
13,6046,validation,3
13,2670,validation,6
13,1456,validation,1
13,671,validation,7
13,6616,validation,5
13,1102,validation,7
13,1500,validation,3
13,1382,validation,0
13,7184,validation,6
13,5736,validation,7
13,1328,validation,4
13,7105,validation,7
13,3696,validation,1
13,1007,validation,7
13,5704,validation,1
13,3989,validation,5
13,7340,validation,8
13,5807,validation,0
13,892,validation,7
13,5587,validation,6
13,7335,validation,4
13,2795,validation,4
13,3052,validation,8
13,1112,validation,9
13,3675,validation,5
13,763,validation,4
13,4226,validation,5
13,2260,validation,4
13,1009,validation,5
13,4920,validation,2
13,1981,validation,6
13,618,validation,1
13,383,validation,6
13,6476,validation,8
13,7344,validation,0
13,408,validation,2
13,6385,validation,1
13,6242,validation,9
13,6424,validation,1
13,3346,validation,5
13,2974,validation,2
13,3935,validation,5
13,1137,validation,8
13,2878,validation,5
13,3438,validation,1
13,6689,validation,9
13,7170,validation,0
13,1365,validation,3
13,1834,validation,5
13,4482,validation,5
13,4925,validation,1
13,1168,validation,7
13,330,validation,8
13,4655,validation,3
13,3192,validation,0
13,6987,validation,7
13,2704,validation,5
13,139,validation,0
13,6556,validation,2
13,965,validation,1
13,5565,validation,6
13,6200,validation,3
13,5854,validation,0
13,2291,validation,2
13,4903,validation,3
13,5777,validation,1
13,2830,validation,0
13,3153,validation,9
13,3367,validation,7
13,1712,validation,3
13,3605,validation,1
13,2117,validation,6
13,5483,validation,3
13,2919,validation,7
13,5310,validation,8
13,5681,validation,6
13,2792,validation,4
13,2069,validation,3
13,7064,validation,3
13,4061,validation,2
13,3474,validation,1
13,5237,validation,0
13,5127,validation,4
13,1096,validation,3
13,1675,validation,8
13,4597,validation,5
13,2810,validation,5
13,1823,validation,6
13,4498,validation,2
13,3476,validation,4
13,5931,validation,9
13,4352,validation,9
13,2665,validation,6
13,7057,validation,2
13,1689,validation,9
13,4736,validation,9
13,808,validation,8
13,5328,validation,1
13,1499,validation,0
13,405,validation,9
13,3388,validation,1
13,5140,validation,2
13,5136,validation,0
13,6559,validation,0
13,1730,validation,9
13,6483,validation,4
13,2848,validation,6
13,5000,validation,0
13,395,validation,3
13,7306,validation,5
13,3494,validation,2
13,1625,validation,0
13,3421,validation,5
13,4476,validation,0
13,7085,validation,4
13,5010,validation,0
13,5300,validation,7
13,4965,validation,5
13,1085,validation,2
13,5189,validation,2
13,2539,validation,9
13,6146,validation,7
13,1569,validation,3
13,2455,validation,3
13,147,validation,3
13,6026,validation,3
13,468,validation,6
13,7176,validation,7
13,1466,validation,8
13,1939,validation,5
13,657,validation,5
13,6941,validation,5
13,6761,validation,7
13,59,validation,8
13,1152,validation,1
13,5489,validation,1
13,5932,validation,6
13,2379,validation,1
13,7032,validation,4
13,4844,validation,0
13,4153,validation,9
13,4513,validation,1
13,64,validation,4
13,3552,validation,8
13,1169,validation,6
13,1614,validation,9
13,255,validation,2
13,3129,validation,6
13,1779,validation,3
13,4483,validation,8
13,6980,validation,5
13,5956,validation,1
13,6923,validation,0
13,4166,validation,7
13,3736,validation,2
13,3846,validation,5
13,3530,validation,1
13,1685,validation,1
13,435,validation,2
13,3979,validation,3
13,6313,validation,5
13,1073,validation,2
13,4354,validation,1
13,4442,validation,5
13,2022,validation,0
13,722,validation,5
13,1308,validation,3
13,4723,validation,8
13,6172,validation,4
13,767,validation,0
13,3082,validation,0
13,105,validation,5
13,4090,validation,4
13,4506,validation,4
13,6391,validation,7
13,2179,validation,4
13,7301,validation,2
13,6434,validation,7
13,2936,validation,3
13,2372,validation,5
13,3452,validation,8
13,1033,validation,2
13,2688,validation,2
13,950,validation,0
13,923,validation,0
13,2444,validation,9
13,2463,validation,4
13,2684,validation,4
13,2021,validation,3
13,6560,validation,0
13,5417,validation,5
13,1587,validation,8
13,2083,validation,8
13,5190,validation,2
13,4576,validation,8
13,5637,validation,0
13,77,validation,7
13,2707,validation,3
13,1375,validation,4
13,4840,validation,7
13,0,validation,7
13,3659,validation,7
13,2378,validation,9
13,6801,validation,5
13,2109,validation,8
13,6695,validation,5
13,3020,validation,6
13,6157,validation,8
13,5590,validation,2
13,111,validation,3
13,508,validation,8
13,4681,validation,2
13,3892,validation,9
13,4665,validation,4
13,818,validation,7
13,3624,validation,1
13,1439,validation,9
13,6871,validation,1
13,5217,validation,0
13,225,validation,1
13,2134,validation,5
13,2257,validation,4
13,3030,validation,7
13,27,validation,5
13,6368,validation,7
13,5853,validation,8
13,7137,validation,0
13,7110,validation,6
13,4183,validation,3
13,5830,validation,5
13,7355,validation,9
13,2064,validation,5
13,7174,validation,1
13,6068,validation,6
13,6452,validation,6
13,2827,validation,1
13,1377,validation,4
13,7086,validation,8
13,318,validation,7
13,7258,validation,8
13,3896,validation,6
13,836,validation,4
13,4261,validation,5
13,153,validation,6
13,4876,validation,9
13,6153,validation,0
13,3381,validation,4
13,4848,validation,6
13,6594,validation,3
13,1854,validation,9
13,5370,validation,8
13,4718,validation,2
13,6077,validation,1
13,87,validation,6
13,1422,validation,6
13,6280,validation,3
13,4056,validation,0
13,4143,validation,0
13,5899,validation,3
13,2910,validation,8
13,4915,validation,9
13,5644,validation,2
13,5200,validation,8
13,7260,validation,8
13,7264,validation,7
13,2319,validation,7
13,1695,validation,8
13,835,validation,7
13,1110,validation,1
13,6779,validation,1
13,7005,validation,7
13,552,validation,8
13,2928,validation,9
13,2952,validation,6
13,7286,validation,7
13,1443,validation,1
13,6684,validation,9
13,5832,validation,7
13,3673,validation,7
13,3025,validation,0
13,1400,validation,1
13,3677,validation,1
13,2101,validation,7
13,259,validation,3
13,4277,validation,0
13,1560,validation,8
13,5940,validation,0
13,3891,validation,0
13,3553,validation,1
13,6237,validation,8
13,6588,validation,0
13,936,validation,2
13,3172,validation,5
13,488,validation,0
13,3585,validation,0
13,3298,validation,2
13,4792,validation,3
13,6703,validation,4
13,2788,validation,7
13,1949,validation,0
13,2493,validation,4
13,1943,validation,6
13,4954,validation,0
13,5055,validation,9
13,145,validation,8
13,7095,validation,1
13,220,validation,6
13,6976,validation,9
13,366,validation,3
13,852,validation,0
13,4419,validation,6
13,4544,validation,5
13,3686,validation,3
13,5845,validation,0
13,1327,validation,4
13,6649,validation,6
13,5288,validation,0
13,4275,validation,4
13,5024,validation,3
13,2982,validation,0
13,1411,validation,0
13,541,validation,6
13,4164,validation,5
13,4994,validation,0
13,286,validation,7
13,1016,validation,7
13,6581,validation,0
13,2918,validation,6
13,2185,validation,3
13,229,validation,2
13,5784,validation,0
13,2275,validation,1
13,2130,validation,1
13,6652,validation,3
13,7200,validation,4
13,7310,validation,9
13,3516,validation,9
13,3177,validation,7
13,2611,validation,5
13,6033,validation,4
13,687,validation,8
13,6263,validation,4
13,4225,validation,1
13,5873,validation,6
13,3700,validation,3
13,2634,validation,4
13,2833,validation,8
13,862,validation,8
13,6860,validation,7
13,3183,validation,9
13,2938,validation,3
13,4841,validation,2
13,2468,validation,3
13,6123,validation,4
13,7133,validation,9
13,7070,validation,8
13,5012,validation,2
13,4221,validation,9
13,4604,validation,1
13,2853,validation,9
13,1268,validation,1
13,3072,validation,6
13,6295,validation,3
13,4503,validation,9
13,384,validation,6
13,2501,validation,4
13,4313,validation,3
13,1406,validation,0
13,1519,validation,2
13,150,validation,7
13,3694,validation,1
13,5431,validation,9
13,3276,validation,9
13,5347,validation,7
13,3196,validation,0
13,4767,validation,0
13,4317,validation,1
13,841,validation,1
13,5626,validation,7
13,4509,validation,4
13,2374,validation,2
13,2085,validation,7
13,4602,validation,3
13,6573,validation,9
13,5850,validation,6
13,5341,validation,2
13,5498,validation,2
13,3708,validation,6
13,7250,validation,6
13,2906,validation,9
13,859,validation,4
13,751,validation,7
13,6216,validation,2
13,6672,validation,1
13,7021,validation,3
13,4643,validation,7
13,4805,validation,8
13,6447,validation,1
13,5094,validation,2
13,6273,validation,0
13,4959,validation,9
13,3546,validation,8
13,1234,validation,4
13,2801,validation,8
13,4417,validation,8
13,3089,validation,4
13,6651,validation,0
13,151,validation,5
13,6752,validation,7
13,6644,validation,0
13,5243,validation,9
13,2551,validation,9
13,2708,validation,6
13,1405,validation,7
13,3119,validation,4
13,6184,validation,5
13,3728,validation,6
13,5973,validation,1
13,7143,validation,2
13,1835,validation,9
13,775,validation,7
13,2161,validation,6
13,1725,validation,5
13,2441,validation,3
13,6905,validation,1
13,4248,validation,6
13,1998,validation,7
13,1474,validation,4
13,379,validation,8
13,1599,validation,4
13,2403,validation,1
13,2370,validation,5
13,699,validation,3
13,6540,validation,4
13,486,validation,6
13,4827,validation,3
13,5439,validation,2
13,6634,validation,8
42,6632,train,1
42,2794,train,8
42,6366,train,1
42,4593,train,0
42,7009,train,7
42,4184,train,1
42,6656,train,4
42,5566,train,9
42,5748,train,5
42,527,train,9
42,5302,train,0
42,1917,train,8
42,2730,train,9
42,3987,train,7
42,1336,train,2
42,99,train,3
42,2430,train,2
42,1427,train,4
42,3459,train,8
42,2354,train,5
42,2141,train,2
42,1005,train,6
42,4803,train,7
42,1034,train,4
42,4530,train,1
42,6894,train,4
42,4510,train,5
42,6935,train,5
42,6762,train,2
42,5313,train,2
42,3732,train,5
42,4498,train,2
42,2960,train,3
42,4074,train,2
42,1675,train,8
42,1191,train,4
42,5589,train,3
42,4988,train,1
42,5820,train,9
42,3142,train,8
42,5148,train,5
42,441,train,8
42,845,train,2
42,1714,train,7
42,6318,train,2
42,374,train,6
42,4715,train,6
42,6095,train,8
42,915,train,1
42,288,train,1
42,154,train,8
42,6442,train,7
42,3051,train,3
42,1624,train,8
42,479,train,5
42,311,train,5
42,1478,train,5
42,5840,train,0
42,5644,train,2
42,1778,train,4
42,3476,train,4
42,5312,train,6
42,2614,train,4
42,2191,train,9
42,4552,train,1
42,4895,train,2
42,6725,train,6
42,4379,train,3
42,6388,train,5
42,1739,train,0
42,1630,train,2
42,1222,train,9
42,4681,train,2
42,3685,train,4
42,5371,train,6
42,6464,train,5
42,4860,train,2
42,485,train,0
42,7080,train,8
42,5325,train,3
42,7250,train,6
42,4780,train,0
42,271,train,8
42,6510,train,7
42,1395,train,6
42,4220,train,1
42,3314,train,1
42,7125,train,2
42,1354,train,1
42,736,train,9
42,445,train,8
42,7063,train,3
42,2134,train,5
42,1509,train,6
42,3268,train,0
42,7249,train,2
42,2293,train,5
42,6938,train,9
42,813,train,5
42,7354,train,4
42,1544,train,0
42,3608,train,6
42,6678,train,5
42,5514,train,5
42,304,train,6
42,6178,train,7
42,4657,train,8
42,711,train,1
42,119,train,3
42,4731,train,3
42,6943,train,1
42,5522,train,2
42,4484,train,2
42,5904,train,5
42,5666,train,7
42,3387,train,7
42,1282,train,5
42,7265,train,5
42,1459,train,6
42,6735,train,3
42,6365,train,1
42,6965,train,1
42,2414,train,2
42,3375,train,3
42,3611,train,2
42,6013,train,8
42,6986,train,0
42,859,train,4
42,3021,train,1
42,2137,train,4
42,856,train,8
42,3592,train,3
42,3067,train,2
42,231,train,8
42,5172,train,4
42,2603,train,2
42,426,train,8
42,4509,train,4
42,495,train,4
42,468,train,6
42,5272,train,9
42,1755,train,0
42,6978,train,0
42,317,train,0
42,5618,train,7
42,4334,train,6
42,2525,train,6
42,606,train,6
42,1741,train,1
42,1937,train,9
42,5100,train,6
42,4413,train,2
42,5615,train,1
42,5971,train,4
42,3392,train,6
42,5703,train,1
42,1301,train,0
42,3936,train,4
42,1825,train,0
42,2869,train,1
42,4213,train,3
42,3614,train,6
42,5911,train,9
42,7241,train,0
42,5783,train,0
42,2201,train,8
42,1146,train,5
42,4139,train,0
42,4212,train,3
42,3135,train,3
42,7235,train,8
42,4224,train,5
42,5324,train,4
42,6219,train,7
42,238,train,3
42,1888,train,1
42,152,train,8
42,225,train,1
42,6109,train,0
42,6900,train,0
42,6486,train,6
42,5613,train,0
42,2689,train,6
42,6973,train,5
42,4294,train,0
42,4117,train,7
42,1697,train,5
42,7133,train,9
42,3,train,1
42,7118,train,4
42,243,train,3
42,5072,train,7
42,351,train,4
42,596,train,8
42,3613,train,3
42,5144,train,0
42,5,train,4
42,6191,train,7
42,3310,train,0
42,6810,train,3
42,322,train,6
42,7008,train,4
42,2688,train,2
42,710,train,5
42,3206,train,1
42,5451,train,7
42,5754,train,8
42,834,train,5
42,6924,train,1
42,5010,train,0
42,1432,train,7
42,5501,train,7
42,2082,train,8
42,3211,train,9
42,6356,train,2
42,1064,train,7
42,7068,train,5
42,5586,train,6
42,1092,train,9
42,167,train,0
42,3331,train,6
42,5343,train,0
42,7075,train,4
42,5769,train,8
42,5232,train,6
42,3625,train,6
42,5535,train,0
42,4091,train,6
42,2444,train,9
42,435,train,2
42,4678,train,1
42,6288,train,8
42,3708,train,6
42,32,train,9
42,6080,train,4
42,741,train,2
42,982,train,3
42,5436,train,6
42,2552,train,6
42,1829,train,0
42,6438,train,1
42,5046,train,4
42,1378,train,0
42,2809,train,8
42,5710,train,4
42,3529,train,4
42,3248,train,7
42,5509,train,6
42,5409,train,9
42,3490,train,6
42,5876,train,2
42,7254,train,0
42,6114,train,0
42,3657,train,9
42,7016,train,6
42,1660,train,2
42,6068,train,6
42,2039,train,2
42,5604,train,5
42,6110,train,4
42,49,train,7
42,4758,train,7
42,2482,train,9
42,2904,train,0
42,4893,train,6
42,5533,train,0
42,6156,train,1
42,7231,train,2
42,5333,train,6
42,2237,train,5
42,3958,train,9
42,4108,train,0
42,1136,train,5
42,5741,train,9
42,1417,train,2
42,862,train,8
42,6666,train,7
42,120,train,9
42,2932,train,5
42,2807,train,6
42,1949,train,0
42,350,train,6
42,6551,train,5
42,4100,train,0
42,1422,train,6
42,4909,train,8
42,1932,train,7
42,1819,train,8
42,4950,train,2
42,6427,train,5
42,2415,train,3
42,3711,train,1
42,6093,train,0
42,2585,train,8
42,4326,train,9
42,5230,train,0
42,5292,train,3
42,2023,train,8
42,2761,train,5
42,5800,train,0
42,6166,train,5
42,2814,train,2
42,754,train,1
42,4654,train,8
42,4240,train,6
42,106,train,0
42,2674,train,3
42,298,train,4
42,4101,train,3
42,7078,train,9
42,5950,train,5
42,5859,train,3
42,2007,train,3
42,7048,train,7
42,1247,train,8
42,2724,train,9
42,3299,train,5
42,4924,train,7
42,5856,train,8
42,6911,train,2
42,782,train,0
42,251,train,0
42,3371,train,9
42,5323,train,2
42,6899,train,8
42,1040,train,2
42,1068,train,8
42,842,train,6
42,7331,train,1
42,510,train,3
42,4846,train,6
42,3586,train,6
42,1377,train,4
42,562,train,6
42,6796,train,7
42,1437,train,9
42,5622,train,9
42,1442,train,0
42,7313,train,4
42,2845,train,7
42,3167,train,0
42,5332,train,1
42,3610,train,2
42,1318,train,6
42,6615,train,0
42,1849,train,8
42,6204,train,3
42,205,train,1
42,651,train,8
42,5386,train,1
42,7057,train,2
42,1002,train,3
42,5453,train,9
42,5639,train,8
42,6708,train,6
42,648,train,1
42,4709,train,9
42,4684,train,9
42,4519,train,9
42,198,train,6
42,4112,train,8
42,7012,train,9
42,6188,train,0
42,2309,train,2
42,4308,train,9
42,1016,train,7
42,4151,train,4
42,5927,train,5
42,2516,train,5
42,2356,train,7
42,4401,train,3
42,5373,train,7
42,593,train,0
42,1718,train,0
42,5846,train,0
42,2933,train,3
42,7243,train,9
42,1212,train,6
42,4783,train,7
42,650,train,9
42,3904,train,9
42,2219,train,8
42,7201,train,5
42,4790,train,8
42,7174,train,1
42,3242,train,9
42,7036,train,2
42,4179,train,6
42,3487,train,5
42,6523,train,0
42,5641,train,6
42,109,train,7
42,6280,train,3
42,4527,train,4
42,6355,train,9
42,2086,train,2
42,2148,train,6
42,5899,train,3
42,4135,train,9
42,7090,train,1
42,5881,train,1
42,4695,train,6
42,5500,train,7
42,6118,train,5
42,5761,train,1
42,2613,train,0
42,3999,train,4
42,897,train,4
42,97,train,8
42,3084,train,5
42,2193,train,1
42,4737,train,6
42,3629,train,5
42,5880,train,6
42,4254,train,4
42,6964,train,5
42,1020,train,4
42,5964,train,0
42,6094,train,3
42,1677,train,7
42,3972,train,6
42,6679,train,3
42,729,train,4
42,7018,train,8
42,6352,train,8
42,1094,train,4
42,276,train,9
42,1150,train,6
42,3288,train,5
42,185,train,1
42,308,train,9
42,5487,train,5
42,3080,train,6
42,2035,train,1
42,2267,train,6
42,4938,train,8
42,4390,train,9
42,604,train,3
42,2350,train,6
42,1023,train,5
42,3221,train,2
42,4921,train,4
42,890,train,2
42,6474,train,2
42,1709,train,2
42,3252,train,3
42,5929,train,2
42,4174,train,2
42,3693,train,0
42,2244,train,2
42,7339,train,9
42,3094,train,5
42,868,train,6
42,6866,train,5
42,538,train,5
42,6076,train,6
42,2297,train,7
42,5094,train,2
42,7040,train,6
42,128,train,7
42,7304,train,3
42,5960,train,3
42,1558,train,6
42,6934,train,5
42,6202,train,0
42,1479,train,7
42,5585,train,9
42,2644,train,1
42,2125,train,5
42,6266,train,2
42,4614,train,4
42,3063,train,4
42,83,train,1
42,4438,train,0
42,5415,train,5
42,529,train,6
42,6974,train,7
42,2636,train,5
42,907,train,7
42,410,train,7
42,46,train,5
42,6290,train,5
42,5229,train,9
42,3621,train,7
42,50,train,9
42,1171,train,4
42,1321,train,7
42,1890,train,1
42,735,train,6
42,4330,train,0
42,2029,train,4
42,1385,train,3
42,6515,train,7
42,6707,train,7
42,143,train,7
42,5973,train,1
42,4898,train,8
42,5701,train,1
42,2410,train,6
42,3937,train,2
42,4027,train,2
42,102,train,3
42,3232,train,5
42,4447,train,0
42,338,train,7
42,5988,train,2
42,5980,train,4
42,3183,train,9
42,3505,train,5
42,400,train,8
42,1822,train,6
42,547,train,3
42,3914,train,3
42,1067,train,3
42,2251,train,2
42,7072,train,2
42,7011,train,4
42,3209,train,8
42,5290,train,8
42,1346,train,7
42,6470,train,2
42,3861,train,2
42,2675,train,6
42,4393,train,3
42,5057,train,7
42,5959,train,6
42,3845,train,1
42,2183,train,6
42,1852,train,8
42,1257,train,8
42,2721,train,5
42,265,train,4
42,4305,train,8
42,193,train,2
42,2116,train,5
42,4360,train,5
42,6444,train,7
42,2227,train,3
42,7188,train,6
42,6469,train,7
42,2916,train,1
42,394,train,0
42,4271,train,9
42,1683,train,0
42,3233,train,7
42,4772,train,1
42,3131,train,0
42,3305,train,9
42,6648,train,6
42,3784,train,2
42,6802,train,9
42,2144,train,8
42,2816,train,7
42,3449,train,8
42,4141,train,4
42,5316,train,4
42,1886,train,2
42,2072,train,1
42,6508,train,5
42,812,train,4
42,3655,train,1
42,2842,train,0
42,555,train,4
42,7020,train,3
42,3250,train,0
42,6467,train,9
42,3747,train,4
42,3028,train,1
42,6749,train,1
42,1715,train,8
42,2813,train,1
42,1468,train,4
42,1529,train,2
42,223,train,3
42,7251,train,2
42,1493,train,6
42,5418,train,8
42,4912,train,6
42,2836,train,4
42,5843,train,2
42,1070,train,6
42,107,train,4
42,4038,train,0
42,5468,train,5
42,3753,train,5
42,2427,train,2
42,1870,train,7
42,3155,train,5
42,2453,train,0
42,2187,train,9
42,5225,train,9
42,26,train,2
42,1078,train,4
42,2999,train,7
42,1275,train,1
42,5056,train,6
42,4608,train,3
42,539,train,5
42,3399,train,5
42,803,train,7
42,5213,train,0
42,921,train,0
42,3481,train,1
42,165,train,5
42,2299,train,5
42,3767,train,5
42,4163,train,1
42,4940,train,3
42,3938,train,4
42,525,train,5
42,5942,train,1
42,1356,train,1
42,5206,train,2
42,3582,train,2
42,7316,train,5
42,6493,train,7
42,6071,train,6
42,3628,train,5
42,4645,train,8
42,1574,train,3
42,2781,train,9
42,701,train,4
42,2706,train,1
42,5538,train,1
42,2402,train,0
42,6112,train,3
42,6405,train,5
42,4013,train,1
42,6246,train,1
42,1863,train,5
42,6192,train,3
42,4815,train,8
42,7121,train,1
42,1170,train,9
42,189,train,8
42,6814,train,1
42,4028,train,1
42,6199,train,9
42,3869,train,2
42,2178,train,2
42,580,train,2
42,2561,train,3
42,5479,train,8
42,6529,train,6
42,1792,train,9
42,2539,train,9
42,2744,train,7
42,3147,train,7
42,2167,train,4
42,240,train,8
42,698,train,8
42,3776,train,6
42,6480,train,7
42,6619,train,6
42,3424,train,7
42,1958,train,0
42,110,train,2
42,3415,train,3
42,2828,train,4
42,3413,train,8
42,4057,train,3
42,4012,train,0
42,1137,train,8
42,3208,train,5
42,3026,train,5
42,3024,train,6
42,4580,train,2
42,3662,train,7
42,2855,train,4
42,7026,train,5
42,818,train,7
42,6520,train,6
42,7117,train,7
42,1525,train,5
42,6654,train,2
42,5993,train,3
42,1434,train,4
42,4313,train,3
42,6081,train,5
42,3998,train,9
42,6532,train,1
42,2289,train,0
42,6704,train,2
42,6315,train,3
42,2596,train,4
42,6446,train,1
42,7277,train,2
42,5874,train,6
42,7328,train,4
42,438,train,9
42,3230,train,2
42,2534,train,5
42,3294,train,6
42,6916,train,6
42,33,train,8
42,423,train,7
42,7238,train,7
42,295,train,5
42,1102,train,7
42,5755,train,3
42,3057,train,2
42,117,train,7
42,1876,train,1
42,4273,train,5
42,241,train,3
42,2199,train,1
42,4454,train,9
42,3763,train,0
42,2470,train,2
42,5825,train,5
42,4690,train,2
42,2284,train,8
42,6067,train,3
42,5505,train,3
42,1141,train,1
42,5546,train,1
42,3781,train,4
42,2801,train,8
42,2452,train,2
42,2321,train,7
42,89,train,0
42,900,train,1
42,744,train,5
42,5667,train,3
42,2728,train,1
42,7281,train,6
42,1499,train,0
42,573,train,4
42,7029,train,2
42,4489,train,5
42,7221,train,3
42,35,train,8
42,857,train,3
42,6217,train,1
42,3855,train,4
42,1690,train,0
42,1447,train,4
42,4450,train,0
42,172,train,6
42,1588,train,9
42,3300,train,6
42,4239,train,7
42,6124,train,8
42,2577,train,0
42,3479,train,3
42,3563,train,6
42,1764,train,2
42,3125,train,3
42,6383,train,1
42,537,train,5
42,2280,train,5
42,6613,train,5
42,3274,train,9
42,6625,train,0
42,4160,train,0
42,1694,train,3
42,1384,train,4
42,3334,train,2
42,7103,train,1
42,6841,train,5
42,3079,train,1
42,7222,train,0
42,1565,train,3
42,7073,train,5
42,5858,train,6
42,5916,train,1
42,3513,train,0
42,1641,train,8
42,4192,train,3
42,3054,train,6
42,4597,train,5
42,3480,train,1
42,3806,train,2
42,3615,train,4
42,6241,train,2
42,4415,train,1
42,3378,train,1
42,6035,train,2
42,4735,train,3
42,3593,train,1
42,3510,train,9
42,2232,train,6
42,4195,train,1
42,5163,train,0
42,5090,train,8
42,275,train,8
42,1639,train,5
42,4402,train,0
42,516,train,1
42,1413,train,9
42,1948,train,3
42,5273,train,9
42,6147,train,9
42,6719,train,7
42,6232,train,3
42,6794,train,6
42,1423,train,6
42,1402,train,8
42,257,train,8
42,6177,train,9
42,5797,train,4
42,1520,train,6
42,5182,train,1
42,401,train,8
42,280,train,7
42,7325,train,6
42,2976,train,6
42,6912,train,1
42,4873,train,4
42,5626,train,7
42,5355,train,9
42,3175,train,6
42,5321,train,0
42,4523,train,5
42,5930,train,6
42,704,train,6
42,3940,train,9
42,5635,train,9
42,1168,train,7
42,4929,train,1
42,74,train,9
42,5066,train,4
42,4060,train,2
42,248,train,8
42,4281,train,0
42,287,train,8
42,4971,train,9
42,4188,train,9
42,3818,train,0
42,4973,train,7
42,170,train,3
42,2393,train,0
42,2145,train,1
42,7172,train,8
42,2013,train,9
42,1699,train,7
42,5091,train,6
42,2935,train,0
42,3492,train,2
42,2124,train,3
42,2467,train,0
42,4233,train,4
42,4962,train,9
42,6992,train,5
42,2100,train,9
42,998,train,1
42,7346,train,8
42,4782,train,0
42,5918,train,2
42,5431,train,9
42,5796,train,0
42,3597,train,8
42,4744,train,6
42,2957,train,4
42,6050,train,4
42,528,train,8
42,6017,train,9
42,5902,train,3
42,3444,train,9
42,2294,train,4
42,4259,train,7
42,3217,train,3
42,5488,train,5
42,6344,train,8
42,884,train,9
42,93,train,4
42,3035,train,1
42,4907,train,0
42,556,train,0
42,7280,train,2
42,6158,train,6
42,1095,train,5
42,2185,train,3
42,810,train,6
42,1759,train,2
42,3578,train,1
42,3343,train,2
42,2860,train,3
42,3823,train,0
42,4916,train,3
42,7168,train,9
42,3275,train,9
42,6176,train,1
42,6721,train,2
42,3247,train,8
42,950,train,0
42,1187,train,3
42,1768,train,5
42,7059,train,5
42,685,train,7
42,1186,train,2
42,3107,train,4
42,5660,train,5
42,1869,train,6
42,2528,train,6
42,6077,train,1
42,6282,train,8
42,4711,train,4
42,4428,train,7
42,6048,train,7
42,5711,train,3
42,1323,train,8
42,449,train,0
42,1229,train,8
42,2003,train,2
42,2597,train,9
42,3467,train,1
42,1806,train,0
42,7093,train,8
42,4165,train,9
42,2037,train,8
42,3313,train,8
42,6409,train,9
42,7035,train,3
42,3895,train,6
42,3879,train,2
42,3295,train,0
42,4813,train,2
42,3001,train,8
42,674,train,9
42,6549,train,4
42,995,train,2
42,2774,train,5
42,4604,train,1
42,2702,train,5
42,6766,train,5
42,3241,train,2
42,2091,train,0
42,386,train,7
42,4181,train,4
42,5179,train,3
42,4322,train,1
42,6293,train,8
42,6569,train,5
42,5977,train,7
42,740,train,7
42,533,train,9
42,5214,train,6
42,4387,train,3
42,5143,train,5
42,1878,train,3
42,3055,train,7
42,163,train,5
42,3333,train,5
42,6639,train,0
42,3623,train,5
42,2062,train,4
42,6566,train,2
42,1732,train,1
42,3421,train,5
42,19,train,6
42,6651,train,0
42,294,train,9
42,5563,train,2
42,1215,train,6
42,3009,train,5
42,4358,train,7
42,2341,train,7
42,657,train,5
42,6660,train,4
42,5440,train,4
42,3848,train,1
42,6060,train,3
42,5339,train,7
42,4983,train,0
42,2445,train,4
42,2531,train,1
42,1595,train,1
42,144,train,3
42,1306,train,7
42,1271,train,8
42,6468,train,2
42,391,train,4
42,1392,train,6
42,4992,train,6
42,3981,train,7
42,215,train,4
42,3194,train,4
42,3447,train,1
42,7253,train,3
42,1202,train,0
42,2694,train,4
42,3204,train,0
42,58,train,2
42,1710,train,4
42,3959,train,5
42,5216,train,0
42,4679,train,4
42,5391,train,5
42,6785,train,9
42,6386,train,8
42,4126,train,2
42,4290,train,3
42,2412,train,9
42,5708,train,6
42,1246,train,8
42,4053,train,1
42,6276,train,6
42,3504,train,6
42,6240,train,8
42,2907,train,9
42,7269,train,3
42,1014,train,8
42,3898,train,4
42,550,train,2
42,5113,train,6
42,1843,train,7
42,178,train,8
42,6424,train,1
42,577,train,4
42,2805,train,9
42,7284,train,2
42,5480,train,0
42,3762,train,6
42,5726,train,0
42,3229,train,9
42,5382,train,6
42,6546,train,6
42,595,train,5
42,4344,train,3
42,878,train,0
42,4032,train,9
42,5458,train,4
42,605,train,4
42,2540,train,4
42,6328,train,5
42,6415,train,6
42,4969,train,9
42,3161,train,3
42,2886,train,4
42,4436,train,1
42,2888,train,0
42,691,train,2
42,2487,train,8
42,797,train,1
42,1214,train,8
42,5061,train,2
42,748,train,8
42,3808,train,4
42,7169,train,5
42,2669,train,4
42,1729,train,8
42,4341,train,0
42,5414,train,6
42,6091,train,1
42,4040,train,3
42,598,train,0
42,5285,train,6
42,7311,train,3
42,5120,train,2
42,5778,train,5
42,1461,train,1
42,6552,train,8
42,5082,train,8
42,823,train,0
42,4278,train,3
42,3681,train,1
42,3728,train,6
42,2766,train,0
42,363,train,8
42,1570,train,4
42,3195,train,7
42,3178,train,3
42,2067,train,9
42,1156,train,6
42,769,train,3
42,6002,train,4
42,5326,train,3
42,4406,train,4
42,3596,train,5
42,6221,train,1
42,5582,train,8
42,3442,train,1
42,5679,train,6
42,5286,train,0
42,2567,train,2
42,3651,train,7
42,5924,train,8
42,7022,train,3
42,229,train,2
42,5131,train,2
42,7030,train,8
42,6672,train,1
42,2140,train,3
42,4525,train,8
42,1568,train,1
42,5805,train,5
42,6421,train,4
42,6554,train,3
42,2181,train,7
42,6784,train,6
42,6895,train,8
42,3663,train,3
42,5079,train,6
42,6765,train,7
42,750,train,3
42,3215,train,0
42,4655,train,3
42,6,train,7
42,6272,train,8
42,4872,train,8
42,2135,train,7
42,5654,train,9
42,187,train,7
42,4495,train,2
42,2139,train,3
42,2379,train,1
42,4214,train,0
42,5252,train,1
42,5619,train,0
42,5529,train,5
42,617,train,4
42,5158,train,1
42,2543,train,7
42,6018,train,5
42,6630,train,9
42,6958,train,0
42,2304,train,5
42,571,train,6
42,4683,train,9
42,4733,train,6
42,4355,train,4
42,6413,train,7
42,1591,train,2
42,1706,train,5
42,436,train,9
42,3678,train,4
42,2823,train,4
42,7091,train,2
42,7297,train,5
42,5395,train,1
42,497,train,4
42,3034,train,4
42,131,train,0
42,7014,train,8
42,5219,train,7
42,3974,train,7
42,7127,train,6
42,967,train,8
42,5389,train,5
42,743,train,6
42,387,train,5
42,6368,train,7
42,3829,train,4
42,6816,train,7
42,3831,train,9
42,4686,train,0
42,7046,train,6
42,2048,train,4
42,4443,train,2
42,7262,train,4
42,41,train,8
42,705,train,1
42,4506,train,4
42,4622,train,5
42,1802,train,2
42,457,train,4
42,2568,train,0
42,348,train,9
42,6312,train,4
42,7138,train,6
42,5781,train,6
42,2646,train,5
42,7197,train,9
42,4999,train,9
42,465,train,3
42,1700,train,6
42,1830,train,7
42,1338,train,3
42,1481,train,0
42,5121,train,9
42,7215,train,7
42,7051,train,5
42,2530,train,3
42,6230,train,6
42,2670,train,6
42,2975,train,7
42,2222,train,1
42,209,train,7
42,5736,train,7
42,4295,train,1
42,7273,train,2
42,1353,train,8
42,1609,train,6
42,6845,train,0
42,3774,train,4
42,1027,train,7
42,196,train,3
42,1701,train,6
42,4662,train,4
42,4568,train,1
42,3499,train,4
42,6662,train,8
42,2588,train,0
42,574,train,9
42,2791,train,3
42,1490,train,6
42,6817,train,2
42,4420,train,6
42,1255,train,3
42,4503,train,9
42,3453,train,3
42,1951,train,1
42,3551,train,3
42,6097,train,7
42,4763,train,6
42,4728,train,3
42,3814,train,9
42,4668,train,4
42,273,train,7
42,4713,train,6
42,2925,train,7
42,666,train,1
42,850,train,1
42,342,train,2
42,4669,train,3
42,1988,train,6
42,2827,train,1
42,5658,train,9
42,5040,train,1
42,3164,train,1
42,4862,train,3
42,2351,train,0
42,1133,train,8
42,4942,train,9
42,2897,train,1
42,2457,train,5
42,6213,train,3
42,1069,train,4
42,7296,train,4
42,4535,train,6
42,4596,train,3
42,5826,train,7
42,4925,train,1
42,2570,train,5
42,4435,train,0
42,6268,train,1
42,1262,train,4
42,3719,train,4
42,2950,train,4
42,1256,train,7
42,6040,train,4
42,993,train,3
42,808,train,8
42,1540,train,2
42,2771,train,8
42,1265,train,3
42,3452,train,8
42,245,train,5
42,7141,train,4
42,3156,train,2
42,6755,train,0
42,1407,train,2
42,3354,train,8
42,4934,train,5
42,3953,train,8
42,4964,train,8
42,2987,train,6
42,3458,train,7
42,2408,train,3
42,5611,train,2
42,5694,train,6
42,6773,train,4
42,2127,train,0
42,7167,train,3
42,3115,train,4
42,4949,train,7
42,1781,train,5
42,1101,train,1
42,5612,train,5
42,2685,train,3
42,6069,train,5
42,3461,train,9
42,2268,train,5
42,1474,train,4
42,4644,train,1
42,5204,train,1
42,1716,train,2
42,2119,train,7
42,1903,train,3
42,1967,train,8
42,512,train,7
42,3591,train,6
42,263,train,9
42,2921,train,7
42,1626,train,8
42,6250,train,0
42,5377,train,8
42,419,train,3
42,3122,train,8
42,3647,train,8
42,6681,train,5
42,354,train,6
42,931,train,7
42,3805,train,0
42,6994,train,4
42,4899,train,9
42,2074,train,3
42,1399,train,5
42,2225,train,8
42,4673,train,6
42,3105,train,0
42,2475,train,3
42,2207,train,3
42,2796,train,4
42,3720,train,5
42,3609,train,4
42,1446,train,0
42,1578,train,3
42,2131,train,5
42,7365,train,1
42,6516,train,0
42,5015,train,0
42,5788,train,2
42,7001,train,2
42,2664,train,8
42,2204,train,4
42,3617,train,3
42,3181,train,9
42,4789,train,7
42,5142,train,0
42,2374,train,2
42,1789,train,6
42,1744,train,8
42,164,train,4
42,6096,train,9
42,6335,train,3
42,5199,train,4
42,7256,train,2
42,3472,train,6
42,1436,train,0
42,3550,train,0
42,6635,train,1
42,6472,train,2
42,296,train,2
42,3660,train,0
42,2661,train,6
42,5254,train,7
42,3630,train,4
42,1091,train,4
42,3491,train,9
42,7159,train,3
42,4284,train,3
42,2894,train,5
42,6298,train,4
42,3989,train,5
42,5037,train,6
42,5202,train,3
42,2510,train,1
42,3027,train,5
42,1837,train,6
42,2406,train,9
42,5573,train,8
42,861,train,2
42,6590,train,4
42,7333,train,8
42,254,train,3
42,6825,train,7
42,1325,train,8
42,2143,train,0
42,2684,train,4
42,2541,train,5
42,1149,train,1
42,2591,train,3
42,3139,train,7
42,123,train,3
42,5314,train,6
42,3951,train,0
42,2409,train,2
42,6271,train,7
42,1365,train,3
42,1382,train,0
42,1130,train,6
42,5722,train,0
42,3495,train,8
42,3400,train,5
42,490,train,5
42,6836,train,1
42,6990,train,4
42,5740,train,7
42,3039,train,9
42,5568,train,8
42,6133,train,3
42,4977,train,0
42,1375,train,4
42,4706,train,9
42,545,train,3
42,5233,train,3
42,4039,train,8
42,396,train,6
42,6519,train,8
42,1364,train,5
42,7226,train,1
42,2647,train,1
42,6278,train,7
42,3133,train,3
42,6961,train,6
42,1943,train,6
42,5236,train,0
42,2681,train,7
42,5790,train,1
42,1381,train,8
42,2288,train,8
42,4403,train,7
42,4007,train,2
42,432,train,0
42,3016,train,0
42,3432,train,6
42,3255,train,8
42,4540,train,2
42,2653,train,1
42,4497,train,2
42,2515,train,5
42,5207,train,9
42,667,train,0
42,79,train,1
42,3531,train,6
42,6729,train,8
42,3138,train,4
42,956,train,0
42,5145,train,4
42,4351,train,3
42,6345,train,1
42,722,train,5
42,1968,train,5
42,656,train,1
42,1180,train,5
42,6353,train,8
42,1881,train,8
42,1733,train,0
42,1536,train,3
42,3541,train,4
42,5026,train,9
42,2021,train,3
42,3911,train,0
42,5883,train,9
42,6116,train,4
42,2844,train,3
42,3368,train,1
42,5423,train,5
42,4793,train,6
42,48,train,8
42,2834,train,1
42,6440,train,1
42,7211,train,6
42,4830,train,8
42,5221,train,9
42,5045,train,7
42,2463,train,4
42,2566,train,9
42,891,train,3
42,5311,train,3
42,6492,train,5
42,6234,train,2
42,4765,train,6
42,4991,train,3
42,852,train,0
42,5174,train,3
42,398,train,8
42,4865,train,1
42,194,train,9
42,4019,train,1
42,1955,train,5
42,2574,train,2
42,1473,train,8
42,3473,train,0
42,5328,train,1
42,3428,train,7
42,6683,train,8
42,2962,train,5
42,477,train,8
42,922,train,2
42,5274,train,6
42,5464,train,7
42,2949,train,8
42,5007,train,8
42,5261,train,4
42,1151,train,4
42,3174,train,1
42,6612,train,6
42,7149,train,1
42,6543,train,2
42,1088,train,8
42,6380,train,6
42,1250,train,7
42,4149,train,9
42,7037,train,2
42,6115,train,4
42,2083,train,8
42,5649,train,9
42,2784,train,4
42,4255,train,3
42,1600,train,2
42,3822,train,3
42,160,train,0
42,6644,train,0
42,4162,train,1
42,1508,train,1
42,2691,train,1
42,4863,train,5
42,4429,train,3
42,3153,train,9
42,3852,train,2
42,3468,train,7
42,6391,train,7
42,4183,train,3
42,1087,train,7
42,3604,train,2
42,3769,train,9
42,3880,train,3
42,3412,train,9
42,6257,train,2
42,5972,train,7
42,3509,train,9
42,4904,train,8
42,2750,train,8
42,4672,train,4
42,4110,train,5
42,2559,train,8
42,1302,train,6
42,4001,train,4
42,643,train,0
42,2789,train,3
42,6572,train,6
42,5404,train,1
42,7184,train,6
42,6236,train,6
42,3603,train,7
42,2055,train,4
42,5812,train,7
42,1300,train,9
42,6483,train,4
42,5310,train,8
42,2264,train,3
42,5599,train,9
42,2075,train,5
42,2600,train,8
42,1152,train,1
42,5387,train,0
42,2122,train,7
42,2455,train,3
42,4618,train,6
42,147,train,3
42,3381,train,4
42,6390,train,3
42,25,train,4
42,6873,train,4
42,309,train,7
42,138,train,2
42,6560,train,0
42,2046,train,0
42,623,train,1
42,5652,train,2
42,345,train,2
42,6826,train,3
42,6588,train,0
42,4619,train,4
42,4823,train,3
42,794,train,4
42,6699,train,1
42,2426,train,8
42,1530,train,7
42,5364,train,0
42,1754,train,5
42,683,train,4
42,5270,train,2
42,1834,train,5
42,1046,train,3
42,4779,train,4
42,5486,train,3
42,6684,train,9
42,6598,train,5
42,5996,train,8
42,3765,train,7
42,6263,train,4
42,5107,train,4
42,2537,train,8
42,2677,train,1
42,6913,train,5
42,3318,train,9
42,822,train,4
42,4842,train,7
42,6918,train,3
42,2615,train,2
42,6939,train,4
42,2527,train,3
42,1541,train,9
42,1057,train,0
42,6247,train,2
42,1420,train,5
42,6591,train,6
42,2718,train,6
42,1293,train,2
42,4966,train,5
42,3117,train,3
42,2448,train,2
42,4423,train,0
42,1343,train,5
42,1327,train,4
42,570,train,4
42,4020,train,3
42,4500,train,0
42,2865,train,0
42,2493,train,4
42,1126,train,6
42,4199,train,1
42,962,train,4
42,6034,train,2
42,2129,train,0
42,1738,train,0
42,6661,train,8
42,4911,train,3
42,2340,train,6
42,6242,train,9
42,65,train,0
42,6892,train,1
42,902,train,4
42,4275,train,4
42,1203,train,7
42,5419,train,2
42,7015,train,4
42,1607,train,2
42,4394,train,2
42,4624,train,9
42,2435,train,2
42,3168,train,3
42,2701,train,4
42,946,train,9
42,6890,train,4
42,3127,train,3
42,7,train,7
42,116,train,4
42,2665,train,6
42,1941,train,1
42,2934,train,9
42,1007,train,7
42,4641,train,7
42,6064,train,4
42,943,train,7
42,5766,train,7
42,2850,train,3
42,3644,train,5
42,4115,train,2
42,4809,train,5
42,6769,train,2
42,4340,train,4
42,30,train,6
42,4168,train,4
42,2852,train,0
42,1979,train,1
42,4528,train,5
42,7100,train,4
42,6180,train,1
42,2785,train,6
42,4070,train,8
42,7033,train,5
42,4634,train,8
42,7129,train,7
42,1835,train,9
42,6253,train,0
42,315,train,5
42,6460,train,5
42,5053,train,0
42,1076,train,7
42,757,train,3
42,5537,train,8
42,2648,train,7
42,5064,train,7
42,2954,train,1
42,2985,train,0
42,6189,train,8
42,6491,train,3
42,7087,train,1
42,520,train,6
42,188,train,6
42,7210,train,3
42,3562,train,4
42,4607,train,5
42,3837,train,4
42,6620,train,3
42,1752,train,9
42,472,train,3
42,6140,train,1
42,4251,train,0
42,1944,train,8
42,5763,train,8
42,2760,train,2
42,6373,train,5
42,2910,train,8
42,4718,train,2
42,3690,train,9
42,1278,train,5
42,1426,train,2
42,587,train,8
42,1997,train,0
42,5852,train,1
42,6703,train,4
42,2708,train,6
42,1361,train,3
42,2377,train,4
42,515,train,2
42,3006,train,0
42,2819,train,5
42,1884,train,9
42,2751,train,3
42,6957,train,6
42,909,train,0
42,5184,train,2
42,2202,train,0
42,5525,train,1
42,1688,train,6
42,6715,train,6
42,6245,train,4
42,652,train,5
42,5901,train,2
42,4158,train,1
42,5365,train,8
42,2859,train,7
42,2172,train,0
42,6171,train,5
42,6195,train,1
42,1261,train,6
42,6008,train,9
42,3369,train,5
42,1120,train,8
42,6129,train,7
42,4366,train,8
42,1820,train,6
42,2407,train,7
42,1801,train,4
42,6832,train,4
42,5967,train,3
42,6760,train,5
42,5926,train,4
42,3888,train,3
42,2318,train,7
42,5472,train,7
42,6167,train,1
42,184,train,6
42,4603,train,0
42,5110,train,7
42,600,train,4
42,5470,train,0
42,7153,train,9
42,3886,train,1
42,3538,train,1
42,5782,train,0
42,5833,train,1
42,3191,train,4
42,7208,train,2
42,6138,train,9
42,670,train,0
42,3029,train,3
42,7094,train,2
42,1042,train,6
42,4098,train,5
42,4483,train,8
42,264,train,4
42,5823,train,9
42,1477,train,3
42,4513,train,1
42,6059,train,8
42,2177,train,0
42,1380,train,1
42,5083,train,9
42,5030,train,1
42,3697,train,4
42,619,train,7
42,1337,train,5
42,437,train,5
42,452,train,4
42,463,train,0
42,5799,train,7
42,2386,train,8
42,7303,train,7
42,821,train,6
42,6605,train,6
42,2159,train,1
42,3680,train,2
42,511,train,1
42,6559,train,0
42,564,train,9
42,3943,train,0
42,2870,train,5
42,7272,train,3
42,3440,train,3
42,2383,train,1
42,6434,train,7
42,6433,train,3
42,6857,train,7
42,6779,train,1
42,6498,train,8
42,1523,train,2
42,5808,train,1
42,5809,train,8
42,5885,train,8
42,213,train,3
42,283,train,1
42,5751,train,2
42,7276,train,9
42,1396,train,9
42,1100,train,5
42,3445,train,0
42,3885,train,8
42,5047,train,0
42,3123,train,0
42,5752,train,4
42,2504,train,4
42,5399,train,9
42,113,train,5
42,481,train,6
42,6856,train,8
42,5334,train,8
42,7007,train,4
42,6359,train,6
42,4884,train,9
42,5237,train,0
42,3422,train,7
42,693,train,3
42,1498,train,3
42,6503,train,9
42,6548,train,8
42,4335,train,6
42,7069,train,7
42,1411,train,0
42,837,train,1
42,747,train,2
42,2015,train,0
42,6839,train,7
42,6168,train,3
42,583,train,9
42,2257,train,4
42,3554,train,2
42,2830,train,0
42,3317,train,6
42,101,train,0
42,2456,train,3
42,7268,train,6
42,1511,train,4
42,5196,train,8
42,590,train,0
42,474,train,7
42,7307,train,1
42,1805,train,1
42,1319,train,3
42,4118,train,7
42,6925,train,9
42,6185,train,5
42,569,train,7
42,4059,train,2
42,1717,train,6
42,2319,train,7
42,1753,train,0
42,2576,train,6
42,4794,train,6
42,4337,train,4
42,3585,train,0
42,340,train,5
42,3836,train,5
42,2176,train,3
42,2255,train,5
42,4891,train,0
42,2599,train,7
42,6233,train,6
42,5932,train,6
42,5022,train,5
42,5498,train,2
42,7308,train,2
42,7292,train,9
42,3931,train,0
42,1812,train,1
42,6010,train,2
42,7081,train,9
42,1646,train,2
42,1158,train,7
42,3799,train,5
42,6640,train,3
42,2709,train,8
42,29,train,7
42,3420,train,6
42,6603,train,1
42,4676,train,1
42,7067,train,9
42,6182,train,3
42,6320,train,3
42,2772,train,9
42,5152,train,8
42,4588,train,2
42,1190,train,9
42,1412,train,7
42,1901,train,2
42,7055,train,4
42,6489,train,7
42,3771,train,7
42,2054,train,0
42,4316,train,9
42,6783,train,8
42,5855,train,0
42,1197,train,7
42,2300,train,2
42,2343,train,6
42,4481,train,9
42,4090,train,4
42,6422,train,9
42,6143,train,5
42,5081,train,8
42,5699,train,7
42,5043,train,3
42,3648,train,6
42,4801,train,5
42,1303,train,5
42,7203,train,3
42,2495,train,6
42,36,train,7
42,7120,train,2
42,4067,train,5
42,6145,train,9
42,5021,train,3
42,6542,train,6
42,1073,train,2
42,1182,train,3
42,2307,train,2
42,3136,train,1
42,3874,train,8
42,1418,train,9
42,43,train,8
42,814,train,6
42,3407,train,8
42,6675,train,1
42,2161,train,6
42,3527,train,3
42,985,train,8
42,2133,train,8
42,7044,train,5
42,1394,train,1
42,1017,train,7
42,696,train,4
42,575,train,9
42,2112,train,8
42,3306,train,8
42,4148,train,5
42,3374,train,2
42,1492,train,2
42,5831,train,8
42,5570,train,2
42,7334,train,2
42,1440,train,2
42,4970,train,2
42,3768,train,4
42,6950,train,0
42,1610,train,5
42,2016,train,1
42,6186,train,7
42,6570,train,0
42,7099,train,1
42,2447,train,3
42,2465,train,9
42,7295,train,1
42,4856,train,2
42,3482,train,4
42,2899,train,0
42,2824,train,1
42,4418,train,5
42,3362,train,2
42,4348,train,6
42,1513,train,7
42,397,train,9
42,3783,train,2
42,7000,train,3
42,6231,train,3
42,5467,train,9
42,2611,train,5
42,3858,train,3
42,3789,train,1
42,2424,train,5
42,517,train,6
42,5647,train,4
42,2115,train,4
42,1254,train,3
42,6066,train,2
42,5853,train,8
42,3037,train,2
42,2686,train,6
42,1118,train,6
42,3315,train,1
42,3101,train,2
42,339,train,9
42,5750,train,0
42,3851,train,7
42,5211,train,3
42,5785,train,1
42,300,train,2
42,2797,train,0
42,5569,train,9
42,3705,train,7
42,1776,train,1
42,5125,train,5
42,3158,train,3
42,1362,train,4
42,446,train,6
42,2328,train,1
42,3341,train,2
42,135,train,1
42,1467,train,6
42,4085,train,5
42,615,train,9
42,5499,train,8
42,5747,train,1
42,3800,train,3
42,5469,train,2
42,390,train,5
42,6360,train,1
42,3670,train,5
42,5878,train,0
42,3338,train,9
42,7322,train,1
42,5070,train,8
42,7219,train,0
42,5493,train,9
42,2057,train,1
42,872,train,6
42,5295,train,3
42,2857,train,0
42,5147,train,9
42,1326,train,5
42,1953,train,3
42,4323,train,2
42,5363,train,8
42,1405,train,7
42,3130,train,7
42,2959,train,1
42,6576,train,8
42,1887,train,3
42,126,train,5
42,5882,train,4
42,6537,train,9
42,7119,train,4
42,4109,train,0
42,1475,train,7
42,2608,train,9
42,4056,train,0
42,4637,train,9
42,2779,train,0
42,5547,train,3
42,347,train,4
42,489,train,1
42,4876,train,9
42,3635,train,1
42,1582,train,1
42,1783,train,3
42,863,train,3
42,6389,train,7
42,3684,train,2
42,2071,train,4
42,936,train,2
42,7234,train,1
42,6946,train,7
42,1622,train,9
42,6628,train,8
42,7319,train,4
42,970,train,4
42,6106,train,9
42,3828,train,3
42,1555,train,2
42,6820,train,1
42,364,train,9
42,2326,train,4
42,2849,train,2
42,4564,train,3
42,5837,train,8
42,4775,train,2
42,1483,train,1
42,6637,train,4
42,5139,train,3
42,2278,train,9
42,6610,train,3
42,370,train,5
42,4036,train,6
42,6880,train,5
42,6936,train,4
42,4838,train,3
42,2560,train,6
42,6601,train,6
42,6904,train,1
42,7002,train,8
42,2631,train,8
42,957,train,3
42,5686,train,8
42,3507,train,7
42,2598,train,7
42,6867,train,5
42,5197,train,6
42,4130,train,5
42,5870,train,8
42,1144,train,0
42,2739,train,4
42,1668,train,4
42,2203,train,1
42,100,train,2
42,7202,train,1
42,7175,train,0
42,4720,train,0
42,4153,train,9
42,2076,train,6
42,2033,train,0
42,2930,train,2
42,1551,train,5
42,756,train,6
42,3960,train,4
42,1942,train,9
42,514,train,0
42,5186,train,4
42,1844,train,7
42,3277,train,7
42,5792,train,3
42,4177,train,1
42,6351,train,9
42,559,train,9
42,4485,train,2
42,4317,train,1
42,4573,train,7
42,4018,train,9
42,1022,train,6
42,6100,train,9
42,4327,train,1
42,2974,train,2
42,7105,train,7
42,1579,train,4
42,330,train,8
42,692,train,2
42,4894,train,4
42,6706,train,7
42,3023,train,9
42,4736,train,9
42,1880,train,3
42,4246,train,5
42,2182,train,7
42,1723,train,2
42,941,train,2
42,6791,train,0
42,2533,train,0
42,4219,train,7
42,5511,train,6
42,987,train,0
42,6862,train,9
42,5246,train,3
42,375,train,0
42,4859,train,2
42,1560,train,8
42,2970,train,3
42,6858,train,4
42,1597,train,1
42,56,train,0
42,7191,train,9
42,6953,train,8
42,6968,train,7
42,493,train,8
42,4661,train,4
42,6567,train,8
42,4128,train,0
42,2464,train,0
42,6206,train,2
42,5171,train,4
42,2839,train,9
42,6738,train,7
42,4076,train,9
42,5095,train,6
42,6194,train,0
42,6111,train,7
42,7287,train,8
42,2638,train,1
42,877,train,7
42,4633,train,2
42,376,train,6
42,1506,train,4
42,439,train,9
42,6237,train,8
42,4286,train,6
42,7161,train,9
42,1289,train,0
42,2948,train,5
42,3220,train,3
42,4375,train,2
42,5897,train,9
42,6676,train,4
42,2512,train,1
42,2768,train,8
42,7232,train,4
42,2235,train,6
42,2980,train,6
42,1980,train,1
42,4261,train,5
42,3954,train,2
42,3957,train,5
42,5456,train,4
42,5503,train,6
42,6072,train,8
42,3077,train,1
42,6844,train,5
42,1211,train,0
42,6695,train,5
42,321,train,4
42,4210,train,8
42,4206,train,9
42,838,train,8
42,1798,train,0
42,6983,train,8
42,5670,train,6
42,7212,train,7
42,4773,train,3
42,2138,train,6
42,1770,train,3
42,5989,train,1
42,6956,train,6
42,966,train,5
42,1489,train,6
42,3431,train,0
42,5608,train,9
42,5774,train,4
42,1907,train,6
42,4831,train,5
42,291,train,3
42,1925,train,6
42,778,train,3
42,2693,train,6
42,6682,train,9
42,5374,train,3
42,2117,train,6
42,727,train,5
42,4306,train,0
42,6500,train,2
42,4704,train,3
42,4734,train,5
42,4321,train,0
42,6000,train,6
42,1208,train,2
42,1617,train,7
42,3357,train,6
42,6985,train,3
42,1865,train,8
42,1439,train,9
42,5191,train,8
42,5835,train,8
42,4157,train,1
42,2234,train,6
42,5132,train,9
42,379,train,8
42,804,train,7
42,6229,train,1
42,4004,train,1
42,4555,train,3
42,4071,train,6
42,5349,train,0
42,5006,train,4
42,3867,train,5
42,2347,train,0
42,5454,train,7
42,7006,train,0
42,2041,train,2
42,4024,train,4
42,3187,train,2
42,6665,train,1
42,990,train,5
42,1263,train,4
42,4853,train,4
42,1678,train,1
42,455,train,5
42,2619,train,2
42,3881,train,8
42,4459,train,2
42,6417,train,3
42,5331,train,6
42,3266,train,9
42,2748,train,8
42,1162,train,2
42,2462,train,7
42,1719,train,4
42,6338,train,3
42,5337,train,9
42,6733,train,6
42,5251,train,7
42,6506,train,5
42,7060,train,5
42,5657,train,2
42,3002,train,2
42,3074,train,0
42,3724,train,8
42,4572,train,6
42,1339,train,2
42,3748,train,1
42,86,train,0
42,7358,train,1
42,217,train,9
42,5742,train,4
42,3811,train,0
42,1348,train,6
42,199,train,0
42,4675,train,2
42,3030,train,7
42,7245,train,4
42,3546,train,8
42,5724,train,2
42,2250,train,3
42,1369,train,7
42,2758,train,3
42,965,train,1
42,6183,train,9
42,129,train,9
42,5714,train,1
42,1751,train,1
42,7024,train,4
42,3388,train,1
42,1097,train,8
42,4913,train,7
42,4551,train,5
42,5687,train,4
42,4952,train,7
42,405,train,9
42,3512,train,0
42,3395,train,7
42,4096,train,7
42,634,train,7
42,1971,train,0
42,4422,train,4
42,1590,train,4
42,6945,train,6
42,473,train,3
42,6122,train,3
42,7225,train,4
42,5379,train,6
42,2064,train,5
42,3918,train,7
42,6162,train,2
42,1218,train,1
42,297,train,7
42,466,train,7
42,236,train,7
42,2476,train,5
42,6461,train,5
42,1122,train,8
42,4959,train,9
42,5193,train,2
42,7300,train,8
42,4051,train,7
42,7151,train,5
42,4161,train,1
42,5412,train,5
42,5663,train,4
42,5224,train,8
42,176,train,0
42,2605,train,8
42,5217,train,0
42,3019,train,4
42,7344,train,0
42,7110,train,6
42,1648,train,0
42,768,train,9
42,5651,train,1
42,2077,train,5
42,4951,train,8
42,1799,train,7
42,3530,train,1
42,1308,train,3
42,16,train,2
42,6466,train,6
42,2113,train,2
42,3462,train,9
42,7054,train,0
42,1167,train,8
42,5345,train,0
42,1866,train,3
42,3558,train,6
42,2002,train,6
42,899,train,4
42,2080,train,3
42,6594,train,3
42,5353,train,3
42,1698,train,5
42,1225,train,1
42,5004,train,4
42,3639,train,8
42,3754,train,3
42,1924,train,0
42,237,train,0
42,3515,train,4
42,3602,train,5
42,3015,train,2
42,2997,train,6
42,5558,train,8
42,5240,train,7
42,6535,train,1
42,5920,train,5
42,3907,train,1
42,945,train,5
42,1975,train,1
42,3962,train,9
42,6264,train,5
42,682,train,9
42,134,train,5
42,6218,train,4
42,6701,train,6
42,6649,train,6
42,1782,train,2
42,4014,train,7
42,6488,train,6
42,5396,train,9
42,2245,train,9
42,6652,train,3
42,2793,train,0
42,4748,train,0
42,1486,train,5
42,6907,train,1
42,6319,train,6
42,4699,train,6
42,7163,train,9
42,4314,train,5
42,4356,train,6
42,867,train,0
42,6655,train,7
42,2361,train,0
42,3249,train,9
42,6991,train,2
42,4974,train,5
42,5087,train,8
42,2663,train,3
42,2620,train,5
42,2938,train,3
42,7049,train,9
42,1283,train,0
42,5802,train,5
42,4632,train,3
42,1500,train,3
42,4852,train,6
42,6270,train,2
42,7086,train,8
42,5208,train,9
42,3429,train,1
42,6555,train,5
42,5609,train,1
42,2946,train,6
42,1704,train,3
42,4025,train,4
42,2216,train,0
42,3281,train,9
42,2440,train,8
42,1562,train,2
42,724,train,8
42,1044,train,5
42,1874,train,8
42,1539,train,5
42,5448,train,2
42,4923,train,4
42,1060,train,1
42,5828,train,7
42,3085,train,9
42,2303,train,1
42,6215,train,5
42,5473,train,6
42,5673,train,8
42,2342,train,0
42,5536,train,1
42,4900,train,3
42,4819,train,0
42,6098,train,6
42,4307,train,1
42,1914,train,1
42,6680,train,0
42,4855,train,2
42,3761,train,8
42,6997,train,4
42,3031,train,6
42,5702,train,5
42,1561,train,2
42,6689,train,9
42,4579,train,7
42,503,train,7
42,994,train,2
42,6212,train,3
42,5128,train,3
42,2155,train,7
42,4808,train,3
42,2472,train,7
42,1179,train,0
42,820,train,5
42,414,train,8
42,5385,train,4
42,5905,train,6
42,3182,train,9
42,1425,train,2
42,951,train,3
42,2423,train,4
42,1463,train,5
42,1033,train,2
42,4232,train,4
42,3699,train,9
42,7052,train,0
42,4567,train,1
42,2329,train,5
42,1702,train,5
42,2953,train,9
42,1458,train,0
42,540,train,0
42,4697,train,6
42,7162,train,4
42,5691,train,3
42,4625,train,9
42,1904,train,3
42,2783,train,6
42,973,train,3
42,5156,train,5
42,816,train,8
42,1858,train,9
42,313,train,8
42,3882,train,6
42,3566,train,4
42,3738,train,6
42,2491,train,9
42,6557,train,2
42,5839,train,8
42,4750,train,8
42,2157,train,7
42,307,train,9
42,250,train,9
42,5506,train,8
42,5080,train,0
42,4029,train,7
42,2529,train,7
42,1210,train,9
42,459,train,5
42,5398,train,1
42,68,train,0
42,1546,train,0
42,6398,train,0
42,1605,train,5
42,6764,train,2
42,5892,train,3
42,5092,train,6
42,2838,train,3
42,6428,train,8
42,6314,train,2
42,3925,train,3
42,5194,train,1
42,2548,train,4
42,6297,train,5
42,2283,train,2
42,6141,train,8
42,726,train,6
42,3245,train,2
42,6418,train,8
42,4469,train,0
42,3575,train,0
42,2526,train,2
42,4009,train,5
42,6248,train,5
42,1259,train,0
42,1372,train,2
42,148,train,8
42,403,train,7
42,1045,train,2
42,3484,train,2
42,3542,train,2
42,4457,train,1
42,5981,train,0
42,3013,train,8
42,183,train,3
42,4455,train,9
42,2940,train,5
42,6949,train,0
42,4671,train,0
42,4521,train,8
42,2893,train,1
42,4811,train,7
42,854,train,5
42,6350,train,2
42,1842,train,1
42,6476,train,8
42,889,train,1
42,4822,train,6
42,4889,train,7
42,3600,train,9
42,6256,train,9
42,2349,train,0
42,5605,train,3
42,5020,train,4
42,1740,train,3
42,7306,train,5
42,4200,train,7
42,3417,train,0
42,4055,train,4
42,3654,train,0
42,553,train,8
42,4248,train,6
42,7355,train,9
42,1518,train,4
42,6786,train,0
42,2622,train,1
42,3901,train,9
42,2509,train,4
42,6970,train,1
42,3843,train,8
42,3072,train,6
42,5720,train,4
42,3170,train,3
42,5689,train,2
42,4136,train,3
42,3842,train,5
42,4881,train,9
42,2051,train,6
42,4421,train,6
42,6146,train,7
42,680,train,1
42,6179,train,4
42,1664,train,9
42,3436,train,6
42,2240,train,5
42,1961,train,1
42,2421,train,7
42,2956,train,2
42,1569,train,3
42,6530,train,9
42,1129,train,0
42,3172,train,5
42,7062,train,1
42,1535,train,7
42,7146,train,6
42,2313,train,4
42,487,train,8
42,3947,train,5
42,7113,train,7
42,6798,train,6
42,6300,train,4
42,6120,train,5
42,6279,train,9
42,1176,train,6
42,2249,train,4
42,2194,train,5
42,5562,train,1
42,2872,train,7
42,2874,train,3
42,762,train,1
42,4075,train,9
42,2654,train,3
42,752,train,5
42,944,train,6
42,4173,train,4
42,5779,train,9
42,4172,train,7
42,64,train,4
42,5954,train,7
42,1296,train,6
42,5819,train,1
42,4414,train,6
42,5048,train,6
42,2151,train,1
42,4125,train,2
42,6137,train,4
42,7097,train,3
42,7330,train,9
42,4395,train,1
42,1592,train,3
42,5544,train,3
42,2617,train,6
42,5439,train,2
42,5994,train,0
42,1777,train,5
42,2111,train,8
42,4052,train,6
42,1026,train,6
42,1435,train,5
42,7298,train,2
42,1927,train,1
42,6545,train,9
42,3970,train,7
42,6881,train,9
42,6105,train,5
42,4944,train,3
42,7349,train,1
42,6616,train,5
42,69,train,4
42,4591,train,9
42,3707,train,8
42,1503,train,1
42,1032,train,3
42,2513,train,8
42,2853,train,9
42,858,train,7
42,5949,train,6
42,2442,train,1
42,381,train,3
42,717,train,0
42,3336,train,9
42,1652,train,9
42,4354,train,1
42,5378,train,7
42,6763,train,6
42,1898,train,8
42,1316,train,2
42,1804,train,7
42,20,train,9
42,4757,train,8
42,3758,train,9
42,3533,train,6
42,1371,train,6
42,3451,train,4
42,2812,train,5
42,6638,train,8
42,3717,train,3
42,5842,train,0
42,1748,train,2
42,5257,train,1
42,3189,train,1
42,5572,train,6
42,2578,train,5
42,6687,train,0
42,2095,train,0
42,1428,train,2
42,5231,train,9
42,2919,train,7
42,7074,train,0
42,3694,train,1
42,4369,train,3
42,4621,train,8
42,3733,train,4
42,6927,train,6
42,4599,train,3
42,2927,train,0
42,5947,train,5
42,6915,train,3
42,2101,train,7
42,6243,train,8
42,268,train,5
42,2542,train,6
42,4840,train,7
42,3988,train,3
42,6663,train,3
42,4407,train,1
42,5035,train,3
42,3179,train,7
42,4170,train,3
42,1324,train,6
42,1742,train,1
42,1310,train,2
42,4050,train,6
42,2821,train,4
42,3731,train,6
42,1009,train,5
42,833,train,3
42,1642,train,3
42,3854,train,4
42,3070,train,6
42,4778,train,4
42,4541,train,9
42,2964,train,1
42,3996,train,8
42,7170,train,0
42,6723,train,3
42,6362,train,8
42,4879,train,7
42,281,train,2
42,3545,train,8
42,4843,train,3
42,3347,train,4
42,1910,train,8
42,505,train,6
42,6397,train,8
42,1855,train,8
42,1928,train,8
42,161,train,2
42,6284,train,3
42,2477,train,8
42,6090,train,1
42,5636,train,0
42,369,train,6
42,3643,train,2
42,2060,train,5
42,216,train,0
42,789,train,3
42,2594,train,2
42,6321,train,3
42,2937,train,6
42,3439,train,3
42,6089,train,4
42,3701,train,4
42,3618,train,3
42,4187,train,7
42,3787,train,4
42,155,train,6
42,1977,train,5
42,2378,train,9
42,5361,train,4
42,4719,train,6
42,1047,train,4
42,4698,train,1
42,1221,train,0
42,6119,train,3
42,3423,train,3
42,2498,train,7
42,1419,train,2
42,7364,train,1
42,6646,train,9
42,2931,train,1
42,3173,train,5
42,1207,train,7
42,6524,train,1
42,3572,train,1
42,1243,train,2
42,6917,train,6
42,3254,train,8
42,4885,train,3
42,5275,train,4
42,6822,train,8
42,3689,train,2
42,2945,train,9
42,3443,train,4
42,1926,train,6
42,684,train,6
42,5106,train,4
42,5417,train,5
42,3047,train,4
42,2820,train,6
42,7143,train,2
42,4225,train,1
42,3965,train,1
42,1635,train,5
42,2885,train,3
42,5765,train,9
42,4347,train,1
42,5220,train,0
42,6636,train,5
42,609,train,7
42,2887,train,9
42,2571,train,7
42,2612,train,4
42,5917,train,4
42,2459,train,0
42,355,train,4
42,1307,train,4
42,3535,train,4
42,654,train,6
42,7058,train,7
42,1659,train,3
42,6130,train,6
42,3772,train,2
42,6711,train,7
42,1415,train,1
42,2334,train,4
42,5953,train,7
42,1116,train,0
42,3379,train,2
42,6658,train,4
42,1921,train,6
42,3004,train,7
42,709,train,6
42,3899,train,4
42,1762,train,1
42,2579,train,5
42,1629,train,7
42,418,train,2
42,4494,train,0
42,4888,train,9
42,6538,train,7
42,5592,train,9
42,4559,train,1
42,4532,train,6
42,6587,train,6
42,6484,train,5
42,1772,train,5
42,1916,train,6
42,658,train,4
42,5784,train,0
42,5925,train,9
42,795,train,5
42,5939,train,3
42,4759,train,8
42,7019,train,4
42,766,train,9
42,6205,train,5
42,715,train,4
42,3361,train,0
42,5974,train,1
42,6487,train,4
42,2047,train,9
42,5957,train,2
42,4392,train,4
42,843,train,7
42,2804,train,0
42,953,train,2
42,687,train,8
42,6870,train,4
42,5154,train,7
42,2915,train,8
42,3889,train,7
42,914,train,8
42,5579,train,8
42,5594,train,6
42,4363,train,0
42,3282,train,0
42,372,train,7
42,3875,train,9
42,5000,train,0
42,3346,train,5
42,6121,train,3
42,3571,train,1
42,6369,train,8
42,5567,train,5
42,7258,train,8
42,5910,train,1
42,3386,train,9
42,3008,train,2
42,6441,train,0
42,3154,train,6
42,7031,train,4
42,603,train,2
42,3942,train,7
42,5869,train,6
42,6906,train,4
42,1098,train,2
42,2034,train,9
42,3715,train,1
42,6727,train,8
42,1765,train,5
42,7043,train,4
42,6286,train,5
42,4834,train,4
42,796,train,7
42,3497,train,0
42,104,train,2
42,7356,train,7
42,5623,train,1
42,6347,train,2
42,7353,train,2
42,4777,train,2
42,2366,train,6
42,5975,train,8
42,5678,train,3
42,6455,train,3
42,4217,train,6
42,3581,train,2
42,6033,train,4
42,786,train,8
42,7252,train,1
42,536,train,4
42,3207,train,1
42,3272,train,7
42,91,train,8
42,4507,train,3
42,6432,train,8
42,3730,train,1
42,3007,train,0
42,2310,train,6
42,6937,train,7
42,4563,train,9
42,1270,train,1
42,5962,train,1
42,1682,train,3
42,2084,train,4
42,6011,train,2
42,5438,train,3
42,3157,train,5
42,1079,train,8
42,3303,train,4
42,4954,train,0
42,5303,train,9
42,1330,train,5
42,1836,train,9
42,630,train,2
42,5933,train,3
42,2218,train,6
42,6579,train,6
42,4725,train,1
42,3073,train,2
42,269,train,1
42,4870,train,0
42,2273,train,0
42,6828,train,3
42,1155,train,2
42,186,train,9
42,476,train,9
42,2431,train,2
42,2803,train,6
42,3025,train,0
42,6019,train,6
42,3576,train,6
42,6563,train,7
42,2163,train,7
42,2079,train,6
42,1572,train,0
42,6647,train,2
42,6518,train,5
42,2995,train,4
42,6854,train,4
42,6198,train,6
42,3543,train,7
42,3099,train,7
42,4901,train,7
42,2229,train,0
42,2368,train,7
42,6941,train,5
42,3579,train,9
42,1851,train,0
42,6026,train,3
42,3633,train,4
42,6414,train,3
42,1188,train,4
42,6731,train,4
42,1526,train,8
42,5935,train,4
42,2332,train,3
42,6851,train,8
42,284,train,6
42,703,train,4
42,5810,train,6
42,6977,train,7
42,6430,train,3
42,6465,train,1
42,5181,train,6
42,6809,train,8
42,4037,train,9
42,1735,train,3
42,4381,train,0
42,7266,train,4
42,2164,train,1
42,4589,train,2
42,904,train,7
42,1389,train,3
42,1879,train,4
42,1826,train,5
42,1985,train,8
42,2524,train,3
42,5494,train,3
42,5129,train,0
42,221,train,3
42,4437,train,4
42,2146,train,9
42,6903,train,0
42,3410,train,1
42,2740,train,5
42,4574,train,5
42,2031,train,3
42,6694,train,7
42,2988,train,0
42,6861,train,4
42,7112,train,2
42,1521,train,0
42,1107,train,8
42,5060,train,0
42,2545,train,5
42,4880,train,7
42,5265,train,3
42,1201,train,5
42,111,train,3
42,5936,train,1
42,5999,train,4
42,3622,train,8
42,3119,train,4
42,3674,train,4
42,4247,train,1
42,4946,train,8
42,3351,train,2
42,1655,train,5
42,352,train,5
42,5005,train,3
42,7237,train,7
42,3022,train,3
42,3798,train,8
42,1286,train,7
42,71,train,9
42,3930,train,1
42,1387,train,8
42,1931,train,3
42,5841,train,5
42,2573,train,2
42,429,train,2
42,3454,train,0
42,3433,train,2
42,3056,train,5
42,6046,train,3
42,5123,train,5
42,751,train,7
42,2162,train,7
42,2778,train,3
42,5894,train,1
42,2233,train,5
42,4180,train,1
42,2965,train,0
42,4176,train,9
42,5576,train,7
42,3126,train,2
42,2316,train,1
42,4376,train,3
42,3519,train,8
42,7359,train,4
42,592,train,7
42,3723,train,0
42,2024,train,7
42,4499,train,3
42,800,train,4
42,4646,train,8
42,1522,train,8
42,3791,train,1
42,3912,train,2
42,191,train,3
42,5287,train,7
42,5571,train,8
42,6134,train,5
42,5665,train,4
42,6914,train,3
42,1920,train,0
42,5203,train,1
42,7034,train,9
42,5806,train,4
42,996,train,4
42,4816,train,0
42,3813,train,1
42,3969,train,5
42,5180,train,8
42,1893,train,2
42,718,train,7
42,4958,train,8
42,2395,train,4
42,4089,train,4
42,6370,train,3
42,6160,train,8
42,6070,train,4
42,4667,train,3
42,5531,train,5
42,832,train,5
42,399,train,0
42,522,train,8
42,1086,train,6
42,3012,train,1
42,3656,train,7
42,3569,train,9
42,6341,train,9
42,6896,train,3
42,4766,train,6
42,7106,train,4
42,5341,train,2
42,2763,train,9
42,6348,train,6
42,849,train,9
42,272,train,8
42,2274,train,1
42,3114,train,8
42,1787,train,5
42,6208,train,0
42,5187,train,4
42,983,train,8
42,412,train,3
42,2736,train,9
42,5909,train,7
42,1816,train,7
42,5413,train,2
42,4920,train,2
42,1813,train,4
42,1547,train,9
42,1003,train,6
42,6807,train,0
42,3120,train,6
42,2979,train,4
42,7053,train,9
42,5945,train,4
42,7329,train,0
42,3111,train,0
42,4260,train,6
42,6998,train,6
42,1031,train,0
42,5159,train,8
42,5541,train,1
42,344,train,6
42,6525,train,5
42,694,train,2
42,1454,train,3
42,1722,train,3
42,7318,train,1
42,1959,train,7
42,551,train,0
42,3071,train,2
42,3165,train,3
42,5176,train,6
42,3577,train,9
42,758,train,0
42,3887,train,5
42,4882,train,2
42,4142,train,3
42,6527,train,0
42,1857,train,0
42,2643,train,4
42,5914,train,7
42,5166,train,1
42,5640,train,7
42,1821,train,2
42,2800,train,6
42,1398,train,2
42,3236,train,8
42,4486,train,1
42,6216,train,2
42,6451,train,9
42,3190,train,4
42,3177,train,7
42,3985,train,7
42,4640,train,7
42,3430,train,3
42,1065,train,6
42,3666,train,8
42,6750,train,5
42,433,train,2
42,5793,train,8
42,2330,train,6
42,2710,train,6
42,5958,train,2
42,12,train,5
42,2583,train,7
42,3258,train,6
42,5434,train,9
42,799,train,5
42,2093,train,7
42,7180,train,5
42,2434,train,4
42,4968,train,9
42,346,train,1
42,3524,train,9
42,4659,train,5
42,4143,train,0
42,4903,train,3
42,2562,train,9
42,7260,train,8
42,6016,train,2
42,3323,train,0
42,3993,train,1
42,3337,train,1
42,1608,train,6
42,1018,train,2
42,865,train,4
42,1731,train,5
42,5502,train,5
42,4710,train,2
42,6860,train,7
42,3518,train,2
42,5450,train,5
42,7185,train,0
42,1749,train,2
42,4033,train,8
42,3744,train,5
42,1936,train,3
42,3522,train,8
42,7025,train,7
42,2230,train,8
42,2790,train,0
42,4820,train,2
42,4368,train,9
42,4215,train,4
42,5884,train,0
42,4480,train,1
42,1640,train,7
42,928,train,4
42,589,train,2
42,4630,train,1
42,3389,train,7
42,2996,train,2
42,59,train,8
42,108,train,3
42,2952,train,6
42,4867,train,7
42,4708,train,8
42,4967,train,1
42,5648,train,5
42,4586,train,6
42,6084,train,9
42,2961,train,0
42,4837,train,4
42,4972,train,2
42,2169,train,5
42,5098,train,9
42,932,train,0
42,7165,train,8
42,5868,train,0
42,3203,train,6
42,2208,train,0
42,2026,train,5
42,4771,train,6
42,1534,train,5
42,2337,train,8
42,4008,train,0
42,3256,train,1
42,5322,train,6
42,3952,train,5
42,7206,train,8
42,3638,train,1
42,4976,train,8
42,5860,train,3
42,3064,train,8
42,6622,train,5
42,4138,train,9
42,2000,train,2
42,4606,train,9
42,6849,train,6
42,7147,train,3
42,2652,train,1
42,169,train,4
42,3309,train,2
42,427,train,7
42,568,train,9
42,2680,train,9
42,4424,train,2
42,3398,train,6
42,5625,train,3
42,5133,train,7
42,2725,train,0
42,6139,train,0
42,5031,train,4
42,690,train,0
42,1317,train,0
42,4083,train,4
42,912,train,0
42,5430,train,1
42,5768,train,6
42,2136,train,2
42,2104,train,2
42,5195,train,0
42,4078,train,1
42,6589,train,0
42,277,train,3
42,6136,train,3
42,5903,train,6
42,6310,train,7
42,3231,train,3
42,6481,train,2
42,5247,train,0
42,6829,train,3
42,642,train,7
42,5114,train,0
42,6720,train,5
42,4635,train,3
42,262,train,0
42,2188,train,4
42,6343,train,1
42,1643,train,5
42,1235,train,2
42,3327,train,7
42,4030,train,6
42,4531,train,9
42,4451,train,4
42,87,train,6
42,5376,train,9
42,621,train,9
42,5518,train,1
42,2132,train,2
42,2059,train,7
42,4470,train,4
42,4190,train,9
42,456,train,5
42,3584,train,7
42,2212,train,2
42,4796,train,9
42,2551,train,9
42,159,train,8
42,6643,train,5
42,54,train,0
42,1636,train,3
42,6085,train,3
42,6730,train,3
42,3394,train,0
42,77,train,7
42,1131,train,6
42,3373,train,6
42,4663,train,9
42,6831,train,6
42,1993,train,6
42,3283,train,1
42,2698,train,9
42,3339,train,1
42,2506,train,5
42,4396,train,1
42,6600,train,0
42,4723,train,8
42,4452,train,9
42,4612,train,9
42,7150,train,0
42,1841,train,6
42,1793,train,3
42,3278,train,6
42,6203,train,9
42,5076,train,3
42,773,train,0
42,6025,train,8
42,6225,train,1
42,3841,train,5
42,3434,train,9
42,1680,train,6
42,6142,train,3
42,7045,train,2
42,927,train,0
42,3737,train,9
42,7286,train,7
42,894,train,2
42,3729,train,9
42,4345,train,2
42,6354,train,7
42,181,train,2
42,5775,train,5
42,2604,train,2
42,1743,train,7
42,1900,train,2
42,3109,train,2
42,4477,train,7
42,2339,train,5
42,1169,train,6
42,5489,train,1
42,5659,train,0
42,220,train,6
42,3893,train,6
42,1368,train,8
42,4377,train,8
42,2038,train,2
42,830,train,4
42,4333,train,8
42,1991,train,5
42,2286,train,2
42,2875,train,9
42,3718,train,9
42,3583,train,7
42,4550,train,4
42,5844,train,4
42,660,train,8
42,2511,train,7
42,4514,train,1
42,2944,train,9
42,2642,train,4
42,4202,train,5
42,2641,train,9
42,7181,train,9
42,2843,train,5
42,5602,train,9
42,6027,train,1
42,6875,train,4
42,1178,train,1
42,7005,train,7
42,3257,train,9
42,5593,train,7
42,3409,train,9
42,6058,train,5
42,1147,train,9
42,4990,train,2
42,6471,train,1
42,2635,train,3
42,911,train,4
42,1194,train,0
42,2926,train,9
42,5772,train,7
42,4298,train,7
42,5590,train,2
42,5103,train,4
42,3868,train,2
42,579,train,5
42,3523,train,9
42,3709,train,2
42,6599,train,7
42,2474,train,1
42,4546,train,9
42,1347,train,6
42,2195,train,3
42,6511,train,6
42,6556,train,2
42,366,train,3
42,3548,train,8
42,1015,train,1
42,2958,train,2
42,5097,train,2
42,1847,train,5
42,5282,train,7
42,6976,train,9
42,331,train,8
42,3751,train,8
42,3795,train,7
42,6259,train,7
42,3129,train,6
42,5348,train,6
42,2983,train,5
42,3642,train,1
42,1656,train,0
42,2649,train,6
42,1606,train,4
42,6790,train,0
42,7148,train,7
42,5685,train,6
42,5987,train,6
42,3557,train,0
42,977,train,4
42,1662,train,4
42,5990,train,4
42,2898,train,7
42,1135,train,0
42,3688,train,0
42,2683,train,5
42,3289,train,1
42,2982,train,0
42,1828,train,2
42,3113,train,1
42,4207,train,7
42,1277,train,0
42,4208,train,5
42,132,train,5
42,4905,train,7
42,3944,train,1
42,1515,train,6
42,4570,train,7
42,2676,train,7
42,4682,train,2
42,855,train,0
42,1965,train,9
42,6685,train,3
42,1000,train,7
42,3325,train,7
42,6307,train,8
42,2629,train,1
42,3834,train,5
42,2390,train,8
42,1647,train,3
42,2279,train,7
42,2936,train,3
42,1444,train,0
42,2519,train,4
42,6713,train,9
42,4556,train,2
42,1957,train,3
42,4628,train,5
42,824,train,3
42,4887,train,4
42,7190,train,0
42,1986,train,8
42,57,train,9
42,2040,train,4
42,3235,train,9
42,1998,train,7
42,3665,train,4
42,5264,train,8
42,3104,train,0
42,3636,train,5
42,2418,train,0
42,4461,train,2
42,6159,train,9
42,3342,train,2
42,5698,train,7
42,4332,train,0
42,5787,train,2
42,851,train,3
42,7064,train,3
42,3741,train,5
42,1199,train,0
42,5642,train,0
42,5055,train,9
42,7107,train,7
42,4756,train,6
42,2863,train,8
42,5280,train,7
42,1538,train,3
42,80,train,6
42,158,train,9
42,960,train,9
42,6584,train,9
42,424,train,3
42,3756,train,2
42,3385,train,5
42,7343,train,6
42,4694,train,6
42,647,train,5
42,171,train,4
42,597,train,9
42,5601,train,8
42,881,train,4
42,361,train,8
42,2798,train,6
42,1476,train,8
42,4318,train,5
42,6889,train,7
42,4297,train,5
42,5243,train,9
42,4804,train,7
42,2411,train,9
42,719,train,6
42,4861,train,7
42,4987,train,8
42,3833,train,2
42,6745,train,6
42,5452,train,1
42,210,train,9
42,1774,train,0
42,6999,train,6
42,2362,train,3
42,6837,train,8
42,3675,train,5
42,940,train,5
42,6285,train,9
42,6055,train,5
42,1401,train,9
42,6361,train,8
42,2215,train,6
42,7345,train,2
42,496,train,2
42,3760,train,5
42,2711,train,4
42,6485,train,5
42,6840,train,8
42,706,train,1
42,2248,train,7
42,5135,train,4
42,6041,train,7
42,2765,train,7
42,4537,train,8
42,1466,train,8
42,5791,train,3
42,7357,train,0
42,6376,train,4
42,807,train,7
42,2323,train,8
42,2066,train,2
42,3964,train,2
42,2098,train,5
42,5817,train,1
42,5067,train,1
42,930,train,1
42,2276,train,3
42,903,train,2
42,1056,train,2
42,1594,train,9
42,7332,train,7
42,2549,train,4
42,4601,train,8
42,504,train,1
42,3766,train,0
42,1524,train,9
42,1451,train,0
42,4398,train,6
42,5029,train,3
42,2928,train,9
42,6797,train,0
42,876,train,5
42,454,train,1
42,6534,train,4
42,6922,train,6
42,6507,train,9
42,4301,train,5
42,1517,train,0
42,5757,train,2
42,5407,train,4
42,1124,train,3
42,5402,train,2
42,5484,train,5
42,488,train,0
42,6980,train,5
42,7130,train,2
42,5210,train,6
42,2756,train,5
42,5226,train,9
42,5444,train,9
42,5941,train,0
42,2544,train,2
42,3588,train,7
42,1268,train,1
42,2587,train,2
42,4545,train,2
42,3752,train,6
42,6336,train,7
42,925,train,9
42,6367,train,0
42,6959,train,0
42,6249,train,2
42,3817,train,0
42,1872,train,6
42,1184,train,4
42,2782,train,1
42,7070,train,8
42,6887,train,9
42,1360,train,0
42,6921,train,8
42,442,train,8
42,3326,train,0
42,2532,train,1
42,5829,train,3
42,501,train,0
42,4787,train,0
42,3020,train,6
42,5961,train,9
42,4095,train,5
42,4616,train,8
42,5554,train,2
42,3896,train,6
42,274,train,5
42,6742,train,1
42,7341,train,8
42,383,train,6
42,6722,train,3
42,6919,train,0
42,549,train,2
42,6099,train,1
42,2298,train,9
42,5118,train,8
42,4267,train,0
42,1114,train,9
42,988,train,2
42,3939,train,8
42,676,train,3
42,6227,train,2
42,6621,train,7
42,306,train,8
42,6872,train,6
42,7200,train,4
42,2481,train,2
42,3631,train,5
42,6087,train,8
42,6824,train,0
42,5228,train,2
42,4812,train,7
42,3782,train,7
42,2856,train,6
42,4123,train,3
42,3506,train,8
42,7095,train,1
42,6435,train,0
42,166,train,7
42,2282,train,8
42,5336,train,5
42,1618,train,3
42,6940,train,1
42,4061,train,2
42,3098,train,1
42,1163,train,9
42,4557,train,5
42,4382,train,8
42,31,train,5
42,1654,train,6
42,6029,train,6
42,2149,train,2
42,2547,train,8
42,4119,train,3
42,6061,train,9
42,999,train,1
42,1465,train,8
42,7114,train,3
42,4230,train,5
42,3418,train,4
42,2913,train,4
42,3984,train,3
42,3866,train,5
42,976,train,9
42,5908,train,5
42,640,train,2
42,1119,train,0
42,395,train,3
42,6333,train,8
42,3348,train,7
42,1274,train,3
42,3110,train,6
42,2242,train,6
42,5335,train,8
42,2262,train,7
42,2911,train,7
42,228,train,3
42,1290,train,2
42,5443,train,7
42,5749,train,4
42,3488,train,0
42,7367,train,8
42,5717,train,3
42,6261,train,6
42,1586,train,7
42,4620,train,2
42,6664,train,5
42,3777,train,1
42,3360,train,6
42,3483,train,1
42,367,train,2
42,1021,train,4
42,2,train,2
42,5616,train,9
42,5069,train,0
42,5834,train,4
42,2376,train,8
42,7098,train,5
42,5263,train,9
42,5943,train,2
42,4565,train,2
42,6463,train,9
42,2538,train,9
42,3416,train,1
42,6255,train,4
42,7196,train,9
42,7230,train,9
42,1050,train,5
42,700,train,4
42,2667,train,2
42,1352,train,3
42,5099,train,0
42,5890,train,7
42,4400,train,0
42,4696,train,5
42,2380,train,1
42,3667,train,5
42,6517,train,4
42,1756,train,3
42,174,train,3
42,1644,train,9
42,2655,train,3
42,4774,train,0
42,1859,train,6
42,5956,train,1
42,4016,train,5
42,1779,train,3
42,793,train,2
42,880,train,5
42,1485,train,7
42,6039,train,1
42,1554,train,2
42,713,train,6
42,353,train,3
42,2128,train,2
42,4832,train,1
42,5432,train,2
42,5915,train,7
42,4784,train,8
42,4046,train,7
42,4927,train,8
42,7083,train,0
42,4585,train,1
42,3587,train,9
42,4814,train,9
42,5190,train,2
42,7010,train,4
42,267,train,6
42,4312,train,1
42,6086,train,2
42,6001,train,3
42,6574,train,2
42,2502,train,4
42,926,train,9
42,4072,train,7
42,7179,train,8
42,4285,train,7
42,2422,train,5
42,413,train,3
42,602,train,2
42,5260,train,5
42,2027,train,2
42,4380,train,0
42,1329,train,8
42,5001,train,1
42,3877,train,3
42,1090,train,7
42,3197,train,1
42,893,train,5
42,6891,train,9
42,6277,train,5
42,6522,train,5
42,3878,train,8
42,6187,train,2
42,2569,train,2
42,5574,train,1
42,4262,train,6
42,1814,train,9
42,6942,train,6
42,4146,train,2
42,2672,train,4
42,3871,train,4
42,402,train,1
42,5008,train,1
42,864,train,5
42,2050,train,1
42,3810,train,5
42,4405,train,7
42,4000,train,7
42,591,train,8
42,6346,train,3
42,4082,train,6
42,3419,train,6
42,3358,train,8
42,5138,train,5
42,5629,train,5
42,3650,train,9
42,2822,train,1
42,461,train,0
42,4058,train,7
42,6244,train,7
42,1248,train,9
42,2473,train,4
42,4677,train,6
42,6504,train,2
42,3568,train,7
42,5528,train,4
42,5813,train,0
42,7310,train,9
42,3980,train,7
42,7317,train,7
42,4412,train,5
42,7360,train,4
42,2483,train,2
42,4274,train,3
42,5400,train,5
42,7177,train,4
42,1388,train,5
42,362,train,4
42,6374,train,8
42,1604,train,7
42,1581,train,4
42,2741,train,8
42,4836,train,1
42,6782,train,0
42,601,train,1
42,2451,train,9
42,1049,train,5
42,4941,train,8
42,6165,train,0
42,7263,train,4
42,3773,train,4
42,2722,train,9
42,6075,train,1
42,2847,train,0
42,462,train,3
42,978,train,3
42,2626,train,0
42,7294,train,7
42,4245,train,0
42,285,train,6
42,1041,train,1
42,5997,train,4
42,2727,train,7
42,4788,train,9
42,1350,train,4
42,4979,train,8
42,3553,train,1
42,1725,train,5
42,2189,train,7
42,3304,train,1
42,3976,train,3
42,6022,train,7
42,5992,train,9
42,1661,train,3
42,4463,train,9
42,5952,train,5
42,1905,train,3
42,6262,train,4
42,2833,train,8
42,6869,train,0
42,4068,train,2
42,1670,train,8
42,1989,train,7
42,6686,train,2
42,13,train,1
42,447,train,7
42,2967,train,0
42,5735,train,7
42,2535,train,7
42,3478,train,8
42,1148,train,4
42,1771,train,0
42,4910,train,7
42,7028,train,5
42,678,train,2
42,4287,train,2
42,3590,train,5
42,6331,train,0
42,3991,train,6
42,3301,train,9
42,1727,train,9
42,4144,train,5
42,3058,train,5
42,1867,train,4
42,5931,train,9
42,1919,train,3
42,5209,train,3
42,1391,train,2
42,2880,train,7
42,5556,train,9
42,153,train,6
42,2668,train,7
42,7207,train,9
42,3755,train,0
42,3941,train,6
42,5108,train,9
42,3046,train,5
42,6051,train,6
42,2826,train,7
42,4995,train,6
42,224,train,3
42,4467,train,7
42,2678,train,8
42,825,train,3
42,2388,train,0
42,127,train,3
42,42,train,1
42,7101,train,8
42,5077,train,0
42,1621,train,9
42,5248,train,2
42,6426,train,6
42,6739,train,4
42,1029,train,5
42,3237,train,4
42,5356,train,4
42,5078,train,5
42,6495,train,5
42,325,train,2
42,2994,train,8
42,2020,train,9
42,6805,train,7
42,906,train,4
42,5889,train,4
42,734,train,4
42,3364,train,4
42,1673,train,9
42,6768,train,4
42,3184,train,1
42,3010,train,6
42,3846,train,5
42,6431,train,2
42,5907,train,7
42,6452,train,6
42,1237,train,3
42,6770,train,2
42,3892,train,9
42,3890,train,1
42,3372,train,4
42,1132,train,8
42,6358,train,3
42,6175,train,1
42,6038,train,9
42,1048,train,8
42,1999,train,3
42,3163,train,0
42,3679,train,5
42,3405,train,7
42,5696,train,0
42,3950,train,4
42,3042,train,2
42,37,train,1
42,417,train,9
42,5872,train,8
42,2042,train,5
42,1053,train,5
42,3087,train,7
42,1028,train,4
42,5157,train,3
42,5068,train,3
42,2292,train,8
42,3862,train,2
42,2618,train,4
42,1627,train,8
42,3196,train,0
42,7134,train,7
42,554,train,3
42,2085,train,7
42,1552,train,4
42,6448,train,4
42,377,train,6
42,434,train,9
42,5780,train,4
42,3086,train,5
42,5215,train,5
42,737,train,8
42,1062,train,2
42,4534,train,7
42,2109,train,8
42,1657,train,7
42,4482,train,5
42,1206,train,3
42,2352,train,2
42,2032,train,8
42,4147,train,4
42,5075,train,9
42,7321,train,7
42,6871,train,1
42,4320,train,1
42,5746,train,8
42,6741,train,7
42,4902,train,7
42,82,train,4
42,2808,train,8
42,1653,train,5
42,3276,train,9
42,4825,train,3
42,2868,train,3
42,4433,train,7
42,6173,train,2
42,5495,train,7
42,828,train,8
42,7363,train,4
42,3352,train,9
42,5857,train,7
42,329,train,8
42,1231,train,9
42,2811,train,5
42,3096,train,0
42,6775,train,0
42,6155,train,3
42,4797,train,3
42,1556,train,9
42,2810,train,5
42,1344,train,6
42,3599,train,2
42,3917,train,0
42,507,train,7
42,2884,train,7
42,653,train,5
42,5705,train,0
42,6088,train,1
42,6597,train,5
42,4087,train,8
42,1453,train,1
42,2992,train,5
42,4617,train,8
42,6774,train,7
42,1567,train,5
42,1651,train,5
42,261,train,7
42,5013,train,5
42,2488,train,9
42,5789,train,3
42,4724,train,4
42,3456,train,1
42,1871,train,2
42,2335,train,7
42,6396,train,9
42,699,train,3
42,6969,train,3
42,869,train,8
42,90,train,7
42,392,train,8
42,4234,train,6
42,7205,train,7
42,1075,train,4
42,3963,train,0
42,7047,train,1
42,546,train,7
42,6838,train,6
42,5449,train,2
42,2634,train,4
42,6955,train,4
42,2389,train,0
42,2069,train,3
42,6902,train,7
42,5937,train,4
42,639,train,3
42,3251,train,6
42,2281,train,9
42,5707,train,9
42,5388,train,7
42,2308,train,8
42,1584,train,8
42,5150,train,5
42,2466,train,5
42,4370,train,5
42,6224,train,2
42,1052,train,2
42,6705,train,7
42,6012,train,4
42,1036,train,3
42,961,train,6
42,6170,train,2
42,4244,train,5
42,779,train,5
42,5416,train,8
42,6228,train,9
42,206,train,3
42,3702,train,5
42,3471,train,2
42,4981,train,6
42,5485,train,9
42,2575,train,5
42,6631,train,7
42,6062,train,5
42,6047,train,4
42,4359,train,5
42,2243,train,2
42,2593,train,0
42,3764,train,2
42,6596,train,9
42,2263,train,1
42,5296,train,5
42,10,train,4
42,4309,train,2
42,6015,train,2
42,4914,train,4
42,2121,train,5
42,4878,train,4
42,557,train,9
42,4691,train,9
42,5117,train,6
42,4807,train,4
42,3916,train,6
42,4915,train,9
42,6528,train,8
42,2358,train,3
42,279,train,4
42,2762,train,8
42,1862,train,1
42,75,train,0
42,5756,train,6
42,5534,train,0
42,5460,train,1
42,1305,train,7
42,2854,train,9
42,6420,train,2
42,6659,train,5
42,3700,train,3
42,4152,train,0
42,5824,train,0
42,2174,train,1
42,917,train,4
42,1383,train,8
42,771,train,1
42,2923,train,5
42,1929,train,8
42,5692,train,7
42,1791,train,7
42,1634,train,0
42,7126,train,3
42,3726,train,7
42,3839,train,0
42,5032,train,3
42,1602,train,6
42,270,train,0
42,721,train,5
42,5116,train,3
42,5849,train,0
42,4365,train,7
42,2312,train,1
42,1797,train,1
42,7041,train,8
42,478,train,9
42,6494,train,5
42,2385,train,0
42,3740,train,5
42,548,train,8
42,2972,train,4
42,4252,train,9
42,4505,train,9
42,2630,train,1
42,4231,train,9
42,5039,train,7
42,5089,train,9
42,4755,train,3
42,5865,train,8
42,2871,train,3
42,6962,train,2
42,5814,train,1
42,3977,train,6
42,1672,train,9
42,5238,train,7
42,3353,train,7
42,4342,train,9
42,6626,train,7
42,8,train,0
42,2480,train,5
42,646,train,0
42,2939,train,6
42,3106,train,5
42,1260,train,5
42,2699,train,8
42,6501,train,1
42,4538,train,2
42,3961,train,2
42,5517,train,5
42,1832,train,5
42,420,train,1
42,594,train,7
42,1166,train,3
42,920,train,5
42,780,train,8
42,4945,train,4
42,7198,train,1
42,4264,train,4
42,4581,train,9
42,5234,train,1
42,2228,train,7
42,2333,train,1
42,2700,train,6
42,5553,train,2
42,5923,train,7
42,835,train,7
42,2173,train,2
42,310,train,7
42,2737,train,4
42,2045,train,7
42,7195,train,5
42,2673,train,9
42,3076,train,7
42,3145,train,0
42,3149,train,5
42,2508,train,4
42,2858,train,6
42,3223,train,6
42,1689,train,9
42,5319,train,1
42,6930,train,7
42,6593,train,5
42,2485,train,5
42,975,train,3
42,2873,train,2
42,5760,train,8
42,5009,train,5
42,2049,train,5
42,328,train,6
42,3465,train,8
42,6781,train,3
42,2715,train,0
42,115,train,5
42,5262,train,8
42,448,train,0
42,5620,train,4
42,1708,train,3
42,2650,train,7
42,5059,train,6
42,4023,train,6
42,2841,train,0
42,765,train,4
42,7137,train,0
42,558,train,9
42,3226,train,7
42,4097,train,3
42,3291,train,8
42,1906,train,9
42,4642,train,0
42,6172,train,4
42,6323,train,8
42,5175,train,9
42,3536,train,4
42,745,train,8
42,214,train,7
42,2061,train,6
42,182,train,7
42,444,train,9
42,2616,train,0
42,6007,train,5
42,3910,train,7
42,2270,train,4
42,5492,train,8
42,6558,train,5
42,2324,train,3
42,3532,train,8
42,293,train,2
42,3263,train,5
42,5597,train,5
42,5161,train,2
42,2348,train,1
42,2008,train,3
42,2392,train,8
42,607,train,6
42,1933,train,5
42,7115,train,7
42,6385,train,1
42,1115,train,3
42,5507,train,5
42,1516,train,0
42,5266,train,2
42,3792,train,2
42,1505,train,1
42,5515,train,9
42,3900,train,0
42,5023,train,1
42,4732,train,9
42,6756,train,1
42,5155,train,6
42,4310,train,1
42,4768,train,1
42,6083,train,2
42,523,train,6
42,2416,train,6
42,4129,train,3
42,5475,train,0
42,301,train,2
42,3137,train,7
42,289,train,5
42,6539,train,9
42,4155,train,8
42,5105,train,1
42,3547,train,8
42,4785,train,7
42,5297,train,4
42,6339,train,0
42,5516,train,8
42,5919,train,0
42,1127,train,4
42,5982,train,7
42,156,train,4
42,2901,train,0
42,1809,train,6
42,5392,train,9
42,2367,train,2
42,6642,train,2
42,253,train,7
42,3239,train,6
42,1684,train,6
42,7350,train,2
42,3040,train,7
42,4372,train,9
42,3477,train,6
42,3864,train,0
42,422,train,6
42,4818,train,0
42,3264,train,6
42,2253,train,1
42,6975,train,6
42,2563,train,0
42,6967,train,6
42,3053,train,4
42,1564,train,6
42,6732,train,8
42,2799,train,6
42,4490,train,6
42,6855,train,5
42,4229,train,6
42,783,train,2
42,1501,train,8
42,1482,train,1
42,6864,train,1
42,5664,train,8
42,76,train,3
42,3296,train,3
42,3322,train,8
42,1159,train,7
42,4553,train,5
42,7228,train,4
42,760,train,2
42,3435,train,5
42,3426,train,6
42,886,train,6
42,3328,train,2
42,2429,train,2
42,3850,train,1
42,2469,train,8
42,341,train,3
42,5662,train,2
42,552,train,8
42,5160,train,9
42,2206,train,9
42,408,train,2
42,3935,train,5
42,4623,train,0
42,290,train,5
42,5242,train,6
42,5300,train,7
42,5832,train,7
42,4717,train,9
42,2224,train,9
42,1696,train,4
42,4448,train,8
42,809,train,8
42,1902,train,0
42,1242,train,7
42,3722,train,2
42,5807,train,0
42,6885,train,4
42,6496,train,6
42,1601,train,6
42,247,train,5
42,3990,train,4
42,6577,train,1
42,2879,train,9
42,614,train,3
42,3201,train,9
42,6301,train,2
42,4583,train,2
42,6778,train,4
42,1769,train,8
42,1824,train,7
42,4205,train,3
42,2043,train,7
42,6113,train,5
42,2514,train,3
42,2241,train,4
42,5838,train,7
42,1226,train,3
42,2420,train,8
42,2165,train,8
42,5912,train,9
42,4762,train,0
42,5307,train,5
42,6181,train,1
42,708,train,1
42,140,train,0
42,4786,train,3
42,3517,train,9
42,6149,train,3
42,1918,train,4
42,316,train,9
42,1449,train,5
42,55,train,3
42,532,train,8
42,5864,train,1
42,5638,train,6
42,1763,train,7
42,4529,train,8
42,4960,train,7
42,3956,train,1
42,739,train,2
42,7193,train,5
42,4978,train,2
42,6128,train,4
42,4956,train,5
42,470,train,6
42,4821,train,5
42,6327,train,1
42,4194,train,1
42,2036,train,3
42,4918,train,3
42,6806,train,5
42,195,train,7
42,2973,train,8
42,2753,train,1
42,4228,train,3
42,1331,train,0
42,1663,train,8
42,1628,train,6
42,4742,train,8
42,5496,train,4
42,145,train,8
42,4613,train,2
42,4749,train,5
42,130,train,3
42,6803,train,1
42,2359,train,3
42,6536,train,6
42,2331,train,9
42,6717,train,4
42,6833,train,0
42,6759,train,3
42,5003,train,0
42,6700,train,1
42,1790,train,8
42,2428,train,1
42,3555,train,0
42,7270,train,3
42,637,train,8
42,585,train,4
42,1966,train,6
42,6979,train,9
42,1227,train,8
42,4324,train,6
42,4243,train,2
42,4191,train,9
42,1252,train,3
42,3052,train,8
42,6850,train,5
42,1311,train,7
42,6772,train,5
42,5084,train,7
42,2006,train,9
42,5879,train,8
42,3128,train,0
42,6988,train,8
42,343,train,8
42,5898,train,9
42,5632,train,6
42,6811,train,3
42,2754,train,5
42,5991,train,9
42,952,train,6
42,3176,train,8
42,6693,train,2
42,2123,train,8
42,2223,train,2
42,1922,train,7
42,415,train,6
42,382,train,4
42,4858,train,2
42,6971,train,9
42,450,train,5
42,759,train,0
42,1379,train,4
42,3824,train,2
42,819,train,7
42,6893,train,6
42,3671,train,5
42,831,train,1
42,3088,train,4
42,4079,train,4
42,4289,train,9
42,7084,train,0
42,3696,train,1
42,5688,train,5
42,319,train,6
42,3785,train,2
42,4427,train,9
42,494,train,8
42,6044,train,6
42,4432,train,0
42,1728,train,6
42,1345,train,0
42,5289,train,2
42,913,train,5
42,4466,train,1
42,5104,train,8
42,3714,train,8
42,5866,train,7
42,4692,train,2
42,542,train,1
42,3061,train,4
42,1219,train,9
42,3118,train,1
42,4700,train,9
42,2106,train,1
42,157,train,6
42,4328,train,6
42,631,train,2
42,788,train,5
42,6475,train,2
42,7071,train,0
42,3637,train,1
42,6846,train,0
42,3627,train,2
42,4896,train,6
42,4660,train,3
42,2492,train,7
42,2851,train,1
42,3485,train,1
42,7259,train,4
42,4986,train,4
42,5227,train,0
42,5368,train,9
42,4664,train,1
42,3140,train,7
42,3345,train,3
42,1860,train,0
42,3396,train,3
42,3464,train,0
42,1083,train,7
42,1253,train,4
42,4656,train,1
42,226,train,8
42,6210,train,8
42,4084,train,0
42,2697,train,6
42,761,train,2
42,6947,train,1
42,6052,train,2
42,5366,train,0
42,4791,train,8
42,6728,train,4
42,898,train,5
42,6505,train,8
42,1450,train,9
42,938,train,8
42,3928,train,1
42,521,train,8
42,5719,train,7
42,3703,train,7
42,6478,train,5
42,4524,train,1
42,357,train,6
42,6132,train,3
42,416,train,8
42,356,train,9
42,0,train,7
42,1889,train,2
42,775,train,7
42,4520,train,9
42,4171,train,8
42,1815,train,8
42,2363,train,3
42,1193,train,0
42,177,train,0
42,4193,train,1
42,4869,train,6
42,4241,train,2
42,2662,train,2
42,5845,train,0
42,7347,train,5
42,3446,train,9
42,3265,train,7
42,3350,train,4
42,2291,train,2
42,7285,train,0
42,1374,train,6
42,5304,train,4
42,3146,train,3
42,4388,train,4
42,6363,train,9
42,3870,train,3
42,5071,train,6
42,2892,train,5
42,73,train,3
42,2449,train,9
42,6395,train,2
42,1,train,3
42,3005,train,0
42,702,train,2
42,66,train,7
42,5426,train,9
42,567,train,1
42,895,train,8
42,4479,train,9
42,3218,train,7
42,1995,train,8
42,7336,train,7
42,2924,train,1
42,5284,train,8
42,3948,train,6
42,971,train,9
42,1457,train,2
42,3661,train,9
42,728,train,5
42,81,train,8
42,4104,train,2
42,4304,train,7
42,1448,train,6
42,3736,train,2
42,3664,train,8
42,5968,train,3
42,3225,train,7
42,2840,train,4
42,6126,train,9
42,4458,train,0
42,6544,train,5
42,5346,train,6
42,3528,train,1
42,4346,train,2
42,3749,train,3
42,3793,train,1
42,5347,train,7
42,6578,train,0
42,2556,train,1
42,3915,train,0
42,4408,train,5
42,4590,train,5
42,3340,train,5
42,1658,train,0
42,6982,train,5
42,1322,train,8
42,5744,train,6
42,608,train,6
42,826,train,0
42,6117,train,3
42,2521,train,4
42,6453,train,8
42,4554,train,6
42,1811,train,2
42,4449,train,0
42,5963,train,0
42,6497,train,7
42,61,train,2
42,3668,train,2
42,1868,train,0
42,1711,train,3
42,1915,train,5
42,4577,train,1
42,6581,train,0
42,5995,train,3
42,5921,train,1
42,5437,train,0
42,2403,train,1
42,1335,train,4
42,1393,train,3
42,905,train,7
42,5476,train,9
42,2438,train,4
42,2103,train,2
42,2058,train,1
42,234,train,4
42,2802,train,9
42,6905,train,1
42,5394,train,2
42,1264,train,2
42,1267,train,7
42,443,train,4
42,4512,train,6
42,2657,train,2
42,3924,train,8
42,2503,train,3
42,1795,train,8
42,5424,train,5
42,5201,train,2
42,7186,train,3
42,866,train,6
42,2053,train,7
42,6163,train,8
42,2028,train,2
42,5277,train,6
42,3302,train,4
42,190,train,5
42,5358,train,8
42,3669,train,5
42,4256,train,2
42,1750,train,5
42,2601,train,7
42,896,train,2
42,2271,train,1
42,873,train,5
42,3411,train,3
42,6827,train,1
42,5483,train,3
42,1631,train,9
42,4105,train,8
42,4980,train,6
42,1397,train,4
42,384,train,6
42,28,train,3
42,4035,train,8
42,7242,train,3
42,4121,train,3
42,5126,train,4
42,1341,train,5
42,1946,train,8
42,5851,train,2
42,5308,train,8
42,3923,train,3
42,2764,train,0
42,4094,train,5
42,2200,train,1
42,1408,train,5
42,2105,train,2
42,388,train,1
42,2166,train,1
42,746,train,2
42,635,train,9
42,4441,train,9
42,3695,train,0
42,1024,train,4
42,2606,train,4
42,6709,train,5
42,632,train,5
42,3921,train,2
42,4841,train,2
42,3075,train,8
42,1238,train,3
42,947,train,4
42,6582,train,9
42,686,train,5
42,7102,train,0
42,5192,train,2
42,5249,train,8
42,2468,train,3
42,5753,train,5
42,6984,train,7
42,5490,train,7
42,5034,train,3
42,7314,train,9
42,4605,train,2
42,5764,train,8
42,7085,train,4
42,4487,train,4
42,3676,train,7
42,7178,train,4
42,6712,train,0
42,7027,train,8
42,3570,train,8
42,1134,train,9
42,5715,train,0
42,5317,train,3
42,5581,train,9
42,4722,train,3
42,2168,train,2
42,146,train,1
42,1807,train,9
42,4416,train,1
42,3066,train,0
42,4993,train,6
42,3612,train,1
42,2226,train,7
42,3143,train,1
42,599,train,9
42,5922,train,0
42,1527,train,0
42,3825,train,9
42,4877,train,1
42,2806,train,9
42,88,train,5
42,3121,train,4
42,6624,train,2
42,2108,train,7
42,4088,train,6
42,1598,train,1
42,5721,train,2
42,3919,train,8
42,4917,train,0
42,3425,train,9
42,1724,train,5
42,51,train,5
42,1543,train,1
42,4746,train,2
42,6419,train,6
42,1161,train,9
42,1679,train,2
42,6291,train,5
42,544,train,4
42,1496,train,0
42,3355,train,6
42,6423,train,5
42,4031,train,0
42,6604,train,7
42,5235,train,3
42,7302,train,9
42,5367,train,7
42,2285,train,5
42,359,train,5
42,6688,train,6
42,4845,train,2
42,669,train,7
42,2572,train,8
42,7348,train,4
42,3494,train,2
42,3872,train,1
42,7164,train,7
42,2918,train,6
42,561,train,0
42,133,train,7
42,1332,train,8
42,3212,train,1
42,5477,train,6
42,4150,train,7
42,6736,train,6
42,218,train,9
42,6531,train,4
42,1599,train,4
42,4961,train,3
42,3059,train,5
42,6382,train,1
42,6274,train,7
42,7166,train,4
42,4726,train,0
42,1707,train,3
42,5342,train,5
42,7288,train,6
42,1113,train,0
42,764,train,3
42,3595,train,6
42,2679,train,5
42,535,train,0
42,6151,train,5
42,933,train,4
42,844,train,5
42,1363,train,2
42,4114,train,4
42,6042,train,4
42,2500,train,1
42,3796,train,6
42,7224,train,5
42,7155,train,1
42,2905,train,0
42,5986,train,4
42,96,train,5
42,3598,train,3
42,3081,train,4
42,5455,train,2
42,1882,train,1
42,1066,train,8
42,4175,train,7
42,5283,train,9
42,7182,train,9
42,1786,train,8
42,173,train,7
42,919,train,8
42,4409,train,2
42,1441,train,1
42,5320,train,9
42,4926,train,6
42,428,train,2
42,5877,train,3
42,1025,train,3
42,6863,train,6
42,6609,train,9
42,1823,train,6
42,4065,train,4
42,1695,train,8
42,1239,train,3
42,2258,train,2
42,3041,train,9
42,3573,train,2
42,6993,train,1
42,6078,train,7
42,3521,train,6
42,5614,train,8
42,2640,train,7
42,6696,train,3
42,2238,train,0
42,1665,train,1
42,3367,train,7
42,7192,train,1
42,6611,train,9
42,1469,train,4
42,3501,train,1
42,1583,train,1
42,3540,train,9
42,3865,train,4
42,85,train,2
42,5540,train,3
42,1923,train,3
42,1685,train,1
42,5446,train,1
42,916,train,3
42,7337,train,4
42,1111,train,4
42,4847,train,7
42,4473,train,4
42,6295,train,3
42,175,train,5
42,2775,train,3
42,6714,train,0
42,1894,train,2
42,6724,train,0
42,7291,train,6
42,3438,train,1
42,6239,train,5
42,2906,train,9
42,6883,train,7
42,6761,train,7
42,2382,train,9
42,1808,train,7
42,2584,train,7
42,1970,train,5
42,5725,train,8
42,4439,train,7
42,3835,train,6
42,581,train,1
42,2943,train,2
42,1667,train,1
42,1234,train,4
42,2387,train,4
42,6908,train,1
42,5559,train,5
42,2486,train,4
42,4385,train,8
42,7271,train,9
42,1456,train,1
42,5610,train,0
42,3043,train,0
42,5818,train,0
42,2022,train,0
42,6617,train,3
42,6154,train,3
42,2018,train,3
42,4984,train,5
42,5141,train,5
42,3884,train,7
42,7187,train,2
42,5727,train,4
42,2986,train,4
42,2314,train,4
42,5165,train,8
42,3857,train,2
42,6835,train,3
42,4222,train,8
42,2881,train,2
42,484,train,4
42,5164,train,8
42,4781,train,1
42,949,train,6
42,1625,train,0
42,5607,train,8
42,5811,train,1
42,4137,train,4
42,1051,train,2
42,6102,train,0
42,4702,train,1
42,2704,train,5
42,6777,train,2
42,2384,train,5
42,1373,train,8
42,2217,train,3
42,774,train,1
42,5351,train,6
42,7145,train,4
42,4303,train,0
42,2660,train,1
42,4122,train,9
42,258,train,2
42,2518,train,6
42,2719,train,7
42,1110,train,1
42,6308,train,4
42,2716,train,7
42,4270,train,1
42,6305,train,9
42,2595,train,2
42,3384,train,0
42,3859,train,6
42,6349,train,1
42,118,train,6
42,4223,train,4
42,1013,train,8
42,4102,train,1
42,5668,train,7
42,5861,train,1
42,1693,train,0
42,681,train,3
42,5542,train,5
42,4292,train,3
42,7032,train,4
42,649,train,3
42,3607,train,5
42,2592,train,8
42,1312,train,7
42,992,train,0
42,4140,train,8
42,5054,train,3
42,578,train,4
42,7362,train,8
42,4636,train,8
42,6748,train,4
42,5801,train,1
42,3922,train,5
42,2586,train,2
42,5891,train,8
42,6923,train,0
42,4544,train,5
42,4145,train,5
42,4493,train,7
42,2867,train,7
42,6329,train,7
42,7301,train,2
42,483,train,8
42,1455,train,8
42,5804,train,4
42,733,train,8
42,7247,train,6
42,1349,train,2
42,2557,train,6
42,5591,train,2
42,3466,train,7
42,7255,train,2
42,6788,train,9
42,5551,train,3
42,5112,train,3
42,2682,train,8
42,1030,train,2
42,3544,train,6
42,6238,train,1
42,6020,train,9
42,1223,train,3
42,3185,train,9
42,4364,train,3
42,675,train,0
42,6439,train,9
42,334,train,7
42,63,train,1
42,4963,train,4
42,6009,train,1
42,7236,train,8
42,4011,train,0
42,6726,train,6
42,6948,train,2
42,242,train,7
42,1803,train,0
42,791,train,2
42,4226,train,5
42,312,train,2
42,1845,train,2
42,4712,train,9
42,471,train,0
42,2876,train,3
42,3344,train,6
42,282,train,7
42,1996,train,1
42,4650,train,0
42,1674,train,8
42,1340,train,8
42,2645,train,0
42,6776,train,7
42,5124,train,5
42,3683,train,4
42,2396,train,4
42,5712,train,1
42,47,train,4
42,1061,train,4
42,1840,train,4
42,4716,train,3
42,5543,train,8
42,407,train,8
42,4693,train,8
42,2731,train,2
42,6377,train,0
42,5162,train,8
42,5674,train,1
42,5743,train,5
42,204,train,0
42,5816,train,2
42,244,train,0
42,4670,train,6
42,2773,train,2
42,5258,train,9
42,6513,train,8
42,6502,train,4
42,5294,train,1
42,4516,train,1
42,790,train,7
42,3601,train,1
42,3380,train,2
42,1846,train,6
42,3393,train,1
42,6326,train,2
42,4374,train,6
42,2295,train,2
42,2345,train,8
42,4936,train,3
42,5445,train,5
42,4386,train,7
42,1559,train,3
42,5457,train,8
42,3463,train,1
42,5093,train,3
42,7056,train,8
42,6296,train,5
42,7218,train,0
42,3876,train,1
42,5934,train,4
42,3844,train,2
42,3827,train,9
42,2963,train,4
42,4302,train,1
42,3134,train,2
42,2971,train,6
42,4044,train,5
42,7216,train,6
42,3238,train,5
42,1414,train,1
42,6987,train,7
42,1940,train,3
42,5441,train,6
42,3640,train,3
42,203,train,4
42,1757,train,9
42,7214,train,5
42,2190,train,7
42,655,train,5
42,1154,train,3
42,6306,train,3
42,5628,train,8
42,7013,train,7
42,6214,train,6
42,260,train,9
42,4752,train,9
42,5624,train,8
42,5406,train,0
42,4371,train,0
42,2742,train,7
42,5033,train,7
42,827,train,7
42,72,train,4
42,1897,train,3
42,179,train,1
42,3202,train,8
42,4453,train,7
42,389,train,8
42,1298,train,9
42,5713,train,7
42,5587,train,6
42,2546,train,8
42,4539,train,2
42,2890,train,9
42,2786,train,2
42,5656,train,4
42,5887,train,8
42,136,train,2
42,1410,train,2
42,3721,train,9
42,6602,train,8
42,2755,train,4
42,5119,train,7
42,767,train,0
42,1123,train,6
42,2951,train,3
42,5465,train,6
42,3966,train,7
42,616,train,7
42,4293,train,9
42,7361,train,1
42,1284,train,3
42,6258,train,1
42,5969,train,4
42,663,train,3
42,3739,train,4
42,5393,train,7
42,3902,train,9
42,259,train,3
42,565,train,4
42,1856,train,9
42,2707,train,3
42,4189,train,1
42,3561,train,0
42,1006,train,3
42,6054,train,2
42,6698,train,7
42,360,train,6
42,7124,train,1
42,1833,train,2
42,506,train,3
42,2878,train,5
42,7135,train,3
42,3100,train,5
42,1108,train,1
42,5422,train,6
42,5767,train,1
42,3725,train,2
42,327,train,9
42,1236,train,0
42,4800,train,2
42,1982,train,9
42,6499,train,4
42,5695,train,7
42,5850,train,6
42,1251,train,6
42,5827,train,0
42,6757,train,1
42,6411,train,2
42,7042,train,2
42,1589,train,0
42,4508,train,3
42,5411,train,4
42,4197,train,9
42,6337,train,6
42,222,train,2
42,4729,train,7
42,1612,train,7
42,7220,train,7
42,4383,train,9
42,2044,train,7
42,6303,train,8
42,5716,train,6
42,6299,train,4
42,955,train,7
42,4806,train,9
42,4985,train,9
42,1099,train,3
42,1784,train,0
42,168,train,7
42,4721,train,1
42,2397,train,3
42,286,train,7
42,1760,train,1
42,5086,train,3
42,4638,train,8
42,1891,train,7
42,3682,train,6
42,5253,train,1
42,3830,train,1
42,1309,train,6
42,4404,train,5
42,1037,train,1
42,4930,train,0
42,4283,train,5
42,5306,train,7
42,2690,train,2
42,4235,train,9
42,2158,train,2
42,3475,train,3
42,3574,train,0
42,2914,train,8
42,1969,train,7
42,4526,train,3
42,2097,train,2
42,4186,train,0
42,749,train,1
42,4536,train,5
42,959,train,6
42,5539,train,8
42,4203,train,3
42,3735,train,9
42,4054,train,1
42,6834,train,7
42,4627,train,8
42,6454,train,4
42,1125,train,1
42,1429,train,2
42,2891,train,7
42,2968,train,6
42,2499,train,8
42,5383,train,2
42,5985,train,6
42,3124,train,0
42,5370,train,8
42,6209,train,8
42,939,train,5
42,6746,train,5
42,1471,train,3
42,2729,train,1
42,5946,train,0
42,2966,train,5
42,1281,train,9
42,3746,train,8
42,5730,train,0
42,1245,train,0
42,7050,train,7
42,84,train,6
42,5173,train,8
42,6164,train,3
42,1939,train,5
42,3641,train,1
42,5759,train,2
42,3011,train,3
42,2883,train,4
42,5532,train,4
42,2732,train,6
42,2507,train,8
42,924,train,0
42,6645,train,7
42,5940,train,0
42,124,train,9
42,3946,train,9
42,5998,train,8
42,4647,train,8
42,4411,train,8
42,5189,train,2
42,5481,train,1
42,5745,train,8
42,3366,train,2
42,2070,train,9
42,5168,train,4
42,5598,train,1
42,5177,train,3
42,5058,train,2
42,4216,train,8
42,4315,train,2
42,3093,train,7
42,4257,train,4
42,4827,train,3
42,2947,train,3
42,6005,train,1
42,6317,train,1
42,3102,train,6
42,6808,train,6
42,2025,train,7
42,6737,train,5
42,5646,train,2
42,1938,train,4
42,1140,train,3
42,2777,train,2
42,255,train,2
42,2052,train,7
42,2371,train,3
42,3261,train,3
42,3716,train,8
42,6479,train,0
42,6289,train,5
42,6995,train,5
42,3152,train,2
42,5065,train,8
42,2902,train,3
42,323,train,1
42,1785,train,4
42,1055,train,7
42,753,train,2
42,1495,train,6
42,425,train,4
42,2602,train,8
42,4611,train,0
42,1128,train,3
42,2068,train,6
42,3284,train,3
42,6190,train,6
42,1342,train,9
42,5677,train,8
42,5550,train,3
42,4042,train,5
42,3778,train,0
42,1909,train,1
42,1085,train,2
42,7079,train,8
42,1054,train,1
42,4833,train,4
42,4045,train,2
42,1367,train,2
42,2991,train,7
42,4250,train,2
42,1638,train,4
42,1593,train,6
42,5491,train,2
42,6585,train,8
42,991,train,3
42,2327,train,6
42,1216,train,9
42,1172,train,6
42,2743,train,2
42,6753,train,2
42,6595,train,6
42,5948,train,9
42,1853,train,9
42,4106,train,4
42,6197,train,4
42,7246,train,3
42,5497,train,9
42,5401,train,8
42,2114,train,9
42,3298,train,2
42,4362,train,6
42,5268,train,7
42,853,train,5
42,954,train,8
42,4685,train,7
42,1145,train,5
42,4868,train,6
42,5017,train,2
42,500,train,2
42,4875,train,7
42,1175,train,4
42,1142,train,1
42,3883,train,8
42,1106,train,3
42,4440,train,1
42,6073,train,6
42,3801,train,9
42,5983,train,1
42,2065,train,2
42,5223,train,9
42,5830,train,5
42,6316,train,0
42,1431,train,1
42,5461,train,0
42,3526,train,8
42,3742,train,2
42,5728,train,8
42,629,train,9
42,2922,train,5
42,7217,train,1
42,5519,train,5
42,2198,train,4
42,989,train,4
42,6325,train,6
42,6201,train,1
42,4111,train,0
42,1488,train,8
42,4518,train,1
42,1767,train,6
42,7209,train,9
42,2929,train,2
42,5508,train,1
42,4086,train,4
42,1059,train,5
42,1885,train,3
42,6043,train,6
42,1315,train,2
42,4587,train,6
42,4237,train,3
42,6592,train,7
42,7264,train,7
42,430,train,4
42,6184,train,5
42,2357,train,8
42,1976,train,3
42,929,train,7
42,5732,train,7
42,6561,train,8
42,5408,train,7
42,2555,train,7
42,232,train,1
42,5565,train,6
42,314,train,9
42,3018,train,1
42,543,train,9
42,4003,train,0
42,6926,train,4
42,368,train,6
42,6650,train,7
42,3065,train,2
42,1850,train,5
42,1623,train,6
42,2752,train,1
42,6573,train,9
42,1258,train,2
42,7108,train,3
42,1877,train,5
42,1864,train,3
42,4883,train,8
42,5102,train,7
42,2156,train,2
42,4389,train,3
42,672,train,8
42,5149,train,7
42,2254,train,0
42,1043,train,0
42,7229,train,5
42,901,train,7
42,6734,train,4
42,5269,train,7
42,2558,train,9
42,3455,train,5
42,892,train,7
42,3775,train,6
42,2489,train,5
42,1433,train,6
42,2089,train,3
42,2209,train,0
42,2437,train,0
42,7352,train,4
42,4504,train,9
42,3564,train,0
42,1810,train,1
42,1472,train,0
42,5617,train,8
42,5630,train,1
42,1745,train,0
42,3308,train,9
42,3616,train,6
42,1912,train,2
42,776,train,0
42,3672,train,7
42,3144,train,9
42,4795,train,3
42,5212,train,3
42,3727,train,5
42,5410,train,5
42,6897,train,1
42,3032,train,5
42,5381,train,9
42,1287,train,0
42,841,train,1
42,6364,train,5
42,6152,train,6
42,1266,train,9
42,661,train,3
42,6226,train,0
42,1010,train,5
42,6514,train,7
42,3279,train,0
42,6740,train,2
42,5513,train,6
42,5188,train,4
42,3404,train,0
42,6447,train,1
42,1460,train,5
42,5886,train,6
42,6877,train,7
42,5848,train,7
42,2776,train,7
42,1217,train,6
42,4997,train,1
42,4948,train,4
42,5301,train,3
42,2296,train,1
42,2073,train,7
42,2287,train,4
42,3273,train,9
42,1292,train,4
42,4965,train,5
42,3496,train,4
42,1557,train,0
42,839,train,3
42,3539,train,7
42,3188,train,8
42,5403,train,6
42,5504,train,7
42,1157,train,5
42,142,train,1
42,3979,train,3
42,4465,train,5
42,4167,train,8
42,1071,train,9
42,6416,train,3
42,34,train,4
42,530,train,6
42,4120,train,8
42,3897,train,8
42,4026,train,3
42,1288,train,1
42,6541,train,7
42,4908,train,7
42,5637,train,0
42,964,train,3
42,7017,train,0
42,1596,train,0
42,292,train,6
42,3646,train,1
42,2877,train,7
42,836,train,4
42,5360,train,4
42,6211,train,5
42,6273,train,0
42,7315,train,2
42,6482,train,9
42,4468,train,3
42,3605,train,1
42,5428,train,5
42,5970,train,6
42,7335,train,4
42,3049,train,4
42,2417,train,8
42,847,train,5
42,1548,train,5
42,3062,train,4
42,787,train,3
42,2260,train,4
42,1177,train,6
42,3050,train,0
42,2197,train,1
42,2861,train,3
42,2625,train,0
42,883,train,0
42,7116,train,9
42,6526,train,4
42,1895,train,8
42,4871,train,4
42,6989,train,1
42,1990,train,7
42,3820,train,6
42,1519,train,2
42,3978,train,8
42,1934,train,4
42,1358,train,5
42,7233,train,3
42,7366,train,6
42,645,train,9
42,2749,train,9
42,5063,train,0
42,4015,train,6
42,235,train,9
42,2471,train,6
42,5042,train,3
42,2306,train,5
42,5847,train,3
42,4131,train,6
42,1077,train,4
42,610,train,2
42,707,train,9
42,4006,train,8
42,2536,train,8
42,4397,train,6
42,2494,train,4
42,1736,train,9
42,3414,train,2
42,3975,train,4
42,3926,train,4
42,3734,train,4
42,620,train,4
42,5603,train,4
42,3788,train,6
42,1174,train,1
42,1464,train,8
42,6884,train,6
42,5397,train,8
42,4547,train,4
42,5038,train,6
42,5821,train,3
42,2520,train,8
42,7140,train,6
42,1537,train,3
42,1692,train,3
42,802,train,4
42,14,train,3
42,4828,train,0
42,2590,train,0
42,2369,train,6
42,6462,train,9
42,4258,train,9
42,212,train,0
42,1081,train,1
42,1484,train,5
42,4198,train,6
42,1794,train,8
42,1913,train,1
42,3267,train,2
42,4022,train,0
42,612,train,4
42,1611,train,3
42,1780,train,1
42,3160,train,6
42,2848,train,6
42,2864,train,9
42,618,train,1
42,4631,train,4
42,318,train,7
42,1074,train,5
42,4850,train,0
42,3677,train,1
42,3580,train,4
42,5255,train,1
42,6148,train,2
42,6882,train,4
42,763,train,4
42,5873,train,6
42,4714,train,7
42,3516,train,9
42,4975,train,8
42,5288,train,0
42,1550,train,7
42,6793,train,6
42,7066,train,4
42,2734,train,3
42,3132,train,3
42,6260,train,0
42,3437,train,9
42,3290,train,3
42,1273,train,9
42,5405,train,8
42,4445,train,1
42,2712,train,1
42,7173,train,1
42,78,train,5
42,11,train,5
42,6996,train,7
42,1788,train,5
42,5966,train,9
42,2360,train,0
42,2419,train,9
42,6101,train,2
42,7299,train,8
42,1269,train,4
42,1510,train,7
42,1861,train,9
42,3853,train,1
42,5354,train,0
42,2550,train,6
42,4221,train,9
42,3292,train,4
42,5474,train,7
42,4598,train,4
42,6108,train,8
42,4209,train,6
42,4350,train,3
42,4043,train,8
42,4277,train,0
42,871,train,8
42,5011,train,9
42,4764,train,5
42,3169,train,5
42,5466,train,6
42,2147,train,9
42,4064,train,2
42,4279,train,9
42,6842,train,8
42,6220,train,1
42,2436,train,5
42,2501,train,4
42,358,train,0
42,2405,train,9
42,1726,train,6
42,526,train,7
42,4460,train,3
42,469,train,9
42,3003,train,5
42,2705,train,7
42,5704,train,1
42,2770,train,6
42,3838,train,4
42,4767,train,0
42,6586,train,5
42,219,train,7
42,6045,train,6
42,1533,train,6
42,4282,train,1
42,1896,train,0
42,4751,train,3
42,2912,train,7
42,249,train,9
42,1987,train,9
42,2231,train,0
42,3320,train,4
42,5661,train,8
42,6251,train,3
42,38,train,8
42,4649,train,8
42,6888,train,7
42,7239,train,8
42,5012,train,2
42,4707,train,4
42,772,train,7
42,633,train,9
42,5267,train,9
42,1279,train,9
42,7227,train,1
42,3192,train,0
42,458,train,7
42,5773,train,5
42,4701,train,4
42,6821,train,8
42,7223,train,0
42,2738,train,8
42,3198,train,5
42,151,train,5
42,3365,train,1
42,5723,train,4
42,3686,train,3
42,5062,train,5
42,1960,train,8
42,1666,train,5
42,1532,train,1
42,4769,train,3
42,1165,train,6
42,4343,train,9
42,2998,train,4
42,5278,train,7
42,23,train,4
42,6207,train,8
42,3863,train,2
42,4989,train,3
42,738,train,4
42,1633,train,8
42,730,train,2
42,4753,train,8
42,4939,train,8
42,3332,train,3
42,1686,train,2
42,3525,train,4
42,3383,train,2
42,302,train,4
42,4897,train,8
42,1908,train,1
42,125,validation,8
42,5862,validation,8
42,4049,validation,2
42,4357,validation,8
42,5183,validation,6
42,5344,validation,0
42,17,validation,2
42,2214,validation,1
42,4533,validation,9
42,4425,validation,3
42,192,validation,0
42,3329,validation,8
42,2832,validation,9
42,1109,validation,1
42,6065,validation,4
42,6562,validation,3
42,6049,validation,2
42,502,validation,4
42,6400,validation,2
42,1994,validation,8
42,2747,validation,2
42,4127,validation,8
42,3244,validation,2
42,2014,validation,2
42,6565,validation,2
42,5560,validation,4
42,5244,validation,2
42,2305,validation,7
42,4442,validation,5
42,4081,validation,1
42,6718,validation,1
42,4802,validation,0
42,162,validation,8
42,2154,validation,1
42,2446,validation,8
42,6443,validation,8
42,1531,validation,9
42,2441,validation,3
42,5315,validation,9
42,6169,validation,3
42,6193,validation,5
42,2439,validation,0
42,6104,validation,5
42,5372,validation,7
42,4124,validation,4
42,5684,validation,4
42,4300,validation,8
42,6928,validation,4
42,3391,validation,0
42,7351,validation,0
42,3269,validation,9
42,4410,validation,5
42,5291,validation,6
42,6392,validation,1
42,2107,validation,5
42,2696,validation,9
42,1241,validation,5
42,5643,validation,2
42,3377,validation,4
42,5680,validation,1
42,3849,validation,2
42,2425,validation,5
42,4272,validation,8
42,3802,validation,0
42,2582,validation,4
42,5786,validation,7
42,6371,validation,4
42,2978,validation,1
42,3363,validation,0
42,4592,validation,3
42,4444,validation,8
42,3103,validation,4
42,3470,validation,2
42,3649,validation,9
42,6402,validation,4
42,3698,validation,0
42,4955,validation,8
42,2780,validation,2
42,1935,validation,2
42,1220,validation,1
42,7157,validation,3
42,7096,validation,7
42,662,validation,3
42,3552,validation,8
42,805,validation,9
42,7076,validation,1
42,6671,validation,7
42,211,validation,3
42,6697,validation,7
42,5427,validation,1
42,3193,validation,3
42,695,validation,1
42,4639,validation,0
42,6037,validation,3
42,3044,validation,8
42,2266,validation,6
42,7338,validation,9
42,6673,validation,1
42,5281,validation,9
42,7171,validation,4
42,3089,validation,4
42,5552,validation,0
42,1084,validation,8
42,4569,validation,6
42,2815,validation,4
42,4943,validation,5
42,5577,validation,0
42,2895,validation,5
42,411,validation,8
42,2628,validation,6
42,1351,validation,8
42,5815,validation,7
42,668,validation,4
42,4472,validation,8
42,6674,validation,4
42,3945,validation,9
42,3913,validation,7
42,1721,validation,7
42,3619,validation,0
42,5951,validation,5
42,440,validation,9
42,2019,validation,9
42,3469,validation,2
42,3983,validation,7
42,4474,validation,0
42,5776,validation,5
42,7289,validation,4
42,4211,validation,7
42,3856,validation,7
42,2666,validation,8
42,4353,validation,5
42,6804,validation,5
42,114,validation,8
42,6473,validation,5
42,624,validation,1
42,3151,validation,3
42,6972,validation,8
42,336,validation,7
42,6030,validation,3
42,4419,validation,6
42,1438,validation,4
42,524,validation,6
42,2213,validation,2
42,5606,validation,2
42,6853,validation,8
42,1403,validation,5
42,4754,validation,3
42,2787,validation,7
42,2564,validation,5
42,576,validation,6
42,1280,validation,8
42,3271,validation,4
42,2302,validation,1
42,2171,validation,3
42,7176,validation,7
42,5146,validation,2
42,7278,validation,0
42,6540,validation,4
42,2829,validation,8
42,4196,validation,3
42,4578,validation,3
42,6107,validation,5
42,202,validation,9
42,5621,validation,5
42,5074,validation,6
42,3316,validation,3
42,2315,validation,4
42,5676,validation,4
42,1304,validation,0
42,6944,validation,4
42,2651,validation,0
42,4113,validation,5
42,3033,validation,9
42,5369,validation,0
42,5293,validation,5
42,5822,validation,0
42,1096,validation,3
42,3460,validation,4
42,3335,validation,4
42,3116,validation,9
42,2153,validation,5
42,1487,validation,6
42,3955,validation,6
42,7340,validation,8
42,6403,validation,1
42,3520,validation,2
42,7061,validation,7
42,4561,validation,3
42,2400,validation,6
42,3017,validation,0
42,1984,validation,4
42,5276,validation,1
42,3402,validation,5
42,979,validation,3
42,1603,validation,5
42,4446,validation,1
42,7257,validation,2
42,6743,validation,8
42,3397,validation,8
42,1019,validation,7
42,6381,validation,7
42,1514,validation,9
42,963,validation,9
42,6819,validation,8
42,2703,validation,3
42,3457,validation,3
42,942,validation,7
42,5520,validation,8
42,4253,validation,6
42,3706,validation,6
42,6859,validation,5
42,5362,validation,6
42,1669,validation,4
42,2831,validation,4
42,5863,validation,3
42,4296,validation,5
42,4517,validation,9
42,2523,validation,8
42,3759,validation,4
42,6667,validation,9
42,509,validation,7
42,2792,validation,4
42,4361,validation,2
42,1713,validation,7
42,1553,validation,0
42,6607,validation,0
42,2180,validation,5
42,806,validation,3
42,1357,validation,1
42,1542,validation,5
42,5984,validation,0
42,4653,validation,8
42,673,validation,1
42,6412,validation,5
42,3068,validation,0
42,44,validation,5
42,3382,validation,6
42,1386,validation,7
42,2394,validation,3
42,2713,validation,6
42,1773,validation,3
42,1011,validation,6
42,2607,validation,4
42,6490,validation,7
42,5044,validation,4
42,2517,validation,2
42,755,validation,0
42,7189,validation,4
42,815,validation,1
42,2490,validation,5
42,1181,validation,1
42,4776,validation,1
42,1681,validation,7
42,2565,validation,2
42,2404,validation,4
42,1230,validation,9
42,1404,validation,6
42,3909,validation,1
42,5425,validation,8
42,5979,validation,0
42,324,validation,0
42,335,validation,1
42,2990,validation,8
42,6521,validation,3
42,3556,validation,8
42,5352,validation,3
42,5738,validation,8
42,1981,validation,6
42,720,validation,4
42,2056,validation,6
42,365,validation,5
42,98,validation,8
42,1691,validation,8
42,5471,validation,9
42,1012,validation,3
42,1355,validation,3
42,628,validation,5
42,15,validation,7
42,627,validation,3
42,2353,validation,2
42,2269,validation,9
42,3816,validation,5
42,1195,validation,3
42,1766,validation,4
42,908,validation,1
42,4864,validation,0
42,139,validation,0
42,2004,validation,1
42,5052,validation,0
42,3779,validation,5
42,2461,validation,1
42,4288,validation,1
42,6174,validation,5
42,5739,validation,9
42,2005,validation,1
42,7282,validation,9
42,4560,validation,8
42,1089,validation,0
42,1400,validation,1
42,6568,validation,8
42,6028,validation,2
42,7109,validation,9
42,6006,validation,2
42,4770,validation,4
42,1117,validation,6
42,3503,validation,1
42,6933,validation,1
42,45,validation,1
42,1978,validation,6
42,4476,validation,0
42,2757,validation,6
42,3502,validation,2
42,2375,validation,0
42,980,validation,6
42,659,validation,2
42,3214,validation,4
42,6865,validation,9
42,6103,validation,1
42,1575,validation,5
42,6751,validation,9
42,4166,validation,7
42,3228,validation,2
42,4932,validation,5
42,4982,validation,7
42,2259,validation,6
42,2090,validation,8
42,3860,validation,6
42,5655,validation,0
42,4935,validation,8
42,1185,validation,3
42,2142,validation,4
42,1183,validation,9
42,934,validation,1
42,7123,validation,0
42,2460,validation,4
42,5421,validation,1
42,6200,validation,3
42,1580,validation,0
42,5134,validation,6
42,910,validation,9
42,2092,validation,0
42,5014,validation,9
42,112,validation,3
42,4996,validation,3
42,4705,validation,2
42,4426,validation,5
42,2656,validation,1
42,1213,validation,2
42,974,validation,3
42,4263,validation,0
42,1676,validation,0
42,2450,validation,9
42,6265,validation,6
42,2338,validation,3
42,1945,validation,3
42,7156,validation,5
42,5888,validation,6
42,3500,validation,6
42,3045,validation,6
42,5718,validation,4
42,6792,validation,4
42,3082,validation,0
42,1873,validation,8
42,27,validation,5
42,3691,validation,6
42,6799,validation,6
42,2659,validation,1
42,3078,validation,9
42,3809,validation,3
42,613,validation,7
42,997,validation,5
42,5697,validation,5
42,3770,validation,1
42,6931,validation,3
42,5298,validation,6
42,4626,validation,4
42,4615,validation,8
42,6292,validation,8
42,5096,validation,3
42,3166,validation,5
42,572,validation,0
42,6634,validation,8
42,1198,validation,8
42,3324,validation,1
42,5682,validation,9
42,1224,validation,2
42,3474,validation,1
42,3704,validation,2
42,1480,validation,9
42,7267,validation,5
42,6450,validation,3
42,2277,validation,5
42,4600,validation,3
42,2969,validation,2
42,3321,validation,0
42,1196,validation,1
42,6267,validation,9
42,1276,validation,3
42,4399,validation,3
42,3222,validation,4
42,4099,validation,6
42,5357,validation,5
42,7139,validation,4
42,4798,validation,5
42,4651,validation,2
42,1854,validation,9
42,7021,validation,3
42,6847,validation,0
42,105,validation,5
42,4280,validation,4
42,6910,validation,2
42,5526,validation,4
42,239,validation,0
42,4844,validation,0
42,5305,validation,8
42,560,validation,3
42,2012,validation,7
42,70,validation,8
42,4511,validation,3
42,3401,validation,8
42,6135,validation,2
42,3559,validation,5
42,1899,validation,7
42,5555,validation,9
42,4689,validation,9
42,6393,validation,5
42,4154,validation,1
42,1620,validation,7
42,4566,validation,9
42,875,validation,7
42,266,validation,4
42,817,validation,3
42,2265,validation,5
42,6127,validation,1
42,3441,validation,7
42,6690,validation,7
42,378,validation,2
42,5631,validation,2
42,697,validation,9
42,3511,validation,5
42,5700,validation,0
42,460,validation,5
42,1650,validation,8
42,6408,validation,1
42,626,validation,1
42,5380,validation,5
42,2192,validation,2
42,4957,validation,8
42,3840,validation,6
42,3995,validation,6
42,1573,validation,5
42,3370,validation,6
42,6437,validation,1
42,3319,validation,7
42,5523,validation,4
42,4367,validation,4
42,5327,validation,9
42,622,validation,7
42,2692,validation,0
42,6456,validation,9
42,2993,validation,9
42,4727,validation,0
42,491,validation,1
42,3112,validation,2
42,208,validation,7
42,201,validation,9
42,2175,validation,3
42,3929,validation,4
42,1139,validation,4
42,4103,validation,2
42,3376,validation,2
42,4311,validation,6
42,3234,validation,9
42,2818,validation,5
42,467,validation,6
42,882,validation,0
42,5435,validation,5
42,5650,validation,3
42,5584,validation,0
42,6144,validation,6
42,4242,validation,5
42,2903,validation,8
42,5548,validation,5
42,1645,validation,0
42,1649,validation,3
42,6843,validation,4
42,464,validation,5
42,5318,validation,6
42,5758,validation,9
42,1233,validation,3
42,6123,validation,4
42,6131,validation,4
42,5198,validation,3
42,6800,validation,1
42,3537,validation,4
42,1295,validation,8
42,6425,validation,6
42,534,validation,9
42,2981,validation,3
42,3246,validation,6
42,1143,validation,3
42,4922,validation,7
42,5633,validation,1
42,7309,validation,7
42,6283,validation,1
42,4492,validation,4
42,6458,validation,0
42,5683,validation,7
42,2846,validation,4
42,4156,validation,7
42,1528,validation,3
42,6252,validation,4
42,1616,validation,1
42,671,validation,7
42,5136,validation,0
42,2399,validation,3
42,4584,validation,0
42,3906,validation,9
42,2835,validation,1
42,3493,validation,1
42,6669,validation,4
42,2941,validation,3
42,2322,validation,5
42,4548,validation,7
42,4824,validation,4
42,4937,validation,3
42,3297,validation,6
42,5690,validation,7
42,2120,validation,2
42,2210,validation,3
42,197,validation,2
42,508,validation,8
42,4291,validation,7
42,22,validation,8
42,4739,validation,0
42,3508,validation,3
42,409,validation,2
42,7194,validation,3
42,3927,validation,7
42,1121,validation,7
42,3286,validation,2
42,6304,validation,2
42,349,validation,1
42,7128,validation,6
42,4063,validation,2
42,6334,validation,6
42,1848,validation,7
42,3797,validation,2
42,5671,validation,6
42,2900,validation,5
42,4933,validation,0
42,4760,validation,9
42,5653,validation,0
42,200,validation,8
42,3997,validation,4
42,3750,validation,4
42,3253,validation,3
42,4496,validation,7
42,874,validation,5
42,3259,validation,8
42,6747,validation,3
42,2221,validation,4
42,2256,validation,3
42,5803,validation,2
42,7342,validation,4
42,6407,validation,6
42,2364,validation,9
42,636,validation,4
42,3632,validation,8
42,5645,validation,5
42,4185,validation,7
42,5088,validation,6
42,1105,validation,8
42,2432,validation,6
42,1687,validation,4
42,5271,validation,4
42,1512,validation,8
42,4,validation,4
42,1443,validation,1
42,4077,validation,3
42,4947,validation,6
42,6342,validation,2
42,6406,validation,3
42,5279,validation,2
42,5329,validation,6
42,2205,validation,5
42,2917,validation,6
42,3821,validation,5
42,5442,validation,8
42,6014,validation,4
42,1563,validation,5
42,6079,validation,0
42,3359,validation,9
42,3095,validation,3
42,4643,validation,7
42,5016,validation,7
42,4339,validation,3
42,1892,validation,3
42,3804,validation,2
42,337,validation,2
42,3819,validation,3
42,3653,validation,7
42,6614,validation,3
42,5073,validation,6
42,7039,validation,3
42,4329,validation,7
42,2726,validation,8
42,7003,validation,5
42,6878,validation,1
42,3262,validation,8
42,4227,validation,8
42,2658,validation,2
42,6404,validation,6
42,2862,validation,0
42,935,validation,0
42,5906,validation,4
42,4236,validation,2
42,4268,validation,5
42,5893,validation,1
42,5896,validation,9
42,3745,validation,7
42,2239,validation,7
42,92,validation,3
42,4595,validation,7
42,6509,validation,4
42,3148,validation,9
42,6670,validation,9
42,5085,validation,7
42,4745,validation,3
42,1950,validation,7
42,2094,validation,9
42,6003,validation,8
42,2837,validation,7
42,5169,validation,5
42,1875,validation,1
42,3620,validation,6
42,5557,validation,1
42,664,validation,9
42,4073,validation,6
42,4417,validation,8
42,777,validation,8
42,7089,validation,2
42,2759,validation,7
42,1333,validation,4
42,3213,validation,8
42,6564,validation,6
42,5900,validation,8
42,6031,validation,8
42,3832,validation,7
42,1839,validation,0
42,1334,validation,9
42,4384,validation,4
42,1747,validation,1
42,4594,validation,9
42,3659,validation,7
42,3560,validation,6
42,5600,validation,1
42,3356,validation,2
42,6758,validation,1
42,6125,validation,0
42,6608,validation,2
42,6618,validation,0
42,4674,validation,8
42,4549,validation,4
42,3514,validation,4
42,2733,validation,9
42,7132,validation,3
42,6330,validation,7
42,4107,validation,0
42,2458,validation,1
42,2735,validation,7
42,1817,validation,0
42,7283,validation,6
42,5583,validation,5
42,3150,validation,8
42,7131,validation,6
42,4462,validation,2
42,5706,validation,2
42,4890,validation,5
42,1038,validation,2
42,5239,validation,1
42,3692,validation,1
42,6375,validation,1
42,1244,validation,0
42,1549,validation,8
42,5527,validation,1
42,6311,validation,9
42,6818,validation,0
42,6580,validation,2
42,1494,validation,3
42,6629,validation,2
42,3199,validation,9
42,2746,validation,0
42,252,validation,2
42,1705,validation,4
42,227,validation,5
42,4658,validation,1
42,7077,validation,4
42,1737,validation,9
42,2909,validation,1
42,5330,validation,7
42,5049,validation,3
42,40,validation,1
42,3307,validation,0
42,7111,validation,2
42,4325,validation,0
42,246,validation,8
42,3565,validation,8
42,2011,validation,5
42,482,validation,0
42,3903,validation,0
42,4562,validation,5
42,742,validation,1
42,3403,validation,2
42,4542,validation,0
42,67,validation,2
42,3200,validation,8
42,4456,validation,6
42,380,validation,4
42,1328,validation,4
42,7290,validation,7
42,1299,validation,7
42,6023,validation,6
42,3486,validation,5
42,1470,validation,3
42,5115,validation,2
42,4005,validation,6
42,2373,validation,0
42,7240,validation,1
42,7274,validation,3
42,6787,validation,3
42,2078,validation,3
42,3934,validation,0
42,7122,validation,1
42,6909,validation,6
42,6161,validation,3
42,7144,validation,2
42,3891,validation,0
42,2609,validation,5
42,4857,validation,1
42,1956,validation,9
42,4666,validation,9
42,486,validation,6
42,4080,validation,8
42,6879,validation,9
42,3036,validation,4
42,62,validation,1
42,3227,validation,2
42,1632,validation,9
42,972,validation,3
42,3092,validation,7
42,233,validation,7
42,2825,validation,4
42,4688,validation,0
42,4021,validation,2
42,5218,validation,9
42,326,validation,6
42,2110,validation,7
42,122,validation,5
42,421,validation,8
42,4464,validation,2
42,3243,validation,1
42,2984,validation,6
42,3260,validation,3
42,1072,validation,4
42,2081,validation,7
42,1035,validation,1
42,6449,validation,4
42,6823,validation,8
42,3205,validation,0
42,6886,validation,2
42,725,validation,3
42,4178,validation,4
42,480,validation,2
42,4829,validation,8
42,1972,validation,0
42,6235,validation,7
42,5777,validation,1
42,1954,validation,5
42,6387,validation,0
42,3652,validation,9
42,1272,validation,2
42,498,validation,8
42,3567,validation,5
42,6332,validation,3
42,60,validation,0
42,2344,validation,7
42,665,validation,1
42,644,validation,0
42,3982,validation,7
42,5028,validation,7
42,6275,validation,1
42,1758,validation,8
42,6223,validation,9
42,2370,validation,5
42,6157,validation,8
42,1376,validation,2
42,3311,validation,9
42,6901,validation,3
42,2126,validation,0
42,3287,validation,3
42,937,validation,2
42,885,validation,1
42,6294,validation,3
42,1080,validation,9
42,4866,validation,6
42,2365,validation,0
42,4835,validation,9
42,4471,validation,5
42,3180,validation,2
42,918,validation,7
42,6627,validation,6
42,784,validation,7
42,7261,validation,9
42,641,validation,4
42,1189,validation,4
42,6384,validation,3
42,1192,validation,5
42,5729,validation,5
42,18,validation,7
42,1200,validation,7
42,5002,validation,0
42,1983,validation,0
42,1004,validation,9
42,3489,validation,2
42,2989,validation,1
42,1209,validation,5
42,5350,validation,4
42,3014,validation,2
42,5250,validation,2
42,6477,validation,6
42,3847,validation,0
42,4792,validation,3
42,5545,validation,0
42,1204,validation,8
42,393,validation,3
42,5241,validation,3
42,1734,validation,9
42,1761,validation,6
42,5578,validation,3
42,5482,validation,0
42,2311,validation,1
42,5854,validation,0
42,5222,validation,1
42,4062,validation,1
42,3826,validation,0
42,5375,validation,7
42,4048,validation,7
42,984,validation,8
42,3624,validation,1
42,4349,validation,6
42,6633,validation,6
42,4266,validation,1
42,5051,validation,6
42,4826,validation,4
42,3000,validation,6
42,1370,validation,9
42,137,validation,0
42,1138,validation,1
42,3905,validation,0
42,3224,validation,5
42,4491,validation,2
42,6815,validation,8
42,1103,validation,1
42,1504,validation,1
42,5512,validation,1
42,3349,validation,4
42,7160,validation,1
42,5734,validation,5
42,5036,validation,4
42,1818,validation,5
42,3280,validation,6
42,7293,validation,2
42,3427,validation,5
42,1566,validation,8
42,6553,validation,6
42,5944,validation,6
42,3992,validation,3
42,6960,validation,6
42,4810,validation,8
42,1452,validation,2
42,230,validation,6
42,3812,validation,3
42,5669,validation,5
42,2621,validation,3
42,4575,validation,0
42,1800,validation,9
42,2454,validation,8
42,6691,validation,4
42,5299,validation,8
42,3973,validation,4
42,1314,validation,9
42,679,validation,4
42,4116,validation,6
42,1947,validation,0
42,305,validation,2
42,4886,validation,5
42,6606,validation,6
42,582,validation,7
42,712,validation,4
42,811,validation,5
42,2196,validation,2
42,1730,validation,9
42,4373,validation,5
42,6410,validation,4
42,1297,validation,6
42,770,validation,9
42,7199,validation,6
42,5895,validation,1
42,5200,validation,8
42,1703,validation,9
42,5928,validation,5
42,716,validation,5
42,846,validation,4
42,149,validation,1
42,7142,validation,3
42,103,validation,7
42,6401,validation,5
42,2633,validation,4
42,5521,validation,0
42,2882,validation,9
42,5795,validation,7
42,1359,validation,0
42,94,validation,6
42,6963,validation,6
42,6287,validation,1
42,5524,validation,6
42,6302,validation,4
42,1039,validation,3
42,404,validation,6
42,4839,validation,5
42,475,validation,2
42,6710,validation,9
42,2160,validation,3
42,1963,validation,2
42,3069,validation,7
42,6952,validation,0
42,3794,validation,6
42,2372,validation,5
42,1104,validation,8
42,5737,validation,9
42,677,validation,1
42,4609,validation,7
42,4238,validation,4
42,6399,validation,3
42,7183,validation,8
42,5050,validation,6
42,5420,validation,1
42,6771,validation,7
42,6459,validation,5
42,3048,validation,4
42,5596,validation,5
42,4092,validation,8
42,3390,validation,6
42,2346,validation,5
42,2553,validation,2
42,3594,validation,1
42,1462,validation,4
42,4034,validation,4
42,4738,validation,9
42,320,validation,2
42,6082,validation,6
42,1587,validation,8
42,2610,validation,5
42,4576,validation,8
42,3908,validation,8
42,2184,validation,2
42,840,validation,7
42,1576,validation,0
42,4159,validation,5
42,2717,validation,4
42,7327,validation,2
42,6876,validation,2
42,1285,validation,9
42,1827,validation,0
42,4703,validation,9
42,4741,validation,7
42,1930,validation,0
42,2695,validation,3
42,2478,validation,8
42,4558,validation,0
42,2261,validation,9
42,2496,validation,7
42,3293,validation,1
42,5771,validation,6
42,588,validation,6
42,5627,validation,2
42,5938,validation,7
42,2398,validation,7
42,986,validation,0
42,6372,validation,0
42,513,validation,3
42,2290,validation,7
42,4849,validation,3
42,5185,validation,3
42,6436,validation,3
42,829,validation,0
42,6281,validation,5
42,4799,validation,4
42,4265,validation,8
42,731,validation,9
42,1637,validation,1
42,6874,validation,9
42,6357,validation,4
42,3968,validation,7
42,7092,validation,9
42,303,validation,0
42,3658,validation,5
42,4522,validation,9
42,1911,validation,5
42,3710,validation,1
42,4066,validation,9
42,3589,validation,9
42,3713,validation,1
42,3894,validation,3
42,5459,validation,8
42,969,validation,5
42,5561,validation,6
42,4761,validation,6
42,4652,validation,9
42,860,validation,6
42,5170,validation,5
42,4352,validation,9
42,1613,validation,7
42,6063,validation,9
42,2246,validation,0
42,5140,validation,2
42,2581,validation,2
42,1577,validation,0
42,4041,validation,4
42,4848,validation,6
42,2320,validation,4
42,5447,validation,4
42,3408,validation,1
42,5101,validation,9
42,1082,validation,8
42,4543,validation,7
42,4299,validation,8
42,4582,validation,7
42,3091,validation,7
42,385,validation,3
42,4515,validation,3
42,6830,validation,6
42,5580,validation,5
42,5530,validation,9
42,792,validation,1
42,6898,validation,9
42,2687,validation,1
42,2211,validation,7
42,6657,validation,7
42,431,validation,0
42,4851,validation,6
42,3971,validation,0
42,1240,validation,8
42,7244,validation,6
42,256,validation,2
42,7213,validation,9
42,2063,validation,5
42,5693,validation,6
42,3219,validation,2
42,1585,validation,3
42,5027,validation,2
42,5024,validation,3
42,3090,validation,9
42,6222,validation,4
42,1720,validation,2
42,6954,validation,8
42,6053,validation,5
42,1502,validation,9
42,4478,validation,1
42,1232,validation,2
42,4730,validation,7
42,5564,validation,4
42,2589,validation,2
42,4434,validation,2
42,7204,validation,1
42,5433,validation,4
42,7065,validation,7
42,5390,validation,1
42,5384,validation,7
42,3606,validation,7
42,4740,validation,3
42,531,validation,3
42,2170,validation,7
42,2401,validation,3
42,1416,validation,3
42,5041,validation,5
42,6702,validation,1
42,2247,validation,6
42,1973,validation,6
42,4665,validation,4
42,870,validation,2
42,4269,validation,3
42,4610,validation,1
42,4010,validation,5
42,584,validation,2
42,6150,validation,5
42,5836,validation,1
42,5463,validation,2
42,6929,validation,0
42,4319,validation,9
42,5575,validation,0
42,7305,validation,3
42,5588,validation,0
42,6813,validation,6
42,5976,validation,9
42,2767,validation,4
42,2637,validation,9
42,4998,validation,4
42,4817,validation,3
42,7248,validation,9
42,5733,validation,8
42,541,validation,6
42,2317,validation,8
42,2220,validation,2
42,7312,validation,3
42,141,validation,5
42,3406,validation,6
42,958,validation,0
42,24,validation,1
42,2769,validation,0
42,1228,validation,1
42,785,validation,3
42,714,validation,6
42,2714,validation,3
42,1058,validation,0
42,451,validation,4
42,4680,validation,7
42,4164,validation,5
42,9,validation,0
42,1424,validation,3
42,1008,validation,8
42,1746,validation,2
42,887,validation,5
42,1964,validation,8
42,371,validation,2
42,7152,validation,7
42,798,validation,2
42,1571,validation,7
42,1775,validation,8
42,7038,validation,5
42,2632,validation,7
42,5137,validation,7
42,180,validation,0
42,4501,validation,4
42,5731,validation,9
42,2017,validation,2
42,5111,validation,4
42,1615,validation,7
42,4017,validation,0
42,7158,validation,0
42,1712,validation,3
42,6920,validation,1
42,4687,validation,1
42,3448,validation,9
42,5309,validation,8
42,518,validation,8
42,5127,validation,4
42,3285,validation,1
42,2150,validation,6
42,5871,validation,7
42,6653,validation,3
42,2671,validation,6
42,2186,validation,5
42,5595,validation,0
42,3634,validation,9
42,4430,validation,2
42,1445,validation,7
42,879,validation,3
42,4931,validation,8
42,6754,validation,2
42,7023,validation,3
42,6677,validation,1
42,6571,validation,9
42,6269,validation,6
42,5681,validation,6
42,968,validation,6
42,6692,validation,9
42,566,validation,6
42,2942,validation,5
42,3450,validation,3
42,1962,validation,9
42,492,validation,9
42,5340,validation,1
42,3986,validation,7
42,5955,validation,9
42,2325,validation,8
42,1093,validation,4
42,801,validation,4
42,2118,validation,5
42,39,validation,6
42,2301,validation,8
42,3060,validation,4
42,723,validation,6
42,6623,validation,4
42,3673,validation,7
42,4928,validation,8
42,5462,validation,9
42,4747,validation,3
42,2908,validation,1
42,4475,validation,8
42,625,validation,0
42,3949,validation,2
42,6074,validation,7
42,6340,validation,2
42,5018,validation,0
42,2433,validation,2
42,6379,validation,5
42,52,validation,4
42,4391,validation,4
42,4069,validation,3
42,3932,validation,1
42,3216,validation,8
42,6196,validation,7
42,3712,validation,6
42,1294,validation,6
42,2391,validation,7
42,5549,validation,8
42,6981,validation,7
42,1313,validation,2
42,7326,validation,1
42,611,validation,1
42,6575,validation,6
42,2889,validation,2
42,6868,validation,4
42,1160,validation,7
42,3159,validation,5
42,923,validation,0
42,3786,validation,9
42,1164,validation,8
42,332,validation,1
42,2381,validation,0
42,6848,validation,9
42,2896,validation,4
42,21,validation,7
42,4218,validation,7
42,2009,validation,4
42,7082,validation,7
42,3141,validation,4
42,4133,validation,6
42,1430,validation,6
42,4338,validation,8
42,4805,validation,8
42,1249,validation,8
42,5867,validation,4
42,2179,validation,4
42,6032,validation,1
42,6445,validation,1
42,278,validation,8
42,2355,validation,3
42,2099,validation,0
42,2639,validation,6
42,6583,validation,0
42,4571,validation,2
42,2275,validation,1
42,5256,validation,2
42,6744,validation,9
42,5359,validation,6
42,2624,validation,5
42,2096,validation,6
42,2413,validation,7
42,406,validation,7
42,4047,validation,8
42,3498,validation,9
42,6812,validation,2
42,3807,validation,7
42,5130,validation,8
42,4488,validation,5
42,6057,validation,8
42,2152,validation,2
42,2087,validation,8
42,6322,validation,9
42,6036,validation,4
42,3534,validation,7
42,2554,validation,1
42,4132,validation,9
42,2623,validation,7
42,121,validation,4
42,3873,validation,6
42,4249,validation,4
42,7088,validation,5
42,4378,validation,1
42,3186,validation,7
42,4919,validation,4
42,3994,validation,3
42,5429,validation,2
42,4874,validation,6
42,2723,validation,6
42,888,validation,0
42,4602,validation,3
42,3933,validation,2
42,1796,validation,2
42,4953,validation,7
42,5875,validation,2
42,6313,validation,5
42,6324,validation,7
42,4892,validation,8
42,3645,validation,9
42,2977,validation,5
42,5178,validation,0
42,5109,validation,8
42,1545,validation,1
42,5122,validation,5
42,1366,validation,9
42,688,validation,8
42,6547,validation,1
42,4204,validation,3
42,1153,validation,4
42,1507,validation,8
42,2336,validation,4
42,1831,validation,6
42,1001,validation,8
42,299,validation,8
42,6394,validation,2
42,7136,validation,8
42,6852,validation,2
42,5153,validation,3
42,5762,validation,2
42,6966,validation,1
42,207,validation,5
42,2010,validation,8
42,6951,validation,1
42,586,validation,8
42,3083,validation,8
42,3162,validation,5
42,4854,validation,0
42,7275,validation,1
42,3270,validation,2
42,848,validation,1
42,1173,validation,1
42,6767,validation,5
42,1671,validation,9
42,1974,validation,7
42,2088,validation,5
42,2788,validation,7
42,6795,validation,7
42,5794,validation,5
42,1838,validation,9
42,1491,validation,2
42,2580,validation,5
42,1406,validation,0
42,5634,validation,2
42,2522,validation,1
42,1409,validation,5
42,4629,validation,2
42,3108,validation,2
42,6932,validation,2
42,4093,validation,3
42,6550,validation,2
42,5151,validation,5
42,3097,validation,6
42,453,validation,5
42,1497,validation,9
42,2479,validation,6
42,3038,validation,4
42,6378,validation,4
42,689,validation,4
42,5205,validation,6
42,2866,validation,4
42,5019,validation,3
42,4182,validation,4
42,333,validation,0
42,4906,validation,8
42,6309,validation,6
42,1421,validation,5
42,4134,validation,0
42,2001,validation,7
42,7004,validation,0
42,5338,validation,6
42,6512,validation,7
42,2745,validation,4
42,3171,validation,2
42,781,validation,3
42,7104,validation,5
42,6801,validation,5
42,53,validation,5
42,2252,validation,4
42,6004,validation,0
42,2795,validation,4
42,1614,validation,9
42,3743,validation,8
42,1063,validation,8
42,6021,validation,0
42,6457,validation,3
42,3803,validation,1
42,563,validation,1
42,6780,validation,6
42,7324,validation,8
42,499,validation,6
42,3210,validation,6
42,6153,validation,0
42,2497,validation,6
42,4336,validation,1
42,732,validation,9
42,4502,validation,2
42,6716,validation,7
42,6429,validation,2
42,2817,validation,4
42,1390,validation,7
42,6092,validation,9
42,4169,validation,8
42,5478,validation,0
42,5965,validation,5
42,948,validation,3
42,5709,validation,9
42,5025,validation,4
42,1992,validation,3
42,5978,validation,4
42,1952,validation,7
42,3790,validation,0
42,1619,validation,2
42,638,validation,1
42,3920,validation,3
42,95,validation,8
42,5245,validation,7
42,2627,validation,5
42,5798,validation,7
42,373,validation,7
42,2102,validation,6
42,3815,validation,2
42,6024,validation,5
42,3240,validation,6
42,4648,validation,5
42,4431,validation,8
42,3757,validation,9
42,2443,validation,0
42,5675,validation,3
42,4743,validation,0
42,2955,validation,9
42,3626,validation,9
42,5913,validation,5
42,1291,validation,0
42,2505,validation,1
42,6789,validation,5
42,6533,validation,0
42,3312,validation,9
42,4994,validation,0
42,981,validation,2
42,6668,validation,7
42,3549,validation,8
42,6056,validation,4
42,5672,validation,6
42,2720,validation,1
42,7320,validation,2
42,6752,validation,7
42,2272,validation,2
42,2236,validation,1
42,2130,validation,1
42,1205,validation,6
42,5770,validation,8
42,4201,validation,3
42,5259,validation,3
42,2920,validation,0
42,5510,validation,6
42,7154,validation,9
42,1320,validation,7
42,519,validation,0
42,2030,validation,6
42,2484,validation,1
42,3330,validation,9
42,7279,validation,2
42,4276,validation,9
42,1883,validation,6
42,6641,validation,6
42,5167,validation,5
42,4002,validation,1
42,1112,validation,9
42,3967,validation,6
42,7323,validation,3
42,150,validation,7
42,6254,validation,7
42,3687,validation,9
42,4331,validation,4
42,3780,validation,8
73,4369,train,3
73,2949,train,8
73,6961,train,6
73,1670,train,8
73,1488,train,8
73,6464,train,5
73,3091,train,7
73,6860,train,7
73,5745,train,8
73,6473,train,5
73,7095,train,1
73,4020,train,3
73,4066,train,9
73,2380,train,1
73,5824,train,0
73,6492,train,5
73,3174,train,1
73,2496,train,7
73,3336,train,9
73,2494,train,4
73,3884,train,7
73,2888,train,0
73,1369,train,7
73,6212,train,3
73,1386,train,7
73,2779,train,0
73,2844,train,3
73,4899,train,9
73,401,train,8
73,360,train,6
73,6356,train,2
73,3875,train,9
73,4853,train,4
73,4406,train,4
73,2221,train,4
73,4482,train,5
73,4292,train,3
73,2655,train,3
73,3618,train,3
73,4579,train,7
73,382,train,4
73,1286,train,7
73,750,train,3
73,5310,train,8
73,3575,train,0
73,2355,train,3
73,5044,train,4
73,6931,train,3
73,2574,train,2
73,3486,train,5
73,7057,train,2
73,5361,train,4
73,6831,train,6
73,1619,train,2
73,1819,train,8
73,4120,train,8
73,6159,train,9
73,3911,train,0
73,3023,train,9
73,7302,train,9
73,3794,train,6
73,5353,train,3
73,4949,train,7
73,444,train,9
73,1556,train,9
73,5201,train,2
73,1660,train,2
73,4564,train,3
73,3718,train,9
73,1304,train,0
73,3962,train,9
73,4756,train,6
73,2962,train,5
73,1356,train,1
73,1850,train,5
73,2953,train,9
73,2059,train,7
73,3770,train,1
73,5403,train,6
73,993,train,3
73,3625,train,6
73,6611,train,9
73,1491,train,2
73,805,train,9
73,2288,train,8
73,2412,train,9
73,2072,train,1
73,5601,train,8
73,4889,train,7
73,6970,train,1
73,6584,train,9
73,1323,train,8
73,1749,train,2
73,3537,train,4
73,1091,train,4
73,154,train,8
73,3117,train,3
73,5451,train,7
73,6169,train,3
73,5687,train,4
73,4074,train,2
73,5578,train,3
73,7257,train,2
73,2770,train,6
73,274,train,5
73,2145,train,1
73,4548,train,7
73,3151,train,3
73,3524,train,9
73,2578,train,5
73,8,train,0
73,3703,train,7
73,7011,train,4
73,4136,train,3
73,5802,train,5
73,4115,train,2
73,3157,train,5
73,5424,train,5
73,1565,train,3
73,4085,train,5
73,7115,train,7
73,6234,train,2
73,1575,train,5
73,3709,train,2
73,2220,train,2
73,4911,train,3
73,2366,train,6
73,3001,train,8
73,7145,train,4
73,6010,train,2
73,815,train,1
73,1058,train,0
73,4865,train,1
73,4056,train,0
73,5190,train,2
73,3331,train,6
73,5247,train,0
73,6282,train,8
73,3729,train,9
73,7127,train,6
73,2234,train,6
73,4630,train,1
73,6493,train,7
73,4070,train,8
73,4796,train,9
73,3257,train,9
73,3589,train,9
73,5573,train,8
73,2113,train,2
73,7113,train,7
73,4104,train,2
73,6923,train,0
73,6700,train,1
73,4975,train,8
73,5584,train,0
73,6112,train,3
73,1348,train,6
73,1137,train,8
73,104,train,2
73,5746,train,8
73,4611,train,0
73,6643,train,5
73,409,train,2
73,1892,train,3
73,3478,train,8
73,7087,train,1
73,785,train,3
73,4715,train,6
73,5731,train,9
73,3542,train,2
73,6683,train,8
73,5767,train,1
73,6304,train,2
73,156,train,4
73,1290,train,2
73,7228,train,4
73,890,train,2
73,4378,train,1
73,4498,train,2
73,6316,train,0
73,1292,train,4
73,4231,train,9
73,1992,train,3
73,3901,train,9
73,5657,train,2
73,1981,train,6
73,822,train,4
73,4285,train,7
73,7088,train,5
73,3382,train,6
73,4843,train,3
73,1938,train,4
73,1824,train,7
73,2015,train,0
73,161,train,2
73,3660,train,0
73,3030,train,7
73,0,train,7
73,3838,train,4
73,2386,train,8
73,4102,train,1
73,3352,train,9
73,1027,train,7
73,2811,train,5
73,1252,train,3
73,2146,train,9
73,1599,train,4
73,5760,train,8
73,4931,train,8
73,5036,train,4
73,2489,train,5
73,6385,train,1
73,4299,train,8
73,1734,train,9
73,1276,train,3
73,6011,train,2
73,3414,train,2
73,5017,train,2
73,2905,train,0
73,5463,train,2
73,5588,train,0
73,305,train,2
73,5957,train,2
73,568,train,9
73,911,train,4
73,3065,train,2
73,5461,train,0
73,6560,train,0
73,7116,train,9
73,2289,train,0
73,2773,train,2
73,6109,train,0
73,6583,train,0
73,1352,train,3
73,6800,train,1
73,7002,train,8
73,2575,train,5
73,4137,train,4
73,6940,train,1
73,561,train,0
73,5721,train,2
73,4150,train,7
73,3276,train,9
73,5437,train,0
73,155,train,6
73,5090,train,8
73,5058,train,2
73,2012,train,7
73,4354,train,1
73,1329,train,8
73,3836,train,5
73,4029,train,7
73,1726,train,6
73,289,train,5
73,1181,train,1
73,5854,train,0
73,2790,train,0
73,6019,train,6
73,3888,train,3
73,507,train,7
73,3335,train,4
73,358,train,0
73,4812,train,7
73,1121,train,7
73,6962,train,2
73,2713,train,6
73,880,train,5
73,3160,train,6
73,4030,train,6
73,64,train,4
73,4703,train,9
73,38,train,8
73,4973,train,7
73,5686,train,8
73,3849,train,2
73,3862,train,2
73,5115,train,2
73,5730,train,0
73,6188,train,0
73,1349,train,2
73,566,train,6
73,3983,train,7
73,1455,train,8
73,5734,train,5
73,2152,train,2
73,5878,train,0
73,4983,train,0
73,5400,train,5
73,5291,train,6
73,7248,train,9
73,6260,train,0
73,763,train,4
73,221,train,3
73,5568,train,8
73,3999,train,4
73,6428,train,8
73,2330,train,6
73,5530,train,9
73,1309,train,6
73,1443,train,1
73,1106,train,3
73,5846,train,0
73,5018,train,0
73,6938,train,9
73,2158,train,2
73,4116,train,6
73,4449,train,0
73,4412,train,5
73,2114,train,9
73,3601,train,1
73,1865,train,8
73,5476,train,9
73,111,train,3
73,1493,train,6
73,2141,train,2
73,418,train,2
73,4556,train,2
73,6203,train,9
73,2389,train,0
73,2741,train,8
73,1025,train,3
73,235,train,9
73,7275,train,1
73,6494,train,5
73,1417,train,2
73,3828,train,3
73,2490,train,5
73,4210,train,8
73,105,train,5
73,7102,train,0
73,4966,train,5
73,5546,train,1
73,6651,train,0
73,1577,train,0
73,6513,train,8
73,3344,train,6
73,2565,train,2
73,3422,train,7
73,1317,train,0
73,167,train,0
73,6853,train,8
73,4274,train,3
73,3035,train,1
73,5294,train,1
73,5928,train,5
73,7142,train,3
73,4568,train,1
73,2986,train,4
73,6549,train,4
73,5257,train,1
73,2958,train,2
73,638,train,1
73,6689,train,9
73,614,train,3
73,1496,train,0
73,4106,train,4
73,2443,train,0
73,6807,train,0
73,3536,train,4
73,644,train,0
73,5867,train,4
73,555,train,4
73,5692,train,7
73,3871,train,4
73,5450,train,5
73,5853,train,8
73,872,train,6
73,1062,train,2
73,1244,train,0
73,2329,train,5
73,3936,train,4
73,4740,train,3
73,5968,train,3
73,6782,train,0
73,4005,train,6
73,1043,train,0
73,4465,train,5
73,3350,train,4
73,6116,train,4
73,2817,train,4
73,4528,train,5
73,6371,train,4
73,2805,train,9
73,3434,train,9
73,7214,train,5
73,3744,train,5
73,4076,train,9
73,5609,train,1
73,4790,train,8
73,1748,train,2
73,665,train,1
73,1104,train,8
73,1856,train,9
73,6213,train,3
73,1537,train,3
73,6155,train,3
73,2598,train,7
73,2951,train,3
73,6507,train,9
73,734,train,4
73,1378,train,0
73,2307,train,2
73,5231,train,9
73,2872,train,7
73,7195,train,5
73,1534,train,5
73,7343,train,6
73,1742,train,1
73,959,train,6
73,4939,train,8
73,5741,train,9
73,2714,train,3
73,5375,train,7
73,2965,train,0
73,3355,train,6
73,3135,train,3
73,6509,train,4
73,2601,train,7
73,1270,train,1
73,4199,train,1
73,5768,train,6
73,5881,train,1
73,2185,train,3
73,2616,train,0
73,667,train,0
73,2083,train,8
73,6656,train,4
73,6425,train,6
73,3401,train,8
73,6029,train,6
73,1156,train,6
73,1368,train,8
73,5235,train,3
73,4760,train,9
73,6291,train,5
73,5604,train,5
73,267,train,6
73,6818,train,0
73,680,train,1
73,7016,train,6
73,3451,train,4
73,4952,train,7
73,7300,train,8
73,2940,train,5
73,4305,train,8
73,5593,train,7
73,747,train,2
73,6455,train,3
73,6784,train,6
73,1261,train,6
73,3994,train,3
73,2422,train,5
73,2813,train,1
73,2651,train,0
73,3125,train,3
73,1418,train,9
73,6786,train,0
73,5922,train,0
73,5791,train,3
73,280,train,7
73,68,train,0
73,6871,train,1
73,3371,train,9
73,5490,train,7
73,7067,train,9
73,3769,train,9
73,716,train,5
73,579,train,5
73,7066,train,4
73,6638,train,8
73,1153,train,4
73,1457,train,2
73,2342,train,0
73,6561,train,8
73,5056,train,6
73,1532,train,1
73,5089,train,9
73,3644,train,5
73,2822,train,1
73,244,train,0
73,5570,train,2
73,5354,train,0
73,1668,train,4
73,6470,train,2
73,3745,train,7
73,4212,train,3
73,885,train,1
73,3965,train,1
73,7096,train,7
73,2812,train,5
73,313,train,8
73,6033,train,4
73,1458,train,0
73,1340,train,8
73,4335,train,6
73,6934,train,5
73,6325,train,6
73,6502,train,4
73,2989,train,1
73,3456,train,1
73,5654,train,9
73,4876,train,9
73,4140,train,8
73,645,train,9
73,6342,train,2
73,4954,train,0
73,3982,train,7
73,7092,train,9
73,6765,train,7
73,3265,train,7
73,3585,train,0
73,4481,train,9
73,5448,train,2
73,3487,train,5
73,5862,train,8
73,2229,train,0
73,5656,train,4
73,7046,train,6
73,886,train,6
73,3225,train,7
73,4783,train,7
73,4311,train,6
73,4323,train,2
73,5108,train,9
73,6063,train,9
73,2086,train,2
73,37,train,1
73,1462,train,4
73,5054,train,3
73,346,train,1
73,4409,train,2
73,2700,train,6
73,2691,train,1
73,7040,train,6
73,3424,train,7
73,2062,train,4
73,4062,train,1
73,1771,train,0
73,366,train,3
73,477,train,8
73,372,train,7
73,6475,train,2
73,5477,train,6
73,1669,train,4
73,7077,train,4
73,386,train,7
73,27,train,5
73,1554,train,2
73,2487,train,8
73,4827,train,3
73,1284,train,3
73,5559,train,5
73,3628,train,5
73,324,train,0
73,7240,train,1
73,2682,train,8
73,1010,train,5
73,4930,train,0
73,5322,train,6
73,6261,train,6
73,4194,train,1
73,152,train,8
73,187,train,7
73,3181,train,9
73,1621,train,9
73,2009,train,4
73,6262,train,4
73,6136,train,3
73,5651,train,1
73,3902,train,9
73,2744,train,7
73,1657,train,7
73,6572,train,6
73,4315,train,2
73,4399,train,3
73,295,train,5
73,7186,train,3
73,6093,train,0
73,4205,train,3
73,935,train,0
73,2242,train,6
73,5297,train,4
73,144,train,3
73,2291,train,2
73,5003,train,0
73,5110,train,7
73,5817,train,1
73,2241,train,4
73,3612,train,1
73,3996,train,8
73,7065,train,7
73,5719,train,7
73,5417,train,5
73,643,train,0
73,3273,train,9
73,5587,train,6
73,2095,train,0
73,3530,train,1
73,7055,train,4
73,4380,train,0
73,1931,train,3
73,476,train,9
73,6624,train,2
73,5206,train,2
73,2358,train,3
73,339,train,9
73,485,train,0
73,4670,train,6
73,6264,train,5
73,1054,train,1
73,3990,train,4
73,3339,train,1
73,5748,train,5
73,6753,train,2
73,5980,train,4
73,1447,train,4
73,2821,train,4
73,2180,train,5
73,2025,train,7
73,5092,train,6
73,6659,train,5
73,7322,train,1
73,2049,train,5
73,1313,train,2
73,3749,train,3
73,296,train,2
73,1867,train,4
73,3093,train,7
73,2522,train,1
73,2630,train,1
73,1402,train,8
73,4263,train,0
73,4699,train,6
73,5634,train,2
73,4301,train,5
73,6915,train,3
73,4862,train,3
73,4505,train,9
73,1501,train,8
73,7068,train,5
73,1535,train,7
73,6727,train,8
73,3275,train,9
73,5468,train,5
73,2788,train,7
73,1056,train,2
73,47,train,4
73,2164,train,1
73,884,train,9
73,3204,train,0
73,341,train,3
73,3098,train,1
73,3026,train,5
73,2447,train,3
73,1307,train,4
73,4337,train,4
73,2880,train,7
73,6847,train,0
73,1231,train,9
73,6432,train,8
73,1926,train,6
73,383,train,6
73,1517,train,0
73,2034,train,9
73,611,train,1
73,6686,train,2
73,3365,train,1
73,1583,train,1
73,178,train,8
73,4179,train,6
73,876,train,5
73,102,train,3
73,508,train,8
73,5902,train,3
73,545,train,3
73,5382,train,6
73,907,train,7
73,3853,train,1
73,5996,train,8
73,5134,train,6
73,6531,train,4
73,6589,train,0
73,1089,train,0
73,4038,train,0
73,6759,train,3
73,3969,train,5
73,4391,train,4
73,1873,train,8
73,3652,train,9
73,4854,train,0
73,1475,train,7
73,1682,train,3
73,1384,train,4
73,1986,train,8
73,245,train,5
73,2678,train,8
73,6885,train,4
73,2629,train,1
73,5192,train,2
73,3230,train,2
73,5749,train,4
73,7196,train,9
73,6644,train,0
73,1528,train,3
73,2968,train,6
73,6255,train,4
73,4131,train,6
73,3719,train,4
73,6862,train,9
73,4795,train,3
73,7053,train,9
73,350,train,6
73,4209,train,6
73,2340,train,6
73,5755,train,3
73,813,train,5
73,1232,train,2
73,1084,train,8
73,6117,train,3
73,4363,train,0
73,793,train,2
73,6165,train,0
73,2231,train,0
73,5218,train,9
73,6185,train,5
73,1302,train,6
73,7180,train,5
73,3733,train,4
73,1987,train,9
73,3480,train,1
73,3943,train,0
73,4239,train,7
73,7243,train,9
73,5029,train,3
73,6692,train,9
73,2995,train,4
73,5409,train,9
73,1506,train,4
73,5952,train,5
73,2667,train,2
73,7050,train,7
73,4290,train,3
73,6978,train,0
73,2211,train,7
73,4353,train,5
73,4388,train,4
73,7080,train,8
73,340,train,5
73,2852,train,0
73,2567,train,2
73,7242,train,3
73,1150,train,6
73,5874,train,6
73,1831,train,6
73,5713,train,7
73,4948,train,4
73,33,train,8
73,3477,train,6
73,5765,train,9
73,6458,train,0
73,4561,train,3
73,1627,train,8
73,466,train,7
73,4841,train,2
73,177,train,0
73,6327,train,1
73,1641,train,8
73,5645,train,5
73,576,train,6
73,1144,train,0
73,359,train,5
73,920,train,5
73,4878,train,4
73,1476,train,8
73,4807,train,4
73,3992,train,3
73,5606,train,2
73,5160,train,9
73,933,train,4
73,5026,train,9
73,7048,train,7
73,6772,train,5
73,2218,train,6
73,2785,train,6
73,5210,train,6
73,7119,train,4
73,2547,train,8
73,3005,train,0
73,4887,train,4
73,4182,train,4
73,5116,train,3
73,3711,train,1
73,5167,train,5
73,2149,train,2
73,1394,train,1
73,1929,train,8
73,2154,train,1
73,90,train,7
73,1171,train,4
73,1871,train,2
73,3133,train,3
73,1841,train,6
73,1977,train,5
73,989,train,4
73,6930,train,7
73,768,train,9
73,5624,train,8
73,782,train,0
73,751,train,7
73,5627,train,2
73,7043,train,4
73,3306,train,8
73,3636,train,5
73,7346,train,8
73,3993,train,1
73,4312,train,1
73,6277,train,5
73,708,train,1
73,3254,train,8
73,2040,train,4
73,123,train,3
73,2235,train,6
73,6246,train,1
73,6742,train,1
73,5497,train,9
73,3986,train,7
73,5416,train,8
73,1687,train,4
73,5385,train,4
73,6868,train,4
73,7181,train,9
73,7219,train,0
73,7272,train,3
73,4063,train,2
73,1773,train,3
73,4441,train,9
73,5295,train,3
73,1433,train,6
73,2361,train,0
73,2843,train,5
73,6083,train,2
73,6294,train,3
73,1706,train,5
73,1376,train,2
73,2602,train,8
73,2063,train,5
73,845,train,2
73,6400,train,2
73,6779,train,1
73,5351,train,6
73,6704,train,2
73,3287,train,3
73,1334,train,9
73,2424,train,5
73,6361,train,8
73,1801,train,4
73,5070,train,8
73,2697,train,6
73,4940,train,3
73,4518,train,1
73,2179,train,4
73,3006,train,0
73,5821,train,3
73,969,train,5
73,501,train,0
73,6567,train,8
73,22,train,8
73,2138,train,6
73,3353,train,7
73,922,train,2
73,567,train,1
73,5313,train,2
73,5357,train,5
73,660,train,8
73,2868,train,3
73,7005,train,7
73,6909,train,6
73,5432,train,2
73,2681,train,7
73,1068,train,8
73,5164,train,8
73,5974,train,1
73,3552,train,8
73,7224,train,5
73,242,train,7
73,6312,train,4
73,5506,train,8
73,5270,train,2
73,97,train,8
73,2372,train,5
73,6892,train,1
73,4156,train,7
73,6408,train,1
73,5425,train,8
73,963,train,9
73,6049,train,2
73,3014,train,2
73,2444,train,9
73,6968,train,7
73,5366,train,0
73,4036,train,6
73,4008,train,0
73,4402,train,0
73,4662,train,4
73,2284,train,8
73,2808,train,8
73,6300,train,4
73,532,train,8
73,260,train,9
73,6280,train,3
73,558,train,9
73,6219,train,7
73,2711,train,4
73,6003,train,8
73,5866,train,7
73,5984,train,0
73,4453,train,7
73,4022,train,0
73,2433,train,2
73,3851,train,7
73,3084,train,5
73,3393,train,1
73,926,train,9
73,7331,train,1
73,1984,train,4
73,3076,train,7
73,443,train,4
73,4366,train,8
73,1522,train,8
73,6896,train,3
73,3641,train,1
73,3367,train,7
73,5540,train,3
73,1271,train,8
73,2694,train,4
73,6411,train,2
73,2747,train,2
73,595,train,5
73,6776,train,7
73,4671,train,0
73,538,train,5
73,2840,train,4
73,4834,train,4
73,292,train,6
73,3403,train,2
73,4514,train,1
73,2029,train,4
73,5816,train,2
73,2293,train,5
73,6667,train,9
73,741,train,2
73,4642,train,0
73,3534,train,7
73,4021,train,2
73,4520,train,9
73,3687,train,9
73,2621,train,3
73,6337,train,6
73,1834,train,5
73,6954,train,8
73,7333,train,8
73,1281,train,9
73,1572,train,0
73,3128,train,0
73,4723,train,8
73,1936,train,3
73,4098,train,5
73,2512,train,1
73,5794,train,5
73,3062,train,4
73,2078,train,3
73,3768,train,4
73,4623,train,0
73,3191,train,4
73,3249,train,9
73,6222,train,4
73,2619,train,2
73,6332,train,3
73,2791,train,3
73,5168,train,4
73,3686,train,3
73,6989,train,1
73,2438,train,4
73,6099,train,1
73,4295,train,1
73,1426,train,2
73,6140,train,1
73,6145,train,9
73,2664,train,8
73,687,train,8
73,2772,train,9
73,837,train,1
73,1838,train,9
73,2430,train,2
73,4203,train,3
73,2584,train,7
73,524,train,6
73,3031,train,6
73,3906,train,9
73,29,train,7
73,302,train,4
73,5278,train,7
73,2432,train,6
73,5944,train,6
73,4655,train,3
73,1815,train,8
73,4251,train,0
73,4427,train,9
73,2826,train,7
73,6626,train,7
73,1760,train,1
73,4490,train,6
73,2454,train,8
73,4172,train,7
73,4810,train,8
73,1651,train,5
73,1118,train,6
73,6612,train,6
73,4594,train,9
73,1725,train,5
73,261,train,7
73,3146,train,3
73,323,train,1
73,1585,train,3
73,4187,train,7
73,2920,train,0
73,4675,train,2
73,869,train,8
73,3163,train,0
73,6090,train,1
73,6241,train,2
73,2463,train,4
73,3607,train,5
73,6523,train,0
73,2739,train,4
73,489,train,1
73,1422,train,6
73,338,train,7
73,5696,train,0
73,3210,train,6
73,6196,train,7
73,7082,train,7
73,3950,train,4
73,1622,train,9
73,4234,train,6
73,6541,train,7
73,5436,train,6
73,912,train,0
73,2921,train,7
73,5652,train,2
73,3581,train,2
73,4895,train,2
73,3549,train,8
73,5285,train,6
73,3908,train,8
73,540,train,0
73,2429,train,2
73,1676,train,0
73,6720,train,5
73,2670,train,6
73,7359,train,4
73,4162,train,1
73,7308,train,2
73,41,train,8
73,3802,train,0
73,4637,train,9
73,6102,train,0
73,3363,train,0
73,3324,train,1
73,1877,train,5
73,3207,train,1
73,1082,train,8
73,1404,train,6
73,2730,train,9
73,2210,train,3
73,917,train,4
73,6625,train,0
73,2728,train,1
73,6363,train,9
73,6347,train,2
73,3384,train,0
73,1939,train,5
73,6956,train,6
73,4856,train,2
73,1439,train,9
73,4777,train,2
73,5156,train,5
73,1061,train,4
73,2143,train,0
73,2167,train,4
73,7324,train,8
73,2216,train,0
73,6601,train,6
73,632,train,5
73,1129,train,0
73,1310,train,2
73,6922,train,6
73,6953,train,8
73,4678,train,1
73,3322,train,8
73,6763,train,6
73,1296,train,6
73,4673,train,6
73,491,train,1
73,5800,train,0
73,2206,train,9
73,4019,train,1
73,6001,train,3
73,146,train,1
73,7210,train,3
73,7326,train,1
73,3806,train,2
73,712,train,4
73,1617,train,7
73,1199,train,0
73,2317,train,8
73,4474,train,0
73,921,train,0
73,3814,train,9
73,2282,train,8
73,4957,train,8
73,1432,train,7
73,7202,train,1
73,2654,train,3
73,5888,train,6
73,5871,train,7
73,6245,train,4
73,50,train,9
73,4716,train,3
73,2869,train,1
73,2360,train,0
73,4977,train,0
73,5328,train,1
73,326,train,6
73,3712,train,6
73,1909,train,1
73,4099,train,6
73,5182,train,1
73,776,train,0
73,2467,train,0
73,374,train,6
73,4188,train,9
73,4988,train,1
73,4663,train,9
73,3750,train,4
73,4466,train,1
73,3037,train,2
73,2374,train,2
73,3680,train,2
73,7106,train,4
73,367,train,2
73,6173,train,2
73,4153,train,9
73,879,train,3
73,3517,train,9
73,6355,train,9
73,1756,train,3
73,5889,train,4
73,5195,train,0
73,5126,train,4
73,2519,train,4
73,4223,train,4
73,463,train,0
73,5386,train,1
73,6035,train,2
73,6967,train,6
73,3527,train,3
73,4559,train,1
73,3630,train,4
73,1780,train,1
73,1073,train,2
73,6728,train,4
73,4259,train,7
73,6287,train,1
73,3313,train,8
73,5025,train,4
73,7162,train,4
73,3639,train,8
73,2883,train,4
73,2745,train,4
73,728,train,5
73,1009,train,5
73,2577,train,0
73,6925,train,9
73,7021,train,3
73,5932,train,6
73,1325,train,8
73,6053,train,5
73,325,train,2
73,4504,train,9
73,4293,train,9
73,1486,train,5
73,3538,train,1
73,390,train,5
73,4524,train,1
73,2538,train,9
73,2957,train,4
73,3958,train,9
73,3880,train,3
73,2855,train,4
73,593,train,0
73,1861,train,9
73,6695,train,5
73,5479,train,8
73,5405,train,8
73,2435,train,2
73,2320,train,4
73,51,train,5
73,2388,train,0
73,4600,train,3
73,5725,train,8
73,4920,train,2
73,4704,train,3
73,1303,train,5
73,2589,train,2
73,3882,train,6
73,2396,train,4
73,352,train,5
73,754,train,1
73,4917,train,0
73,5611,train,2
73,5047,train,0
73,2041,train,2
73,4824,train,4
73,2911,train,7
73,966,train,5
73,5753,train,5
73,6429,train,2
73,6438,train,1
73,5491,train,2
73,5228,train,2
73,4605,train,2
73,3243,train,1
73,3115,train,4
73,4147,train,4
73,2150,train,6
73,5345,train,0
73,1602,train,6
73,3933,train,2
73,3622,train,8
73,1021,train,4
73,4440,train,1
73,3887,train,5
73,7155,train,1
73,3463,train,1
73,3248,train,7
73,787,train,3
73,2915,train,8
73,5079,train,6
73,6059,train,8
73,941,train,2
73,5038,train,6
73,1185,train,3
73,6439,train,9
73,3269,train,9
73,1224,train,2
73,2421,train,7
73,789,train,3
73,5857,train,7
73,3083,train,8
73,2917,train,6
73,899,train,4
73,2065,train,2
73,2733,train,9
73,3481,train,1
73,7029,train,2
73,3307,train,0
73,2137,train,4
73,6920,train,1
73,1628,train,6
73,604,train,3
73,5119,train,7
73,5250,train,2
73,5635,train,9
73,5736,train,7
73,134,train,5
73,6299,train,4
73,4431,train,8
73,2186,train,5
73,2321,train,7
73,6980,train,5
73,2611,train,5
73,7007,train,4
73,5798,train,7
73,3616,train,6
73,6133,train,3
73,1604,train,7
73,1946,train,8
73,4316,train,9
73,2639,train,6
73,588,train,6
73,5775,train,5
73,6834,train,7
73,5111,train,4
73,5679,train,6
73,4408,train,5
73,1097,train,8
73,229,train,2
73,1190,train,9
73,658,train,4
73,6412,train,5
73,4995,train,6
73,6942,train,6
73,255,train,2
73,5851,train,2
73,5969,train,4
73,2452,train,2
73,6066,train,2
73,5505,train,3
73,6177,train,9
73,6639,train,0
73,5806,train,4
73,5913,train,5
73,493,train,8
73,2212,train,2
73,3111,train,0
73,2942,train,5
73,7025,train,7
73,4858,train,2
73,2863,train,8
73,1006,train,3
73,3953,train,8
73,919,train,8
73,5334,train,8
73,7338,train,9
73,4825,train,3
73,306,train,8
73,3402,train,5
73,6106,train,9
73,5379,train,6
73,2756,train,5
73,1996,train,1
73,500,train,2
73,3106,train,5
73,1193,train,0
73,4987,train,8
73,6232,train,3
73,1839,train,0
73,6073,train,6
73,5084,train,7
73,4693,train,8
73,2208,train,0
73,6207,train,8
73,3211,train,9
73,717,train,0
73,4313,train,3
73,6947,train,1
73,2030,train,6
73,2789,train,3
73,4936,train,3
73,5756,train,6
73,3633,train,4
73,2300,train,2
73,1515,train,6
73,4218,train,7
73,6186,train,7
73,4395,train,1
73,7100,train,4
73,5426,train,9
73,2222,train,1
73,5159,train,8
73,881,train,4
73,4511,train,3
73,4506,train,4
73,3697,train,4
73,5227,train,0
73,6341,train,9
73,3730,train,1
73,758,train,0
73,1471,train,3
73,502,train,4
73,6194,train,0
73,412,train,3
73,6675,train,1
73,2074,train,3
73,1761,train,6
73,2966,train,5
73,1168,train,7
73,3634,train,9
73,1425,train,2
73,3724,train,8
73,2196,train,2
73,2253,train,1
73,2155,train,7
73,406,train,7
73,6882,train,4
73,112,train,3
73,3977,train,6
73,448,train,0
73,4962,train,9
73,7361,train,1
73,234,train,4
73,1490,train,6
73,3516,train,9
73,515,train,2
73,1829,train,0
73,4855,train,2
73,4929,train,1
73,2202,train,0
73,6499,train,4
73,1166,train,3
73,3979,train,3
73,7187,train,2
73,2624,train,5
73,4864,train,0
73,3264,train,6
73,6014,train,4
73,2270,train,4
73,2187,train,9
73,4189,train,1
73,2646,train,5
73,6130,train,6
73,3595,train,6
73,6640,train,3
73,2323,train,8
73,5977,train,7
73,3627,train,2
73,6052,train,2
73,6843,train,4
73,715,train,4
73,3138,train,4
73,6208,train,0
73,3706,train,6
73,5233,train,3
73,4407,train,1
73,6787,train,3
73,1344,train,6
73,1142,train,1
73,3637,train,1
73,3747,train,4
73,6662,train,8
73,7037,train,2
73,1741,train,1
73,1707,train,3
73,1191,train,4
73,7244,train,6
73,117,train,7
73,616,train,7
73,6992,train,5
73,987,train,0
73,4781,train,1
73,4905,train,7
73,6326,train,2
73,1671,train,9
73,2132,train,2
73,3521,train,6
73,1866,train,3
73,6,train,7
73,5419,train,2
73,592,train,7
73,1154,train,3
73,5516,train,8
73,2045,train,7
73,1178,train,1
73,169,train,4
73,61,train,2
73,6421,train,4
73,6548,train,8
73,740,train,7
73,3082,train,0
73,377,train,6
73,797,train,1
73,4581,train,9
73,2347,train,0
73,3053,train,4
73,6055,train,5
73,1267,train,7
73,6691,train,4
73,1618,train,3
73,151,train,5
73,1614,train,9
73,6722,train,3
73,4821,train,5
73,7318,train,1
73,5088,train,6
73,6031,train,8
73,4554,train,6
73,2987,train,6
73,4023,train,6
73,2688,train,2
73,4789,train,7
73,3610,train,2
73,6680,train,0
73,788,train,5
73,4608,train,3
73,2564,train,5
73,5173,train,8
73,1483,train,1
73,910,train,9
73,6444,train,7
73,388,train,1
73,1265,train,3
73,6919,train,0
73,1359,train,0
73,7146,train,6
73,548,train,8
73,6308,train,4
73,4717,train,9
73,4138,train,9
73,2676,train,7
73,1516,train,0
73,4873,train,4
73,1083,train,7
73,4473,train,4
73,5215,train,5
73,3437,train,9
73,3095,train,3
73,2723,train,6
73,6503,train,9
73,4376,train,3
73,6504,train,2
73,7286,train,7
73,5388,train,7
73,954,train,8
73,4819,train,0
73,2349,train,0
73,170,train,3
73,5066,train,4
73,5421,train,1
73,2272,train,2
73,3094,train,5
73,6390,train,3
73,1705,train,4
73,7108,train,3
73,4144,train,5
73,3974,train,7
73,4002,train,1
73,1370,train,9
73,5355,train,9
73,59,train,8
73,1446,train,0
73,7292,train,9
73,1449,train,5
73,3704,train,2
73,4960,train,7
73,2531,train,1
73,1694,train,3
73,222,train,2
73,1246,train,8
73,1696,train,4
73,6532,train,1
73,2725,train,0
73,5402,train,2
73,5539,train,8
73,2870,train,5
73,1894,train,2
73,3061,train,4
73,1950,train,7
73,4061,train,2
73,6666,train,7
73,427,train,7
73,3590,train,5
73,2637,train,9
73,891,train,3
73,2964,train,1
73,883,train,0
73,7201,train,5
73,6127,train,1
73,2775,train,3
73,5101,train,9
73,1698,train,5
73,4728,train,3
73,5081,train,8
73,329,train,8
73,2437,train,0
73,4195,train,1
73,6932,train,2
73,6218,train,4
73,7024,train,4
73,811,train,5
73,786,train,8
73,2529,train,7
73,4281,train,0
73,4990,train,2
73,2118,train,5
73,1582,train,1
73,6025,train,8
73,2831,train,4
73,2582,train,4
73,6050,train,4
73,304,train,6
73,6568,train,8
73,2606,train,4
73,1007,train,7
73,7188,train,6
73,1724,train,5
73,6803,train,1
73,4724,train,4
73,3617,train,3
73,357,train,6
73,4547,train,4
73,5915,train,7
73,5151,train,5
73,3357,train,6
73,694,train,2
73,735,train,6
73,4237,train,3
73,5554,train,2
73,6336,train,7
73,1202,train,0
73,6506,train,5
73,4252,train,9
73,6084,train,9
73,495,train,4
73,1440,train,2
73,1509,train,6
73,3904,train,9
73,4452,train,9
73,2117,train,6
73,3573,train,2
73,1048,train,8
73,3408,train,1
73,902,train,4
73,6345,train,1
73,6924,train,1
73,4820,train,2
73,288,train,1
73,5200,train,8
73,2510,train,1
73,207,train,5
73,5925,train,9
73,6344,train,8
73,4934,train,5
73,6873,train,4
73,2458,train,1
73,4626,train,4
73,2603,train,2
73,361,train,8
73,6230,train,6
73,4185,train,7
73,6950,train,0
73,2792,train,4
73,2814,train,2
73,6257,train,2
73,2431,train,2
73,5621,train,5
73,1385,train,3
73,7231,train,2
73,2528,train,6
73,2457,train,5
73,3727,train,5
73,4589,train,2
73,1521,train,0
73,2627,train,5
73,7268,train,6
73,2943,train,2
73,216,train,0
73,1740,train,3
73,3818,train,0
73,5480,train,0
73,2007,train,3
73,986,train,0
73,4018,train,9
73,3226,train,7
73,2876,train,3
73,1915,train,5
73,2459,train,0
73,3244,train,2
73,2631,train,8
73,4831,train,5
73,415,train,6
73,5465,train,6
73,923,train,0
73,2016,train,1
73,7279,train,2
73,1717,train,6
73,3064,train,8
73,4500,train,0
73,7094,train,2
73,2609,train,5
73,6250,train,0
73,2735,train,7
73,582,train,7
73,4371,train,0
73,5023,train,1
73,3856,train,7
73,3765,train,7
73,2378,train,9
73,3122,train,8
73,2758,train,3
73,3935,train,5
73,4625,train,9
73,1434,train,4
73,5117,train,6
73,437,train,5
73,2976,train,6
73,184,train,6
73,3707,train,8
73,3715,train,1
73,7299,train,8
73,1480,train,9
73,2947,train,3
73,1579,train,4
73,5296,train,5
73,783,train,2
73,4110,train,5
73,855,train,0
73,936,train,2
73,3893,train,6
73,5561,train,6
73,3934,train,0
73,2011,train,5
73,547,train,3
73,5887,train,8
73,6537,train,9
73,7263,train,4
73,3693,train,0
73,3944,train,1
73,4985,train,9
73,4881,train,9
73,1665,train,1
73,2500,train,1
73,4770,train,4
73,1335,train,4
73,5306,train,7
73,3374,train,2
73,6290,train,5
73,5501,train,7
73,3782,train,7
73,5030,train,1
73,200,train,8
73,4181,train,4
73,1797,train,1
73,5839,train,8
73,4382,train,8
73,5376,train,9
73,5176,train,6
73,3558,train,6
73,940,train,5
73,4494,train,0
73,6366,train,1
73,6258,train,1
73,5744,train,6
73,3291,train,8
73,5831,train,8
73,6467,train,9
73,3155,train,5
73,1406,train,0
73,4017,train,0
73,5876,train,2
73,4228,train,3
73,1210,train,9
73,5685,train,6
73,3681,train,1
73,4059,train,2
73,666,train,1
73,5813,train,0
73,2159,train,1
73,6598,train,5
73,3148,train,9
73,1934,train,4
73,942,train,7
73,2115,train,4
73,5912,train,9
73,7363,train,4
73,6522,train,5
73,3107,train,4
73,6021,train,0
73,5855,train,0
73,3406,train,6
73,3224,train,5
73,2175,train,3
73,188,train,6
73,7084,train,0
73,226,train,8
73,4186,train,0
73,3835,train,6
73,2044,train,7
73,103,train,7
73,1584,train,8
73,5750,train,0
73,54,train,0
73,4785,train,7
73,438,train,9
73,230,train,6
73,5057,train,7
73,1980,train,1
73,1211,train,0
73,5555,train,9
73,2912,train,7
73,3295,train,0
73,6935,train,5
73,71,train,9
73,6148,train,2
73,1057,train,0
73,2466,train,5
73,1662,train,4
73,5594,train,6
73,5473,train,6
73,6115,train,4
73,6809,train,8
73,5726,train,0
73,3576,train,6
73,4202,train,5
73,3326,train,0
73,1955,train,5
73,5515,train,9
73,6023,train,6
73,7362,train,8
73,4419,train,6
73,2085,train,7
73,3169,train,5
73,6711,train,7
73,4111,train,0
73,5486,train,3
73,4235,train,9
73,5550,train,3
73,1854,train,9
73,2998,train,4
73,896,train,2
73,5805,train,5
73,6710,train,9
73,3159,train,5
73,7175,train,0
73,136,train,2
73,5471,train,9
73,5700,train,0
73,3162,train,5
73,4963,train,4
73,1566,train,8
73,2338,train,3
73,2571,train,7
73,3088,train,4
73,5097,train,2
73,510,train,3
73,4792,train,3
73,1963,train,2
73,99,train,3
73,2520,train,8
73,5283,train,9
73,3387,train,7
73,946,train,9
73,4950,train,2
73,3920,train,3
73,3886,train,1
73,4079,train,4
73,2874,train,3
73,2130,train,1
73,7290,train,7
73,6254,train,7
73,5909,train,7
73,4672,train,4
73,3742,train,2
73,494,train,8
73,7157,train,3
73,2755,train,4
73,6608,train,2
73,4747,train,3
73,2703,train,3
73,988,train,2
73,7320,train,2
73,3632,train,8
73,1905,train,3
73,639,train,3
73,7347,train,5
73,468,train,6
73,5320,train,9
73,627,train,3
73,3605,train,1
73,1347,train,6
73,2718,train,6
73,5823,train,9
73,4331,train,4
73,210,train,9
73,4686,train,0
73,6796,train,7
73,675,train,0
73,153,train,6
73,1945,train,3
73,4121,train,3
73,2882,train,9
73,2836,train,4
73,7083,train,0
73,1880,train,3
73,7022,train,3
73,93,train,4
73,4068,train,2
73,1382,train,0
73,4429,train,3
73,2737,train,4
73,5012,train,2
73,3932,train,1
73,5071,train,6
73,2579,train,5
73,3663,train,3
73,691,train,2
73,1643,train,5
73,6562,train,3
73,1069,train,4
73,1253,train,4
73,4591,train,9
73,3012,train,1
73,5707,train,9
73,2648,train,7
73,1518,train,4
73,4859,train,2
73,5938,train,7
73,5961,train,9
73,300,train,2
73,916,train,3
73,2561,train,3
73,1362,train,4
73,6399,train,3
73,1298,train,9
73,7010,train,4
73,4216,train,8
73,5230,train,0
73,1775,train,8
73,173,train,7
73,2885,train,3
73,3180,train,2
73,2484,train,1
73,762,train,1
73,6668,train,7
73,2706,train,1
73,5918,train,2
73,4191,train,9
73,3872,train,1
73,2969,train,2
73,2898,train,7
73,5576,train,7
73,6732,train,8
73,7345,train,2
73,6615,train,0
73,1256,train,7
73,5179,train,3
73,231,train,8
73,6081,train,5
73,1754,train,5
73,3544,train,6
73,1274,train,3
73,1659,train,3
73,1260,train,5
73,4914,train,4
73,3044,train,8
73,4555,train,3
73,4143,train,0
73,3354,train,8
73,1610,train,5
73,1070,train,6
73,1473,train,8
73,215,train,4
73,3055,train,7
73,4319,train,9
73,2815,train,4
73,413,train,3
73,3689,train,2
73,5835,train,8
73,6210,train,8
73,2715,train,0
73,4644,train,1
73,4088,train,6
73,3941,train,6
73,7282,train,9
73,2981,train,3
73,3964,train,2
73,5890,train,7
73,5986,train,4
73,5585,train,9
73,2909,train,1
73,273,train,7
73,4253,train,6
73,3176,train,8
73,731,train,9
73,2273,train,0
73,2133,train,8
73,1788,train,5
73,282,train,7
73,1500,train,3
73,4291,train,7
73,853,train,5
73,101,train,0
73,1115,train,3
73,4342,train,9
73,7260,train,8
73,6709,train,5
73,1401,train,9
73,5415,train,5
73,4891,train,0
73,4614,train,4
73,5966,train,9
73,5178,train,0
73,6298,train,4
73,5608,train,9
73,4624,train,9
73,1360,train,0
73,5187,train,4
73,1557,train,0
73,343,train,8
73,534,train,9
73,1849,train,8
73,4916,train,3
73,6505,train,8
73,5614,train,8
73,1481,train,0
73,5524,train,6
73,6192,train,3
73,3178,train,3
73,5564,train,4
73,6634,train,8
73,31,train,5
73,3323,train,0
73,5141,train,5
73,1105,train,8
73,2894,train,5
73,5936,train,1
73,859,train,4
73,5165,train,8
73,6466,train,6
73,870,train,2
73,5743,train,5
73,5930,train,6
73,4992,train,6
73,4227,train,8
73,2091,train,0
73,5439,train,2
73,1179,train,0
73,3199,train,9
73,7315,train,2
73,1697,train,5
73,5037,train,6
73,5626,train,7
73,1731,train,5
73,5892,train,3
73,3931,train,0
73,3119,train,4
73,3256,train,1
73,1564,train,6
73,2244,train,2
73,6660,train,4
73,3883,train,8
73,2333,train,1
73,7081,train,9
73,3690,train,9
73,2383,train,1
73,3435,train,5
73,5053,train,0
73,1364,train,5
73,5947,train,5
73,4264,train,4
73,5620,train,4
73,4094,train,5
73,6573,train,9
73,266,train,4
73,5207,train,9
73,7211,train,6
73,3985,train,7
73,2622,train,1
73,6841,train,5
73,2705,train,7
73,214,train,7
73,452,train,4
73,1429,train,2
73,84,train,6
73,4904,train,8
73,733,train,8
73,3465,train,8
73,1015,train,1
73,4650,train,0
73,4122,train,9
73,2586,train,2
73,3482,train,4
73,5638,train,6
73,3340,train,5
73,6418,train,8
73,2897,train,1
73,1608,train,6
73,4078,train,1
73,6993,train,1
73,1805,train,1
73,1983,train,0
73,1047,train,4
73,775,train,7
73,4782,train,0
73,2255,train,5
73,1899,train,7
73,3978,train,8
73,653,train,5
73,4836,train,1
73,4320,train,1
73,2680,train,9
73,4972,train,2
73,7160,train,1
73,2287,train,4
73,7278,train,0
73,7358,train,1
73,5702,train,5
73,6614,train,3
73,479,train,5
73,3918,train,7
73,114,train,8
73,1971,train,0
73,1450,train,9
73,914,train,8
73,7003,train,5
73,4771,train,6
73,6917,train,6
73,5122,train,5
73,852,train,0
73,6032,train,1
73,1514,train,9
73,4512,train,6
73,2441,train,3
73,2128,train,2
73,6676,train,4
73,7351,train,0
73,1603,train,5
73,3753,train,5
73,5543,train,8
73,2353,train,2
73,3268,train,0
73,6827,train,1
73,2423,train,4
73,1596,train,0
73,3190,train,4
73,7118,train,4
73,5335,train,8
73,3664,train,8
73,4759,train,8
73,1896,train,0
73,6391,train,7
73,6490,train,7
73,1098,train,2
73,6382,train,1
73,3036,train,4
73,5697,train,5
73,2784,train,4
73,2944,train,9
73,2590,train,0
73,7117,train,7
73,709,train,6
73,3928,train,1
73,1755,train,0
73,5323,train,2
73,1551,train,5
73,5603,train,4
73,3808,train,4
73,4945,train,4
73,4718,train,2
73,7114,train,3
73,1704,train,3
73,6905,train,1
73,860,train,6
73,5370,train,8
73,1712,train,3
73,3810,train,5
73,2988,train,0
73,3522,train,8
73,6725,train,6
73,5513,train,6
73,710,train,5
73,2198,train,4
73,286,train,7
73,5783,train,0
73,3863,train,2
73,2109,train,8
73,5302,train,0
73,7273,train,2
73,239,train,0
73,2173,train,2
73,6740,train,2
73,1876,train,1
73,7267,train,5
73,5229,train,9
73,3103,train,4
73,2195,train,3
73,4764,train,5
73,2171,train,3
73,2126,train,0
73,3238,train,5
73,1778,train,4
73,3952,train,5
73,3592,train,3
73,1888,train,1
73,6151,train,5
73,3735,train,9
73,2776,train,7
73,3777,train,1
73,385,train,3
73,2549,train,4
73,6238,train,1
73,6187,train,2
73,1674,train,8
73,2636,train,5
73,5596,train,5
73,906,train,4
73,1482,train,1
73,1961,train,1
73,6674,train,4
73,6964,train,5
73,2199,train,1
73,3288,train,5
73,3448,train,9
73,4730,train,7
73,5788,train,2
73,7069,train,7
73,2537,train,8
73,3567,train,5
73,419,train,3
73,981,train,2
73,1164,train,8
73,1571,train,7
73,7164,train,7
73,6671,train,7
73,5552,train,0
73,5163,train,0
73,3817,train,0
73,2514,train,3
73,4888,train,9
73,2451,train,9
73,2557,train,6
73,4052,train,6
73,4837,train,4
73,5541,train,1
73,4261,train,5
73,6682,train,9
73,4032,train,9
73,7250,train,6
73,2926,train,9
73,115,train,5
73,1008,train,8
73,4666,train,9
73,6097,train,7
73,107,train,4
73,5129,train,0
73,7182,train,9
73,6416,train,3
73,628,train,5
73,7327,train,2
73,2593,train,0
73,7019,train,4
73,2359,train,3
73,6998,train,6
73,94,train,6
73,1951,train,1
73,4866,train,6
73,6462,train,9
73,649,train,3
73,5049,train,3
73,2125,train,5
73,7128,train,6
73,6814,train,1
73,7147,train,3
73,3599,train,2
73,6544,train,5
73,4232,train,4
73,3786,train,9
73,3121,train,4
73,2562,train,9
73,3571,train,1
73,3466,train,7
73,3263,train,5
73,211,train,3
73,2245,train,9
73,5414,train,6
73,647,train,5
73,4272,train,8
73,878,train,0
73,4690,train,2
73,2679,train,5
73,5672,train,6
73,6790,train,0
73,6289,train,5
73,1499,train,0
73,4149,train,9
73,7131,train,6
73,873,train,5
73,2833,train,8
73,4103,train,2
73,5631,train,2
73,6020,train,9
73,2251,train,2
73,4468,train,3
73,1948,train,3
73,7169,train,5
73,3995,train,6
73,1355,train,3
73,5716,train,6
73,6743,train,8
73,3891,train,0
73,21,train,7
73,5489,train,1
73,5758,train,9
73,1188,train,4
73,4680,train,7
73,1785,train,4
73,3407,train,8
73,4455,train,9
73,4994,train,0
73,2233,train,5
73,1649,train,3
73,5046,train,4
73,5147,train,9
73,3147,train,7
73,6729,train,8
73,1835,train,9
73,4443,train,2
73,6883,train,7
73,6848,train,9
73,6259,train,7
73,4627,train,8
73,5582,train,8
73,6103,train,1
73,1917,train,8
73,1353,train,8
73,6491,train,3
73,800,train,4
73,6195,train,1
73,4616,train,8
73,6799,train,6
73,1053,train,5
73,6351,train,9
73,5410,train,5
73,6088,train,1
73,798,train,2
73,1721,train,7
73,3790,train,0
73,2385,train,0
73,2504,train,4
73,6959,train,0
73,5807,train,0
73,6343,train,1
73,142,train,1
73,698,train,8
73,1940,train,3
73,4582,train,7
73,6036,train,4
73,4896,train,6
73,4567,train,1
73,2665,train,6
73,2884,train,7
73,1241,train,5
73,3695,train,0
73,7259,train,4
73,1882,train,1
73,600,train,4
73,4478,train,1
73,6146,train,7
73,1623,train,6
73,1272,train,2
73,6741,train,7
73,40,train,1
73,270,train,0
73,3086,train,5
73,5723,train,4
73,2662,train,2
73,2460,train,4
73,2275,train,1
73,5789,train,3
73,597,train,9
73,1014,train,8
73,3087,train,7
73,2019,train,9
73,6012,train,4
73,5709,train,9
73,1954,train,5
73,3281,train,9
73,6295,train,3
73,2465,train,9
73,578,train,4
73,2124,train,3
73,470,train,6
73,5258,train,9
73,5771,train,6
73,5209,train,3
73,4117,train,7
73,145,train,8
73,3631,train,5
73,5377,train,8
73,5662,train,2
73,63,train,1
73,3046,train,5
73,3655,train,1
73,2628,train,6
73,5891,train,8
73,445,train,8
73,3696,train,1
73,5050,train,6
73,5683,train,7
73,3063,train,4
73,128,train,7
73,1264,train,2
73,5689,train,2
73,4112,train,8
73,5494,train,3
73,1451,train,0
73,1337,train,5
73,1464,train,8
73,176,train,0
73,2518,train,6
73,950,train,0
73,4612,train,9
73,1790,train,8
73,2692,train,0
73,6101,train,2
73,663,train,3
73,5718,train,4
73,4448,train,8
73,4428,train,7
73,3195,train,7
73,605,train,4
73,4982,train,7
73,2736,train,9
73,5374,train,3
73,3183,train,9
73,1823,train,6
73,4160,train,0
73,6895,train,8
73,894,train,2
73,7283,train,6
73,2668,train,7
73,6253,train,0
73,3653,train,7
73,4471,train,5
73,835,train,7
73,3237,train,4
73,3296,train,3
73,6270,train,2
73,834,train,5
73,19,train,6
73,6056,train,4
73,3751,train,8
73,5367,train,7
73,421,train,8
73,5906,train,4
73,3720,train,5
73,5859,train,3
73,5681,train,6
73,3067,train,2
73,814,train,6
73,6815,train,8
73,6516,train,0
73,2392,train,8
73,2147,train,9
73,6867,train,5
73,395,train,3
73,405,train,9
73,3613,train,3
73,3593,train,1
73,4510,train,5
73,1629,train,7
73,2348,train,1
73,3854,train,4
73,1055,train,7
73,1038,train,2
73,7325,train,6
73,2719,train,7
73,973,train,3
73,4200,train,7
73,2080,train,3
73,3699,train,9
73,6228,train,9
73,7264,train,7
73,249,train,9
73,6317,train,1
73,2425,train,5
73,7218,train,0
73,2427,train,2
73,967,train,8
73,6599,train,7
73,1438,train,4
73,7176,train,7
73,7246,train,3
73,2853,train,9
73,5281,train,9
73,677,train,1
73,5790,train,1
73,5920,train,5
73,1280,train,8
73,4726,train,0
73,4767,train,0
73,2464,train,0
73,4113,train,5
73,3501,train,1
73,2455,train,3
73,293,train,2
73,6636,train,5
73,5114,train,0
73,5779,train,9
73,4879,train,7
73,1208,train,2
73,3669,train,5
73,1125,train,1
73,2393,train,0
73,7189,train,4
73,6952,train,0
73,5985,train,6
73,5937,train,4
73,6206,train,2
73,3166,train,5
73,1703,train,9
73,1300,train,9
73,4809,train,5
73,1046,train,3
73,5971,train,4
73,4596,train,3
73,851,train,3
73,4669,train,3
73,3577,train,9
73,3539,train,7
73,3844,train,2
73,4447,train,0
73,4208,train,5
73,2726,train,8
73,2213,train,2
73,5454,train,7
73,841,train,1
73,4897,train,8
73,3692,train,1
73,3540,train,9
73,1800,train,9
73,5136,train,0
73,3820,train,6
73,3289,train,1
73,5381,train,9
73,701,train,4
73,4480,train,1
73,2892,train,5
73,6479,train,0
73,5858,train,6
73,4842,train,7
73,1375,train,4
73,5959,train,6
73,5825,train,5
73,2105,train,2
73,7229,train,5
73,5412,train,5
73,6180,train,1
73,2104,train,2
73,1132,train,8
73,3929,train,4
73,5032,train,3
73,6476,train,8
73,4420,train,6
73,7111,train,2
73,7061,train,7
73,362,train,4
73,3021,train,1
73,6948,train,2
73,3396,train,3
73,4622,train,5
73,6813,train,6
73,2264,train,3
73,4617,train,8
73,4392,train,4
73,4620,train,2
73,1288,train,1
73,4421,train,6
73,6777,train,2
73,2174,train,1
73,573,train,4
73,6340,train,2
73,6395,train,2
73,7312,train,3
73,6603,train,1
73,4390,train,9
73,3104,train,0
73,7103,train,1
73,6120,train,5
73,6974,train,7
73,3666,train,8
73,6273,train,0
73,5107,train,4
73,5945,train,4
73,5547,train,3
73,6235,train,7
73,7216,train,6
73,3640,train,3
73,6198,train,6
73,6320,train,3
73,7348,train,4
73,2278,train,9
73,6267,train,9
73,2493,train,4
73,4220,train,1
73,4244,train,5
73,5027,train,2
73,726,train,6
73,2732,train,6
73,5569,train,9
73,5105,train,1
73,1215,train,6
73,2899,train,0
73,256,train,2
73,2600,train,8
73,871,train,8
73,1167,train,8
73,1591,train,2
73,5840,train,0
73,4132,train,9
73,5893,train,1
73,4035,train,8
73,6452,train,6
73,2797,train,0
73,519,train,0
73,5521,train,0
73,7285,train,0
73,5154,train,7
73,5528,train,4
73,6995,train,5
73,3050,train,0
73,3831,train,9
73,533,train,9
73,5472,train,7
73,3705,train,7
73,4814,train,9
73,3471,train,2
73,2136,train,2
73,695,train,1
73,3197,train,1
73,5418,train,8
73,2200,train,1
73,2945,train,9
73,3499,train,4
73,199,train,0
73,4256,train,2
73,6823,train,8
73,3736,train,2
73,1291,train,0
73,657,train,5
73,5708,train,6
73,1175,train,4
73,4597,train,5
73,4134,train,0
73,983,train,8
73,1086,train,6
73,5318,train,6
73,4631,train,4
73,1002,train,3
73,7039,train,3
73,4434,train,2
73,2448,train,2
73,3698,train,0
73,5372,train,7
73,2685,train,3
73,1345,train,0
73,2472,train,7
73,5407,train,4
73,6775,train,0
73,2319,train,7
73,43,train,8
73,765,train,4
73,1124,train,3
73,4326,train,9
73,2614,train,4
73,1833,train,2
73,5747,train,1
73,6550,train,2
73,6937,train,7
73,4689,train,9
73,1102,train,7
73,3829,train,4
73,3793,train,1
73,4562,train,5
73,106,train,0
73,4961,train,3
73,5586,train,6
73,5237,train,0
73,521,train,8
73,6096,train,9
73,5191,train,8
73,7341,train,8
73,4248,train,6
73,1744,train,8
73,5055,train,9
73,3184,train,1
73,3242,train,9
73,3462,train,9
73,6789,train,5
73,6528,train,8
73,6468,train,2
73,5332,train,1
73,875,train,7
73,1635,train,5
73,4486,train,1
73,3839,train,0
73,174,train,3
73,6305,train,9
73,3429,train,1
73,1590,train,4
73,5447,train,4
73,6750,train,5
73,3143,train,1
73,6981,train,7
73,1758,train,8
73,5011,train,9
73,6654,train,2
73,7170,train,0
73,683,train,4
73,3514,train,4
73,5810,train,6
73,3800,train,3
73,5965,train,5
73,2613,train,0
73,7052,train,0
73,5863,train,3
73,5124,train,5
73,1414,train,1
73,203,train,4
73,6973,train,5
73,6071,train,6
73,7304,train,3
73,440,train,9
73,6123,train,4
73,6150,train,5
73,5690,train,7
73,6229,train,1
73,1119,train,0
73,599,train,9
73,5016,train,7
73,4652,train,9
73,2310,train,6
73,1527,train,0
73,205,train,1
73,2754,train,5
73,1889,train,2
73,1085,train,2
73,4797,train,3
73,2089,train,3
73,5517,train,5
73,3907,train,1
73,1809,train,6
73,6719,train,7
73,6864,train,1
73,3404,train,0
73,6350,train,2
73,7122,train,1
73,1737,train,9
73,416,train,8
73,4578,train,3
73,279,train,4
73,6996,train,7
73,1441,train,1
73,6616,train,5
73,6183,train,9
73,3972,train,6
73,4238,train,4
73,1569,train,3
73,2771,train,8
73,1600,train,2
73,607,train,6
73,7132,train,3
73,2346,train,5
73,4636,train,8
73,4183,train,3
73,3572,train,1
73,319,train,6
73,1793,train,3
73,6641,train,6
73,5434,train,9
73,676,train,3
73,2777,train,2
73,5288,train,0
73,7018,train,8
73,2024,train,7
73,3968,train,7
73,351,train,4
73,1588,train,9
73,6443,train,8
73,4968,train,9
73,947,train,4
73,4119,train,3
73,4011,train,0
73,3732,train,5
73,3280,train,6
73,4275,train,4
73,4141,train,4
73,2068,train,6
73,7323,train,3
73,5214,train,6
73,5152,train,8
73,6768,train,4
73,3310,train,0
73,5078,train,5
73,6330,train,7
73,4109,train,0
73,3246,train,6
73,3409,train,9
73,335,train,1
73,3198,train,5
73,5542,train,5
73,1533,train,6
73,2946,train,6
73,2642,train,4
73,322,train,6
73,4296,train,5
73,4155,train,8
73,375,train,0
73,4593,train,0
73,6888,train,7
73,3484,train,2
73,1542,train,5
73,3870,train,3
73,1935,train,2
73,3894,train,3
73,4676,train,1
73,3,train,1
73,1601,train,6
73,5074,train,6
73,4530,train,1
73,3099,train,7
73,3137,train,7
73,6703,train,4
73,3771,train,7
73,3677,train,1
73,6477,train,6
73,3182,train,9
73,824,train,3
73,370,train,5
73,1408,train,5
73,3566,train,4
73,3051,train,3
73,6977,train,7
73,220,train,6
73,840,train,7
73,2906,train,9
73,75,train,0
73,3830,train,1
73,7076,train,1
73,5464,train,7
73,7277,train,2
73,4758,train,7
73,5522,train,2
73,6434,train,7
73,4956,train,5
73,1524,train,9
73,3028,train,1
73,1890,train,1
73,321,train,4
73,2257,train,4
73,997,train,5
73,7194,train,3
73,6736,train,6
73,4507,train,3
73,5650,train,3
73,7012,train,9
73,1612,train,7
73,3510,train,9
73,6006,train,2
73,2612,train,4
73,4444,train,8
73,4665,train,4
73,3173,train,5
73,4276,train,9
73,6944,train,4
73,2474,train,1
73,742,train,1
73,4898,train,8
73,6707,train,7
73,224,train,3
73,2239,train,7
73,1776,train,1
73,5099,train,0
73,3101,train,2
73,1529,train,2
73,1113,train,0
73,5872,train,8
73,6693,train,2
73,5005,train,3
73,2960,train,3
73,7353,train,2
73,5670,train,6
73,3075,train,8
73,6199,train,9
73,836,train,4
73,6780,train,6
73,1311,train,7
73,5220,train,0
73,2249,train,4
73,2804,train,0
73,934,train,1
73,6592,train,7
73,4463,train,9
73,6585,train,8
73,2961,train,0
73,5617,train,8
73,5013,train,5
73,3980,train,7
73,4646,train,8
73,1258,train,2
73,6898,train,9
73,5249,train,8
73,3454,train,0
73,1117,train,6
73,2908,train,1
73,692,train,2
73,2116,train,5
73,6875,train,4
73,6586,train,5
73,2934,train,9
73,182,train,7
73,1163,train,9
73,6275,train,1
73,4552,train,1
73,2761,train,5
73,6292,train,8
73,4684,train,9
73,1448,train,6
73,6485,train,5
73,3092,train,7
73,129,train,9
73,1478,train,5
73,1580,train,0
73,5204,train,1
73,3921,train,2
73,2163,train,7
73,5445,train,5
73,6284,train,3
73,6630,train,9
73,7032,train,4
73,5808,train,1
73,6380,train,6
73,3416,train,1
73,6994,train,4
73,5990,train,4
73,3156,train,2
73,992,train,0
73,4152,train,0
73,6018,train,5
73,430,train,4
73,5754,train,8
73,4647,train,8
73,232,train,1
73,4050,train,6
73,36,train,7
73,5153,train,3
73,1709,train,2
73,4603,train,0
73,4317,train,1
73,5059,train,6
73,126,train,5
73,1982,train,9
73,2572,train,8
73,6839,train,7
73,6013,train,8
73,761,train,2
73,5818,train,0
73,4776,train,1
73,877,train,7
73,792,train,1
73,478,train,9
73,2672,train,4
73,2397,train,3
73,1076,train,7
73,6497,train,7
73,1036,train,3
73,5780,train,4
73,251,train,0
73,7252,train,1
73,2607,train,4
73,569,train,7
73,5077,train,0
73,4108,train,0
73,4531,train,9
73,6737,train,5
73,5498,train,2
73,2407,train,7
73,3508,train,3
73,3013,train,8
73,4240,train,6
73,3563,train,6
73,5669,train,5
73,417,train,9
73,4501,train,4
73,87,train,6
73,1338,train,3
73,4249,train,4
73,6965,train,1
73,7098,train,5
73,5325,train,3
73,1913,train,1
73,2052,train,7
73,6172,train,4
73,2387,train,4
73,5804,train,4
73,4565,train,2
73,1832,train,5
73,3134,train,2
73,3052,train,8
73,2292,train,8
73,190,train,5
73,3774,train,4
73,2857,train,0
73,6774,train,7
73,3333,train,5
73,2023,train,8
73,5356,train,4
73,5274,train,6
73,974,train,3
73,3961,train,2
73,4903,train,3
73,2382,train,9
73,76,train,3
73,6756,train,1
73,1503,train,1
73,2669,train,4
73,3916,train,6
73,4321,train,0
73,2334,train,4
73,6518,train,5
73,3356,train,2
73,7350,train,2
73,2144,train,8
73,49,train,7
73,6333,train,8
73,2712,train,1
73,4656,train,1
73,2838,train,3
73,1708,train,3
73,5739,train,9
73,7184,train,6
73,6486,train,6
73,1574,train,3
73,5814,train,1
73,977,train,4
73,5093,train,3
73,168,train,7
73,6451,train,9
73,308,train,9
73,3503,train,1
73,5958,train,2
73,867,train,0
73,3857,train,2
73,3158,train,3
73,1639,train,5
73,3047,train,4
73,1293,train,2
73,7340,train,8
73,6129,train,7
73,7033,train,5
73,2996,train,2
73,365,train,5
73,2356,train,7
73,4525,train,8
73,7093,train,8
73,6903,train,0
73,1174,train,1
73,2605,train,8
73,770,train,9
73,1648,train,0
73,3922,train,5
73,79,train,1
73,6201,train,1
73,6901,train,3
73,5848,train,7
73,3852,train,2
73,3250,train,0
73,3925,train,3
73,1806,train,0
73,82,train,4
73,1268,train,1
73,2959,train,1
73,5933,train,3
73,4748,train,0
73,1315,train,2
73,1630,train,2
73,4685,train,7
73,5777,train,1
73,6240,train,8
73,3959,train,5
73,1607,train,2
73,248,train,8
73,5778,train,5
73,5212,train,3
73,1453,train,1
73,4484,train,2
73,4225,train,1
73,499,train,6
73,2364,train,9
73,5921,train,1
73,6433,train,3
73,3415,train,3
73,7004,train,0
73,5091,train,6
73,5411,train,4
73,5067,train,1
73,5155,train,6
73,7124,train,1
73,472,train,3
73,3373,train,6
73,1186,train,2
73,1843,train,7
73,951,train,3
73,755,train,0
73,3615,train,4
73,7367,train,8
73,5358,train,8
73,3685,train,4
73,2878,train,5
73,1026,train,6
73,2290,train,7
73,475,train,2
73,6078,train,7
73,2782,train,1
73,7193,train,5
73,1114,train,9
73,4725,train,1
73,4012,train,0
73,2057,train,1
73,1883,train,6
73,4096,train,7
73,1172,train,6
73,2604,train,2
73,6398,train,0
73,4055,train,4
73,1314,train,9
73,2887,train,9
73,10,train,4
73,3397,train,8
73,601,train,1
73,6007,train,5
73,603,train,2
73,4516,train,1
73,1642,train,3
73,3206,train,1
73,2088,train,5
73,6569,train,5
73,7311,train,3
73,254,train,3
73,5677,train,8
73,7294,train,7
73,3668,train,2
73,4193,train,1
73,2363,train,3
73,1553,train,0
73,7356,train,7
73,264,train,4
73,565,train,4
73,4907,train,0
73,901,train,7
73,5213,train,0
73,3881,train,8
73,2327,train,6
73,5284,train,8
73,4496,train,7
73,654,train,6
73,2893,train,1
73,4270,train,1
73,1502,train,9
73,7109,train,9
73,4691,train,9
73,3827,train,9
73,1005,train,6
73,1494,train,3
73,6863,train,6
73,718,train,7
73,3205,train,0
73,204,train,0
73,5331,train,6
73,5899,train,3
73,5919,train,0
73,1269,train,4
73,6319,train,6
73,1466,train,8
73,1239,train,3
73,6407,train,6
73,6699,train,1
73,7235,train,8
73,5371,train,6
73,3890,train,1
73,577,train,4
73,1988,train,6
73,4479,train,9
73,1842,train,1
73,6318,train,2
73,3284,train,3
73,994,train,2
73,6969,train,3
73,6764,train,2
73,3840,train,6
73,6087,train,8
73,4033,train,8
73,283,train,1
73,3859,train,6
73,5646,train,2
73,4278,train,3
73,1685,train,1
73,6075,train,1
73,6597,train,5
73,6690,train,7
73,505,train,6
73,4925,train,1
73,4146,train,2
73,5699,train,7
73,2436,train,5
73,2418,train,0
73,1953,train,3
73,6712,train,0
73,278,train,8
73,5177,train,3
73,560,train,3
73,6870,train,4
73,6392,train,1
73,6321,train,3
73,2094,train,9
73,2056,train,6
73,2439,train,0
73,1145,train,5
73,4118,train,7
73,1567,train,5
73,3218,train,7
73,3678,train,4
73,4037,train,9
73,2417,train,8
73,5216,train,0
73,1111,train,4
73,3372,train,4
73,2687,train,1
73,4833,train,4
73,328,train,6
73,4513,train,1
73,1544,train,0
73,6806,train,5
73,744,train,5
73,634,train,7
73,3912,train,2
73,3105,train,0
73,2375,train,0
73,121,train,4
73,6575,train,6
73,725,train,3
73,3688,train,0
73,536,train,4
73,4302,train,1
73,6149,train,3
73,363,train,8
73,4587,train,6
73,86,train,0
73,1201,train,5
73,4787,train,0
73,849,train,9
73,2992,train,5
73,4886,train,5
73,7030,train,8
73,1492,train,2
73,562,train,6
73,2119,train,7
73,4572,train,6
73,1101,train,1
73,4959,train,9
73,464,train,5
73,799,train,5
73,1159,train,7
73,2985,train,0
73,2172,train,0
73,2345,train,8
73,5882,train,4
73,5273,train,9
73,5073,train,6
73,1495,train,6
73,7258,train,8
73,5305,train,8
73,2919,train,7
73,2673,train,9
73,5333,train,6
73,2507,train,8
73,7269,train,3
73,4236,train,2
73,5264,train,8
73,4595,train,7
73,2506,train,5
73,6039,train,1
73,7209,train,9
73,4211,train,7
73,1526,train,8
73,4398,train,6
73,402,train,1
73,6062,train,5
73,7328,train,4
73,5063,train,0
73,4048,train,7
73,2509,train,4
73,4461,train,2
73,7236,train,8
73,3040,train,7
73,5062,train,5
73,3136,train,1
73,3580,train,4
73,2563,train,0
73,263,train,9
73,2743,train,2
73,3738,train,6
73,287,train,8
73,6303,train,8
73,5051,train,6
73,1713,train,7
73,6227,train,2
73,5299,train,8
73,1294,train,6
73,3285,train,1
73,7232,train,4
73,5493,train,9
73,659,train,2
73,3559,train,5
73,5422,train,6
73,3758,train,9
73,3541,train,4
73,3327,train,7
73,4426,train,5
73,4967,train,1
73,1746,train,2
73,486,train,6
73,4127,train,8
73,1764,train,2
73,3860,train,6
73,1836,train,9
73,5188,train,4
73,5799,train,7
73,1570,train,4
73,1282,train,5
73,2008,train,3
73,2468,train,3
73,4176,train,9
73,2404,train,4
73,1974,train,7
73,2122,train,7
73,6353,train,8
73,2982,train,0
73,407,train,8
73,1354,train,1
73,1711,train,3
73,905,train,7
73,4722,train,3
73,5262,train,8
73,1395,train,6
73,1869,train,6
73,764,train,3
73,3399,train,5
73,92,train,3
73,6375,train,1
73,2339,train,5
73,2544,train,2
73,6718,train,1
73,4738,train,9
73,3379,train,2
73,2326,train,4
73,2660,train,1
73,5242,train,6
73,2903,train,8
73,193,train,2
73,888,train,0
73,2550,train,6
73,3834,train,5
73,4222,train,8
73,1691,train,8
73,2426,train,8
73,2644,train,1
73,5040,train,1
73,4003,train,0
73,6022,train,7
73,7227,train,1
73,3346,train,5
73,5735,train,7
73,757,train,3
73,4938,train,8
73,1646,train,2
73,473,train,3
73,6893,train,6
73,5693,train,6
73,3003,train,5
73,1003,train,6
73,4606,train,9
73,4913,train,7
73,3683,train,4
73,2351,train,0
73,2248,train,7
73,208,train,7
73,7270,train,3
73,2978,train,1
73,4877,train,1
73,3661,train,9
73,3588,train,7
73,6649,train,6
73,6887,train,9
73,5727,train,4
73,2322,train,5
73,1316,train,2
73,3670,train,5
73,4497,train,2
73,2866,train,4
73,949,train,6
73,1203,train,7
73,3879,train,2
73,2652,train,1
73,397,train,9
73,6125,train,0
73,3071,train,2
73,7355,train,9
73,2100,train,9
73,3222,train,4
73,958,train,0
73,356,train,9
73,6751,train,9
73,2727,train,7
73,1967,train,8
73,1620,train,7
73,4915,train,9
73,6975,train,6
73,4551,train,5
73,2617,train,6
73,3824,train,2
73,2546,train,8
73,2134,train,5
73,5911,train,9
73,546,train,7
73,5732,train,7
73,6724,train,0
73,7017,train,0
73,5613,train,0
73,2491,train,9
73,334,train,7
73,4338,train,8
73,5123,train,5
73,4158,train,1
73,749,train,1
73,5698,train,7
73,1884,train,9
73,5960,train,3
73,5845,train,0
73,2367,train,2
73,314,train,9
73,1680,train,6
73,1667,train,1
73,2184,train,2
73,1299,train,7
73,2087,train,8
73,6154,train,3
73,2526,train,2
73,3349,train,4
73,2191,train,9
73,450,train,5
73,5100,train,6
73,349,train,1
73,5319,train,1
73,6335,train,3
73,1389,train,3
73,237,train,0
73,4126,train,2
73,5391,train,5
73,2277,train,5
73,3874,train,8
73,3596,train,5
73,2485,train,5
73,3066,train,0
73,2192,train,2
73,6166,train,5
73,4041,train,4
73,4657,train,8
73,1732,train,1
73,163,train,5
73,5655,train,0
73,6040,train,4
73,1820,train,6
73,3266,train,9
73,7105,train,7
73,2702,train,5
73,6941,train,5
73,4640,train,7
73,6747,train,3
73,4073,train,6
73,615,train,9
73,3643,train,2
73,2462,train,7
73,4442,train,5
73,3896,train,6
73,4847,train,7
73,976,train,9
73,931,train,7
73,3203,train,6
73,252,train,2
73,5369,train,0
73,4090,train,4
73,5512,train,1
73,5600,train,1
73,1558,train,6
73,3392,train,6
73,7254,train,0
73,2503,train,3
73,5976,train,9
73,2214,train,1
73,7234,train,1
73,2219,train,8
73,3214,train,4
73,5330,train,7
73,2925,train,7
73,6570,train,0
73,2021,train,3
73,2123,train,8
73,5680,train,1
73,6738,train,7
73,2151,train,1
73,5997,train,4
73,348,train,9
73,2867,train,7
73,39,train,6
73,5900,train,8
73,4148,train,5
73,5988,train,2
73,4933,train,0
73,6100,train,9
73,619,train,7
73,5041,train,5
73,4423,train,0
73,4574,train,5
73,2093,train,7
73,2829,train,8
73,518,train,8
73,6602,train,8
73,2036,train,3
73,3398,train,6
73,96,train,5
73,2177,train,0
73,6761,train,7
73,6348,train,6
73,1959,train,7
73,5766,train,7
73,5558,train,8
73,7107,train,7
73,6352,train,8
73,5139,train,3
73,1063,train,8
73,6926,train,4
73,4532,train,6
73,5394,train,2
73,641,train,4
73,829,train,0
73,5714,train,1
73,1897,train,3
73,2516,train,5
73,196,train,3
73,5311,train,3
73,5502,train,5
73,353,train,3
73,2471,train,6
73,4014,train,7
73,2588,train,0
73,5660,train,5
73,7167,train,3
73,3654,train,0
73,915,train,1
73,7013,train,7
73,465,train,3
73,4922,train,7
73,4599,train,3
73,3375,train,3
73,5300,train,7
73,3792,train,2
73,4196,train,3
73,5449,train,2
73,3085,train,9
73,6446,train,1
73,7213,train,9
73,5006,train,4
73,238,train,3
73,5507,train,5
73,5028,train,7
73,4707,train,4
73,927,train,0
73,3056,train,5
73,2709,train,8
73,4418,train,5
73,4025,train,4
73,6721,train,2
73,5939,train,3
73,3960,train,4
73,6362,train,8
73,1523,train,2
73,6726,train,6
73,5829,train,3
73,3139,train,7
73,1140,train,3
73,6041,train,7
73,3305,train,9
73,7190,train,0
73,7198,train,1
73,5430,train,1
73,6144,train,6
73,5534,train,0
73,4632,train,3
73,990,train,5
73,6092,train,9
73,6224,train,2
73,5880,train,6
73,6852,train,2
73,6684,train,9
73,2707,train,3
73,2659,train,1
73,6769,train,2
73,6984,train,7
73,3177,train,7
73,2357,train,8
73,5360,train,4
73,312,train,2
73,4885,train,3
73,3110,train,6
73,1766,train,4
73,7225,train,4
73,862,train,8
73,6474,train,2
73,275,train,8
73,3533,train,6
73,7153,train,9
73,2205,train,5
73,3217,train,3
73,3823,train,0
73,1844,train,7
73,3803,train,1
73,1989,train,7
73,5007,train,8
73,5762,train,2
73,3787,train,4
73,2845,train,7
73,281,train,2
73,5002,train,0
73,294,train,9
73,4598,train,4
73,1374,train,6
73,7251,train,2
73,291,train,3
73,1969,train,7
73,2548,train,4
73,1470,train,3
73,7059,train,5
73,3229,train,9
73,6836,train,1
73,4849,train,3
73,1592,train,3
73,1361,train,3
73,1371,train,6
73,1170,train,9
73,6713,train,9
73,1830,train,7
73,2069,train,3
73,7130,train,2
73,1609,train,6
73,6111,train,7
73,6746,train,5
73,3825,train,9
73,2536,train,8
73,5076,train,3
73,1634,train,0
73,4932,train,5
73,2098,train,5
73,3626,train,9
73,3547,train,8
73,3773,train,4
73,1489,train,6
73,2217,train,3
73,309,train,7
73,1995,train,8
73,3858,train,3
73,127,train,3
73,209,train,7
73,1207,train,7
73,6916,train,6
73,4271,train,9
73,3651,train,7
73,2337,train,8
73,1479,train,7
73,4900,train,3
73,186,train,9
73,531,train,3
73,2260,train,4
73,189,train,8
73,4536,train,5
73,2405,train,9
73,4255,train,3
73,5162,train,8
73,908,train,1
73,1920,train,0
73,381,train,3
73,5413,train,2
73,3492,train,2
73,2816,train,7
73,4206,train,9
73,6051,train,6
73,6000,train,6
73,4912,train,6
73,556,train,0
73,3412,train,9
73,504,train,1
73,2974,train,2
73,6139,train,0
73,2699,train,8
73,7070,train,8
73,1255,train,3
73,1968,train,5
73,6508,train,5
73,4942,train,9
73,1346,train,7
73,3386,train,9
73,7298,train,2
73,3495,train,8
73,347,train,4
73,5383,train,2
73,4287,train,2
73,225,train,1
73,2748,train,8
73,3526,train,8
73,6383,train,1
73,1088,train,8
73,150,train,7
73,7090,train,1
73,4586,train,6
73,271,train,8
73,3513,train,0
73,7008,train,4
73,4142,train,3
73,4151,train,4
73,6182,train,3
73,4364,train,3
73,5998,train,8
73,20,train,9
73,1647,train,3
73,1087,train,7
73,6816,train,7
73,135,train,1
73,2070,train,9
73,4351,train,3
73,6859,train,5
73,727,train,5
73,3341,train,2
73,5632,train,6
73,720,train,4
73,6921,train,8
73,3556,train,8
73,3967,train,6
73,808,train,8
73,918,train,7
73,4472,train,8
73,2316,train,1
73,2428,train,1
73,3219,train,2
73,5203,train,1
73,6500,train,2
73,6279,train,9
73,3682,train,6
73,4667,train,3
73,1149,train,1
73,4432,train,0
73,6114,train,0
73,3368,train,1
73,2182,train,7
73,1430,train,6
73,1187,train,3
73,1807,train,9
73,6854,train,4
73,7143,train,2
73,3018,train,1
73,5591,train,2
73,5158,train,1
73,4352,train,9
73,5884,train,0
73,3328,train,2
73,1808,train,7
73,4277,train,0
73,4883,train,8
73,6785,train,9
73,818,train,7
73,965,train,1
73,2708,train,6
73,550,train,2
73,1197,train,7
73,598,train,0
73,467,train,6
73,342,train,2
73,497,train,4
73,688,train,8
73,2258,train,2
73,424,train,3
73,2545,train,5
73,4527,train,4
73,2803,train,6
73,213,train,3
73,4503,train,9
73,3989,train,5
73,1794,train,8
73,330,train,8
73,4170,train,3
73,2325,train,8
73,55,train,3
73,4919,train,4
73,684,train,6
73,6914,train,3
73,5459,train,8
73,1925,train,6
73,6134,train,5
73,3330,train,9
73,3443,train,4
73,431,train,0
73,439,train,9
73,7125,train,2
73,2336,train,4
73,1018,train,2
73,1795,train,8
73,3321,train,0
73,4970,train,2
73,5873,train,6
73,181,train,2
73,2597,train,9
73,3202,train,8
73,3286,train,2
73,2534,train,5
73,2440,train,8
73,4177,train,1
73,6687,train,0
73,4817,train,3
73,4198,train,6
73,5275,train,4
73,3789,train,1
73,5169,train,5
73,4660,train,3
73,4882,train,2
73,6748,train,4
73,6158,train,6
73,4560,train,8
73,3370,train,6
73,3791,train,1
73,3898,train,4
73,5384,train,7
73,5953,train,7
73,4558,train,0
73,315,train,5
73,4745,train,3
73,2048,train,4
73,3315,train,1
73,3764,train,2
73,5197,train,6
73,4304,train,7
73,433,train,2
73,3175,train,6
73,1688,train,6
73,5225,train,9
73,30,train,6
73,4411,train,8
73,4839,train,5
73,903,train,2
73,5389,train,5
73,5061,train,2
73,6481,train,2
73,1122,train,8
73,4941,train,8
73,6107,train,5
73,5175,train,9
73,3417,train,0
73,5695,train,7
73,6619,train,6
73,2623,train,7
73,5254,train,7
73,6955,train,4
73,2166,train,1
73,3841,train,5
73,116,train,4
73,2301,train,8
73,3010,train,6
73,2215,train,6
73,6913,train,5
73,2542,train,6
73,4283,train,5
73,6442,train,7
73,4537,train,8
73,928,train,4
73,3873,train,6
73,4765,train,6
73,2473,train,4
73,3073,train,2
73,2746,train,0
73,6708,train,6
73,4813,train,2
73,5717,train,3
73,4010,train,5
73,6629,train,2
73,2555,train,7
73,2384,train,5
73,4749,train,5
73,2527,train,3
73,5435,train,5
73,1189,train,4
73,3623,train,5
73,2841,train,0
73,3120,train,6
73,1365,train,3
73,1548,train,5
73,2948,train,5
73,4415,train,1
73,6861,train,4
73,2153,train,5
73,3345,train,3
73,1772,train,5
73,2482,train,9
73,4241,train,2
73,1257,train,8
73,774,train,1
73,5260,train,5
73,1372,train,2
73,553,train,8
73,1497,train,9
73,6545,train,9
73,5711,train,3
73,4361,train,2
73,4958,train,8
73,1399,train,5
73,4303,train,0
73,4946,train,8
73,3957,train,5
73,1943,train,6
73,5315,train,9
73,6346,train,3
73,5286,train,0
73,4462,train,2
73,4750,train,8
73,2825,train,4
73,4706,train,9
73,1301,train,0
73,4485,train,2
73,930,train,1
73,3186,train,7
73,6879,train,9
73,2650,train,7
73,6388,train,5
73,3546,train,8
73,1357,train,1
73,24,train,1
73,160,train,0
73,1109,train,1
73,6872,train,6
73,1339,train,2
73,1715,train,8
73,3756,train,2
73,100,train,2
73,3432,train,6
73,4947,train,6
73,3776,train,6
73,2092,train,0
73,777,train,8
73,5128,train,3
73,3317,train,6
73,2592,train,8
73,3389,train,7
73,2750,train,8
73,7129,train,7
73,5763,train,8
73,5390,train,1
73,5972,train,7
73,1305,train,7
73,1811,train,2
73,3949,train,2
73,2618,train,4
73,6079,train,0
73,4192,train,3
73,7089,train,2
73,4242,train,5
73,3395,train,7
73,7266,train,4
73,310,train,7
73,3017,train,0
73,5098,train,9
73,5917,train,4
73,5004,train,4
73,3194,train,4
73,3766,train,0
73,4651,train,2
73,3515,train,4
73,6009,train,1
73,5510,train,6
73,2139,train,3
73,1757,train,9
73,1328,train,4
73,3208,train,5
73,1065,train,6
73,3316,train,3
73,5398,train,1
73,6894,train,4
73,5263,train,9
73,7321,train,7
73,4459,train,2
73,2710,train,6
73,1373,train,8
73,5579,train,8
73,2066,train,2
73,6648,train,6
73,5951,train,5
73,3168,train,3
73,4639,train,0
73,1893,train,2
73,5392,train,9
73,4601,train,8
73,5761,train,1
73,5140,train,2
73,3837,train,4
73,2904,train,0
73,1593,train,6
73,6200,train,3
73,1196,train,1
73,2873,train,2
73,2994,train,8
73,5208,train,9
73,6278,train,7
73,542,train,1
73,825,train,3
73,1714,train,7
73,5150,train,5
73,1729,train,8
73,108,train,3
73,3418,train,4
73,929,train,7
73,5537,train,8
73,5348,train,6
73,4089,train,4
73,2570,train,5
73,596,train,8
73,7339,train,9
73,6307,train,8
73,5633,train,1
73,4100,train,0
73,6734,train,4
73,3165,train,3
73,796,train,7
73,5500,train,7
73,5628,train,8
73,1194,train,0
73,753,train,2
73,4870,train,0
73,6778,train,4
73,6553,train,6
73,5458,train,4
73,5303,train,9
73,6178,train,7
73,6108,train,8
73,3761,train,8
73,89,train,0
73,952,train,6
73,7365,train,1
73,3452,train,8
73,147,train,3
73,821,train,6
73,2266,train,6
73,4355,train,4
73,4224,train,5
73,3833,train,2
73,625,train,0
73,4404,train,5
73,1900,train,2
73,490,train,5
73,2523,train,8
73,4214,train,0
73,7001,train,2
73,6156,train,1
73,2051,train,6
73,396,train,6
73,3453,train,3
73,1949,train,0
73,6067,train,3
73,6943,train,1
73,138,train,2
73,5801,train,1
73,3236,train,8
73,4346,train,2
73,3939,train,8
73,4803,train,7
73,2014,train,2
73,1810,train,1
73,4735,train,3
73,5773,train,5
73,4563,train,9
73,7161,train,9
73,6805,train,7
73,3102,train,6
73,2082,train,8
73,3821,train,5
73,1342,train,9
73,1796,train,2
73,240,train,8
73,2551,train,9
73,724,train,8
73,6928,train,4
73,4534,train,7
73,2552,train,6
73,6906,train,4
73,3679,train,5
73,3016,train,0
73,3144,train,9
73,1818,train,5
73,1910,train,8
73,337,train,2
73,943,train,7
73,6858,train,4
73,856,train,8
73,780,train,8
73,6733,train,6
73,3570,train,8
73,42,train,1
73,3529,train,4
73,272,train,8
73,6463,train,9
73,3378,train,1
73,2371,train,3
73,1096,train,3
73,7281,train,6
73,345,train,2
73,3294,train,6
73,3279,train,0
73,1251,train,6
73,602,train,2
73,6110,train,4
73,7085,train,4
73,5035,train,3
73,3293,train,1
73,6588,train,0
73,3523,train,9
73,4124,train,4
73,6142,train,3
73,4742,train,8
73,6574,train,2
73,807,train,7
73,5495,train,7
73,2787,train,7
73,2003,train,2
73,257,train,8
73,320,train,2
73,3216,train,8
73,4385,train,8
73,4347,train,1
73,4387,train,3
73,1108,train,1
73,4273,train,5
73,4761,train,6
73,5401,train,8
73,2760,train,2
73,462,train,3
73,6086,train,2
73,7137,train,0
73,6405,train,5
73,3149,train,5
73,1343,train,5
73,2540,train,4
73,198,train,6
73,4339,train,3
73,5350,train,4
73,2671,train,6
73,7364,train,1
73,1895,train,8
73,3798,train,8
73,3767,train,5
73,3391,train,0
73,1278,train,5
73,276,train,9
73,5538,train,1
73,6478,train,5
73,812,train,4
73,311,train,5
73,1318,train,6
73,5797,train,4
73,672,train,8
73,4538,train,2
73,3842,train,5
73,4871,train,4
73,268,train,5
73,3329,train,8
73,1442,train,0
73,2848,train,6
73,1598,train,1
73,4628,train,5
73,389,train,8
73,2341,train,7
73,3024,train,6
73,1077,train,4
73,6233,train,6
73,6060,train,3
73,839,train,3
73,5096,train,3
73,2204,train,4
73,4732,train,9
73,1786,train,8
73,1689,train,9
73,5861,train,1
73,3445,train,0
73,1559,train,3
73,1421,train,5
73,4031,train,0
73,3930,train,1
73,11,train,5
73,1127,train,4
73,5171,train,4
73,5983,train,1
73,6448,train,4
73,3212,train,1
73,7123,train,0
73,5337,train,9
73,4840,train,7
73,610,train,2
73,1456,train,1
73,5347,train,7
73,2285,train,5
73,3603,train,7
73,3910,train,7
73,6214,train,6
73,1543,train,1
73,3909,train,1
73,3342,train,2
73,1991,train,5
73,2268,train,5
73,1093,train,4
73,420,train,1
73,3897,train,8
73,5704,train,1
73,3947,train,5
73,4523,train,5
73,6456,train,9
73,3298,train,2
73,1110,train,1
73,5269,train,7
73,6565,train,2
73,3011,train,3
73,4308,train,9
73,3042,train,2
73,3864,train,0
73,6480,train,7
73,327,train,9
73,6526,train,4
73,1765,train,5
73,6874,train,9
73,6044,train,6
73,1738,train,0
73,2860,train,3
73,5927,train,5
73,6487,train,4
73,5896,train,9
73,6536,train,6
73,6855,train,5
73,925,train,9
73,6511,train,6
73,5527,train,1
73,4219,train,7
73,5438,train,3
73,5992,train,9
73,4477,train,7
73,1812,train,1
73,3476,train,4
73,4775,train,2
73,664,train,9
73,868,train,6
73,772,train,7
73,574,train,9
73,621,train,9
73,5001,train,1
73,5598,train,1
73,3548,train,8
73,6454,train,4
73,4721,train,1
73,7062,train,1
73,201,train,9
73,6378,train,4
73,1230,train,9
73,6647,train,2
73,6793,train,6
73,4805,train,8
73,6174,train,5
73,4542,train,0
73,6085,train,3
73,6369,train,8
73,4580,train,2
73,3126,train,2
73,1363,train,2
73,5809,train,8
73,5605,train,3
73,3253,train,3
73,3362,train,2
73,816,train,8
73,1927,train,1
73,3440,train,3
73,3090,train,9
73,5265,train,3
73,1469,train,4
73,766,train,9
73,5643,train,2
73,1956,train,9
73,2955,train,9
73,7097,train,3
73,119,train,3
73,1589,train,0
73,4493,train,7
73,2856,train,6
73,3778,train,0
73,4654,train,8
73,5033,train,7
73,1718,train,0
73,6939,train,4
73,6701,train,6
73,3923,train,3
73,1881,train,8
73,2400,train,6
73,165,train,5
73,3691,train,6
73,4372,train,9
73,1233,train,3
73,4999,train,9
73,6678,train,5
73,6402,train,4
73,6122,train,3
73,6520,train,6
73,1134,train,9
73,2721,train,5
73,4204,train,3
73,5268,train,7
73,5021,train,3
73,2535,train,7
73,1229,train,8
73,5341,train,2
73,3553,train,1
73,3189,train,1
73,1214,train,8
73,4300,train,8
73,7306,train,5
73,5625,train,3
73,4013,train,1
73,2461,train,1
73,241,train,3
73,1452,train,2
73,5429,train,2
73,7360,train,4
73,511,train,1
73,5,train,4
73,5095,train,6
73,2283,train,2
73,3694,train,1
73,2148,train,6
73,2005,train,1
73,403,train,7
73,5774,train,4
73,3259,train,8
73,3545,train,8
73,7233,train,3
73,6472,train,2
73,6622,train,5
73,5244,train,2
73,6679,train,3
73,2569,train,2
73,7366,train,6
73,5592,train,9
73,1531,train,9
73,4659,train,5
73,748,train,8
73,1333,train,4
73,4734,train,5
73,7134,train,7
73,2809,train,8
73,2952,train,6
73,7221,train,3
73,4794,train,6
73,3847,train,0
73,5282,train,7
73,469,train,9
73,2573,train,2
73,451,train,4
73,2751,train,3
73,2252,train,4
73,5701,train,1
73,4064,train,2
73,1545,train,1
73,2818,train,5
73,6670,train,9
73,250,train,9
73,2311,train,1
73,1358,train,5
73,410,train,7
73,4401,train,3
73,6849,train,6
73,937,train,2
73,4123,train,3
73,6471,train,1
73,5815,train,7
73,5675,train,3
73,3594,train,1
73,1804,train,7
73,3425,train,9
73,2225,train,8
73,2786,train,2
73,3312,train,9
73,4438,train,0
73,3041,train,9
73,4044,train,5
73,1857,train,0
73,5241,train,3
73,651,train,8
73,7165,train,8
73,2259,train,6
73,3924,train,8
73,7203,train,3
73,5864,train,1
73,4844,train,0
73,7206,train,8
73,1147,train,9
73,5172,train,4
73,5526,train,4
73,4546,train,9
73,1525,train,5
73,810,train,6
73,5456,train,4
73,2228,train,7
73,1840,train,4
73,2608,train,9
73,6783,train,8
73,3029,train,3
73,523,train,6
73,1699,train,7
73,2854,train,9
73,5590,train,2
73,864,train,5
73,2013,train,9
73,842,train,6
73,1555,train,2
73,514,train,0
73,5149,train,7
73,6771,train,7
73,4009,train,5
73,554,train,3
73,3314,train,1
73,6370,train,3
73,1019,train,7
73,4375,train,2
73,3455,train,5
73,6413,train,7
73,2269,train,9
73,3436,train,6
73,1139,train,4
73,3917,train,0
73,6449,train,4
73,233,train,7
73,2110,train,7
73,4981,train,6
73,2749,train,9
73,4918,train,3
73,60,train,0
73,3586,train,6
73,6951,train,1
73,1468,train,4
73,5364,train,0
73,6957,train,6
73,6618,train,0
73,2112,train,8
73,2734,train,3
73,4069,train,3
73,195,train,7
73,6217,train,1
73,4092,train,8
73,1753,train,0
73,1747,train,1
73,6030,train,3
73,6990,train,4
73,678,train,2
73,379,train,8
73,2907,train,9
73,1701,train,6
73,6137,train,4
73,1103,train,1
73,4180,train,1
73,5533,train,0
73,6424,train,1
73,3940,train,9
73,4705,train,2
73,5792,train,3
73,6767,train,5
73,6349,train,1
73,2047,train,9
73,1637,train,1
73,6822,train,8
73,6547,train,1
73,1538,train,3
73,2190,train,7
73,5221,train,9
73,4207,train,7
73,2924,train,1
73,1141,train,1
73,5020,train,4
73,4998,train,4
73,3642,train,1
73,5648,train,5
73,4996,train,3
73,575,train,9
73,541,train,6
73,4413,train,2
73,6515,train,7
73,6607,train,0
73,5536,train,1
73,6698,train,7
73,6354,train,7
73,985,train,8
73,6365,train,1
73,2039,train,2
73,4733,train,6
73,4495,train,2
73,7230,train,9
73,1781,train,5
73,7156,train,5
73,3919,train,8
73,7329,train,0
73,5393,train,7
73,1573,train,5
73,6652,train,3
73,707,train,9
73,25,train,4
73,980,train,6
73,6004,train,0
73,7014,train,8
73,1655,train,5
73,6835,train,3
73,1023,train,5
73,2695,train,3
73,3080,train,6
73,5184,train,2
73,5133,train,7
73,3973,train,4
73,4893,train,6
73,4397,train,6
73,2984,train,6
73,585,train,4
73,3569,train,9
73,4607,train,5
73,823,train,0
73,7237,train,7
73,3260,train,3
73,2406,train,9
73,3600,train,9
73,5963,train,0
73,6912,train,1
73,1960,train,8
73,5279,train,2
73,4521,train,8
73,1972,train,0
73,1326,train,5
73,5565,train,6
73,6808,train,6
73,1216,train,9
73,4816,train,0
73,1653,train,5
73,2240,train,5
73,6450,train,3
73,2767,train,4
73,4125,train,2
73,1985,train,8
73,5245,train,7
73,1613,train,7
73,5740,train,7
73,2227,train,3
73,5148,train,5
73,3334,train,2
73,591,train,8
73,454,train,1
73,6828,train,3
73,1146,train,5
73,6811,train,3
73,3755,train,0
73,3270,train,2
73,6850,train,5
73,3109,train,2
73,364,train,9
73,3338,train,9
73,1004,train,9
73,4953,train,7
73,6223,train,9
73,2416,train,6
73,5396,train,9
73,6170,train,2
73,5982,train,7
73,4757,train,8
73,6591,train,6
73,1520,train,6
73,1033,train,2
73,5894,train,1
73,1218,train,1
73,6329,train,7
73,2478,train,8
73,1530,train,7
73,7073,train,5
73,73,train,3
73,6221,train,1
73,5198,train,3
73,5776,train,5
73,945,train,5
73,2238,train,0
73,5728,train,8
73,3112,train,2
73,453,train,5
73,2232,train,6
73,6410,train,4
73,6880,train,5
73,3142,train,8
73,2368,train,7
73,1136,train,5
73,4708,train,8
73,3442,train,1
73,7220,train,7
73,3325,train,7
73,2585,train,8
73,3048,train,4
73,2635,train,3
73,5267,train,9
73,378,train,2
73,1663,train,8
73,953,train,2
73,2950,train,4
73,5667,train,3
73,5009,train,5
73,85,train,2
73,5343,train,0
73,1039,train,3
73,2916,train,1
73,4464,train,2
73,4610,train,1
73,6642,train,2
73,5562,train,1
73,1226,train,3
73,5423,train,5
73,5981,train,0
73,3474,train,1
73,3220,train,3
73,6655,train,7
73,258,train,2
73,5841,train,5
73,2010,train,8
73,1234,train,4
73,4169,train,8
73,771,train,1
73,5194,train,1
73,3000,train,6
73,1135,train,0
73,2362,train,3
73,865,train,4
73,1217,train,6
73,6160,train,8
73,6271,train,7
73,6389,train,7
73,2729,train,1
73,1112,train,9
73,7158,train,0
73,4258,train,9
73,4766,train,6
73,2560,train,6
73,584,train,2
73,2296,train,1
73,5211,train,3
73,5916,train,1
73,832,train,5
73,3320,train,4
73,5193,train,2
73,1692,train,3
73,3043,train,0
73,5086,train,3
73,1994,train,8
73,1016,train,7
73,109,train,7
73,4645,train,8
73,259,train,3
73,1396,train,9
73,5795,train,7
73,5529,train,5
73,3277,train,7
73,6697,train,7
73,6857,train,7
73,3400,train,5
73,80,train,6
73,4414,train,6
73,5440,train,4
73,6745,train,6
73,6593,train,5
73,6141,train,8
73,48,train,8
73,3807,train,7
73,1632,train,9
73,5069,train,0
73,4762,train,0
73,124,train,9
73,7200,train,4
73,4509,train,4
73,5373,train,7
73,284,train,6
73,5138,train,5
73,6231,train,3
73,3089,train,4
73,5106,train,4
73,1511,train,4
73,1095,train,5
73,4377,train,8
73,6770,train,2
73,228,train,3
73,3123,train,0
73,4590,train,5
73,3077,train,1
73,6046,train,3
73,2820,train,6
73,2928,train,9
73,1247,train,8
73,6435,train,0
73,2632,train,7
73,6530,train,9
73,3866,train,5
73,7138,train,6
73,5738,train,8
73,4828,train,0
73,2591,train,3
73,3759,train,4
73,3970,train,7
73,110,train,2
73,6817,train,2
73,6094,train,3
73,3673,train,7
73,6197,train,4
73,4826,train,4
73,6533,train,0
73,2717,train,4
73,5080,train,0
73,1512,train,8
73,1306,train,7
73,5914,train,7
73,5668,train,7
73,5316,train,4
73,4229,train,6
73,509,train,7
73,5087,train,8
73,3606,train,7
73,5252,train,1
73,4343,train,9
73,6157,train,8
73,6205,train,5
73,1138,train,1
73,1263,train,4
73,6907,train,1
73,587,train,8
73,3899,train,4
73,498,train,8
73,6072,train,8
73,243,train,3
73,4921,train,4
73,2395,train,4
73,5298,train,6
73,5842,train,0
73,4250,train,2
73,3684,train,2
73,6387,train,0
73,6457,train,3
73,1031,train,0
73,3472,train,6
73,1350,train,4
73,7091,train,2
73,1034,train,4
73,5452,train,1
73,5460,train,1
73,4780,train,0
73,833,train,3
73,4951,train,8
73,5954,train,7
73,4058,train,7
73,1037,train,1
73,1973,train,6
73,6015,train,2
73,5666,train,7
73,1397,train,4
73,702,train,2
73,2850,train,3
73,3360,train,6
73,6162,train,2
73,2759,train,7
73,1816,train,7
73,297,train,7
73,4583,train,2
73,1380,train,1
73,629,train,9
73,6673,train,1
73,6296,train,5
73,2129,train,0
73,6372,train,0
73,5796,train,0
73,5131,train,2
73,7287,train,8
73,706,train,1
73,2450,train,9
73,5475,train,0
73,1420,train,5
73,961,train,6
73,2107,train,5
73,723,train,6
73,1277,train,0
73,3805,train,0
73,4697,train,6
73,2720,train,1
73,6735,train,3
73,4184,train,1
73,1947,train,0
73,52,train,4
73,3762,train,6
73,400,train,8
73,3550,train,0
73,2315,train,4
73,4297,train,5
73,2658,train,2
73,535,train,0
73,3649,train,9
73,197,train,2
73,3187,train,2
73,622,train,7
73,3272,train,7
73,2879,train,9
73,1690,train,0
73,5292,train,3
73,2778,train,3
73,4668,train,4
73,820,train,5
73,3726,train,7
73,3421,train,5
73,1825,train,0
73,3775,train,6
73,737,train,8
73,1400,train,1
73,2402,train,0
73,23,train,4
73,4943,train,5
73,581,train,1
73,1870,train,7
73,6274,train,7
73,6175,train,1
73,697,train,9
73,4852,train,6
73,6988,train,8
73,2314,train,4
73,1937,train,9
73,5812,train,7
73,2246,train,0
73,9,train,0
73,4874,train,6
73,6168,train,3
73,1020,train,4
73,5942,train,1
73,5883,train,9
73,1693,train,0
73,5955,train,9
73,1155,train,2
73,6368,train,7
73,4446,train,1
73,5712,train,1
73,5266,train,2
73,1245,train,0
73,1661,train,3
73,7197,train,9
73,3734,train,4
73,1826,train,5
73,4171,train,8
73,5759,train,2
73,3635,train,1
73,7020,train,3
73,1410,train,2
73,714,train,6
73,411,train,8
73,4955,train,8
73,790,train,7
73,4049,train,2
73,4508,train,3
73,368,train,6
73,2796,train,4
73,1827,train,0
73,6846,train,0
73,2643,train,4
73,5720,train,4
73,1728,train,6
73,4779,train,4
73,4416,train,1
73,53,train,5
73,6851,train,8
73,1966,train,6
73,2161,train,6
73,2764,train,0
73,6293,train,8
73,2035,train,1
73,3843,train,8
73,6653,train,3
73,4165,train,9
73,34,train,4
73,332,train,1
73,3584,train,7
73,3283,train,1
73,1198,train,8
73,2800,train,6
73,5525,train,1
73,1783,train,3
73,5378,train,7
73,7274,train,3
73,1768,train,5
73,6635,train,1
73,5329,train,6
73,6897,train,1
73,2318,train,7
73,447,train,7
73,4422,train,4
73,3714,train,8
73,1080,train,9
73,157,train,6
73,861,train,2
73,5121,train,9
73,642,train,7
73,4679,train,4
73,2486,train,4
73,7317,train,7
73,6749,train,1
73,3493,train,1
73,2097,train,2
73,7307,train,1
73,3299,train,5
73,1763,train,7
73,4454,train,9
73,4475,train,8
73,5970,train,6
73,1029,train,5
73,6519,train,8
73,18,train,7
73,4266,train,1
73,3942,train,7
73,2686,train,6
73,3034,train,4
73,1022,train,6
73,4425,train,3
73,3129,train,6
73,794,train,4
73,436,train,9
73,5135,train,4
73,2972,train,4
73,5010,train,0
73,2696,train,9
73,516,train,1
73,1254,train,3
73,3200,train,8
73,2558,train,9
73,3620,train,6
73,1092,train,9
73,7271,train,9
73,6358,train,3
73,3578,train,1
73,3819,train,3
73,6409,train,9
73,192,train,0
73,7291,train,6
73,6204,train,3
73,4357,train,8
73,5623,train,1
73,5113,train,6
73,2103,train,2
73,527,train,9
73,5674,train,1
73,3621,train,7
73,1743,train,7
73,6900,train,0
73,4334,train,6
73,1477,train,3
73,7054,train,0
73,1090,train,7
73,2002,train,6
73,5186,train,4
73,5641,train,6
73,6865,train,9
73,2724,train,9
73,2913,train,4
73,5166,train,1
73,1,train,3
73,4588,train,2
73,460,train,5
73,3459,train,8
73,7172,train,8
73,3657,train,9
73,6766,train,5
73,4910,train,7
73,1151,train,4
73,3405,train,7
73,4976,train,8
73,1791,train,7
73,58,train,2
73,3519,train,8
73,1107,train,8
73,559,train,9
73,1932,train,7
73,425,train,4
73,3074,train,0
73,5836,train,1
73,5125,train,5
73,2370,train,5
73,6869,train,0
73,6963,train,6
73,3153,train,9
73,3647,train,8
73,4641,train,7
73,3565,train,8
73,3490,train,6
73,5827,train,0
73,5144,train,0
73,3172,train,5
73,4545,train,2
73,543,train,9
73,2379,train,1
73,6590,train,4
73,1000,train,7
73,4774,train,0
73,2304,train,5
73,7191,train,9
73,6566,train,2
73,3984,train,3
73,1904,train,3
73,6946,train,7
73,1148,train,4
73,1868,train,0
73,6563,train,7
73,1853,train,9
73,4989,train,3
73,131,train,0
73,7148,train,7
73,4257,train,4
73,3081,train,4
73,713,train,6
73,2381,train,0
73,4517,train,9
73,5787,train,2
73,6098,train,6
73,804,train,7
73,2446,train,8
73,606,train,6
73,6498,train,8
73,6423,train,5
73,1597,train,1
73,6211,train,5
73,1459,train,6
73,5346,train,6
73,3535,train,4
73,2693,train,6
73,387,train,5
73,5118,train,8
73,2302,train,1
73,2188,train,4
73,767,train,0
73,3002,train,2
73,2824,train,1
73,6557,train,2
73,1860,train,0
73,1243,train,2
73,2862,train,0
73,2394,train,3
73,4386,train,7
73,2633,train,4
73,3450,train,3
73,2798,train,6
73,4674,train,8
73,7247,train,6
73,1322,train,8
73,3431,train,0
73,6571,train,9
73,3460,train,4
73,3583,train,7
73,1594,train,9
73,1275,train,1
73,564,train,9
73,2442,train,1
73,3971,train,0
73,5830,train,5
73,4993,train,6
73,3309,train,2
73,7205,train,7
73,6069,train,5
73,7284,train,2
73,2479,train,6
73,2620,train,5
73,3308,train,9
73,4557,train,5
73,3656,train,7
73,172,train,6
73,4344,train,3
73,2332,train,3
73,3560,train,6
73,517,train,6
73,6047,train,4
73,1143,train,3
73,3108,train,2
73,5856,train,8
73,6068,train,6
73,3096,train,0
73,3614,train,6
73,551,train,0
73,4075,train,9
73,2343,train,6
73,968,train,6
73,4754,train,3
73,2295,train,2
73,571,train,6
73,5293,train,5
73,6576,train,8
73,779,train,5
73,806,train,3
73,7335,train,4
73,5467,train,9
73,4823,train,3
73,679,train,4
73,4629,train,2
73,1505,train,1
73,1540,train,2
73,4047,train,8
73,88,train,5
73,1546,train,0
73,457,train,4
73,1700,train,6
73,5256,train,2
73,4577,train,1
73,7215,train,7
73,318,train,7
73,5474,train,7
73,1437,train,9
73,4802,train,0
73,503,train,7
73,7249,train,2
73,982,train,3
73,7314,train,9
73,1431,train,1
73,2131,train,5
73,3380,train,2
73,618,train,1
73,5784,train,0
73,3366,train,2
73,1942,train,9
73,15,train,7
73,1644,train,9
73,995,train,2
73,12,train,5
73,5226,train,9
73,2267,train,6
73,3054,train,6
73,4265,train,8
73,2997,train,6
73,3555,train,0
73,1684,train,6
73,6610,train,3
73,6833,train,0
73,909,train,0
73,4268,train,5
73,5566,train,9
73,4727,train,0
73,2306,train,5
73,2084,train,4
73,897,train,4
73,7245,train,4
73,6845,train,0
73,81,train,8
73,1560,train,8
73,5520,train,8
73,7265,train,5
73,4286,train,6
73,5094,train,2
73,1519,train,2
73,2081,train,7
73,6239,train,5
73,4965,train,5
73,1962,train,9
73,4130,train,5
73,1467,train,6
73,5065,train,8
73,4609,train,7
73,5523,train,4
73,6315,train,3
73,5907,train,7
73,2828,train,4
73,4861,train,7
73,3780,train,8
73,5352,train,3
73,5340,train,1
73,6661,train,8
73,3748,train,1
73,78,train,5
73,91,train,8
73,5995,train,3
73,2941,train,3
73,3799,train,5
73,5622,train,9
73,2160,train,3
73,4260,train,6
73,1872,train,6
73,3475,train,3
73,5948,train,9
73,4835,train,9
73,307,train,9
73,1916,train,6
73,2043,train,7
73,4604,train,1
73,4307,train,1
73,2020,train,9
73,1990,train,7
73,2566,train,9
73,5083,train,9
73,5710,train,4
73,3855,train,4
73,4711,train,4
73,3604,train,2
73,4515,train,3
73,3826,train,0
73,6256,train,9
73,2501,train,4
73,6311,train,9
73,316,train,9
73,7126,train,3
73,4729,train,7
73,3809,train,3
73,2027,train,2
73,802,train,4
73,3497,train,0
73,6559,train,0
73,6153,train,0
73,2004,train,1
73,1547,train,9
73,4768,train,1
73,2783,train,6
73,5610,train,0
73,1914,train,1
73,2865,train,0
73,1066,train,8
73,2530,train,3
73,139,train,0
73,5901,train,2
73,2901,train,0
73,1964,train,8
73,1249,train,8
73,5433,train,4
73,4437,train,4
73,964,train,3
73,4093,train,3
73,1176,train,6
73,689,train,4
73,4246,train,5
73,5344,train,0
73,5991,train,9
73,5481,train,1
73,662,train,3
73,6979,train,9
73,1262,train,4
73,3927,train,7
73,5508,train,1
73,1227,train,8
73,3193,train,3
73,1236,train,0
73,2895,train,5
73,848,train,1
73,7079,train,8
73,5301,train,3
73,1332,train,8
73,3059,train,5
73,6054,train,2
73,6983,train,8
73,1413,train,9
73,1863,train,5
73,962,train,4
73,6645,train,7
73,262,train,0
73,5619,train,0
73,6757,train,1
73,3568,train,7
73,6286,train,5
73,4991,train,3
73,6810,train,3
73,6842,train,8
73,6263,train,4
73,3433,train,2
73,1672,train,9
73,3113,train,1
73,4436,train,1
73,6664,train,5
73,3822,train,3
73,459,train,5
73,1626,train,8
73,646,train,0
73,4368,train,9
73,3812,train,3
73,1081,train,1
73,5205,train,6
73,1204,train,8
73,6179,train,4
73,122,train,5
73,1539,train,5
73,4793,train,6
73,2900,train,5
73,3531,train,6
73,3716,train,8
73,3562,train,4
73,5803,train,2
73,7036,train,2
73,1242,train,7
73,626,train,1
73,4095,train,5
73,3290,train,3
73,2806,train,9
73,434,train,9
73,5444,train,9
73,5724,train,2
73,3987,train,7
73,1510,train,7
73,4213,train,3
73,1845,train,2
73,590,train,0
73,2106,train,1
73,2839,train,9
73,236,train,7
73,3390,train,6
73,4772,train,1
73,3878,train,8
73,589,train,2
73,7041,train,8
73,2354,train,5
73,118,train,6
73,3247,train,8
73,4327,train,1
73,428,train,2
73,393,train,3
73,3784,train,2
73,5064,train,7
73,7112,train,2
73,6829,train,3
73,1550,train,7
73,3188,train,8
73,28,train,3
73,6685,train,3
73,778,train,3
73,5223,train,9
73,3267,train,2
73,4405,train,7
73,6596,train,9
73,6057,train,8
73,2434,train,4
73,2716,train,7
73,1683,train,0
73,6781,train,3
73,2599,train,7
73,4081,train,1
73,5929,train,2
73,7110,train,6
73,1012,train,3
73,2169,train,5
73,4457,train,1
73,6665,train,1
73,739,train,2
73,5246,train,3
73,1541,train,9
73,5950,train,5
73,1998,train,7
73,6605,train,6
73,3468,train,7
73,7303,train,7
73,1064,train,7
73,5219,train,7
73,552,train,8
73,5764,train,8
73,6694,train,7
73,5338,train,6
73,1336,train,2
73,4004,train,1
73,2615,train,2
73,4592,train,3
73,4806,train,9
73,7049,train,9
73,7185,train,0
73,4544,train,5
73,6394,train,2
73,5185,train,3
73,6065,train,4
73,212,train,0
73,3233,train,7
73,4091,train,6
73,3702,train,5
73,5170,train,5
73,2766,train,0
73,3892,train,9
73,5615,train,1
73,979,train,3
73,2505,train,1
73,3597,train,8
73,6216,train,2
73,3868,train,2
73,394,train,0
73,1158,train,7
73,2765,train,7
73,5362,train,6
73,5781,train,6
73,4658,train,1
73,3608,train,6
73,1297,train,6
73,7075,train,4
73,1160,train,7
73,7349,train,1
73,2369,train,6
73,6819,train,8
73,3561,train,0
73,6374,train,8
73,2108,train,7
73,2508,train,4
73,2849,train,2
73,3444,train,9
73,2666,train,8
73,3351,train,2
73,5482,train,0
73,1419,train,2
73,898,train,5
73,4107,train,0
73,4226,train,5
73,5949,train,6
73,4362,train,6
73,56,train,0
73,7354,train,4
73,5811,train,1
73,2101,train,7
73,1079,train,8
73,2781,train,9
73,5253,train,1
73,7289,train,4
73,2810,train,5
73,1799,train,7
73,6717,train,4
73,2559,train,8
73,7121,train,1
73,4677,train,6
73,3489,train,2
73,3100,train,5
73,2583,train,7
73,803,train,7
73,77,train,7
73,5661,train,8
73,4139,train,0
73,2299,train,5
73,6406,train,3
73,4310,train,1
73,148,train,8
73,2377,train,4
73,6958,train,0
73,4086,train,4
73,6131,train,4
73,1762,train,1
73,826,train,0
73,913,train,5
73,4719,train,6
73,180,train,0
73,6580,train,2
73,2640,train,7
73,7035,train,3
73,5408,train,7
73,1131,train,6
73,446,train,6
73,6118,train,5
73,6249,train,2
73,892,train,7
73,4403,train,7
73,2515,train,5
73,6613,train,5
73,4571,train,2
73,1162,train,2
73,5665,train,4
73,3473,train,0
73,7199,train,6
73,6501,train,1
73,3760,train,5
73,6483,train,4
73,6045,train,6
73,1099,train,3
73,6911,train,2
73,6301,train,2
73,3072,train,6
73,2376,train,8
73,4445,train,1
73,5673,train,8
73,3551,train,3
73,1173,train,1
73,6628,train,8
73,6495,train,5
73,7255,train,2
73,2910,train,8
73,2935,train,0
73,4997,train,1
73,2837,train,7
73,781,train,3
73,2722,train,9
73,1223,train,3
73,3816,train,5
73,3741,train,5
73,3258,train,6
73,6795,train,7
73,5462,train,9
73,5183,train,6
73,6367,train,0
73,191,train,3
73,4687,train,1
73,5752,train,4
73,4984,train,5
73,149,train,1
73,5819,train,1
73,1074,train,5
73,2073,train,7
73,1331,train,0
73,6985,train,3
73,1444,train,0
73,549,train,2
73,1759,train,2
73,456,train,5
73,2521,train,4
73,6138,train,9
73,4763,train,6
73,6190,train,6
73,3301,train,9
73,3413,train,8
73,4928,train,8
73,2774,train,5
73,529,train,6
73,6681,train,5
73,6991,train,2
73,809,train,8
73,2032,train,8
73,3746,train,8
73,3215,train,0
73,4638,train,8
73,1813,train,4
73,3385,train,5
73,6489,train,7
73,3948,train,6
73,948,train,3
73,6623,train,4
73,5217,train,0
73,426,train,8
73,2554,train,1
73,3779,train,5
73,4065,train,4
73,4175,train,7
73,5908,train,5
73,3022,train,3
73,3376,train,2
73,480,train,2
73,4051,train,7
73,3914,train,3
73,4340,train,4
73,4379,train,3
73,3231,train,3
73,1944,train,8
73,5877,train,3
73,2931,train,1
73,760,train,2
73,1677,train,7
73,1784,train,0
73,7316,train,5
73,2539,train,9
73,2979,train,4
73,4529,train,8
73,6437,train,1
73,6820,train,1
73,5290,train,8
73,3302,train,4
73,3192,train,0
73,6248,train,5
73,4937,train,3
73,2365,train,0
73,7159,train,3
73,7152,train,7
73,5934,train,4
73,1636,train,3
73,4753,train,8
73,6632,train,1
73,4986,train,4
73,7120,train,2
73,5236,train,0
73,1060,train,1
73,3069,train,7
73,2183,train,6
73,3411,train,3
73,5599,train,9
73,4969,train,9
73,487,train,8
73,6404,train,6
73,2932,train,5
73,7136,train,8
73,2276,train,3
73,3245,train,2
73,5793,train,8
73,3813,train,1
73,656,train,1
73,432,train,0
73,4279,train,9
73,685,train,7
73,5940,train,0
73,1324,train,6
73,3223,train,6
73,970,train,4
73,1779,train,3
73,35,train,8
73,4028,train,1
73,4298,train,7
73,5399,train,9
73,5234,train,1
73,5903,train,6
73,5349,train,0
73,3609,train,4
73,4381,train,0
73,1736,train,9
73,3058,train,5
73,795,train,5
73,2881,train,2
73,6488,train,6
73,847,train,5
73,2675,train,6
73,5457,train,8
73,6016,train,2
73,1067,train,3
73,4709,train,9
73,3057,train,2
73,4269,train,3
73,1405,train,7
73,5469,train,2
73,6331,train,0
73,4539,train,2
73,784,train,7
73,1445,train,7
73,1513,train,7
73,4128,train,0
73,5238,train,7
73,650,train,9
73,2294,train,4
73,5143,train,5
73,2859,train,7
73,6236,train,6
73,6538,train,7
73,6095,train,8
73,3554,train,2
73,1169,train,6
73,4370,train,5
73,3801,train,9
73,6431,train,2
73,164,train,4
73,2923,train,5
73,2075,train,5
73,4522,train,9
73,3752,train,6
73,5271,train,4
73,6617,train,3
73,1979,train,1
73,6265,train,6
73,6838,train,6
73,4083,train,4
73,5671,train,6
73,3428,train,7
73,2194,train,5
73,5659,train,0
73,1710,train,4
73,6960,train,6
73,1040,train,2
73,2469,train,8
73,5485,train,9
73,1259,train,0
73,1650,train,8
73,5868,train,0
73,6426,train,6
73,1192,train,5
73,4243,train,2
73,1351,train,8
73,2201,train,8
73,4786,train,3
73,5935,train,4
73,4053,train,1
73,3255,train,8
73,2511,train,7
73,2037,train,8
73,3976,train,3
73,4367,train,4
73,4424,train,2
73,4145,train,5
73,1739,train,0
73,3282,train,0
73,3895,train,6
73,2350,train,6
73,882,train,0
73,1240,train,8
73,269,train,1
73,3132,train,3
73,4360,train,5
73,1727,train,9
73,1032,train,3
73,4105,train,8
73,3079,train,1
73,1273,train,9
73,3483,train,1
73,344,train,6
73,1485,train,7
73,3743,train,8
73,6026,train,3
73,7031,train,4
73,4553,train,5
73,5181,train,6
73,3710,train,1
73,801,train,4
73,3221,train,2
73,7280,train,2
73,2698,train,9
73,2657,train,2
73,2331,train,9
73,4863,train,5
73,6163,train,8
73,3027,train,5
73,7313,train,4
73,5941,train,0
73,1901,train,2
73,7309,train,7
73,6459,train,5
73,5637,train,0
73,5202,train,3
73,5272,train,9
73,6524,train,1
73,699,train,3
73,2499,train,8
73,6061,train,9
73,5850,train,6
73,5342,train,5
73,246,train,8
73,827,train,7
73,2157,train,7
73,2476,train,5
73,2197,train,1
73,4661,train,4
73,661,train,3
73,4133,train,6
73,3383,train,2
73,5589,train,3
73,5705,train,0
73,7086,train,8
73,3337,train,1
73,506,train,3
73,2993,train,9
73,2399,train,3
73,6373,train,5
73,838,train,8
73,4393,train,3
73,1045,train,2
73,3479,train,3
73,265,train,4
73,2038,train,2
73,6637,train,4
73,5336,train,5
73,2576,train,6
73,3763,train,0
73,5994,train,0
73,392,train,8
73,620,train,4
73,756,train,6
73,3865,train,4
73,2413,train,7
73,1802,train,2
73,6176,train,1
73,277,train,3
73,7334,train,2
73,3737,train,9
73,6339,train,0
73,2064,train,5
73,4450,train,0
73,4161,train,1
73,4114,train,4
73,5548,train,5
73,6762,train,2
73,4469,train,0
73,7217,train,1
73,3507,train,7
73,673,train,1
73,2061,train,6
73,6798,train,6
73,4288,train,1
73,1702,train,5
73,6936,train,4
73,2927,train,0
73,817,train,3
73,1878,train,3
73,5904,train,5
73,2956,train,2
73,7166,train,4
73,2142,train,4
73,2050,train,1
73,6579,train,6
73,2265,train,5
73,483,train,8
73,2929,train,2
73,893,train,5
73,2918,train,6
73,4788,train,9
73,3032,train,5
73,3377,train,4
73,6091,train,1
73,3662,train,7
73,4080,train,8
73,857,train,3
73,7178,train,4
73,3867,train,5
73,7332,train,7
73,6606,train,6
73,7000,train,3
73,955,train,7
73,4543,train,7
73,5531,train,5
73,5595,train,0
73,1997,train,0
73,3602,train,5
73,4892,train,8
73,4383,train,9
73,2533,train,0
73,3645,train,9
73,303,train,0
73,376,train,6
73,2298,train,9
73,1403,train,5
73,6878,train,1
73,5834,train,4
73,1722,train,3
73,2335,train,7
73,640,train,2
73,5822,train,0
73,6555,train,5
73,1279,train,9
73,4731,train,3
73,3485,train,1
73,202,train,9
73,5488,train,5
73,3488,train,0
73,7171,train,4
73,6527,train,0
73,3804,train,2
73,1407,train,2
73,5189,train,2
73,317,train,0
73,4178,train,4
73,732,train,9
73,7028,train,5
73,4358,train,7
73,5112,train,3
73,3070,train,6
73,3708,train,6
73,5514,train,5
73,4752,train,9
73,3598,train,3
73,544,train,4
73,5545,train,0
73,1789,train,6
73,5572,train,6
73,1576,train,0
73,674,train,9
73,1970,train,5
73,704,train,6
73,5722,train,0
73,3811,train,0
73,3228,train,2
73,4294,train,0
73,2028,train,2
73,1886,train,2
73,1165,train,6
73,6191,train,7
73,2580,train,5
73,6982,train,5
73,5045,train,7
73,4173,train,4
73,3675,train,5
73,166,train,7
73,844,train,5
73,2224,train,9
73,705,train,1
73,6758,train,1
73,65,train,0
73,4166,train,7
73,6542,train,6
73,1465,train,8
73,5607,train,8
73,3251,train,6
73,7222,train,0
73,3520,train,2
73,2398,train,7
73,2470,train,2
73,4924,train,7
73,5616,train,9
73,6773,train,4
73,2031,train,3
73,7168,train,9
73,2099,train,0
73,5895,train,1
73,5832,train,7
73,830,train,4
73,5910,train,1
73,6465,train,1
73,4072,train,7
73,924,train,0
73,5898,train,9
73,6594,train,3
73,5544,train,3
73,6999,train,6
73,2411,train,9
73,6918,train,3
73,183,train,3
73,7301,train,2
73,7226,train,1
73,5365,validation,8
73,4848,validation,6
73,6445,validation,1
73,4570,validation,7
73,7288,validation,6
73,6152,validation,6
73,4541,validation,9
73,570,validation,4
73,5039,validation,7
73,4838,validation,3
73,831,validation,1
73,3954,validation,2
73,863,validation,3
73,6804,validation,5
73,5757,validation,2
73,4458,validation,0
73,4619,validation,4
73,6902,validation,7
73,3369,validation,5
73,5103,validation,4
73,5196,validation,8
73,6534,validation,4
73,458,validation,7
73,1750,validation,5
73,2303,validation,1
73,69,validation,4
73,6128,validation,4
73,6755,validation,0
73,635,validation,9
73,1454,validation,3
73,4163,validation,1
73,3467,validation,1
73,2983,validation,5
73,4007,validation,2
73,6379,validation,5
73,6403,validation,1
73,4712,validation,9
73,6556,validation,2
73,6876,validation,2
73,3343,validation,2
73,7104,validation,5
73,2480,validation,5
73,2999,validation,7
73,4784,validation,8
73,4067,validation,5
73,2939,validation,6
73,2237,validation,5
73,5240,validation,7
73,996,validation,4
73,125,validation,8
73,5251,validation,7
73,6650,validation,7
73,4000,validation,7
73,6604,validation,7
73,4964,validation,8
73,2135,validation,7
73,2890,validation,9
73,6415,validation,6
73,1028,validation,4
73,5427,validation,1
73,3988,validation,3
73,7163,validation,9
73,2250,validation,3
73,5612,validation,5
73,5967,validation,3
73,1391,validation,2
73,3438,validation,1
73,2626,validation,0
73,3262,validation,8
73,3388,validation,1
73,2076,validation,6
73,2401,validation,3
73,223,validation,3
73,5442,validation,8
73,4350,validation,3
73,6143,validation,5
73,1206,validation,3
73,7344,validation,0
73,1918,validation,4
73,1049,validation,5
73,6891,validation,9
73,2308,validation,8
73,298,validation,4
73,4451,validation,4
73,6716,validation,7
73,423,validation,7
73,2638,validation,1
73,1822,validation,6
73,3674,validation,4
73,4410,validation,5
73,4576,validation,8
73,5146,validation,2
73,6297,validation,5
73,6005,validation,1
73,6469,validation,7
73,5838,validation,7
73,1958,validation,0
73,2661,validation,6
73,1412,validation,7
73,2495,validation,6
73,206,validation,3
73,1716,validation,2
73,2018,validation,3
73,5703,validation,1
73,5222,validation,1
73,4901,validation,7
73,3274,validation,9
73,722,validation,5
73,355,validation,4
73,5082,validation,8
73,3464,validation,0
73,6723,validation,3
73,1777,validation,5
73,3740,validation,5
73,171,validation,4
73,730,validation,2
73,3419,validation,6
73,4830,validation,8
73,141,validation,5
73,4585,validation,1
73,5551,validation,3
73,3097,validation,6
73,4159,validation,5
73,4713,validation,6
73,4254,validation,4
73,4850,validation,0
73,14,validation,3
73,4845,validation,2
73,4688,validation,0
73,3528,validation,1
73,3209,validation,8
73,5312,validation,6
73,6986,validation,0
73,4971,validation,9
73,435,validation,2
73,6251,validation,3
73,6881,validation,9
73,4791,validation,8
73,6797,validation,0
73,3124,validation,0
73,7072,validation,2
73,6281,validation,5
73,6945,validation,6
73,3141,validation,4
73,2344,validation,7
73,5770,validation,8
73,1817,validation,0
73,999,validation,1
73,6384,validation,3
73,700,validation,4
73,3358,validation,8
73,3019,validation,4
73,1563,validation,5
73,6731,validation,4
73,2891,validation,7
73,1640,validation,7
73,2262,validation,7
73,6837,validation,8
73,57,validation,9
73,3511,validation,5
73,6886,validation,2
73,2596,validation,4
73,2858,validation,6
73,1675,validation,8
73,2077,validation,5
73,7177,validation,4
73,6949,validation,0
73,530,validation,6
73,5455,validation,2
73,3783,validation,2
73,1561,validation,2
73,1586,validation,7
73,3754,validation,3
73,3304,validation,1
73,2420,validation,8
73,1041,validation,1
73,5684,validation,4
73,2541,validation,5
73,7239,validation,8
73,1213,validation,2
73,4906,validation,8
73,4329,validation,7
73,4815,validation,8
73,5852,validation,1
73,227,validation,5
73,2656,validation,1
73,6551,validation,5
73,769,validation,3
73,7305,validation,3
73,539,validation,5
73,2647,validation,1
73,371,validation,2
73,5769,validation,8
73,4230,validation,5
73,4168,validation,4
73,5962,validation,1
73,721,validation,5
73,7151,validation,5
73,1769,validation,8
73,3557,validation,0
73,1568,validation,1
73,158,validation,9
73,6076,validation,6
73,5248,validation,2
73,1228,validation,1
73,6077,validation,1
73,6521,validation,3
73,1235,validation,2
73,4433,validation,7
73,4894,validation,4
73,5060,validation,0
73,113,validation,5
73,5518,validation,1
73,1898,validation,8
73,1631,validation,9
73,2071,validation,4
73,6417,validation,3
73,557,validation,9
73,3832,validation,7
73,3131,validation,0
73,5000,validation,0
73,2488,validation,9
73,3078,validation,9
73,3381,validation,4
73,4769,validation,3
73,404,validation,6
73,5602,validation,9
73,1814,validation,9
73,637,validation,8
73,1787,validation,5
73,6706,validation,7
73,3364,validation,4
73,5987,validation,6
73,3234,validation,9
73,7154,validation,9
73,5431,validation,9
73,5676,validation,4
73,7042,validation,2
73,4908,validation,7
73,4489,validation,5
73,7238,validation,7
73,4456,validation,6
73,5993,validation,3
73,1848,validation,7
73,70,validation,8
73,7207,validation,9
73,7,validation,7
73,4566,validation,9
73,399,validation,0
73,4746,validation,2
73,3721,validation,9
73,1221,validation,0
73,4262,validation,6
73,6381,validation,7
73,2795,validation,4
73,5326,validation,3
73,6825,validation,7
73,5104,validation,8
73,1017,validation,7
73,1044,validation,5
73,4325,validation,0
73,2930,validation,2
73,6427,validation,5
73,6324,validation,7
73,4435,validation,0
73,6760,validation,5
73,46,validation,5
73,6739,validation,4
73,2914,validation,8
73,5304,validation,4
73,4280,validation,4
73,2236,validation,1
73,5931,validation,9
73,2053,validation,7
73,3582,validation,2
73,3700,validation,3
73,4857,validation,1
73,2677,validation,1
73,5865,validation,8
73,1184,validation,4
73,1933,validation,5
73,972,validation,3
73,6147,validation,9
73,3201,validation,9
73,455,validation,5
73,6890,validation,4
73,2524,validation,3
73,1393,validation,3
73,6484,validation,5
73,4476,validation,0
73,3423,validation,3
73,3008,validation,2
73,2769,validation,0
73,6209,validation,8
73,2247,validation,6
73,4744,validation,6
73,4060,validation,2
73,4634,validation,8
73,1924,validation,0
73,971,validation,9
73,6242,validation,9
73,1100,validation,5
73,938,validation,8
73,1435,validation,5
73,4084,validation,0
73,7101,validation,8
73,1072,validation,4
73,5511,validation,6
73,1498,validation,3
73,3461,validation,9
73,1879,validation,4
73,1460,validation,5
73,1123,validation,6
73,1912,validation,2
73,3587,validation,9
73,6440,validation,1
73,4097,validation,3
73,6215,validation,5
73,1287,validation,0
73,6276,validation,6
73,6313,validation,5
73,194,validation,9
73,5130,validation,8
73,5443,validation,7
73,1463,validation,5
73,2168,validation,2
73,2922,validation,5
73,3161,validation,3
73,2046,validation,0
73,5314,validation,6
73,4773,validation,3
73,2971,validation,6
73,4492,validation,4
73,3114,validation,8
73,67,validation,2
73,5127,validation,4
73,690,validation,0
73,4846,validation,6
73,185,validation,1
73,4875,validation,7
73,1075,validation,4
73,4470,validation,4
73,1152,validation,1
73,7310,validation,9
73,6525,validation,5
73,5174,validation,3
73,1792,validation,9
73,3496,validation,4
73,4247,validation,1
73,6338,validation,3
73,5239,validation,1
73,1133,validation,8
73,998,validation,1
73,3717,validation,3
73,3068,validation,0
73,5008,validation,1
73,159,validation,8
73,6089,validation,4
73,900,validation,1
73,6910,validation,2
73,1327,validation,4
73,5870,validation,8
73,380,validation,4
73,4613,validation,2
73,2742,validation,7
73,5484,validation,5
73,4618,validation,6
73,2517,validation,2
73,3505,validation,5
73,1625,validation,0
73,488,validation,0
73,4822,validation,6
73,4345,validation,2
73,5833,validation,1
73,5653,validation,0
73,5926,validation,4
73,2111,validation,8
73,6824,validation,0
73,3420,validation,6
73,528,validation,8
73,2933,validation,3
73,759,validation,0
73,4,validation,4
73,525,validation,5
73,1733,validation,0
73,2481,validation,2
73,3240,validation,6
73,773,validation,0
73,1504,validation,1
73,743,validation,6
73,1999,validation,3
73,7078,validation,9
73,7058,validation,7
73,6517,validation,4
73,5327,validation,9
73,3491,validation,9
73,2763,validation,9
73,5943,validation,2
73,5446,validation,1
73,2834,validation,1
73,671,validation,7
73,2740,validation,5
73,6535,validation,1
73,1919,validation,3
73,1941,validation,1
73,4221,validation,9
73,670,validation,0
73,3997,validation,4
73,1952,validation,7
73,4755,validation,3
73,6082,validation,6
73,2243,validation,2
73,512,validation,7
73,4046,validation,7
73,2280,validation,5
73,461,validation,0
73,5487,validation,5
73,819,validation,7
73,72,validation,4
73,5157,validation,3
73,5243,validation,9
73,4649,validation,8
73,3785,validation,2
73,1183,validation,9
73,7253,validation,3
73,2674,validation,3
73,4535,validation,6
73,3430,validation,3
73,5751,validation,2
73,6987,validation,7
73,6705,validation,7
73,5691,validation,3
73,2483,validation,2
73,6028,validation,2
73,5224,validation,8
73,5420,validation,1
73,5885,validation,8
73,3318,validation,9
73,1238,validation,3
73,3449,validation,8
73,3470,validation,2
73,1908,validation,1
73,5946,validation,0
73,1673,validation,9
73,4045,validation,2
73,1220,validation,1
73,6821,validation,8
73,3410,validation,1
73,5142,validation,0
73,1978,validation,6
73,3981,validation,7
73,5879,validation,8
73,3227,validation,2
73,858,validation,7
73,1484,validation,5
73,1283,validation,0
73,2477,validation,8
73,2896,validation,4
73,1874,validation,8
73,2823,validation,4
73,1798,validation,0
73,1965,validation,9
73,3574,validation,0
73,5682,validation,9
73,6323,validation,8
73,1126,validation,6
73,3963,validation,0
73,6104,validation,5
73,5706,validation,2
73,2780,validation,2
73,631,validation,2
73,6070,validation,4
73,3725,validation,2
73,3665,validation,4
73,6595,validation,6
73,3060,validation,4
73,4681,validation,2
73,4902,validation,7
73,3469,validation,2
73,2449,validation,9
73,3667,validation,5
73,2121,validation,5
73,1658,validation,0
73,2067,validation,9
73,3127,validation,3
73,4328,validation,6
73,1200,validation,7
73,1266,validation,9
73,442,validation,8
73,5649,validation,9
73,7150,validation,0
73,2492,validation,7
73,4284,validation,3
73,3956,validation,1
73,6791,validation,0
73,5979,validation,0
73,3457,validation,3
73,6546,validation,6
73,1906,validation,9
73,1222,validation,9
73,4077,validation,3
73,612,validation,4
73,2762,validation,8
73,7139,validation,4
73,5597,validation,5
73,5014,validation,9
73,5255,validation,1
73,4026,validation,3
73,1782,validation,2
73,2799,validation,6
73,4851,validation,6
73,526,validation,7
73,6420,validation,2
73,5688,validation,5
73,5844,validation,4
73,137,validation,0
73,6360,validation,1
73,2794,validation,8
73,2936,validation,3
73,4267,validation,0
73,4980,validation,6
73,2871,validation,3
73,1581,validation,4
73,5359,validation,6
73,7192,validation,1
73,1161,validation,9
73,336,validation,7
73,4927,validation,8
73,3848,validation,1
73,3900,validation,0
73,1767,validation,6
73,2689,validation,6
73,1923,validation,3
73,850,validation,1
73,6376,validation,4
73,1633,validation,8
73,6792,validation,4
73,583,validation,9
73,3332,validation,3
73,3676,validation,7
73,1536,validation,3
73,745,validation,8
73,1071,validation,9
73,253,validation,7
73,3020,validation,6
73,1911,validation,5
73,6322,validation,9
73,5772,validation,7
73,6972,validation,8
73,218,validation,9
73,6357,validation,4
73,736,validation,9
73,1666,validation,5
73,2757,validation,6
73,5048,validation,6
73,3951,validation,0
73,1377,validation,4
73,6419,validation,6
73,5618,validation,7
73,6314,validation,2
73,2403,validation,1
73,3913,validation,7
73,957,validation,3
73,1225,validation,1
73,4751,validation,3
73,2645,validation,0
73,655,validation,5
73,83,validation,1
73,2033,validation,0
73,4736,validation,9
73,162,validation,8
73,4040,validation,3
73,2990,validation,8
73,4868,validation,6
73,4778,validation,4
73,3591,validation,6
73,7063,validation,3
73,4373,validation,5
73,1902,validation,0
73,1679,validation,2
73,4394,validation,2
73,5869,validation,6
73,2419,validation,9
73,2753,validation,1
73,3145,validation,0
73,6904,validation,1
73,2663,validation,3
73,179,validation,1
73,1656,validation,0
73,6220,validation,1
73,422,validation,6
73,5956,validation,1
73,3512,validation,0
73,4872,validation,8
73,2704,validation,5
73,1024,validation,4
73,1416,validation,3
73,3007,validation,0
73,7056,validation,8
73,2543,validation,7
73,4890,validation,5
73,133,validation,7
73,3427,validation,5
73,7261,validation,9
73,6840,validation,8
73,944,validation,6
73,5549,validation,8
73,6181,validation,1
73,1862,validation,1
73,5694,validation,6
73,2967,validation,0
73,2954,validation,1
73,4575,validation,0
73,522,validation,8
73,2162,validation,7
73,6669,validation,4
73,5137,validation,7
73,2305,validation,7
73,2683,validation,5
73,1116,validation,0
73,7297,validation,5
73,175,validation,5
73,5875,validation,2
73,2178,validation,2
73,5975,validation,8
73,6744,validation,9
73,414,validation,8
73,4129,validation,3
73,4533,validation,9
73,4135,validation,9
73,1887,validation,3
73,5387,validation,0
73,1975,validation,1
73,6933,validation,1
73,652,validation,5
73,4341,validation,0
73,5837,validation,8
73,3116,validation,9
73,843,validation,7
73,5324,validation,4
73,4330,validation,0
73,2802,validation,9
73,1859,validation,6
73,5571,validation,8
73,4700,validation,9
73,5072,validation,7
73,3004,validation,7
73,5644,validation,2
73,1507,validation,8
73,6730,validation,3
73,7149,validation,1
73,4071,validation,6
73,5924,validation,8
73,3646,validation,1
73,1182,validation,3
73,3498,validation,9
73,5397,validation,8
73,630,validation,2
73,3579,validation,9
73,4396,validation,1
73,3850,validation,1
73,3446,validation,9
73,1720,validation,2
73,1875,validation,1
73,6024,validation,5
73,3658,validation,5
73,2017,validation,2
73,1855,validation,8
73,3937,validation,2
73,729,validation,4
73,3235,validation,9
73,2026,validation,5
73,6997,validation,4
73,889,validation,1
73,5380,validation,5
73,1616,validation,1
73,2902,validation,3
73,686,validation,5
73,2102,validation,6
73,32,validation,9
73,301,validation,2
73,6663,validation,3
73,6482,validation,9
73,537,validation,5
73,1237,validation,3
73,4739,validation,0
73,3118,validation,1
73,66,validation,7
73,4190,validation,9
73,6034,validation,2
73,5574,validation,1
73,2000,validation,2
73,3347,validation,4
73,3876,validation,1
73,6752,validation,7
73,520,validation,6
73,6080,validation,4
73,3723,validation,0
73,6124,validation,8
73,6582,validation,9
73,3348,validation,7
73,2271,validation,1
73,2055,validation,4
73,17,validation,2
73,5395,validation,1
73,5075,validation,9
73,3361,validation,0
73,384,validation,6
73,5499,validation,8
73,2684,validation,4
73,4488,validation,5
73,1752,validation,9
73,4324,validation,6
73,6161,validation,3
73,5289,validation,2
73,4502,validation,2
73,6225,validation,1
73,7179,validation,8
73,354,validation,6
73,3757,validation,9
73,2328,validation,1
73,703,validation,4
73,5339,validation,7
73,2373,validation,0
73,2203,validation,1
73,6396,validation,9
73,1013,validation,8
73,2634,validation,4
73,132,validation,5
73,2525,validation,6
73,6226,validation,0
73,4167,validation,8
73,6171,validation,5
73,6788,validation,9
73,5503,validation,6
73,3170,validation,3
73,3140,validation,7
73,7064,validation,3
73,3261,validation,3
73,1390,validation,7
73,7295,validation,1
73,481,validation,6
73,2,validation,2
73,7241,validation,0
73,1645,validation,0
73,4799,validation,4
73,932,validation,0
73,1035,validation,1
73,1094,validation,4
73,5678,validation,3
73,5820,validation,9
73,3185,validation,9
73,7023,validation,3
73,4804,validation,7
73,2851,validation,1
73,3232,validation,5
73,1383,validation,8
73,6328,validation,5
73,3500,validation,6
73,6048,validation,7
73,3722,validation,2
73,5132,validation,9
73,2595,validation,2
73,1735,validation,3
73,1295,validation,8
73,6877,validation,7
73,1821,validation,2
73,5483,validation,3
73,1366,validation,9
73,2006,validation,9
73,3915,validation,0
73,1745,validation,0
73,513,validation,3
73,2701,validation,4
73,6514,validation,7
73,4306,validation,0
73,3150,validation,8
73,7133,validation,9
73,2409,validation,2
73,5504,validation,7
73,6460,validation,5
73,2973,validation,8
73,5742,validation,4
73,2889,validation,2
73,3179,validation,7
73,5321,validation,0
73,1436,validation,0
73,3311,validation,9
73,2587,validation,2
73,5368,validation,9
73,682,validation,9
73,1308,validation,3
73,2475,validation,3
73,4550,validation,4
73,5519,validation,5
73,408,validation,2
73,4926,validation,6
73,6754,validation,2
73,5964,validation,0
73,2079,validation,6
73,4867,validation,7
73,6966,validation,1
73,3671,validation,5
73,3394,validation,0
73,3638,validation,1
73,130,validation,3
73,2864,validation,9
73,2832,validation,9
73,1907,validation,6
73,4743,validation,0
73,7357,validation,0
73,2223,validation,2
73,6646,validation,9
73,6447,validation,1
73,5999,validation,4
73,1652,validation,9
73,2120,validation,2
73,1723,validation,2
73,2793,validation,0
73,6043,validation,6
73,2261,validation,9
73,6135,validation,2
73,3796,validation,6
73,5022,validation,5
73,62,validation,1
73,1922,validation,7
73,1050,validation,5
73,5161,validation,2
73,2254,validation,0
73,681,validation,3
73,3049,validation,4
73,4692,validation,2
73,1611,validation,3
73,1549,validation,8
73,3532,validation,8
73,1030,validation,2
73,7044,validation,5
73,2445,validation,4
73,1847,validation,5
73,3171,validation,2
73,1930,validation,0
73,5826,validation,7
73,5406,validation,0
73,7296,validation,4
73,1578,validation,3
73,2649,validation,6
73,594,validation,7
73,2256,validation,3
73,956,validation,0
73,3213,validation,8
73,6552,validation,8
73,1180,validation,5
73,1993,validation,6
73,669,validation,7
73,471,validation,0
73,5663,validation,4
73,4282,validation,1
73,6393,validation,5
73,2886,validation,4
73,6714,validation,0
73,1606,validation,4
73,6564,validation,6
73,2846,validation,4
73,2456,validation,3
73,668,validation,4
73,6554,validation,3
73,1803,validation,0
73,7352,validation,4
73,5276,validation,1
73,4702,validation,1
73,2058,validation,1
73,608,validation,6
73,1638,validation,4
73,299,validation,8
73,586,validation,8
73,2189,validation,7
73,7330,validation,9
73,5232,validation,6
73,7319,validation,4
73,3869,validation,2
73,3025,validation,0
73,496,validation,2
73,6627,validation,6
73,1891,validation,7
73,6283,validation,1
73,2568,validation,0
73,4643,validation,7
73,4720,validation,0
73,5729,validation,5
73,2312,validation,1
73,217,validation,9
73,3271,validation,4
73,2054,validation,0
73,4332,validation,0
73,3130,validation,7
73,4869,validation,6
73,7337,validation,4
73,4154,validation,1
73,4467,validation,7
73,5043,validation,3
73,3955,validation,6
73,4829,validation,8
73,3458,validation,7
73,6461,validation,5
73,939,validation,5
73,2581,validation,2
73,4314,validation,5
73,696,validation,4
73,6657,validation,7
73,6496,validation,6
73,5453,validation,9
73,5636,validation,0
73,2975,validation,7
73,45,validation,1
73,7047,validation,1
73,44,validation,5
73,1321,validation,7
73,290,validation,5
73,1428,validation,2
73,3241,validation,2
73,7034,validation,9
73,563,validation,1
73,1719,validation,4
73,6422,validation,9
73,7140,validation,6
73,3629,validation,5
73,3885,validation,8
73,6802,validation,9
73,2281,validation,9
73,1858,validation,9
73,3889,validation,7
73,7212,validation,7
73,3359,validation,9
73,624,validation,1
73,960,validation,9
73,2022,validation,0
73,2230,validation,8
73,1508,validation,1
73,6976,validation,9
73,6512,validation,7
73,613,validation,7
73,4042,validation,5
73,2830,validation,0
73,4082,validation,6
73,1212,validation,6
73,7015,validation,4
73,2807,validation,6
73,4621,validation,8
73,5575,validation,0
73,6397,validation,8
73,2801,validation,8
73,7336,validation,7
73,474,validation,7
73,5042,validation,3
73,1928,validation,8
73,1157,validation,5
73,6105,validation,5
73,5978,validation,4
73,904,validation,7
73,874,validation,5
73,4714,validation,7
73,719,validation,6
73,5849,validation,0
73,484,validation,4
73,6677,validation,1
73,3975,validation,4
73,4336,validation,1
73,3624,validation,1
73,7173,validation,1
73,5639,validation,8
73,1461,validation,1
73,7045,validation,2
73,7038,validation,5
73,4359,validation,5
73,3439,validation,3
73,1011,validation,6
73,2977,validation,5
73,1903,validation,3
73,3797,validation,2
73,2410,validation,6
73,5068,validation,3
73,5492,validation,8
73,5199,validation,4
73,3319,validation,7
73,2819,validation,5
73,6587,validation,6
73,2980,validation,6
73,4526,validation,3
73,2140,validation,3
73,5563,validation,2
73,2991,validation,7
73,3903,validation,0
73,1828,validation,2
73,5470,validation,0
73,4430,validation,2
73,1205,validation,6
73,1846,validation,6
73,4374,validation,6
73,7342,validation,4
73,4633,validation,2
73,1392,validation,6
73,2497,validation,6
73,6288,validation,8
73,4741,validation,7
73,5843,validation,2
73,6119,validation,3
73,2963,validation,4
73,609,validation,7
73,4696,validation,5
73,1387,validation,8
73,3815,validation,2
73,4923,validation,4
73,2226,validation,7
73,1289,validation,0
73,1051,validation,2
73,2001,validation,7
73,3152,validation,2
73,1248,validation,9
73,7060,validation,5
73,2690,validation,2
73,5024,validation,3
73,5577,validation,0
73,4798,validation,5
73,2193,validation,1
73,4356,validation,6
73,285,validation,6
73,3009,validation,5
73,2556,validation,1
73,3861,validation,2
73,1319,validation,3
73,3039,validation,9
73,5052,validation,0
73,3938,validation,4
73,6826,validation,3
73,2176,validation,3
73,4309,validation,2
73,4215,validation,4
73,7208,validation,2
73,7204,validation,1
73,4174,validation,2
73,1695,validation,8
73,6266,validation,2
73,6244,validation,7
73,1552,validation,4
73,4333,validation,8
73,6927,validation,6
73,7006,validation,0
73,2096,validation,6
73,98,validation,8
73,4818,validation,0
73,5466,validation,6
73,6436,validation,3
73,1120,validation,8
73,3543,validation,7
73,449,validation,0
73,1130,validation,6
73,5647,validation,4
73,2498,validation,7
73,1341,validation,5
73,4710,validation,2
73,1864,validation,3
73,4860,validation,2
73,5989,validation,1
73,4635,validation,3
73,5786,validation,7
73,3441,validation,7
73,2297,validation,7
73,1001,validation,8
73,4384,validation,4
73,1388,validation,5
73,4217,validation,6
73,5015,validation,0
73,2309,validation,2
73,1059,validation,5
73,5553,validation,2
73,1128,validation,3
73,6812,validation,2
73,2352,validation,2
73,3525,validation,4
73,2414,validation,2
73,1957,validation,3
73,2610,validation,5
73,3278,validation,6
73,4389,validation,3
73,429,validation,2
73,5031,validation,4
73,3845,validation,1
73,3033,validation,9
73,3038,validation,4
73,6058,validation,5
73,623,validation,1
73,2847,validation,0
73,6386,validation,8
73,7174,validation,1
73,5308,validation,8
73,5897,validation,9
73,1330,validation,5
73,3926,validation,4
73,636,validation,4
73,7256,validation,2
73,143,validation,7
73,1654,validation,6
73,4683,validation,9
73,6189,validation,8
73,7223,validation,0
73,1381,validation,8
73,6008,validation,9
73,4483,validation,8
73,4979,validation,8
73,6038,validation,9
73,6193,validation,5
73,7183,validation,8
73,6364,validation,5
73,4322,validation,1
73,3846,validation,5
73,5145,validation,4
73,4417,validation,8
73,1624,validation,8
73,1730,validation,9
73,2209,validation,0
73,2165,validation,8
73,4439,validation,7
73,2263,validation,1
73,4737,validation,6
73,6272,validation,8
73,6794,validation,6
73,5509,validation,6
73,978,validation,3
73,4801,validation,5
73,854,validation,5
73,6401,validation,5
73,3966,validation,7
73,7074,validation,0
73,16,validation,2
73,7293,validation,2
73,4811,validation,7
73,1921,validation,6
73,4549,validation,4
73,6899,validation,8
73,4348,validation,6
73,3998,validation,9
73,6702,validation,1
73,984,validation,8
73,1474,validation,4
73,4664,validation,1
73,4016,validation,5
73,3945,validation,9
73,6285,validation,9
73,3509,validation,9
73,3300,validation,6
73,7009,validation,7
73,752,validation,5
73,4615,validation,8
73,5886,validation,6
73,2060,validation,5
73,7099,validation,1
73,140,validation,0
73,1885,validation,3
73,6027,validation,1
73,3905,validation,0
73,711,validation,1
73,4087,validation,8
73,7276,validation,9
73,5630,validation,1
73,5535,validation,0
73,975,validation,3
73,2861,validation,3
73,4584,validation,0
73,633,validation,9
73,2625,validation,0
73,4884,validation,9
73,6302,validation,4
73,3650,validation,9
73,331,validation,8
73,6121,validation,3
73,5581,validation,9
73,3672,validation,7
73,2279,validation,7
73,2042,validation,5
73,1195,validation,3
73,1250,validation,7
73,441,validation,8
73,1976,validation,3
73,3494,validation,2
73,5085,validation,7
73,369,validation,6
73,2532,validation,1
73,2970,validation,3
73,95,validation,8
73,6658,validation,4
73,6696,validation,3
73,2415,validation,3
73,6844,validation,5
73,2513,validation,8
73,895,validation,8
73,1219,validation,9
73,1851,validation,0
73,5847,validation,3
73,4935,validation,8
73,4701,validation,4
73,4164,validation,5
73,6908,validation,1
73,4519,validation,9
73,5583,validation,5
73,617,validation,4
73,1078,validation,4
73,4318,validation,5
73,6237,validation,8
73,3167,validation,0
73,3297,validation,6
73,4001,validation,4
73,5120,validation,2
73,2877,validation,7
73,6377,validation,0
73,2752,validation,1
73,4602,validation,3
73,5737,validation,9
73,1852,validation,8
73,5828,validation,7
73,1285,validation,9
73,7144,validation,2
73,3164,validation,1
73,6269,validation,6
73,1411,validation,0
73,3252,validation,3
73,4569,validation,6
73,1487,validation,6
73,1605,validation,5
73,6672,validation,1
73,219,validation,7
73,6002,validation,4
73,2641,validation,9
73,1686,validation,2
73,1681,validation,7
73,1587,validation,8
73,5307,validation,5
73,6202,validation,0
73,5287,validation,7
73,3015,validation,2
73,4978,validation,2
73,3659,validation,7
73,4043,validation,8
73,1770,validation,3
73,120,validation,9
73,2127,validation,0
73,4695,validation,6
73,4698,validation,1
73,3739,validation,4
73,4057,validation,3
73,6167,validation,1
73,6310,validation,7
73,648,validation,1
73,4349,validation,6
73,1751,validation,1
73,4460,validation,3
73,6620,validation,3
73,2835,validation,1
73,6510,validation,7
73,2324,validation,3
73,2937,validation,6
73,5860,validation,3
73,2286,validation,2
73,6064,validation,4
73,5557,validation,1
73,2653,validation,1
73,5102,validation,7
73,26,validation,2
73,4832,validation,1
73,2768,validation,8
73,6540,validation,4
73,6359,validation,6
73,6539,validation,9
73,4909,validation,8
73,2181,validation,7
73,6558,validation,5
73,5259,validation,3
73,3518,validation,2
73,4201,validation,3
73,5560,validation,4
73,1398,validation,2
73,5019,validation,3
73,6801,validation,5
73,2390,validation,8
73,1052,validation,2
73,4006,validation,8
73,5109,validation,8
73,4487,validation,4
73,74,validation,9
73,1427,validation,4
73,2938,validation,3
73,2207,validation,3
73,3196,validation,0
73,6929,validation,0
73,6113,validation,5
73,5317,validation,3
73,3447,validation,1
73,1320,validation,7
73,4015,validation,6
73,5532,validation,4
73,5629,validation,5
73,4101,validation,3
73,6884,validation,6
73,6577,validation,1
73,2090,validation,8
73,5567,validation,5
73,5733,validation,8
73,2731,validation,2
73,391,validation,4
73,1472,validation,0
73,5034,validation,3
73,4800,validation,2
73,3502,validation,2
73,746,validation,2
73,3611,validation,2
73,6621,validation,7
73,6715,validation,6
73,4245,validation,0
73,6633,validation,6
73,5785,validation,1
73,3648,validation,6
73,1678,validation,1
73,6309,validation,6
73,791,validation,2
73,6688,validation,6
73,4944,validation,3
73,5496,validation,4
73,2408,validation,3
73,6971,validation,9
73,5923,validation,7
73,3946,validation,9
73,6430,validation,3
73,4027,validation,2
73,3504,validation,6
73,6126,validation,9
73,7051,validation,5
73,482,validation,0
73,3772,validation,2
73,1615,validation,7
73,2274,validation,1
73,2553,validation,2
73,7262,validation,4
73,2875,validation,9
73,6037,validation,3
73,2453,validation,0
73,5309,validation,8
73,6578,validation,0
73,5664,validation,8
73,333,validation,0
73,7026,validation,5
73,2313,validation,4
73,4365,validation,7
73,4197,validation,9
73,5441,validation,6
73,4880,validation,7
73,4499,validation,3
73,1409,validation,5
73,1423,validation,6
73,4540,validation,2
73,3795,validation,7
73,4573,validation,7
73,3991,validation,6
73,1837,validation,6
73,1415,validation,1
73,3426,validation,6
73,7141,validation,4
73,2842,validation,0
73,6543,validation,2
73,6832,validation,4
73,3713,validation,1
73,2738,validation,8
73,4289,validation,9
73,5973,validation,1
73,1774,validation,0
73,4808,validation,3
73,3728,validation,6
73,6529,validation,6
73,828,validation,8
73,1424,validation,3
73,6252,validation,4
73,398,validation,8
73,3045,validation,6
73,6268,validation,1
73,6247,validation,2
73,4034,validation,4
73,846,validation,4
73,4974,validation,5
73,2594,validation,2
73,2156,validation,2
73,7071,validation,0
73,6184,validation,5
73,1042,validation,6
73,3701,validation,4
73,6856,validation,8
73,4054,validation,1
73,6453,validation,8
73,6631,validation,7
73,1209,validation,5
73,1664,validation,9
73,3788,validation,6
73,2391,validation,7
73,3731,validation,6
73,3303,validation,4
73,6017,validation,9
73,5556,validation,9
73,6243,validation,8
73,6414,validation,3
73,6132,validation,3
73,3239,validation,6
73,572,validation,0
73,4024,validation,4
73,5715,validation,0
73,5363,validation,8
73,5280,validation,7
73,5428,validation,5
73,3154,validation,6
73,5640,validation,7
73,13,validation,1
73,991,validation,3
73,738,validation,4
73,4039,validation,8
73,3564,validation,0
73,5404,validation,1
73,5905,validation,6
73,373,validation,7
73,6830,validation,6
73,3877,validation,3
73,3781,validation,4
73,6164,validation,3
73,1177,validation,6
73,6074,validation,7
73,5642,validation,0
73,5478,validation,0
73,6334,validation,6
73,6889,validation,7
73,5782,validation,0
73,1562,validation,2
73,4648,validation,5
73,6866,validation,5
73,887,validation,5
73,7027,validation,8
73,1595,validation,1
73,6600,validation,0
73,5261,validation,4
73,6042,validation,4
73,4233,validation,4
73,866,validation,6
73,693,validation,3
73,1312,validation,7
73,6306,validation,3
73,2827,validation,1
73,4157,validation,1
73,2170,validation,7
73,580,validation,2
73,6441,validation,0
73,4400,validation,0
73,492,validation,9
73,5658,validation,9
73,4694,validation,6
73,3619,validation,0
73,2502,validation,4
73,3506,validation,8
73,4682,validation,2
73,247,validation,5
73,1367,validation,2
73,5180,validation,8
73,3292,validation,4
73,6609,validation,9
73,5580,validation,5
73,7135,validation,3
73,5277,validation,6
73,4653,validation,8
73,1379,validation,4
73,4491,validation,2
73,6581,validation,0
101,6360,train,1
101,5755,train,3
101,3919,train,8
101,6518,train,5
101,1592,train,3
101,6764,train,2
101,171,train,4
101,4078,train,1
101,5607,train,8
101,680,train,1
101,7311,train,3
101,269,train,1
101,6958,train,0
101,3779,train,5
101,1041,train,1
101,6251,train,3
101,5794,train,5
101,5384,train,7
101,5331,train,6
101,6801,train,5
101,775,train,7
101,5863,train,3
101,160,train,0
101,6281,train,5
101,405,train,9
101,5907,train,7
101,4932,train,5
101,5989,train,1
101,928,train,4
101,2642,train,4
101,6892,train,1
101,7322,train,1
101,6157,train,8
101,982,train,3
101,2665,train,6
101,1020,train,4
101,2839,train,9
101,7240,train,1
101,2935,train,0
101,5064,train,7
101,4289,train,9
101,5029,train,3
101,4665,train,4
101,6839,train,7
101,4001,train,4
101,2509,train,4
101,6671,train,7
101,296,train,2
101,7359,train,4
101,948,train,3
101,4538,train,2
101,4947,train,6
101,299,train,8
101,3256,train,1
101,3392,train,6
101,966,train,5
101,273,train,7
101,4753,train,8
101,3371,train,9
101,1861,train,9
101,5503,train,6
101,5114,train,0
101,6862,train,9
101,2298,train,9
101,5146,train,2
101,2337,train,8
101,5853,train,8
101,2441,train,3
101,3966,train,7
101,6951,train,1
101,3774,train,4
101,6814,train,1
101,4684,train,9
101,1862,train,1
101,4290,train,3
101,5443,train,7
101,5265,train,3
101,903,train,2
101,1334,train,9
101,1879,train,4
101,4562,train,5
101,6568,train,8
101,4589,train,2
101,4432,train,0
101,2583,train,7
101,4267,train,0
101,3167,train,0
101,1181,train,1
101,5691,train,3
101,5558,train,8
101,552,train,8
101,113,train,5
101,2422,train,5
101,462,train,3
101,2007,train,3
101,3486,train,5
101,4251,train,0
101,4948,train,4
101,4994,train,0
101,2137,train,4
101,1404,train,6
101,5497,train,9
101,4671,train,0
101,4797,train,3
101,6753,train,2
101,2591,train,3
101,4463,train,9
101,4278,train,3
101,764,train,3
101,2684,train,4
101,5461,train,0
101,1569,train,3
101,2543,train,7
101,5501,train,7
101,5238,train,7
101,1124,train,3
101,4296,train,5
101,1346,train,7
101,510,train,3
101,2278,train,9
101,536,train,4
101,7298,train,2
101,1530,train,7
101,1225,train,1
101,1728,train,6
101,4845,train,2
101,4474,train,0
101,1187,train,3
101,339,train,9
101,2382,train,9
101,5859,train,3
101,5535,train,0
101,832,train,5
101,774,train,1
101,6759,train,3
101,1176,train,6
101,397,train,9
101,6533,train,0
101,983,train,8
101,7026,train,5
101,5672,train,6
101,4208,train,5
101,106,train,0
101,5187,train,4
101,1510,train,7
101,1564,train,6
101,2396,train,4
101,4774,train,0
101,2810,train,5
101,5836,train,1
101,6312,train,4
101,5138,train,5
101,3202,train,8
101,5061,train,2
101,3605,train,1
101,3953,train,8
101,3036,train,4
101,5282,train,7
101,3802,train,0
101,5311,train,3
101,2731,train,2
101,553,train,8
101,3488,train,0
101,2224,train,9
101,5814,train,1
101,3864,train,0
101,1269,train,4
101,1032,train,3
101,4731,train,3
101,6220,train,1
101,7017,train,0
101,2707,train,3
101,6321,train,3
101,757,train,3
101,3792,train,2
101,6794,train,6
101,2620,train,5
101,1025,train,3
101,3905,train,0
101,1377,train,4
101,6657,train,7
101,4034,train,4
101,1793,train,3
101,5756,train,6
101,2443,train,0
101,788,train,5
101,5185,train,3
101,5861,train,1
101,4645,train,8
101,1978,train,6
101,7006,train,0
101,41,train,8
101,2287,train,4
101,7076,train,1
101,817,train,3
101,3691,train,6
101,6822,train,8
101,1437,train,9
101,3214,train,4
101,4989,train,3
101,515,train,2
101,4547,train,4
101,6567,train,8
101,825,train,3
101,128,train,7
101,3859,train,6
101,629,train,9
101,5436,train,6
101,4042,train,5
101,1328,train,4
101,205,train,1
101,6792,train,4
101,1285,train,9
101,505,train,6
101,7144,train,2
101,6698,train,7
101,4054,train,1
101,7028,train,5
101,7013,train,7
101,3308,train,9
101,3847,train,0
101,3063,train,4
101,984,train,8
101,204,train,0
101,151,train,5
101,5132,train,9
101,6179,train,4
101,1381,train,8
101,5407,train,4
101,973,train,3
101,5013,train,5
101,3377,train,4
101,5211,train,3
101,2890,train,9
101,2366,train,6
101,4414,train,6
101,6575,train,6
101,1787,train,5
101,3389,train,7
101,2006,train,9
101,1114,train,9
101,5784,train,0
101,2513,train,8
101,2566,train,9
101,259,train,3
101,3120,train,6
101,750,train,3
101,338,train,7
101,4839,train,5
101,2857,train,0
101,1038,train,2
101,5207,train,9
101,4577,train,1
101,3877,train,3
101,2697,train,6
101,307,train,9
101,6174,train,5
101,3566,train,4
101,5760,train,8
101,3853,train,1
101,1767,train,6
101,1692,train,3
101,5944,train,6
101,7050,train,7
101,6041,train,7
101,1802,train,2
101,1453,train,1
101,7232,train,4
101,3213,train,8
101,120,train,9
101,5783,train,0
101,867,train,0
101,55,train,3
101,2963,train,4
101,3800,train,3
101,6741,train,7
101,917,train,4
101,2311,train,1
101,2191,train,9
101,1577,train,0
101,898,train,5
101,6548,train,8
101,86,train,0
101,5824,train,0
101,1438,train,4
101,183,train,3
101,5942,train,1
101,4113,train,5
101,3051,train,3
101,3353,train,7
101,2512,train,1
101,3942,train,7
101,5006,train,4
101,2064,train,5
101,7020,train,3
101,3034,train,4
101,7002,train,8
101,5557,train,1
101,3480,train,1
101,3866,train,5
101,5830,train,5
101,3135,train,3
101,3062,train,4
101,5808,train,1
101,7278,train,0
101,2867,train,7
101,432,train,0
101,4130,train,5
101,645,train,9
101,4970,train,2
101,5829,train,3
101,3983,train,7
101,6221,train,1
101,5296,train,5
101,906,train,4
101,4065,train,4
101,2001,train,7
101,1441,train,1
101,2758,train,3
101,4650,train,0
101,4196,train,3
101,3215,train,0
101,4369,train,3
101,6168,train,3
101,3477,train,6
101,4266,train,1
101,4392,train,4
101,5485,train,9
101,3834,train,5
101,7038,train,5
101,3863,train,2
101,270,train,0
101,3471,train,2
101,156,train,4
101,4311,train,6
101,2352,train,2
101,1636,train,3
101,3457,train,3
101,5512,train,1
101,3247,train,8
101,2412,train,9
101,6626,train,7
101,5316,train,4
101,6355,train,9
101,7249,train,2
101,4901,train,7
101,2089,train,3
101,2310,train,6
101,81,train,8
101,4234,train,6
101,1745,train,0
101,5877,train,3
101,5774,train,4
101,3543,train,7
101,3570,train,8
101,4755,train,3
101,5773,train,5
101,6354,train,7
101,3766,train,0
101,6967,train,6
101,54,train,0
101,196,train,3
101,4638,train,8
101,5339,train,7
101,2309,train,2
101,1067,train,3
101,4407,train,1
101,5621,train,5
101,1833,train,2
101,1668,train,4
101,3046,train,5
101,82,train,4
101,753,train,2
101,6641,train,6
101,790,train,7
101,6744,train,9
101,6869,train,0
101,5917,train,4
101,6850,train,5
101,1964,train,8
101,3820,train,6
101,7265,train,5
101,4814,train,9
101,3351,train,2
101,2045,train,7
101,1494,train,3
101,5284,train,8
101,2391,train,7
101,880,train,5
101,3655,train,1
101,3485,train,1
101,193,train,2
101,7021,train,3
101,277,train,3
101,6029,train,6
101,6420,train,2
101,835,train,7
101,7199,train,6
101,1696,train,4
101,2202,train,0
101,3145,train,0
101,5079,train,6
101,2479,train,6
101,5044,train,4
101,1517,train,0
101,1431,train,1
101,232,train,1
101,4652,train,9
101,998,train,1
101,1391,train,2
101,5241,train,3
101,3944,train,1
101,3657,train,9
101,4218,train,7
101,1762,train,1
101,4805,train,8
101,39,train,6
101,6531,train,4
101,5111,train,4
101,3108,train,2
101,4321,train,0
101,2208,train,0
101,2937,train,6
101,3173,train,5
101,5125,train,5
101,6298,train,4
101,6128,train,4
101,6945,train,6
101,2508,train,4
101,1434,train,4
101,6489,train,7
101,2832,train,9
101,6028,train,2
101,129,train,9
101,5229,train,9
101,3354,train,8
101,5847,train,3
101,6601,train,6
101,4250,train,2
101,2550,train,6
101,1195,train,3
101,253,train,7
101,4462,train,2
101,814,train,6
101,1856,train,9
101,1007,train,7
101,6985,train,3
101,2615,train,2
101,1373,train,8
101,4117,train,7
101,6913,train,5
101,4579,train,7
101,7287,train,8
101,7117,train,7
101,2899,train,0
101,340,train,5
101,5474,train,7
101,5283,train,9
101,5563,train,2
101,3759,train,4
101,6847,train,0
101,6620,train,3
101,5826,train,7
101,2514,train,3
101,6770,train,2
101,3356,train,2
101,748,train,8
101,805,train,9
101,6116,train,4
101,5797,train,4
101,6473,train,5
101,2342,train,0
101,6939,train,4
101,4497,train,2
101,4850,train,0
101,5575,train,0
101,5505,train,3
101,913,train,5
101,5715,train,0
101,4764,train,5
101,6316,train,0
101,4926,train,6
101,5359,train,6
101,4131,train,6
101,5007,train,8
101,3406,train,6
101,1847,train,5
101,1765,train,5
101,5113,train,6
101,2406,train,9
101,4329,train,7
101,6353,train,8
101,1680,train,6
101,733,train,8
101,5648,train,5
101,344,train,6
101,355,train,4
101,172,train,6
101,4268,train,5
101,2825,train,4
101,3272,train,7
101,7157,train,3
101,650,train,9
101,1459,train,6
101,5171,train,4
101,2995,train,4
101,6024,train,5
101,3796,train,6
101,5955,train,9
101,5660,train,5
101,1960,train,8
101,5098,train,9
101,4564,train,3
101,1709,train,2
101,4532,train,6
101,4689,train,9
101,3295,train,0
101,2975,train,7
101,7214,train,5
101,2917,train,6
101,4467,train,7
101,2938,train,3
101,5793,train,8
101,3465,train,8
101,4928,train,8
101,4781,train,1
101,230,train,6
101,4709,train,9
101,2993,train,9
101,2915,train,8
101,4979,train,8
101,2927,train,0
101,1110,train,1
101,6905,train,1
101,7238,train,7
101,73,train,3
101,6186,train,7
101,4294,train,0
101,5180,train,8
101,6395,train,2
101,5196,train,8
101,6549,train,4
101,809,train,8
101,6883,train,7
101,6917,train,6
101,6210,train,8
101,2279,train,7
101,177,train,0
101,5065,train,8
101,3890,train,1
101,4363,train,0
101,3987,train,7
101,2638,train,1
101,1159,train,7
101,189,train,8
101,4309,train,2
101,2930,train,2
101,2246,train,0
101,3958,train,9
101,1428,train,2
101,138,train,2
101,4008,train,0
101,2326,train,4
101,3584,train,7
101,5570,train,2
101,6335,train,3
101,2028,train,2
101,2331,train,9
101,4766,train,6
101,614,train,3
101,1836,train,9
101,4454,train,9
101,2716,train,7
101,5610,train,0
101,3907,train,1
101,784,train,7
101,6004,train,0
101,3370,train,6
101,579,train,5
101,6632,train,1
101,2446,train,8
101,3887,train,5
101,4465,train,5
101,3196,train,0
101,6487,train,4
101,4625,train,9
101,7040,train,6
101,718,train,7
101,6463,train,9
101,4937,train,3
101,4160,train,0
101,6305,train,9
101,3459,train,8
101,7058,train,7
101,6652,train,3
101,5387,train,0
101,5217,train,0
101,4041,train,4
101,6242,train,9
101,5140,train,2
101,3058,train,5
101,1029,train,5
101,3999,train,4
101,1988,train,6
101,2760,train,2
101,4826,train,4
101,4477,train,7
101,2600,train,8
101,3537,train,4
101,4057,train,3
101,1216,train,9
101,4291,train,7
101,522,train,8
101,2855,train,4
101,6075,train,1
101,2218,train,6
101,2109,train,8
101,4930,train,0
101,1525,train,5
101,7209,train,9
101,5028,train,7
101,6648,train,6
101,803,train,7
101,3018,train,1
101,7289,train,4
101,3299,train,5
101,5758,train,9
101,7272,train,3
101,4219,train,7
101,3001,train,8
101,4654,train,8
101,3490,train,6
101,1210,train,9
101,1691,train,8
101,4479,train,9
101,5358,train,8
101,2425,train,5
101,2230,train,8
101,7176,train,7
101,3266,train,9
101,2793,train,0
101,3347,train,4
101,1115,train,3
101,7225,train,4
101,1996,train,1
101,5076,train,3
101,2327,train,6
101,6977,train,7
101,740,train,7
101,1792,train,9
101,3211,train,9
101,3085,train,9
101,6514,train,7
101,6510,train,7
101,3004,train,7
101,485,train,0
101,1372,train,2
101,5151,train,5
101,4298,train,7
101,3773,train,4
101,4364,train,3
101,7182,train,9
101,4229,train,6
101,372,train,7
101,3284,train,3
101,310,train,7
101,2362,train,3
101,4033,train,8
101,1615,train,7
101,1971,train,0
101,4904,train,8
101,5720,train,4
101,3151,train,3
101,6836,train,1
101,6933,train,1
101,1673,train,9
101,2978,train,1
101,4181,train,4
101,3178,train,3
101,5702,train,5
101,1883,train,6
101,3528,train,1
101,3705,train,7
101,3675,train,5
101,4572,train,6
101,6708,train,6
101,3198,train,5
101,5865,train,8
101,4735,train,3
101,1651,train,5
101,2862,train,0
101,5694,train,6
101,6710,train,9
101,4453,train,7
101,5982,train,7
101,6876,train,2
101,4012,train,0
101,5891,train,8
101,6020,train,9
101,4148,train,5
101,5981,train,0
101,6535,train,1
101,537,train,5
101,2299,train,5
101,2,train,2
101,1183,train,9
101,48,train,8
101,6914,train,3
101,3314,train,1
101,6418,train,8
101,4056,train,0
101,6536,train,6
101,4786,train,3
101,4390,train,9
101,2234,train,6
101,3577,train,9
101,1126,train,6
101,6643,train,5
101,7193,train,5
101,5428,train,5
101,626,train,1
101,6121,train,3
101,1054,train,1
101,6190,train,6
101,6578,train,0
101,6126,train,9
101,1763,train,7
101,7089,train,2
101,2272,train,2
101,3232,train,5
101,7247,train,6
101,7347,train,5
101,644,train,0
101,1205,train,6
101,4520,train,9
101,4039,train,8
101,5540,train,3
101,1064,train,7
101,1299,train,7
101,1191,train,4
101,6098,train,6
101,3600,train,9
101,5242,train,6
101,2594,train,2
101,5399,train,9
101,356,train,9
101,3736,train,2
101,654,train,6
101,916,train,3
101,2820,train,6
101,5421,train,1
101,6244,train,7
101,2964,train,1
101,3306,train,8
101,448,train,0
101,2182,train,7
101,2720,train,1
101,5747,train,1
101,4496,train,7
101,2046,train,0
101,5367,train,7
101,6879,train,9
101,1842,train,1
101,1231,train,9
101,6068,train,6
101,6368,train,7
101,5165,train,8
101,5874,train,6
101,257,train,8
101,5633,train,1
101,6427,train,5
101,155,train,6
101,5831,train,8
101,4986,train,4
101,5291,train,6
101,2393,train,0
101,5175,train,9
101,6728,train,4
101,4616,train,8
101,6957,train,6
101,3936,train,4
101,4627,train,8
101,6491,train,3
101,306,train,8
101,6484,train,5
101,2729,train,1
101,5679,train,6
101,4358,train,7
101,2346,train,5
101,6777,train,2
101,6269,train,6
101,802,train,4
101,1572,train,0
101,3959,train,5
101,266,train,4
101,3980,train,7
101,1288,train,1
101,2959,train,1
101,290,train,5
101,6680,train,0
101,5067,train,1
101,1931,train,3
101,5023,train,1
101,1302,train,6
101,3878,train,8
101,7206,train,8
101,5075,train,9
101,2602,train,8
101,3720,train,5
101,6587,train,6
101,2763,train,9
101,5167,train,5
101,892,train,7
101,2983,train,5
101,7332,train,7
101,4161,train,1
101,1023,train,5
101,6894,train,4
101,6726,train,6
101,6886,train,2
101,3110,train,6
101,6089,train,4
101,1192,train,5
101,668,train,4
101,5020,train,4
101,4302,train,1
101,721,train,5
101,6912,train,1
101,7200,train,4
101,829,train,0
101,7092,train,9
101,4935,train,8
101,1111,train,4
101,7166,train,4
101,5768,train,6
101,5370,train,8
101,4846,train,6
101,1591,train,2
101,6689,train,9
101,3815,train,2
101,3515,train,4
101,3175,train,6
101,1450,train,9
101,5128,train,3
101,4490,train,6
101,5261,train,4
101,4780,train,0
101,3728,train,6
101,548,train,8
101,6946,train,7
101,2802,train,9
101,792,train,1
101,1305,train,7
101,688,train,8
101,6315,train,3
101,6628,train,8
101,953,train,2
101,53,train,5
101,7168,train,9
101,3763,train,0
101,6212,train,3
101,1827,train,0
101,999,train,1
101,1602,train,6
101,5862,train,8
101,4314,train,5
101,659,train,2
101,123,train,3
101,6498,train,8
101,1963,train,2
101,4666,train,9
101,5004,train,4
101,4186,train,0
101,743,train,6
101,7271,train,9
101,5553,train,2
101,1546,train,0
101,1563,train,5
101,712,train,4
101,6833,train,0
101,7103,train,1
101,6776,train,7
101,2049,train,5
101,4776,train,1
101,2151,train,1
101,5935,train,4
101,454,train,1
101,2612,train,4
101,2865,train,0
101,3661,train,9
101,3242,train,9
101,5030,train,1
101,6039,train,1
101,6263,train,4
101,491,train,1
101,3606,train,7
101,638,train,1
101,2535,train,7
101,5676,train,4
101,6702,train,1
101,6899,train,8
101,6973,train,5
101,3285,train,1
101,4601,train,8
101,5606,train,2
101,6778,train,4
101,3626,train,9
101,5730,train,0
101,1604,train,7
101,6108,train,8
101,6830,train,6
101,561,train,0
101,3155,train,5
101,1105,train,8
101,3495,train,8
101,2427,train,2
101,6322,train,9
101,1527,train,0
101,1850,train,5
101,2584,train,7
101,4895,train,2
101,4480,train,1
101,5380,train,5
101,5169,train,5
101,2705,train,7
101,5990,train,4
101,5182,train,1
101,1986,train,8
101,7323,train,3
101,2520,train,8
101,4917,train,0
101,4974,train,5
101,209,train,7
101,5757,train,2
101,2617,train,6
101,2029,train,4
101,7066,train,4
101,7340,train,8
101,617,train,4
101,6506,train,5
101,6849,train,6
101,3714,train,8
101,1399,train,5
101,2227,train,3
101,5918,train,2
101,3531,train,6
101,6727,train,8
101,1812,train,1
101,647,train,5
101,3923,train,3
101,2495,train,6
101,4622,train,5
101,5619,train,0
101,5727,train,4
101,2259,train,6
101,3633,train,4
101,6287,train,1
101,6555,train,5
101,4435,train,0
101,7306,train,5
101,2403,train,1
101,136,train,2
101,599,train,9
101,7222,train,0
101,7100,train,4
101,1048,train,8
101,7300,train,8
101,6812,train,2
101,4492,train,4
101,3920,train,3
101,5724,train,2
101,2196,train,2
101,3166,train,5
101,5998,train,8
101,7003,train,5
101,5200,train,8
101,5414,train,6
101,6424,train,1
101,5143,train,5
101,5204,train,1
101,1443,train,1
101,4555,train,3
101,5408,train,7
101,6981,train,7
101,2211,train,7
101,4249,train,4
101,769,train,3
101,925,train,9
101,2269,train,9
101,3350,train,4
101,3114,train,8
101,4879,train,7
101,5974,train,1
101,5459,train,8
101,2371,train,3
101,3315,train,1
101,3267,train,2
101,739,train,2
101,5221,train,9
101,780,train,8
101,2283,train,2
101,3754,train,3
101,2048,train,4
101,4634,train,8
101,5357,train,5
101,2482,train,9
101,3164,train,1
101,6825,train,7
101,4323,train,2
101,5852,train,1
101,6605,train,6
101,2119,train,7
101,1169,train,6
101,3757,train,9
101,2297,train,7
101,6853,train,8
101,6104,train,5
101,2135,train,7
101,5071,train,6
101,5045,train,7
101,2953,train,9
101,5352,train,3
101,2895,train,5
101,1306,train,7
101,2084,train,4
101,3991,train,6
101,4668,train,4
101,6748,train,4
101,3979,train,3
101,2053,train,7
101,6451,train,9
101,2952,train,6
101,3050,train,0
101,3200,train,8
101,3565,train,8
101,6481,train,2
101,3755,train,0
101,2455,train,3
101,1091,train,4
101,3388,train,1
101,6472,train,2
101,5770,train,8
101,4116,train,6
101,3535,train,4
101,2916,train,1
101,902,train,4
101,1212,train,6
101,1118,train,6
101,2772,train,9
101,4328,train,6
101,1537,train,3
101,6767,train,5
101,4912,train,6
101,4605,train,2
101,1973,train,6
101,7239,train,8
101,5266,train,2
101,2042,train,5
101,675,train,0
101,3631,train,5
101,2809,train,8
101,2249,train,4
101,198,train,6
101,1298,train,9
101,3541,train,4
101,2195,train,3
101,6515,train,7
101,5954,train,7
101,3718,train,9
101,4967,train,1
101,4047,train,8
101,6681,train,5
101,4757,train,8
101,2655,train,3
101,921,train,0
101,5142,train,0
101,2708,train,6
101,5611,train,2
101,6882,train,4
101,5835,train,8
101,130,train,3
101,4945,train,4
101,5307,train,5
101,6734,train,4
101,4812,train,7
101,447,train,7
101,3701,train,4
101,3544,train,6
101,2576,train,6
101,6358,train,3
101,2308,train,8
101,5161,train,2
101,3840,train,6
101,371,train,2
101,6943,train,1
101,7293,train,2
101,4763,train,6
101,1766,train,4
101,2221,train,4
101,5583,train,5
101,972,train,3
101,4389,train,3
101,842,train,6
101,2379,train,1
101,1325,train,8
101,6275,train,1
101,4946,train,8
101,2666,train,8
101,6170,train,2
101,2695,train,3
101,6226,train,0
101,5124,train,5
101,3572,train,1
101,3574,train,0
101,1645,train,0
101,3867,train,5
101,3123,train,0
101,6835,train,3
101,1324,train,6
101,5899,train,3
101,4550,train,4
101,2442,train,1
101,3416,train,1
101,1783,train,3
101,6497,train,7
101,695,train,1
101,2990,train,8
101,1659,train,3
101,5100,train,6
101,6095,train,8
101,6711,train,7
101,1027,train,7
101,4536,train,5
101,6386,train,8
101,5473,train,6
101,3846,train,5
101,648,train,1
101,4352,train,9
101,237,train,0
101,2338,train,3
101,5904,train,5
101,6903,train,0
101,1626,train,8
101,539,train,5
101,4022,train,0
101,288,train,1
101,2026,train,5
101,24,train,1
101,1511,train,4
101,4202,train,5
101,2732,train,6
101,7085,train,4
101,868,train,6
101,6246,train,1
101,1643,train,5
101,940,train,5
101,7328,train,4
101,104,train,2
101,6723,train,3
101,3946,train,9
101,1708,train,3
101,2213,train,2
101,6127,train,1
101,7072,train,2
101,4977,train,0
101,848,train,1
101,3813,train,1
101,4362,train,6
101,686,train,5
101,4834,train,4
101,2624,train,5
101,3645,train,9
101,992,train,0
101,1701,train,6
101,7120,train,2
101,3928,train,1
101,627,train,3
101,1634,train,0
101,6502,train,4
101,3860,train,6
101,4373,train,5
101,6817,train,2
101,7088,train,5
101,2836,train,4
101,324,train,0
101,791,train,2
101,1170,train,9
101,3916,train,6
101,145,train,8
101,3070,train,6
101,4968,train,9
101,3761,train,8
101,6821,train,8
101,1935,train,2
101,2439,train,0
101,3317,train,6
101,7119,train,4
101,5980,train,4
101,2190,train,7
101,4005,train,6
101,3975,train,4
101,873,train,5
101,1200,train,7
101,571,train,6
101,6799,train,6
101,1316,train,2
101,4075,train,9
101,939,train,5
101,5288,train,0
101,62,train,1
101,3017,train,0
101,3503,train,1
101,6384,train,3
101,6145,train,9
101,5227,train,0
101,4951,train,8
101,6071,train,6
101,7149,train,1
101,3585,train,0
101,5530,train,9
101,5754,train,8
101,1548,train,5
101,2693,train,6
101,6361,train,8
101,1273,train,9
101,4563,train,9
101,1430,train,6
101,3262,train,8
101,3187,train,2
101,5911,train,9
101,3394,train,0
101,2003,train,2
101,7248,train,9
101,126,train,5
101,6720,train,5
101,6185,train,5
101,5369,train,0
101,80,train,6
101,4052,train,6
101,2486,train,4
101,545,train,3
101,719,train,6
101,6690,train,7
101,6077,train,1
101,2452,train,2
101,2823,train,4
101,1756,train,3
101,6461,train,5
101,157,train,6
101,3124,train,0
101,4870,train,0
101,6054,train,2
101,12,train,5
101,6215,train,5
101,378,train,2
101,5749,train,4
101,5042,train,3
101,1961,train,1
101,6139,train,0
101,1217,train,6
101,5292,train,3
101,3030,train,7
101,6769,train,2
101,4942,train,9
101,2404,train,4
101,243,train,3
101,6709,train,5
101,2054,train,0
101,1990,train,7
101,6504,train,2
101,5412,train,5
101,7081,train,9
101,2127,train,0
101,248,train,8
101,2075,train,5
101,3038,train,4
101,6854,train,4
101,4716,train,3
101,5057,train,7
101,200,train,8
101,2296,train,1
101,2674,train,3
101,2632,train,7
101,6411,train,2
101,3576,train,6
101,408,train,2
101,684,train,6
101,3384,train,0
101,3115,train,4
101,1356,train,1
101,226,train,8
101,2487,train,8
101,4725,train,1
101,3875,train,9
101,2315,train,4
101,6090,train,1
101,3304,train,1
101,3092,train,7
101,559,train,9
101,4276,train,9
101,6785,train,9
101,708,train,1
101,4471,train,5
101,5629,train,5
101,2497,train,6
101,1342,train,9
101,1635,train,5
101,1739,train,0
101,5080,train,0
101,2285,train,5
101,1554,train,2
101,2704,train,5
101,2634,train,4
101,1323,train,8
101,2429,train,2
101,5246,train,3
101,5772,train,7
101,1135,train,0
101,4955,train,8
101,472,train,3
101,1798,train,0
101,2861,train,3
101,3391,train,0
101,5502,train,5
101,5841,train,5
101,3639,train,8
101,6805,train,7
101,4678,train,1
101,5220,train,0
101,1631,train,9
101,5198,train,3
101,634,train,7
101,3360,train,6
101,5455,train,2
101,2254,train,0
101,6334,train,6
101,3339,train,1
101,6262,train,4
101,4203,train,3
101,7052,train,0
101,6782,train,0
101,66,train,7
101,2928,train,9
101,6207,train,8
101,6107,train,5
101,899,train,4
101,4621,train,8
101,4043,train,8
101,1487,train,6
101,1805,train,1
101,5482,train,0
101,3265,train,7
101,6920,train,1
101,6798,train,6
101,5900,train,8
101,4978,train,2
101,6556,train,2
101,2837,train,7
101,2609,train,5
101,7352,train,4
101,2005,train,1
101,762,train,1
101,2410,train,6
101,1415,train,1
101,7078,train,9
101,2235,train,6
101,5649,train,9
101,5039,train,7
101,5256,train,2
101,573,train,4
101,6523,train,0
101,3340,train,5
101,7292,train,9
101,2529,train,7
101,281,train,2
101,4822,train,6
101,890,train,2
101,4531,train,9
101,6379,train,5
101,2460,train,4
101,2462,train,7
101,2625,train,0
101,5526,train,4
101,7319,train,4
101,3921,train,2
101,5366,train,0
101,6906,train,4
101,1588,train,9
101,5504,train,7
101,7158,train,0
101,7327,train,2
101,6560,train,0
101,5675,train,3
101,3241,train,2
101,5529,train,5
101,5034,train,3
101,5846,train,0
101,43,train,8
101,4468,train,3
101,844,train,5
101,2077,train,5
101,3555,train,0
101,797,train,1
101,1057,train,0
101,5818,train,0
101,2555,train,7
101,6691,train,4
101,1752,train,9
101,6431,train,2
101,6056,train,4
101,7127,train,6
101,5810,train,6
101,5651,train,1
101,878,train,0
101,3322,train,8
101,3016,train,0
101,7118,train,4
101,2219,train,8
101,2754,train,5
101,3926,train,4
101,1716,train,2
101,52,train,4
101,3758,train,9
101,3203,train,6
101,5024,train,3
101,7220,train,7
101,950,train,0
101,2062,train,4
101,2068,train,6
101,1718,train,0
101,2643,train,4
101,6706,train,7
101,6595,train,6
101,737,train,8
101,6180,train,1
101,5223,train,9
101,3086,train,5
101,5431,train,9
101,7204,train,1
101,3676,train,7
101,1737,train,9
101,5939,train,3
101,6956,train,6
101,2204,train,4
101,6955,train,4
101,514,train,0
101,5445,train,5
101,4094,train,5
101,6247,train,2
101,1062,train,2
101,5960,train,3
101,1164,train,8
101,4788,train,9
101,68,train,0
101,3461,train,9
101,1215,train,6
101,1050,train,5
101,3770,train,1
101,3940,train,9
101,2745,train,4
101,5595,train,0
101,1455,train,8
101,736,train,9
101,3552,train,8
101,1282,train,5
101,3837,train,4
101,534,train,9
101,942,train,7
101,4844,train,0
101,6013,train,8
101,34,train,4
101,4619,train,4
101,78,train,5
101,5613,train,0
101,6552,train,8
101,3795,train,7
101,2079,train,6
101,2994,train,8
101,6446,train,1
101,6852,train,2
101,2587,train,2
101,5591,train,2
101,2332,train,3
101,5328,train,1
101,6516,train,0
101,3949,train,2
101,2318,train,7
101,7146,train,6
101,1303,train,5
101,7161,train,9
101,3530,train,1
101,1832,train,5
101,1501,train,8
101,2996,train,2
101,1533,train,6
101,2614,train,4
101,5148,train,5
101,5122,train,5
101,238,train,3
101,7133,train,9
101,1648,train,0
101,2086,train,2
101,3019,train,4
101,2547,train,8
101,6327,train,1
101,1672,train,9
101,2521,train,4
101,742,train,1
101,3133,train,3
101,7367,train,8
101,3560,train,6
101,3908,train,8
101,570,train,4
101,4449,train,0
101,6447,train,1
101,5068,train,3
101,6218,train,4
101,3291,train,8
101,1761,train,6
101,4990,train,2
101,6747,train,3
101,7055,train,4
101,4881,train,9
101,1419,train,2
101,6610,train,3
101,1355,train,3
101,3685,train,4
101,2433,train,2
101,4021,train,2
101,5656,train,4
101,4880,train,7
101,2785,train,6
101,5093,train,3
101,715,train,4
101,1496,train,0
101,3208,train,5
101,3782,train,7
101,36,train,7
101,1613,train,7
101,6539,train,9
101,714,train,6
101,5777,train,1
101,2074,train,3
101,841,train,1
101,3929,train,4
101,5803,train,2
101,1289,train,0
101,4217,train,6
101,5400,train,5
101,3941,train,6
101,7312,train,3
101,4715,train,6
101,6603,train,1
101,4993,train,6
101,5290,train,8
101,4356,train,6
101,2430,train,2
101,42,train,1
101,476,train,9
101,3104,train,0
101,5786,train,7
101,3033,train,9
101,3418,train,4
101,705,train,1
101,620,train,4
101,2709,train,8
101,4221,train,9
101,5721,train,2
101,5186,train,4
101,3620,train,6
101,5845,train,0
101,1257,train,8
101,1463,train,5
101,5785,train,1
101,5055,train,9
101,421,train,8
101,5351,train,6
101,2765,train,7
101,2290,train,7
101,4783,train,7
101,6240,train,8
101,6455,train,3
101,2423,train,4
101,781,train,3
101,5049,train,3
101,1044,train,5
101,3271,train,4
101,4617,train,8
101,5252,train,1
101,1614,train,9
101,5603,train,4
101,4038,train,0
101,417,train,9
101,3540,train,9
101,3981,train,7
101,7276,train,9
101,4711,train,4
101,3879,train,2
101,5086,train,3
101,3644,train,5
101,3901,train,9
101,1780,train,1
101,7170,train,0
101,1344,train,6
101,6677,train,1
101,1612,train,7
101,1736,train,9
101,4222,train,8
101,1875,train,1
101,2608,train,9
101,4784,train,8
101,5490,train,7
101,5285,train,6
101,2826,train,7
101,732,train,9
101,317,train,0
101,3882,train,6
101,872,train,6
101,3081,train,4
101,4210,train,8
101,869,train,8
101,7245,train,4
101,6485,train,5
101,5624,train,8
101,6902,train,7
101,5255,train,1
101,6454,train,4
101,2876,train,3
101,3527,train,3
101,3235,train,9
101,4082,train,6
101,2744,train,7
101,513,train,3
101,1768,train,5
101,1547,train,9
101,1609,train,6
101,2491,train,9
101,4909,train,8
101,2992,train,5
101,5796,train,0
101,1788,train,5
101,991,train,3
101,4610,train,1
101,979,train,3
101,4006,train,8
101,4263,train,0
101,538,train,5
101,554,train,3
101,4111,train,0
101,7355,train,9
101,4971,train,9
101,2598,train,7
101,6214,train,6
101,4824,train,4
101,1246,train,8
101,4498,train,2
101,5628,train,8
101,2788,train,7
101,585,train,4
101,1406,train,0
101,7286,train,7
101,908,train,1
101,5892,train,3
101,839,train,3
101,3259,train,8
101,7155,train,1
101,428,train,2
101,7029,train,2
101,4637,train,9
101,5971,train,4
101,5136,train,0
101,4401,train,3
101,4452,train,9
101,1145,train,5
101,5478,train,0
101,4832,train,1
101,3974,train,7
101,6532,train,1
101,6037,train,3
101,6611,train,9
101,2872,train,7
101,5442,train,8
101,395,train,3
101,216,train,0
101,2939,train,6
101,4014,train,7
101,4593,train,0
101,2360,train,0
101,4253,train,6
101,5588,train,0
101,1801,train,4
101,1446,train,0
101,5332,train,1
101,6699,train,1
101,5889,train,4
101,2378,train,9
101,3078,train,9
101,4406,train,4
101,3048,train,4
101,7057,train,2
101,3894,train,3
101,1625,train,0
101,3221,train,2
101,3419,train,6
101,4506,train,4
101,7266,train,4
101,1844,train,7
101,5979,train,0
101,2242,train,6
101,2984,train,6
101,6793,train,6
101,6282,train,8
101,1266,train,9
101,696,train,4
101,3,train,1
101,6878,train,1
101,6797,train,0
101,5011,train,9
101,7342,train,4
101,383,train,6
101,1731,train,5
101,3289,train,1
101,5542,train,5
101,5466,train,6
101,3083,train,8
101,2073,train,7
101,1457,train,2
101,1839,train,0
101,2831,train,4
101,6399,train,3
101,3425,train,9
101,1771,train,0
101,4551,train,5
101,2841,train,0
101,5790,train,1
101,4396,train,1
101,4256,train,2
101,7325,train,6
101,1354,train,1
101,837,train,1
101,4384,train,4
101,0,train,7
101,3964,train,2
101,5304,train,4
101,6827,train,1
101,779,train,5
101,2891,train,7
101,2428,train,1
101,2942,train,5
101,1435,train,5
101,6542,train,6
101,4173,train,4
101,1375,train,4
101,7172,train,8
101,6007,train,5
101,2023,train,8
101,4013,train,1
101,2540,train,4
101,2206,train,9
101,3074,train,0
101,1688,train,6
101,6172,train,4
101,4902,train,7
101,2879,train,9
101,4411,train,8
101,5962,train,1
101,6331,train,0
101,4653,train,8
101,4837,train,4
101,5951,train,5
101,1146,train,5
101,1869,train,6
101,6527,train,0
101,894,train,2
101,6992,train,5
101,3807,train,7
101,7145,train,4
101,3072,train,6
101,4646,train,8
101,5069,train,0
101,4277,train,0
101,7154,train,9
101,7215,train,7
101,5268,train,7
101,3538,train,1
101,4910,train,7
101,2110,train,7
101,6063,train,9
101,3201,train,9
101,2000,train,2
101,5909,train,7
101,1162,train,2
101,4436,train,1
101,2682,train,8
101,6890,train,4
101,6065,train,4
101,2168,train,2
101,4370,train,5
101,2957,train,4
101,4375,train,2
101,1252,train,3
101,1583,train,1
101,6922,train,6
101,7000,train,3
101,1967,train,8
101,2586,train,2
101,516,train,1
101,2791,train,3
101,1711,train,3
101,2321,train,7
101,5235,train,3
101,4419,train,6
101,1456,train,1
101,5439,train,2
101,5527,train,1
101,1149,train,1
101,6031,train,8
101,2284,train,8
101,3806,train,2
101,3767,train,5
101,261,train,7
101,1957,train,3
101,1086,train,6
101,3623,train,5
101,1686,train,2
101,4738,train,9
101,6449,train,4
101,4071,train,6
101,5878,train,0
101,815,train,1
101,4024,train,4
101,5685,train,6
101,5890,train,7
101,5208,train,9
101,7186,train,3
101,2906,train,9
101,2485,train,5
101,5821,train,3
101,4702,train,1
101,4106,train,4
101,4773,train,3
101,5315,train,9
101,6223,train,9
101,2176,train,3
101,6621,train,7
101,3364,train,4
101,6010,train,2
101,3969,train,5
101,2664,train,8
101,2448,train,2
101,3641,train,1
101,794,train,4
101,6193,train,5
101,4882,train,2
101,114,train,8
101,963,train,9
101,4561,train,3
101,2232,train,6
101,877,train,7
101,5184,train,2
101,1987,train,9
101,2416,train,6
101,2722,train,9
101,3855,train,4
101,5335,train,8
101,2585,train,8
101,2852,train,0
101,5437,train,0
101,1746,train,2
101,3446,train,9
101,5827,train,0
101,3159,train,5
101,84,train,6
101,4717,train,9
101,5438,train,3
101,1536,train,3
101,4235,train,9
101,1852,train,8
101,267,train,6
101,1998,train,7
101,6831,train,6
101,4750,train,8
101,6099,train,1
101,4851,train,6
101,2948,train,5
101,31,train,5
101,7110,train,6
101,4141,train,4
101,3404,train,0
101,5932,train,6
101,4204,train,3
101,384,train,6
101,4754,train,3
101,188,train,6
101,3146,train,3
101,494,train,8
101,5345,train,0
101,6819,train,8
101,2264,train,3
101,6810,train,3
101,692,train,2
101,5782,train,0
101,6742,train,1
101,3460,train,4
101,4680,train,7
101,6949,train,0
101,6347,train,2
101,4706,train,9
101,2415,train,3
101,3985,train,7
101,3209,train,8
101,6132,train,3
101,5062,train,5
101,6749,train,1
101,5001,train,1
101,5214,train,6
101,689,train,4
101,7041,train,8
101,5996,train,8
101,3326,train,0
101,578,train,4
101,4521,train,8
101,2039,train,2
101,7251,train,2
101,7070,train,8
101,1911,train,5
101,2209,train,0
101,2858,train,6
101,1738,train,0
101,1774,train,0
101,7094,train,2
101,5372,train,7
101,6087,train,8
101,2835,train,1
101,725,train,3
101,3269,train,9
101,1544,train,0
101,5330,train,7
101,697,train,9
101,1489,train,6
101,3707,train,8
101,187,train,7
101,3904,train,9
101,6393,train,5
101,2549,train,4
101,6241,train,2
101,691,train,2
101,5795,train,7
101,1493,train,6
101,1009,train,5
101,2944,train,9
101,4651,train,2
101,3089,train,4
101,5681,train,6
101,3229,train,9
101,3710,train,1
101,231,train,8
101,5585,train,9
101,6838,train,6
101,3043,train,0
101,7316,train,5
101,624,train,1
101,147,train,3
101,2389,train,0
101,166,train,7
101,5952,train,5
101,5495,train,7
101,5750,train,0
101,5276,train,1
101,2164,train,1
101,4340,train,4
101,2680,train,9
101,4299,train,8
101,3005,train,0
101,2088,train,5
101,3596,train,5
101,2538,train,9
101,2562,train,9
101,6717,train,4
101,3150,train,8
101,3610,train,2
101,1386,train,7
101,2898,train,7
101,7001,train,2
101,5170,train,5
101,2911,train,7
101,6993,train,1
101,7004,train,0
101,435,train,2
101,758,train,0
101,3008,train,2
101,3893,train,6
101,4295,train,1
101,32,train,9
101,1055,train,7
101,2880,train,7
101,3592,train,3
101,7022,train,3
101,393,train,3
101,1208,train,2
101,409,train,2
101,7231,train,2
101,5267,train,9
101,2599,train,7
101,6636,train,5
101,555,train,4
101,929,train,7
101,3622,train,8
101,1015,train,1
101,7290,train,7
101,6326,train,2
101,1811,train,2
101,4594,train,9
101,5923,train,7
101,5956,train,1
101,3456,train,1
101,5116,train,3
101,4245,train,0
101,2314,train,4
101,646,train,0
101,5450,train,5
101,3799,train,5
101,2969,train,2
101,148,train,8
101,6954,train,8
101,2111,train,8
101,1515,train,6
101,1778,train,4
101,4344,train,3
101,3768,train,4
101,6001,train,3
101,6136,train,3
101,4322,train,1
101,1576,train,0
101,4818,train,0
101,5363,train,8
101,2784,train,4
101,6563,train,7
101,7077,train,4
101,6997,train,4
101,4894,train,4
101,108,train,3
101,220,train,6
101,2730,train,9
101,6724,train,0
101,3261,train,3
101,5600,train,1
101,1549,train,8
101,1190,train,9
101,632,train,5
101,2914,train,8
101,2229,train,0
101,2892,train,5
101,4444,train,8
101,1901,train,2
101,3625,train,6
101,6356,train,2
101,5743,train,5
101,4099,train,6
101,3336,train,9
101,1006,train,3
101,1155,train,2
101,2155,train,7
101,7334,train,2
101,1237,train,3
101,3546,train,8
101,2058,train,1
101,5115,train,2
101,5799,train,7
101,44,train,5
101,7314,train,9
101,467,train,6
101,6364,train,5
101,7228,train,4
101,3832,train,7
101,4405,train,7
101,453,train,5
101,4960,train,7
101,6477,train,6
101,7296,train,4
101,1016,train,7
101,1975,train,1
101,951,train,3
101,6779,train,1
101,2475,train,3
101,5081,train,8
101,194,train,9
101,3873,train,6
101,2909,train,1
101,2025,train,7
101,4829,train,8
101,3504,train,6
101,4886,train,5
101,3318,train,9
101,1253,train,4
101,2688,train,2
101,466,train,7
101,219,train,7
101,3716,train,8
101,4313,train,3
101,5897,train,9
101,1777,train,5
101,22,train,8
101,6612,train,6
101,85,train,2
101,5661,train,8
101,2490,train,5
101,5139,train,3
101,4810,train,8
101,4067,train,5
101,5059,train,6
101,3334,train,2
101,1794,train,8
101,1481,train,0
101,3379,train,2
101,1358,train,5
101,3889,train,7
101,297,train,7
101,5406,train,0
101,3502,train,2
101,6400,train,2
101,6051,train,6
101,752,train,5
101,1046,train,3
101,6398,train,0
101,2122,train,7
101,2603,train,2
101,3102,train,6
101,2931,train,1
101,365,train,5
101,5269,train,7
101,1910,train,8
101,2130,train,1
101,2903,train,8
101,5410,train,5
101,6129,train,7
101,1113,train,0
101,5280,train,7
101,4611,train,0
101,600,train,4
101,3517,train,9
101,7236,train,8
101,5576,train,7
101,3735,train,9
101,6544,train,5
101,4760,train,9
101,7162,train,4
101,1260,train,5
101,6649,train,6
101,1870,train,7
101,542,train,1
101,926,train,9
101,3514,train,4
101,3479,train,3
101,1744,train,8
101,2752,train,1
101,3777,train,1
101,786,train,8
101,2679,train,5
101,2961,train,0
101,6659,train,5
101,5038,train,6
101,2210,train,3
101,6149,train,3
101,2066,train,2
101,7062,train,1
101,1868,train,0
101,2523,train,8
101,4170,train,3
101,5809,train,8
101,5765,train,9
101,6117,train,3
101,5567,train,5
101,5693,train,6
101,6593,train,5
101,698,train,8
101,2424,train,5
101,4533,train,9
101,5188,train,4
101,5346,train,6
101,4027,train,2
101,5813,train,0
101,5544,train,3
101,2392,train,8
101,6303,train,8
101,1022,train,6
101,2545,train,5
101,6808,train,6
101,3687,train,9
101,4789,train,7
101,6574,train,2
101,4751,train,3
101,4135,train,9
101,6700,train,1
101,2098,train,5
101,5893,train,1
101,2635,train,3
101,1633,train,8
101,3429,train,1
101,6285,train,9
101,1477,train,3
101,4535,train,6
101,5427,train,1
101,6349,train,1
101,4540,train,2
101,4567,train,1
101,6655,train,7
101,7086,train,8
101,3066,train,0
101,3603,train,7
101,1223,train,3
101,4442,train,5
101,6146,train,7
101,1348,train,6
101,896,train,2
101,6103,train,1
101,1402,train,8
101,4843,train,3
101,3511,train,5
101,5926,train,4
101,369,train,6
101,5887,train,8
101,3861,train,2
101,720,train,4
101,5383,train,2
101,6863,train,6
101,5091,train,6
101,1476,train,8
101,6111,train,7
101,4512,train,6
101,4511,train,3
101,4828,train,0
101,6851,train,8
101,3042,train,2
101,4190,train,9
101,6820,train,1
101,3103,train,4
101,2616,train,0
101,6144,train,6
101,1088,train,8
101,5816,train,2
101,5360,train,4
101,2533,train,0
101,2689,train,6
101,4549,train,4
101,2116,train,5
101,2761,train,5
101,2605,train,8
101,6570,train,0
101,3324,train,1
101,2748,train,8
101,1275,train,1
101,1597,train,1
101,4083,train,4
101,4676,train,1
101,5391,train,5
101,1956,train,9
101,2097,train,2
101,4269,train,3
101,651,train,8
101,1151,train,4
101,2243,train,2
101,4907,train,0
101,5489,train,1
101,5364,train,0
101,4920,train,2
101,3113,train,1
101,6719,train,7
101,3071,train,2
101,649,train,3
101,70,train,8
101,707,train,9
101,124,train,9
101,2031,train,3
101,4606,train,9
101,3413,train,8
101,5523,train,4
101,4150,train,7
101,591,train,8
101,974,train,3
101,6323,train,8
101,3443,train,4
101,6984,train,7
101,2644,train,1
101,4707,train,4
101,7015,train,4
101,726,train,6
101,4891,train,0
101,4061,train,2
101,3142,train,8
101,5072,train,7
101,2511,train,7
101,305,train,2
101,5471,train,9
101,6572,train,6
101,2405,train,9
101,1551,train,5
101,6751,train,9
101,3933,train,2
101,4899,train,9
101,827,train,7
101,1327,train,4
101,5972,train,7
101,2663,train,3
101,272,train,8
101,1979,train,1
101,3932,train,1
101,2734,train,3
101,6721,train,2
101,6101,train,2
101,3694,train,1
101,4792,train,3
101,1859,train,6
101,3040,train,7
101,4252,train,9
101,6428,train,8
101,5254,train,7
101,682,train,9
101,577,train,4
101,6277,train,5
101,2041,train,2
101,3578,train,1
101,789,train,3
101,6328,train,5
101,7042,train,2
101,887,train,5
101,4466,train,1
101,6841,train,5
101,5157,train,3
101,1400,train,1
101,2733,train,9
101,2580,train,5
101,2015,train,0
101,7283,train,6
101,558,train,9
101,1516,train,0
101,3352,train,9
101,2548,train,4
101,4640,train,7
101,366,train,3
101,3712,train,6
101,1075,train,4
101,6937,train,7
101,2394,train,3
101,7115,train,7
101,4823,train,3
101,2407,train,7
101,6133,train,3
101,3521,train,6
101,5647,train,4
101,111,train,3
101,2401,train,3
101,313,train,8
101,830,train,4
101,4958,train,8
101,5855,train,0
101,3692,train,1
101,6716,train,7
101,4858,train,2
101,5405,train,8
101,4315,train,2
101,7329,train,0
101,4728,train,3
101,2808,train,8
101,2728,train,1
101,6030,train,3
101,388,train,1
101,2431,train,2
101,2756,train,5
101,1791,train,7
101,6931,train,3
101,5354,train,0
101,496,train,2
101,6276,train,6
101,6268,train,1
101,94,train,6
101,557,train,9
101,3012,train,1
101,7338,train,9
101,2474,train,1
101,584,train,2
101,1466,train,8
101,1851,train,0
101,956,train,0
101,7343,train,6
101,6739,train,4
101,3674,train,4
101,127,train,3
101,4004,train,1
101,1779,train,3
101,4058,train,7
101,4167,train,8
101,1579,train,4
101,6718,train,1
101,3091,train,7
101,5766,train,7
101,4629,train,2
101,1725,train,5
101,5997,train,4
101,5516,train,8
101,1740,train,3
101,3828,train,3
101,1702,train,5
101,1241,train,5
101,4365,train,7
101,3402,train,5
101,5520,train,8
101,6333,train,8
101,717,train,0
101,4736,train,9
101,6292,train,8
101,517,train,6
101,3671,train,5
101,6178,train,7
101,5301,train,3
101,4560,train,8
101,4306,train,0
101,1542,train,5
101,5843,train,2
101,2245,train,9
101,3372,train,4
101,2568,train,0
101,1665,train,1
101,5617,train,8
101,1953,train,3
101,5905,train,6
101,6271,train,7
101,5958,train,2
101,5460,train,1
101,4076,train,9
101,1800,train,9
101,6239,train,5
101,4869,train,6
101,3055,train,7
101,2846,train,4
101,3107,train,4
101,6391,train,7
101,4207,train,7
101,4827,train,3
101,6772,train,5
101,4852,train,6
101,6961,train,6
101,4726,train,0
101,1582,train,1
101,5630,train,1
101,1248,train,9
101,495,train,4
101,4514,train,1
101,2755,train,4
101,3793,train,1
101,1993,train,6
101,2281,train,9
101,3049,train,4
101,4660,train,3
101,4338,train,8
101,1893,train,2
101,4981,train,6
101,1926,train,6
101,6757,train,1
101,3171,train,2
101,6889,train,7
101,7137,train,0
101,7093,train,8
101,446,train,6
101,2717,train,4
101,5202,train,3
101,2340,train,6
101,3358,train,8
101,3597,train,8
101,2636,train,5
101,1598,train,1
101,3751,train,8
101,1,train,3
101,437,train,5
101,6653,train,3
101,1721,train,7
101,5486,train,3
101,5791,train,3
101,3117,train,3
101,592,train,7
101,1085,train,2
101,6971,train,9
101,6884,train,6
101,2358,train,3
101,2159,train,1
101,4317,train,1
101,2530,train,3
101,3972,train,6
101,2266,train,6
101,3011,train,3
101,359,train,5
101,4631,train,4
101,4346,train,2
101,414,train,8
101,1647,train,3
101,345,train,2
101,7324,train,8
101,1977,train,5
101,3902,train,9
101,1148,train,4
101,5554,train,2
101,912,train,0
101,1144,train,0
101,1810,train,1
101,1395,train,6
101,6688,train,6
101,470,train,6
101,3217,train,3
101,2177,train,0
101,6857,train,7
101,6452,train,6
101,7267,train,5
101,613,train,7
101,5692,train,7
101,5753,train,5
101,6925,train,9
101,2047,train,9
101,5941,train,0
101,6084,train,9
101,730,train,2
101,1073,train,2
101,6983,train,8
101,5183,train,6
101,2711,train,4
101,4853,train,4
101,2263,train,1
101,3276,train,9
101,4586,train,6
101,4236,train,2
101,3095,train,3
101,3545,train,8
101,1417,train,2
101,4966,train,5
101,99,train,3
101,2450,train,9
101,820,train,5
101,4478,train,1
101,5690,train,7
101,4523,train,5
101,5381,train,9
101,6100,train,9
101,4332,train,0
101,2223,train,2
101,5498,train,2
101,4354,train,1
101,7178,train,4
101,4343,train,9
101,7184,train,6
101,1193,train,0
101,1857,train,0
101,5041,train,5
101,1995,train,8
101,4084,train,0
101,2399,train,3
101,5385,train,4
101,3713,train,1
101,2577,train,0
101,7233,train,3
101,850,train,1
101,2908,train,1
101,3430,train,3
101,1364,train,5
101,1667,train,1
101,6783,train,8
101,3943,train,0
101,4790,train,8
101,4179,train,6
101,4213,train,3
101,813,train,5
101,6861,train,4
101,4944,train,3
101,2607,train,4
101,4546,train,9
101,5977,train,7
101,2286,train,2
101,5048,train,6
101,1528,train,3
101,5999,train,4
101,849,train,9
101,1242,train,7
101,3549,train,8
101,1426,train,2
101,6904,train,1
101,5716,train,6
101,1039,train,3
101,5392,train,9
101,283,train,1
101,5222,train,1
101,6870,train,4
101,3658,train,5
101,2170,train,7
101,4446,train,1
101,2132,train,2
101,4767,train,0
101,2811,train,5
101,256,train,2
101,2622,train,1
101,935,train,0
101,2951,train,3
101,7285,train,0
101,7357,train,0
101,4831,train,5
101,5152,train,8
101,1049,train,5
101,2698,train,9
101,4527,train,4
101,3752,train,6
101,2276,train,3
101,3382,train,6
101,4558,train,0
101,6264,train,5
101,5112,train,3
101,562,train,6
101,3205,train,0
101,653,train,5
101,1664,train,9
101,846,train,4
101,3965,train,1
101,655,train,5
101,6930,train,7
101,7273,train,2
101,5312,train,6
101,1209,train,5
101,3496,train,4
101,2349,train,0
101,4607,train,5
101,4575,train,0
101,3593,train,1
101,7255,train,2
101,3995,train,6
101,1538,train,3
101,2718,train,6
101,4275,train,4
101,1136,train,5
101,293,train,2
101,4077,train,3
101,2778,train,3
101,1056,train,2
101,4391,train,4
101,6898,train,9
101,5386,train,1
101,3601,train,1
101,5467,train,9
101,5036,train,4
101,2822,train,1
101,5108,train,9
101,5848,train,7
101,2104,train,2
101,275,train,8
101,89,train,0
101,3408,train,1
101,5940,train,0
101,4068,train,2
101,7310,train,9
101,4771,train,6
101,6016,train,2
101,3764,train,2
101,7159,train,3
101,7185,train,0
101,6895,train,8
101,6581,train,0
101,2187,train,9
101,1912,train,2
101,5396,train,9
101,4690,train,2
101,3462,train,9
101,2166,train,1
101,2226,train,7
101,5840,train,0
101,7299,train,8
101,320,train,2
101,2330,train,6
101,1107,train,8
101,7031,train,4
101,5838,train,7
101,3732,train,5
101,254,train,3
101,4769,train,3
101,2233,train,5
101,6979,train,9
101,2071,train,4
101,856,train,8
101,1410,train,2
101,1389,train,3
101,6540,train,4
101,6837,train,8
101,4624,train,9
101,5912,train,9
101,796,train,7
101,3467,train,1
101,19,train,6
101,5966,train,9
101,4612,train,9
101,3105,train,0
101,2093,train,7
101,2435,train,2
101,3060,train,4
101,5,train,4
101,845,train,2
101,2173,train,2
101,6402,train,4
101,2913,train,4
101,3088,train,4
101,4758,train,7
101,6008,train,9
101,6966,train,1
101,6773,train,4
101,2985,train,0
101,666,train,1
101,4667,train,3
101,419,train,3
101,1506,train,4
101,327,train,9
101,5896,train,9
101,5245,train,7
101,2426,train,8
101,1077,train,4
101,2757,train,6
101,6537,train,9
101,4154,train,1
101,4849,train,3
101,4133,train,6
101,6279,train,9
101,161,train,2
101,169,train,4
101,2236,train,1
101,968,train,6
101,4049,train,2
101,5657,train,2
101,4125,train,2
101,1096,train,3
101,3099,train,7
101,2553,train,2
101,118,train,6
101,5120,train,2
101,6079,train,0
101,6061,train,9
101,507,train,7
101,6035,train,2
101,6332,train,3
101,5219,train,7
101,6147,train,9
101,6752,train,7
101,7067,train,9
101,893,train,5
101,1545,train,1
101,3725,train,2
101,6969,train,3
101,3240,train,6
101,1809,train,6
101,603,train,2
101,7104,train,5
101,5376,train,9
101,5216,train,0
101,2138,train,6
101,5388,train,7
101,498,train,8
101,4184,train,1
101,2275,train,1
101,636,train,4
101,1880,train,3
101,7279,train,2
101,1687,train,4
101,2781,train,9
101,5253,train,1
101,5201,train,2
101,1185,train,3
101,2721,train,5
101,3586,train,6
101,783,train,2
101,2368,train,7
101,477,train,8
101,357,train,6
101,3778,train,0
101,3475,train,3
101,1596,train,0
101,1063,train,8
101,531,train,3
101,6488,train,6
101,6022,train,7
101,5664,train,8
101,6342,train,2
101,6345,train,1
101,1747,train,1
101,4583,train,2
101,6222,train,4
101,3137,train,7
101,860,train,6
101,5153,train,3
101,5531,train,5
101,4922,train,7
101,3771,train,7
101,3690,train,9
101,3869,train,2
101,2133,train,8
101,1828,train,2
101,4737,train,6
101,630,train,2
101,2056,train,6
101,1229,train,8
101,2354,train,5
101,3139,train,7
101,4659,train,5
101,4985,train,9
101,4017,train,0
101,5817,train,1
101,6725,train,6
101,2085,train,7
101,4595,train,7
101,518,train,8
101,461,train,0
101,866,train,6
101,1335,train,4
101,5704,train,1
101,6195,train,1
101,806,train,3
101,2288,train,8
101,5515,train,9
101,3634,train,9
101,4685,train,7
101,1021,train,4
101,3607,train,5
101,2873,train,2
101,5295,train,3
101,1570,train,4
101,6865,train,9
101,1824,train,7
101,6237,train,8
101,4254,train,4
101,7039,train,3
101,6950,train,0
101,76,train,3
101,6231,train,3
101,4794,train,6
101,6584,train,9
101,540,train,0
101,3805,train,0
101,1758,train,8
101,4770,train,4
101,2256,train,3
101,4747,train,3
101,3783,train,2
101,4239,train,7
101,6213,train,3
101,3341,train,2
101,1294,train,6
101,3268,train,0
101,6952,train,0
101,2918,train,6
101,6750,train,5
101,2883,train,4
101,4779,train,4
101,4821,train,5
101,2294,train,4
101,5700,train,0
101,4507,train,3
101,252,train,2
101,2971,train,6
101,1945,train,3
101,1919,train,3
101,5518,train,1
101,255,train,2
101,2345,train,8
101,6227,train,2
101,3629,train,5
101,2387,train,4
101,3753,train,5
101,6934,train,5
101,2215,train,6
101,3780,train,8
101,2356,train,7
101,15,train,7
101,4806,train,9
101,7226,train,1
101,7126,train,3
101,486,train,6
101,1380,train,1
101,2483,train,2
101,4200,train,7
101,1784,train,0
101,2501,train,4
101,2561,train,3
101,731,train,9
101,3614,train,6
101,3638,train,1
101,3310,train,0
101,2350,train,6
101,303,train,0
101,6189,train,8
101,1694,train,3
101,3708,train,6
101,4807,train,4
101,5507,train,5
101,4072,train,7
101,3734,train,4
101,1678,train,1
101,4237,train,3
101,5155,train,6
101,2436,train,5
101,3956,train,1
101,1823,train,6
101,961,train,6
101,5278,train,7
101,5792,train,3
101,3519,train,8
101,3273,train,9
101,1849,train,8
101,4982,train,7
101,3723,train,0
101,5094,train,2
101,4088,train,6
101,1383,train,8
101,4526,train,3
101,6802,train,9
101,7351,train,0
101,1003,train,6
101,6480,train,7
101,3608,train,6
101,6049,train,2
101,2063,train,5
101,1871,train,2
101,3906,train,9
101,6266,train,2
101,5353,train,3
101,7079,train,8
101,4534,train,7
101,459,train,5
101,2465,train,9
101,4079,train,4
101,2473,train,4
101,1142,train,1
101,265,train,4
101,4185,train,7
101,6191,train,7
101,7123,train,0
101,1451,train,0
101,418,train,2
101,1338,train,3
101,3642,train,1
101,4171,train,8
101,4749,train,5
101,5168,train,4
101,6508,train,5
101,1267,train,7
101,4430,train,2
101,5234,train,1
101,5663,train,4
101,2160,train,3
101,7201,train,5
101,640,train,2
101,4835,train,9
101,6062,train,5
101,5233,train,3
101,1865,train,8
101,3385,train,5
101,1065,train,6
101,2323,train,8
101,7337,train,4
101,3424,train,7
101,4510,train,5
101,1580,train,0
101,6520,train,6
101,2667,train,2
101,6002,train,4
101,5934,train,4
101,6662,train,8
101,3970,train,7
101,2413,train,7
101,2604,train,2
101,1929,train,8
101,7181,train,9
101,4172,train,7
101,3032,train,5
101,3660,train,0
101,2061,train,6
101,4031,train,0
101,5082,train,8
101,565,train,4
101,532,train,8
101,6351,train,9
101,4871,train,4
101,5973,train,1
101,1753,train,0
101,4976,train,8
101,5652,train,2
101,6474,train,2
101,105,train,5
101,3678,train,4
101,1076,train,7
101,6469,train,7
101,601,train,1
101,6233,train,6
101,5609,train,1
101,5548,train,5
101,5021,train,3
101,4019,train,1
101,342,train,2
101,3680,train,2
101,2574,train,2
101,3533,train,6
101,7179,train,8
101,6667,train,9
101,7361,train,1
101,5395,train,1
101,1396,train,9
101,5780,train,4
101,1465,train,8
101,4112,train,8
101,2320,train,4
101,6433,train,3
101,3109,train,2
101,1543,train,1
101,1297,train,6
101,1573,train,5
101,2552,train,6
101,5938,train,7
101,6639,train,0
101,4959,train,9
101,5742,train,4
101,3547,train,8
101,1789,train,6
101,546,train,7
101,4756,train,6
101,4718,train,2
101,4782,train,0
101,3258,train,6
101,3968,train,7
101,367,train,2
101,487,train,8
101,2165,train,8
101,1677,train,7
101,4115,train,2
101,4908,train,7
101,3417,train,0
101,6964,train,5
101,6668,train,7
101,4998,train,4
101,702,train,2
101,4889,train,7
101,6888,train,7
101,6995,train,5
101,483,train,8
101,1131,train,6
101,7349,train,1
101,2153,train,5
101,4620,train,2
101,2493,train,4
101,1955,train,5
101,5144,train,0
101,7045,train,2
101,4557,train,5
101,1566,train,8
101,1656,train,0
101,641,train,4
101,4647,train,8
101,1512,train,8
101,7114,train,3
101,1969,train,7
101,1343,train,5
101,7080,train,8
101,4816,train,0
101,3686,train,3
101,4378,train,1
101,4152,train,0
101,7353,train,2
101,1280,train,8
101,4264,train,4
101,1660,train,2
101,4025,train,4
101,1079,train,8
101,458,train,7
101,6415,train,6
101,5500,train,7
101,800,train,4
101,5177,train,3
101,6043,train,6
101,787,train,3
101,6538,train,7
101,5037,train,6
101,3700,train,3
101,4374,train,6
101,6460,train,5
101,3448,train,9
101,6829,train,3
101,1831,train,6
101,6407,train,6
101,2554,train,1
101,1290,train,2
101,4247,train,1
101,1982,train,9
101,5631,train,2
101,5262,train,8
101,1123,train,6
101,3116,train,9
101,4424,train,2
101,3856,train,7
101,152,train,8
101,1822,train,6
101,7354,train,4
101,5706,train,2
101,5801,train,1
101,1972,train,0
101,5418,train,8
101,2901,train,0
101,4355,train,4
101,4455,train,9
101,1695,train,8
101,4073,train,6
101,5056,train,6
101,6403,train,1
101,3951,train,0
101,1094,train,4
101,952,train,6
101,2596,train,4
101,5615,train,1
101,3652,train,9
101,4488,train,5
101,6230,train,6
101,1014,train,8
101,6372,train,0
101,4556,train,2
101,3224,train,5
101,2801,train,8
101,2291,train,2
101,6887,train,9
101,5802,train,5
101,1541,train,9
101,7242,train,3
101,6255,train,4
101,2364,train,9
101,2657,train,2
101,2136,train,2
101,7018,train,8
101,2481,train,2
101,4878,train,4
101,3470,train,2
101,3331,train,6
101,574,train,9
101,4383,train,9
101,410,train,7
101,2449,train,9
101,6272,train,8
101,58,train,2
101,2147,train,9
101,6091,train,1
101,4742,train,8
101,4156,train,7
101,1030,train,2
101,5714,train,1
101,5258,train,9
101,3647,train,8
101,1053,train,5
101,50,train,9
101,1949,train,0
101,1700,train,6
101,4122,train,9
101,1797,train,1
101,415,train,6
101,2843,train,5
101,687,train,8
101,3111,train,0
101,7096,train,7
101,1174,train,1
101,7188,train,6
101,262,train,0
101,6490,train,7
101,1471,train,3
101,4576,train,8
101,6928,train,4
101,222,train,2
101,6410,train,4
101,3054,train,6
101,6253,train,0
101,4368,train,9
101,6554,train,3
101,3309,train,2
101,6872,train,6
101,455,train,5
101,2240,train,5
101,4157,train,1
101,6607,train,0
101,5598,train,1
101,6492,train,5
101,3294,train,6
101,2525,train,6
101,5176,train,6
101,7274,train,3
101,4255,train,3
101,3264,train,6
101,5626,train,7
101,4404,train,5
101,2262,train,7
101,5881,train,1
101,2386,train,8
101,5833,train,1
101,3947,train,5
101,1423,train,6
101,2966,train,5
101,5416,train,8
101,4470,train,4
101,1082,train,8
101,2363,train,3
101,583,train,9
101,1152,train,1
101,4596,train,3
101,1568,train,1
101,2261,train,9
101,1277,train,0
101,2646,train,5
101,3047,train,4
101,218,train,9
101,763,train,4
101,1790,train,8
101,5668,train,7
101,1224,train,2
101,2125,train,5
101,7148,train,7
101,1654,train,6
101,163,train,5
101,7216,train,6
101,994,train,2
101,2870,train,5
101,4051,train,7
101,2774,train,5
101,3455,train,5
101,4639,train,0
101,1420,train,5
101,3557,train,0
101,3857,train,2
101,2107,train,5
101,4504,train,9
101,1508,train,1
101,5678,train,3
101,1918,train,4
101,3817,train,0
101,18,train,7
101,142,train,1
101,5230,train,0
101,4544,train,5
101,3717,train,3
101,5641,train,6
101,3977,train,6
101,4009,train,5
101,5390,train,1
101,927,train,0
101,6192,train,3
101,2982,train,0
101,3532,train,8
101,3656,train,7
101,2301,train,8
101,1866,train,3
101,5446,train,1
101,2197,train,1
101,6948,train,2
101,3523,train,9
101,1475,train,7
101,4495,train,2
101,4700,train,9
101,768,train,9
101,5118,train,8
101,3000,train,6
101,6929,train,0
101,4074,train,2
101,5236,train,0
101,6274,train,7
101,6392,train,1
101,3804,train,2
101,6658,train,4
101,5804,train,4
101,464,train,5
101,3119,train,4
101,3989,train,5
101,6987,train,7
101,2856,train,6
101,3788,train,6
101,4499,train,3
101,4626,train,4
101,831,train,1
101,2059,train,7
101,6313,train,5
101,2579,train,5
101,2597,train,9
101,1119,train,0
101,271,train,8
101,5884,train,0
101,1097,train,8
101,1685,train,1
101,2807,train,6
101,5338,train,6
101,6512,train,7
101,4281,train,0
101,694,train,2
101,4632,train,3
101,6832,train,4
101,1819,train,8
101,7194,train,3
101,4280,train,4
101,5325,train,3
101,1715,train,8
101,4443,train,2
101,6176,train,1
101,5751,train,2
101,1150,train,6
101,6676,train,4
101,527,train,9
101,6110,train,4
101,460,train,5
101,4124,train,4
101,2618,train,4
101,1733,train,0
101,1173,train,1
101,6278,train,7
101,7330,train,9
101,6651,train,0
101,1422,train,6
101,7246,train,3
101,535,train,0
101,3580,train,4
101,5314,train,6
101,5341,train,2
101,1387,train,8
101,2503,train,3
101,1268,train,1
101,2498,train,7
101,5922,train,0
101,5099,train,0
101,4107,train,0
101,3762,train,6
101,6434,train,7
101,247,train,5
101,3439,train,3
101,2804,train,0
101,4614,train,4
101,4244,train,5
101,208,train,7
101,2193,train,1
101,5126,train,4
101,6124,train,8
101,5519,train,5
101,3567,train,5
101,6430,train,3
101,1796,train,2
101,6167,train,1
101,5707,train,9
101,633,train,9
101,6600,train,0
101,6553,train,6
101,3897,train,8
101,2645,train,0
101,1985,train,8
101,4542,train,0
101,5350,train,4
101,934,train,1
101,7011,train,4
101,5708,train,6
101,4395,train,1
101,468,train,6
101,4095,train,5
101,135,train,1
101,5858,train,6
101,5872,train,8
101,2466,train,5
101,2032,train,8
101,2816,train,7
101,1877,train,5
101,1367,train,2
101,1892,train,3
101,1816,train,7
101,2231,train,0
101,2710,train,6
101,6058,train,5
101,1529,train,2
101,7064,train,3
101,7366,train,6
101,3207,train,1
101,1028,train,4
101,4087,train,8
101,2010,train,8
101,3649,train,9
101,4109,train,0
101,2390,train,8
101,1821,train,2
101,6155,train,3
101,2123,train,8
101,133,train,7
101,6926,train,4
101,6416,train,3
101,6729,train,8
101,4675,train,2
101,5825,train,5
101,6859,train,5
101,4178,train,4
101,7063,train,3
101,2388,train,0
101,3571,train,1
101,3823,train,0
101,2270,train,4
101,7121,train,1
101,5382,train,6
101,6557,train,2
101,112,train,3
101,2143,train,0
101,4636,train,8
101,4168,train,4
101,5310,train,8
101,7333,train,8
101,1089,train,0
101,1689,train,9
101,2172,train,0
101,1769,train,8
101,6496,train,6
101,7019,train,4
101,2185,train,3
101,6003,train,8
101,4402,train,0
101,1313,train,2
101,7224,train,5
101,7348,train,4
101,2885,train,3
101,5215,train,5
101,4921,train,4
101,215,train,4
101,274,train,5
101,434,train,9
101,4943,train,5
101,3428,train,7
101,5965,train,5
101,1490,train,6
101,6685,train,3
101,5625,train,3
101,938,train,8
101,6011,train,2
101,5778,train,5
101,5012,train,2
101,3002,train,2
101,2564,train,5
101,4159,train,5
101,3848,train,1
101,348,train,9
101,7221,train,3
101,6082,train,6
101,6713,train,9
101,5748,train,5
101,6978,train,0
101,593,train,0
101,828,train,8
101,6722,train,3
101,4429,train,3
101,4461,train,2
101,5701,train,1
101,5509,train,6
101,319,train,6
101,5538,train,1
101,4733,train,6
101,6005,train,1
101,4980,train,6
101,4427,train,9
101,6982,train,5
101,642,train,7
101,4283,train,5
101,6669,train,4
101,3375,train,3
101,547,train,3
101,1581,train,4
101,3101,train,2
101,4761,train,6
101,5050,train,6
101,1522,train,8
101,4687,train,1
101,30,train,6
101,2925,train,7
101,5764,train,8
101,1087,train,7
101,3319,train,7
101,960,train,9
101,4688,train,0
101,703,train,4
101,1952,train,7
101,5008,train,1
101,5337,train,9
101,4581,train,9
101,7035,train,3
101,4941,train,8
101,1061,train,4
101,3744,train,5
101,469,train,9
101,3280,train,6
101,6791,train,0
101,6755,train,0
101,2444,train,9
101,2212,train,2
101,302,train,4
101,2265,train,5
101,400,train,8
101,358,train,0
101,2749,train,9
101,1439,train,9
101,1595,train,1
101,807,train,7
101,2659,train,1
101,2334,train,4
101,5150,train,5
101,745,train,8
101,1749,train,2
101,3637,train,1
101,5009,train,5
101,6807,train,0
101,1968,train,5
101,1848,train,7
101,5452,train,1
101,6896,train,3
101,5959,train,6
101,3670,train,5
101,2787,train,7
101,2322,train,5
101,6387,train,0
101,1755,train,0
101,3321,train,0
101,6229,train,1
101,5137,train,7
101,1920,train,0
101,2651,train,0
101,268,train,5
101,727,train,5
101,60,train,0
101,1624,train,8
101,1795,train,8
101,2344,train,7
101,2943,train,2
101,2400,train,6
101,2556,train,1
101,5533,train,0
101,5752,train,4
101,6693,train,2
101,1803,train,0
101,4231,train,9
101,4382,train,8
101,6806,train,5
101,1001,train,8
101,7317,train,7
101,2163,train,7
101,4877,train,1
101,5871,train,7
101,6023,train,6
101,4270,train,1
101,5731,train,9
101,3673,train,7
101,1468,train,4
101,2438,train,4
101,4421,train,6
101,6000,train,6
101,550,train,2
101,5279,train,2
101,5451,train,7
101,2902,train,3
101,6846,train,0
101,27,train,5
101,309,train,7
101,2725,train,0
101,175,train,5
101,2069,train,3
101,1349,train,2
101,1623,train,6
101,4439,train,7
101,1012,train,3
101,891,train,3
101,4988,train,1
101,6177,train,9
101,523,train,6
101,5639,train,8
101,6938,train,9
101,3722,train,2
101,3786,train,9
101,6457,train,3
101,3216,train,8
101,604,train,3
101,385,train,3
101,170,train,3
101,1775,train,8
101,918,train,7
101,2200,train,1
101,3122,train,8
101,7243,train,9
101,1938,train,4
101,2980,train,6
101,3136,train,1
101,7315,train,2
101,3026,train,5
101,4367,train,4
101,4220,train,1
101,1603,train,5
101,5309,train,8
101,2686,train,6
101,2767,train,4
101,1807,train,9
101,7153,train,9
101,2775,train,3
101,1236,train,0
101,4261,train,5
101,6034,train,2
101,1473,train,8
101,4158,train,1
101,7098,train,5
101,4144,train,5
101,6367,train,0
101,5102,train,7
101,7208,train,2
101,1102,train,7
101,6329,train,7
101,3212,train,1
101,2456,train,3
101,1232,train,2
101,5239,train,1
101,2336,train,4
101,2790,train,0
101,4972,train,2
101,5160,train,9
101,6072,train,8
101,1013,train,8
101,2949,train,8
101,381,train,3
101,134,train,5
101,386,train,7
101,1394,train,1
101,6148,train,2
101,6684,train,9
101,616,train,7
101,3390,train,6
101,6551,train,5
101,1523,train,2
101,6493,train,7
101,6877,train,7
101,333,train,0
101,5993,train,3
101,5397,train,8
101,3407,train,8
101,4670,train,6
101,6873,train,4
101,2302,train,1
101,2033,train,0
101,2510,train,1
101,765,train,4
101,6064,train,4
101,4327,train,1
101,7124,train,1
101,132,train,5
101,6616,train,5
101,5985,train,6
101,6302,train,4
101,3059,train,5
101,1390,train,7
101,1607,train,2
101,5109,train,8
101,4866,train,6
101,5134,train,6
101,3646,train,1
101,4456,train,6
101,5596,train,5
101,5969,train,4
101,7065,train,7
101,1133,train,8
101,6257,train,2
101,1178,train,1
101,5371,train,6
101,4020,train,3
101,331,train,8
101,4385,train,8
101,4274,train,3
101,4127,train,8
101,1264,train,2
101,6513,train,8
101,6935,train,5
101,6604,train,7
101,3149,train,5
101,2250,train,3
101,3909,train,1
101,5910,train,1
101,6308,train,4
101,4447,train,0
101,3653,train,7
101,2582,train,4
101,529,train,6
101,2627,train,5
101,3587,train,9
101,6630,train,9
101,3672,train,7
101,1230,train,9
101,3615,train,4
101,457,train,4
101,863,train,3
101,6310,train,7
101,1238,train,3
101,5130,train,8
101,1888,train,1
101,5689,train,2
101,1336,train,2
101,2567,train,2
101,280,train,7
101,503,train,7
101,117,train,7
101,77,train,7
101,1440,train,2
101,287,train,8
101,2936,train,3
101,6580,train,2
101,2670,train,6
101,4288,train,1
101,239,train,0
101,2507,train,8
101,3182,train,9
101,3226,train,7
101,1180,train,5
101,3130,train,7
101,5683,train,7
101,4838,train,3
101,4896,train,6
101,4692,train,2
101,4438,train,0
101,4819,train,0
101,5712,train,1
101,5634,train,2
101,1203,train,7
101,4475,train,8
101,4397,train,6
101,387,train,5
101,7111,train,2
101,6330,train,7
101,6576,train,8
101,6219,train,7
101,2140,train,3
101,1808,train,7
101,4304,train,7
101,2742,train,7
101,6419,train,6
101,20,train,9
101,6352,train,8
101,5166,train,1
101,463,train,0
101,6027,train,1
101,5964,train,0
101,23,train,4
101,1679,train,2
101,1201,train,5
101,5888,train,6
101,5247,train,0
101,4440,train,1
101,987,train,0
101,2997,train,6
101,2303,train,1
101,2034,train,9
101,6381,train,7
101,6683,train,8
101,5811,train,1
101,4398,train,6
101,7134,train,7
101,6745,train,6
101,181,train,2
101,5967,train,3
101,7138,train,6
101,1504,train,1
101,7135,train,3
101,6494,train,5
101,4420,train,6
101,5141,train,5
101,5963,train,0
101,3520,train,2
101,3776,train,6
101,6483,train,4
101,6637,train,4
101,5191,train,8
101,5697,train,5
101,2304,train,5
101,4657,train,8
101,7202,train,1
101,4240,train,6
101,3843,train,8
101,6462,train,9
101,1245,train,0
101,3559,train,5
101,958,train,0
101,6647,train,2
101,4143,train,0
101,1657,train,7
101,2051,train,6
101,5580,train,5
101,57,train,9
101,1011,train,6
101,2038,train,2
101,4984,train,5
101,2919,train,7
101,3293,train,1
101,3253,train,3
101,3836,train,5
101,5547,train,3
101,6380,train,6
101,1322,train,8
101,2375,train,0
101,975,train,3
101,6550,train,2
101,567,train,1
101,438,train,9
101,1550,train,7
101,3010,train,6
101,1448,train,6
101,2648,train,7
101,5181,train,6
101,456,train,5
101,4730,train,7
101,3218,train,7
101,6756,train,1
101,5362,train,6
101,4939,train,8
101,4694,train,6
101,4195,train,1
101,3683,train,4
101,5788,train,2
101,276,train,9
101,3950,train,4
101,1319,train,3
101,2830,train,0
101,3729,train,9
101,180,train,0
101,3292,train,4
101,3312,train,9
101,5740,train,7
101,2796,train,4
101,2016,train,1
101,2848,train,6
101,3632,train,8
101,5084,train,7
101,3077,train,1
101,881,train,4
101,4307,train,1
101,2464,train,0
101,6918,train,3
101,3422,train,7
101,6199,train,9
101,989,train,4
101,7025,train,7
101,7129,train,7
101,444,train,9
101,5537,train,8
101,946,train,9
101,2706,train,1
101,347,train,4
101,2120,train,2
101,5323,train,2
101,2780,train,2
101,9,train,0
101,7259,train,4
101,6787,train,3
101,4348,train,6
101,2685,train,3
101,1903,train,3
101,3084,train,5
101,2630,train,1
101,1663,train,8
101,1946,train,8
101,4915,train,9
101,3835,train,6
101,46,train,5
101,5674,train,1
101,1989,train,7
101,2112,train,8
101,6500,train,2
101,738,train,4
101,6437,train,1
101,667,train,0
101,1524,train,9
101,2849,train,2
101,2962,train,5
101,1556,train,9
101,6941,train,5
101,3651,train,7
101,6,train,7
101,4559,train,1
101,4212,train,3
101,2150,train,6
101,4300,train,8
101,2805,train,9
101,6297,train,5
101,7174,train,1
101,3750,train,4
101,7106,train,4
101,1519,train,2
101,289,train,5
101,1513,train,7
101,3143,train,1
101,4883,train,8
101,2610,train,5
101,5590,train,2
101,2929,train,2
101,4950,train,2
101,2468,train,3
101,2139,train,3
101,4873,train,4
101,5703,train,1
101,4633,train,2
101,2247,train,6
101,2365,train,0
101,5673,train,8
101,6086,train,2
101,5546,train,1
101,3278,train,6
101,1776,train,1
101,5582,train,8
101,5002,train,0
101,3841,train,5
101,3206,train,1
101,1452,train,2
101,2207,train,3
101,2945,train,9
101,6019,train,6
101,4924,train,7
101,2024,train,7
101,1923,train,3
101,761,train,2
101,1121,train,7
101,2893,train,1
101,3842,train,5
101,1841,train,6
101,7008,train,4
101,5073,train,6
101,4642,train,0
101,4519,train,9
101,1881,train,8
101,2115,train,4
101,6546,train,6
101,6629,train,2
101,93,train,4
101,1315,train,2
101,3134,train,2
101,1286,train,7
101,3696,train,1
101,4053,train,1
101,1858,train,9
101,3097,train,6
101,5894,train,1
101,772,train,7
101,509,train,7
101,2496,train,7
101,71,train,9
101,3715,train,1
101,5257,train,1
101,4335,train,6
101,5524,train,6
101,4132,train,9
101,3153,train,9
101,1629,train,7
101,4630,train,1
101,4662,train,4
101,7010,train,4
101,6053,train,5
101,5860,train,3
101,6828,train,3
101,2467,train,0
101,2581,train,2
101,5984,train,0
101,1693,train,0
101,6238,train,1
101,4120,train,8
101,1379,train,4
101,1024,train,4
101,6622,train,5
101,677,train,1
101,6559,train,0
101,2013,train,9
101,6910,train,2
101,5506,train,8
101,1630,train,2
101,6200,train,3
101,3041,train,9
101,2167,train,4
101,328,train,6
101,3087,train,7
101,6674,train,4
101,2273,train,0
101,512,train,7
101,2489,train,5
101,6947,train,1
101,7229,train,5
101,4703,train,9
101,6350,train,2
101,5665,train,4
101,766,train,9
101,38,train,8
101,4658,train,1
101,6592,train,7
101,6265,train,6
101,6441,train,0
101,990,train,5
101,5705,train,0
101,5302,train,0
101,5616,train,9
101,3526,train,8
101,3509,train,9
101,2673,train,9
101,6962,train,2
101,2539,train,9
101,2623,train,7
101,4643,train,7
101,304,train,6
101,5205,train,6
101,2737,train,4
101,1951,train,1
101,749,train,1
101,919,train,8
101,210,train,9
101,5031,train,4
101,3811,train,0
101,3895,train,6
101,6704,train,2
101,5368,train,9
101,2146,train,9
101,3199,train,9
101,4147,train,4
101,2881,train,2
101,1890,train,1
101,1284,train,3
101,6114,train,0
101,6036,train,4
101,4695,train,6
101,332,train,1
101,186,train,9
101,5869,train,6
101,6296,train,5
101,1326,train,5
101,1017,train,7
101,2853,train,9
101,5237,train,0
101,3784,train,2
101,7301,train,2
101,3367,train,7
101,4876,train,9
101,4613,train,2
101,1905,train,3
101,3507,train,7
101,3518,train,2
101,5986,train,4
101,6633,train,6
101,5968,train,3
101,75,train,0
101,1560,train,8
101,4227,train,8
101,4842,train,7
101,1887,train,3
101,3814,train,9
101,3562,train,4
101,1478,train,5
101,5058,train,2
101,1292,train,4
101,1928,train,8
101,2470,train,2
101,2384,train,5
101,360,train,6
101,6012,train,4
101,7016,train,6
101,6715,train,6
101,6014,train,4
101,7,train,7
101,7320,train,2
101,5961,train,9
101,7264,train,7
101,3741,train,5
101,1889,train,2
101,6122,train,3
101,413,train,3
101,1261,train,6
101,3945,train,9
101,4568,train,1
101,4752,train,9
101,2149,train,2
101,5043,train,3
101,4379,train,3
101,7268,train,6
101,1658,train,0
101,4426,train,5
101,301,train,2
101,6733,train,6
101,213,train,3
101,122,train,5
101,2420,train,8
101,92,train,3
101,5305,train,8
101,416,train,8
101,5070,train,8
101,4287,train,2
101,2650,train,7
101,5274,train,6
101,5145,train,4
101,2067,train,9
101,4975,train,8
101,716,train,5
101,1352,train,3
101,3329,train,8
101,1099,train,3
101,6283,train,1
101,5945,train,4
101,2374,train,2
101,5644,train,2
101,7143,train,2
101,1492,train,2
101,4969,train,9
101,1370,train,9
101,3474,train,1
101,3423,train,3
101,4345,train,2
101,4830,train,8
101,5822,train,0
101,5429,train,2
101,2840,train,4
101,7364,train,1
101,3035,train,1
101,5203,train,1
101,3900,train,0
101,292,train,6
101,959,train,6
101,2178,train,2
101,2669,train,4
101,5976,train,9
101,6203,train,9
101,5781,train,6
101,6165,train,0
101,6712,train,0
101,4587,train,6
101,5947,train,5
101,1526,train,8
101,2274,train,1
101,217,train,9
101,4199,train,1
101,246,train,8
101,3663,train,3
101,665,train,1
101,4318,train,5
101,2743,train,2
101,1069,train,4
101,379,train,8
101,6768,train,4
101,5975,train,8
101,6204,train,3
101,4037,train,9
101,3156,train,2
101,2019,train,9
101,1442,train,0
101,5479,train,8
101,6732,train,8
101,2654,train,3
101,201,train,9
101,5988,train,2
101,4272,train,8
101,4093,train,3
101,3551,train,3
101,2661,train,6
101,5032,train,3
101,4539,train,2
101,6045,train,6
101,5464,train,7
101,7365,train,1
101,3056,train,5
101,2128,train,2
101,683,train,4
101,3301,train,9
101,3797,train,2
101,5319,train,1
101,406,train,7
101,1360,train,0
101,2307,train,2
101,6134,train,5
101,2795,train,4
101,2478,train,8
101,4590,train,5
101,3144,train,9
101,5736,train,7
101,1959,train,7
101,1104,train,8
101,7183,train,8
101,6113,train,5
101,663,train,3
101,2277,train,5
101,5508,train,1
101,3851,train,7
101,3912,train,2
101,1507,train,8
101,1585,train,3
101,2896,train,4
101,5164,train,8
101,2940,train,5
101,7261,train,9
101,4422,train,4
101,7083,train,0
101,4284,train,3
101,4663,train,9
101,4949,train,7
101,6908,train,1
101,602,train,2
101,4097,train,3
101,854,train,5
101,1265,train,3
101,5936,train,1
101,229,train,2
101,5970,train,6
101,1163,train,9
101,5820,train,9
101,6927,train,6
101,5856,train,8
101,7113,train,7
101,1578,train,3
101,6670,train,9
101,6288,train,8
101,121,train,4
101,5823,train,9
101,6813,train,6
101,5232,train,6
101,1408,train,5
101,6735,train,3
101,3829,train,4
101,6374,train,8
101,6396,train,9
101,4745,train,3
101,4744,train,6
101,5873,train,6
101,4516,train,1
101,1074,train,5
101,3748,train,1
101,6163,train,8
101,167,train,0
101,3892,train,9
101,3588,train,7
101,2411,train,9
101,1447,train,4
101,2875,train,9
101,6695,train,5
101,6025,train,8
101,2534,train,5
101,7258,train,8
101,5090,train,8
101,3785,train,2
101,1249,train,8
101,5637,train,0
101,5513,train,6
101,3437,train,9
101,4233,train,4
101,4672,train,4
101,7211,train,6
101,1095,train,5
101,137,train,0
101,734,train,4
101,6608,train,2
101,2333,train,1
101,1051,train,2
101,3872,train,1
101,4529,train,8
101,6324,train,7
101,5839,train,8
101,2188,train,4
101,2812,train,5
101,4683,train,9
101,439,train,9
101,4169,train,8
101,2094,train,9
101,1472,train,0
101,7280,train,2
101,4140,train,8
101,1206,train,3
101,5569,train,9
101,407,train,8
101,7125,train,2
101,6304,train,2
101,8,train,0
101,3225,train,7
101,1571,train,7
101,5568,train,8
101,1553,train,0
101,3737,train,9
101,6470,train,2
101,4724,train,4
101,6784,train,6
101,1586,train,7
101,6921,train,8
101,1081,train,1
101,639,train,3
101,1197,train,7
101,4923,train,4
101,64,train,4
101,6118,train,5
101,995,train,2
101,6466,train,6
101,5453,train,9
101,3254,train,8
101,879,train,3
101,1735,train,3
101,1469,train,4
101,4635,train,3
101,2203,train,1
101,6340,train,2
101,1590,train,4
101,6158,train,6
101,6382,train,1
101,6590,train,4
101,819,train,7
101,4578,train,3
101,3896,train,6
101,824,train,3
101,1965,train,9
101,1221,train,0
101,4528,train,5
101,6338,train,3
101,475,train,2
101,5212,train,3
101,2179,train,4
101,3466,train,7
101,442,train,8
101,2124,train,3
101,492,train,9
101,5522,train,2
101,6375,train,1
101,1943,train,6
101,5713,train,7
101,2008,train,3
101,1240,train,8
101,1059,train,5
101,2528,train,6
101,4464,train,2
101,6736,train,6
101,1873,train,8
101,7147,train,3
101,2860,train,3
101,3721,train,9
101,4259,train,7
101,5662,train,2
101,4400,train,0
101,3193,train,3
101,119,train,3
101,5469,train,2
101,3431,train,0
101,5463,train,2
101,1254,train,3
101,1690,train,0
101,3274,train,9
101,3338,train,9
101,45,train,1
101,5902,train,3
101,5726,train,0
101,1502,train,9
101,4664,train,1
101,4326,train,9
101,5413,train,2
101,6311,train,9
101,656,train,1
101,3100,train,5
101,3487,train,5
101,4936,train,3
101,1166,train,3
101,2057,train,1
101,2118,train,5
101,182,train,7
101,5110,train,7
101,6073,train,6
101,3458,train,7
101,2888,train,0
101,6060,train,3
101,3669,train,5
101,610,train,2
101,4669,train,3
101,3573,train,2
101,4146,train,2
101,1904,train,3
101,4489,train,5
101,4292,train,3
101,1829,train,0
101,1470,train,3
101,4050,train,6
101,5632,train,6
101,1140,train,3
101,91,train,8
101,7034,train,9
101,701,train,4
101,551,train,0
101,6617,train,3
101,7256,train,2
101,3993,train,1
101,760,train,2
101,1628,train,6
101,5806,train,4
101,143,train,7
101,6673,train,1
101,870,train,2
101,2900,train,5
101,1743,train,7
101,6558,train,5
101,6795,train,7
101,1846,train,6
101,6160,train,8
101,5456,train,4
101,1331,train,0
101,5210,train,6
101,4114,train,4
101,4423,train,0
101,4,train,4
101,450,train,5
101,1092,train,9
101,2492,train,7
101,5908,train,5
101,6050,train,4
101,7053,train,9
101,3282,train,0
101,2551,train,9
101,110,train,2
101,4123,train,3
101,95,train,8
101,4412,train,5
101,5377,train,8
101,7024,train,4
101,6940,train,1
101,349,train,1
101,2317,train,8
101,3505,train,5
101,6999,train,6
101,1899,train,7
101,318,train,7
101,7007,train,4
101,1834,train,5
101,6663,train,3
101,5640,train,7
101,6614,train,3
101,1460,train,5
101,4399,train,3
101,5063,train,0
101,2134,train,5
101,1921,train,6
101,4916,train,3
101,1619,train,2
101,2519,train,4
101,4836,train,1
101,4615,train,8
101,4091,train,6
101,5487,train,5
101,6348,train,6
101,3452,train,8
101,1962,train,9
101,5162,train,8
101,5494,train,3
101,511,train,1
101,2239,train,7
101,1072,train,4
101,3365,train,1
101,2676,train,7
101,3971,train,0
101,4592,train,3
101,1019,train,7
101,3438,train,1
101,4618,train,6
101,2458,train,1
101,2563,train,0
101,7132,train,3
101,1300,train,9
101,710,train,5
101,1916,train,6
101,5550,train,3
101,937,train,2
101,1359,train,0
101,5433,train,4
101,233,train,7
101,335,train,1
101,3237,train,4
101,1414,train,1
101,1924,train,0
101,3765,train,7
101,5190,train,2
101,1109,train,1
101,3450,train,3
101,5622,train,9
101,4048,train,7
101,4931,train,8
101,6337,train,6
101,4165,train,9
101,1345,train,0
101,2228,train,7
101,4481,train,9
101,236,train,7
101,3069,train,7
101,3745,train,7
101,1047,train,4
101,6816,train,7
101,5052,train,0
101,3400,train,5
101,3410,train,1
101,2819,train,5
101,1412,train,7
101,3128,train,0
101,3174,train,1
101,6260,train,0
101,1732,train,1
101,1141,train,1
101,375,train,0
101,4739,train,0
101,6429,train,2
101,1340,train,8
101,2316,train,1
101,6855,train,5
101,6183,train,9
101,5218,train,9
101,3871,train,4
101,2252,train,4
101,3508,train,3
101,3903,train,0
101,6916,train,6
101,2844,train,3
101,2171,train,3
101,2854,train,9
101,2078,train,3
101,1618,train,3
101,295,train,5
101,5666,train,7
101,5047,train,0
101,4205,train,3
101,1843,train,7
101,2724,train,9
101,6401,train,5
101,3076,train,7
101,6453,train,8
101,6055,train,5
101,5228,train,2
101,2477,train,8
101,7254,train,0
101,7250,train,6
101,6188,train,0
101,690,train,0
101,1562,train,2
101,1281,train,9
101,2300,train,2
101,556,train,0
101,1897,train,3
101,7046,train,6
101,1703,train,9
101,4962,train,9
101,6115,train,4
101,6923,train,0
101,2986,train,4
101,6594,train,3
101,4023,train,6
101,6217,train,1
101,1727,train,9
101,3298,train,2
101,3169,train,5
101,4243,train,2
101,1742,train,1
101,5441,train,6
101,2868,train,3
101,1287,train,0
101,5983,train,1
101,3679,train,5
101,965,train,1
101,852,train,0
101,5066,train,4
101,3395,train,7
101,3328,train,2
101,2593,train,0
101,5087,train,8
101,7060,train,5
101,885,train,1
101,5083,train,9
101,3731,train,6
101,2592,train,8
101,7087,train,1
101,6874,train,9
101,777,train,8
101,2702,train,5
101,4105,train,8
101,2965,train,0
101,1279,train,9
101,1706,train,5
101,4734,train,5
101,4720,train,0
101,5620,train,4
101,1211,train,0
101,2701,train,4
101,2999,train,7
101,2383,train,1
101,26,train,2
101,1427,train,4
101,1760,train,1
101,7075,train,4
101,2148,train,6
101,3383,train,2
101,3824,train,2
101,4867,train,7
101,5545,train,0
101,3826,train,0
101,4312,train,1
101,907,train,7
101,1937,train,9
101,895,train,8
101,6033,train,4
101,6571,train,9
101,1321,train,7
101,5313,train,2
101,6293,train,8
101,5915,train,7
101,4271,train,9
101,5517,train,5
101,5481,train,1
101,3125,train,3
101,5454,train,7
101,2145,train,1
101,1557,train,0
101,1464,train,8
101,1035,train,1
101,7262,train,4
101,3362,train,2
101,568,train,9
101,700,train,4
101,1999,train,3
101,4522,train,9
101,3654,train,0
101,4963,train,4
101,282,train,7
101,2923,train,5
101,1729,train,8
101,5854,train,0
101,3288,train,5
101,6438,train,1
101,4863,train,5
101,7217,train,1
101,382,train,4
101,7139,train,4
101,168,train,7
101,6366,train,1
101,3238,train,5
101,5472,train,7
101,6301,train,2
101,1031,train,0
101,3342,train,2
101,370,train,5
101,5532,train,4
101,3703,train,7
101,575,train,9
101,643,train,0
101,4101,train,3
101,6561,train,8
101,4799,train,4
101,5578,train,3
101,3027,train,5
101,5800,train,0
101,154,train,8
101,6201,train,1
101,1941,train,1
101,2803,train,6
101,1189,train,4
101,5435,train,5
101,4030,train,6
101,7043,train,4
101,4996,train,3
101,6377,train,0
101,2958,train,2
101,502,train,4
101,1818,train,5
101,4793,train,6
101,1397,train,4
101,572,train,0
101,6588,train,0
101,2955,train,9
101,4431,train,8
101,607,train,6
101,1514,train,9
101,945,train,5
101,402,train,1
101,862,train,8
101,5393,train,7
101,4361,train,2
101,1101,train,1
101,1882,train,1
101,6646,train,9
101,1116,train,0
101,2090,train,8
101,4856,train,2
101,420,train,1
101,4934,train,5
101,2131,train,5
101,6965,train,1
101,13,train,1
101,6650,train,7
101,5440,train,4
101,631,train,2
101,7218,train,0
101,251,train,0
101,6703,train,4
101,501,train,0
101,3489,train,2
101,3881,train,8
101,4353,train,5
101,7009,train,7
101,4940,train,3
101,1329,train,8
101,1278,train,5
101,5614,train,8
101,2595,train,2
101,834,train,5
101,3015,train,2
101,3677,train,1
101,2866,train,4
101,3957,train,5
101,7074,train,0
101,1734,train,9
101,153,train,6
101,4655,train,3
101,2536,train,8
101,350,train,6
101,1750,train,5
101,1627,train,8
101,5729,train,5
101,4187,train,7
101,4570,train,7
101,4983,train,0
101,2897,train,1
101,489,train,1
101,1366,train,9
101,3830,train,1
101,3163,train,0
101,4180,train,1
101,5394,train,2
101,521,train,8
101,5194,train,1
101,2445,train,4
101,5499,train,8
101,3028,train,1
101,6911,train,2
101,4644,train,1
101,923,train,0
101,2694,train,4
101,5025,train,4
101,98,train,8
101,6804,train,5
101,6963,train,6
101,2912,train,7
101,3386,train,9
101,4325,train,0
101,6666,train,7
101,1594,train,9
101,37,train,1
101,6824,train,0
101,6705,train,7
101,3709,train,2
101,2201,train,8
101,6661,train,8
101,2174,train,1
101,2941,train,3
101,2117,train,6
101,6280,train,3
101,223,train,3
101,3176,train,8
101,549,train,2
101,3994,train,3
101,4681,train,2
101,2091,train,0
101,3918,train,7
101,3822,train,3
101,1444,train,0
101,4699,train,6
101,3743,train,8
101,6371,train,4
101,3510,train,9
101,159,train,8
101,6273,train,0
101,3491,train,9
101,5643,train,2
101,2488,train,9
101,4554,train,6
101,1244,train,0
101,7068,train,5
101,795,train,5
101,6248,train,5
101,7339,train,9
101,6944,train,4
101,728,train,5
101,6465,train,1
101,5623,train,1
101,2381,train,0
101,6867,train,5
101,3230,train,2
101,7363,train,4
101,7191,train,9
101,6991,train,2
101,1393,train,3
101,139,train,0
101,5842,train,0
101,6740,train,2
101,3886,train,1
101,6880,train,5
101,3668,train,2
101,2683,train,5
101,2764,train,0
101,6109,train,0
101,6209,train,8
101,6597,train,5
101,3220,train,3
101,4787,train,0
101,6631,train,7
101,543,train,9
101,569,train,7
101,3250,train,0
101,2009,train,4
101,1036,train,3
101,4164,train,5
101,6432,train,8
101,4518,train,1
101,7099,train,1
101,6289,train,5
101,2960,train,3
101,2626,train,0
101,5173,train,8
101,778,train,3
101,373,train,7
101,3195,train,7
101,3435,train,5
101,7051,train,5
101,2471,train,6
101,1295,train,8
101,2869,train,1
101,1137,train,8
101,1117,train,6
101,930,train,1
101,858,train,7
101,4381,train,0
101,936,train,2
101,3525,train,4
101,4040,train,3
101,1589,train,0
101,433,train,2
101,5574,train,1
101,693,train,3
101,1488,train,8
101,3270,train,2
101,240,train,8
101,3967,train,6
101,6143,train,5
101,4225,train,1
101,619,train,7
101,6140,train,1
101,2588,train,0
101,3624,train,1
101,2402,train,0
101,2065,train,2
101,6541,train,7
101,2907,train,9
101,2141,train,2
101,5650,train,3
101,4445,train,1
101,2237,train,5
101,322,train,6
101,4458,train,0
101,3093,train,7
101,2369,train,6
101,6583,train,0
101,7037,train,2
101,1894,train,2
101,2779,train,0
101,2558,train,9
101,214,train,7
101,1424,train,3
101,3039,train,9
101,87,train,6
101,5667,train,3
101,1132,train,8
101,5759,train,2
101,1311,train,7
101,1759,train,2
101,5587,train,6
101,1939,train,5
101,2432,train,6
101,6404,train,6
101,1018,train,2
101,6320,train,3
101,6897,train,1
101,2531,train,1
101,5946,train,0
101,4884,train,9
101,5560,train,4
101,6901,train,3
101,1944,train,8
101,4864,train,0
101,5092,train,6
101,221,train,3
101,5321,train,0
101,2537,train,8
101,1724,train,5
101,1103,train,1
101,6105,train,5
101,1304,train,0
101,4433,train,7
101,1535,train,7
101,5686,train,8
101,7156,train,5
101,4628,train,5
101,1820,train,6
101,6131,train,4
101,480,train,2
101,4732,train,9
101,1642,train,3
101,3337,train,1
101,1817,train,0
101,1722,train,3
101,3914,train,3
101,6672,train,1
101,103,train,7
101,4279,train,9
101,2631,train,8
101,4119,train,3
101,2114,train,9
101,2699,train,8
101,6771,train,7
101,6162,train,2
101,3618,train,3
101,2773,train,2
101,1521,train,0
101,3009,train,5
101,3627,train,2
101,4188,train,9
101,2981,train,3
101,3982,train,7
101,6389,train,7
101,1120,train,8
101,5103,train,4
101,484,train,4
101,3118,train,1
101,5992,train,9
101,3434,train,9
101,6413,train,7
101,6083,train,2
101,4337,train,4
101,1004,train,9
101,2715,train,0
101,1669,train,4
101,5356,train,4
101,5053,train,0
101,6365,train,1
101,2741,train,8
101,6891,train,9
101,3445,train,0
101,6467,train,9
101,1676,train,0
101,5577,train,0
101,6834,train,7
101,4679,train,4
101,4580,train,2
101,228,train,3
101,1033,train,2
101,5224,train,8
101,2157,train,7
101,1934,train,4
101,4800,train,2
101,5248,train,2
101,962,train,4
101,5834,train,4
101,2517,train,2
101,5465,train,6
101,4721,train,1
101,3275,train,9
101,2312,train,1
101,1992,train,3
101,5696,train,0
101,3849,train,2
101,3874,train,8
101,1922,train,7
101,1682,train,3
101,5739,train,9
101,3421,train,5
101,3082,train,0
101,5154,train,7
101,5444,train,9
101,4377,train,8
101,1772,train,5
101,4991,train,3
101,4409,train,2
101,6196,train,7
101,711,train,1
101,7197,train,9
101,1649,train,3
101,5914,train,7
101,5771,train,6
101,793,train,2
101,7253,train,3
101,3561,train,0
101,1060,train,1
101,4803,train,7
101,2022,train,0
101,5340,train,1
101,6414,train,3
101,4416,train,1
101,1080,train,9
101,2343,train,6
101,4582,train,7
101,191,train,3
101,679,train,4
101,1213,train,2
101,3286,train,2
101,3251,train,6
101,4459,train,2
101,7131,train,6
101,3279,train,0
101,1234,train,4
101,3154,train,6
101,1498,train,3
101,6980,train,5
101,2569,train,2
101,1309,train,6
101,6390,train,3
101,7059,train,5
101,4183,train,3
101,1388,train,5
101,5178,train,0
101,1127,train,4
101,6097,train,7
101,662,train,3
101,2920,train,0
101,587,train,8
101,3194,train,4
101,2060,train,5
101,4543,train,7
101,6994,train,4
101,7141,train,4
101,5447,train,4
101,6586,train,5
101,2373,train,0
101,7219,train,0
101,1621,train,9
101,3355,train,6
101,2217,train,3
101,909,train,0
101,2864,train,9
101,7047,train,1
101,4777,train,2
101,1458,train,0
101,6267,train,9
101,422,train,6
101,4705,train,2
101,6526,train,4
101,3988,train,3
101,59,train,8
101,4649,train,8
101,3698,train,0
101,5767,train,1
101,4914,train,4
101,6606,train,6
101,4609,train,7
101,2328,train,1
101,4286,train,6
101,3219,train,2
101,176,train,0
101,6774,train,7
101,3057,train,2
101,6069,train,5
101,380,train,4
101,4574,train,5
101,905,train,7
101,2156,train,2
101,1930,train,0
101,3420,train,6
101,16,train,2
101,3469,train,2
101,6565,train,2
101,4775,train,2
101,7235,train,8
101,5725,train,8
101,1485,train,7
101,3704,train,2
101,5895,train,1
101,3852,train,2
101,6524,train,1
101,3558,train,6
101,7105,train,7
101,623,train,1
101,821,train,6
101,933,train,4
101,7360,train,4
101,300,train,2
101,3575,train,0
101,3141,train,4
101,1374,train,6
101,1932,train,7
101,3454,train,0
101,1239,train,3
101,7346,train,8
101,1445,train,7
101,7263,train,4
101,3374,train,2
101,3563,train,6
101,6137,train,4
101,6208,train,0
101,2417,train,8
101,6823,train,8
101,2004,train,1
101,504,train,1
101,6486,train,6
101,5488,train,5
101,801,train,4
101,836,train,4
101,1558,train,6
101,4350,train,3
101,2571,train,7
101,622,train,7
101,4482,train,5
101,4815,train,8
101,3464,train,0
101,6066,train,2
101,412,train,3
101,4126,train,2
101,4226,train,5
101,7277,train,2
101,3003,train,5
101,1384,train,4
101,6615,train,0
101,3191,train,4
101,4336,train,1
101,3497,train,0
101,6032,train,1
101,1250,train,7
101,1874,train,8
101,2152,train,2
101,1353,train,8
101,3506,train,8
101,7097,train,3
101,699,train,3
101,1179,train,0
101,5243,train,9
101,2998,train,4
101,5491,train,2
101,2687,train,1
101,1723,train,2
101,7102,train,0
101,4608,train,3
101,4820,train,2
101,7128,train,6
101,2194,train,5
101,5815,train,7
101,1840,train,4
101,1293,train,2
101,7234,train,1
101,3688,train,0
101,1421,train,5
101,1000,train,7
101,7171,train,4
101,244,train,0
101,6976,train,9
101,4801,train,5
101,7241,train,0
101,6475,train,2
101,1671,train,9
101,5737,train,9
101,2677,train,1
101,4693,train,8
101,5329,train,6
101,6096,train,9
101,6259,train,7
101,6624,train,2
101,3403,train,2
101,6234,train,2
101,4035,train,8
101,206,train,3
101,997,train,5
101,140,train,0
101,4223,train,4
101,5746,train,8
101,955,train,7
101,3899,train,4
101,822,train,4
101,1262,train,4
101,1717,train,6
101,102,train,3
101,1158,train,7
101,3090,train,9
101,4727,train,0
101,5333,train,6
101,2499,train,8
101,1954,train,5
101,1947,train,0
101,6306,train,3
101,2783,train,6
101,1128,train,3
101,5095,train,6
101,6232,train,3
101,4469,train,0
101,452,train,4
101,3366,train,2
101,278,train,8
101,7269,train,3
101,5172,train,4
101,4973,train,7
101,3412,train,9
101,6696,train,3
101,3702,train,5
101,1898,train,8
101,4136,train,3
101,1616,train,1
101,4000,train,7
101,2792,train,4
101,312,train,2
101,5919,train,0
101,2789,train,3
101,1454,train,3
101,1950,train,7
101,2241,train,4
101,3441,train,7
101,3749,train,3
101,4066,train,9
101,4308,train,9
101,4018,train,9
101,5883,train,9
101,1764,train,2
101,4081,train,1
101,4872,train,8
101,914,train,8
101,3007,train,0
101,5096,train,3
101,2932,train,5
101,2162,train,7
101,6059,train,8
101,1886,train,2
101,4965,train,5
101,5101,train,9
101,4415,train,1
101,6609,train,9
101,394,train,0
101,2480,train,5
101,2838,train,3
101,2647,train,1
101,4999,train,9
101,4743,train,0
101,957,train,3
101,6197,train,4
101,1751,train,1
101,404,train,6
101,2295,train,2
101,3812,train,3
101,4457,train,1
101,5106,train,4
101,6761,train,7
101,5566,train,9
101,6809,train,8
101,354,train,6
101,1936,train,3
101,2786,train,2
101,1139,train,4
101,1100,train,5
101,1392,train,6
101,2776,train,7
101,212,train,0
101,6046,train,3
101,6775,train,0
101,6737,train,5
101,1411,train,0
101,673,train,1
101,5789,train,3
101,1369,train,7
101,1330,train,5
101,7282,train,9
101,6336,train,7
101,3667,train,5
101,5107,train,4
101,2572,train,8
101,497,train,4
101,812,train,4
101,1804,train,7
101,3613,train,3
101,5556,train,9
101,2527,train,3
101,897,train,4
101,1482,train,1
101,3868,train,2
101,3891,train,0
101,5536,train,1
101,5733,train,8
101,2532,train,1
101,449,train,0
101,5005,train,3
101,3789,train,1
101,3727,train,5
101,5271,train,4
101,4214,train,0
101,1994,train,8
101,3335,train,4
101,4887,train,4
101,5088,train,6
101,115,train,5
101,2727,train,7
101,1310,train,2
101,4682,train,2
101,7257,train,2
101,4530,train,1
101,4380,train,0
101,162,train,8
101,2095,train,0
101,7082,train,7
101,2973,train,8
101,3472,train,6
101,597,train,9
101,3052,train,8
101,2198,train,4
101,3884,train,7
101,1983,train,0
101,608,train,6
101,1885,train,3
101,1461,train,1
101,941,train,2
101,1010,train,5
101,4145,train,5
101,1837,train,6
101,508,train,8
101,5950,train,5
101,3440,train,3
101,2072,train,1
101,3648,train,6
101,3188,train,8
101,1202,train,0
101,7237,train,7
101,2850,train,3
101,6456,train,9
101,3591,train,6
101,4741,train,7
101,5342,train,5
101,2976,train,6
101,4238,train,4
101,6562,train,3
101,436,train,9
101,6602,train,8
101,2255,train,5
101,3021,train,1
101,6388,train,5
101,6044,train,6
101,3349,train,4
101,7281,train,6
101,5543,train,8
101,3810,train,5
101,7198,train,1
101,685,train,7
101,2750,train,8
101,6341,train,9
101,1083,train,7
101,5054,train,3
101,1320,train,7
101,4913,train,7
101,1204,train,8
101,904,train,7
101,1222,train,9
101,5273,train,9
101,3816,train,5
101,1710,train,4
101,5426,train,9
101,4063,train,2
101,6686,train,2
101,5434,train,9
101,3726,train,7
101,6439,train,9
101,4811,train,7
101,364,train,9
101,2144,train,8
101,5928,train,5
101,2974,train,2
101,6634,train,8
101,1600,train,2
101,3992,train,3
101,2691,train,1
101,2220,train,2
101,3880,train,3
101,6714,train,0
101,6468,train,2
101,669,train,7
101,2469,train,8
101,284,train,6
101,6678,train,5
101,4215,train,4
101,3106,train,5
101,980,train,6
101,1726,train,6
101,427,train,7
101,3433,train,2
101,3075,train,8
101,6164,train,3
101,2565,train,2
101,5127,train,4
101,5199,train,4
101,3131,train,0
101,798,train,2
101,6123,train,4
101,5308,train,8
101,2653,train,1
101,2271,train,1
101,174,train,3
101,1610,train,5
101,7027,train,8
101,1199,train,0
101,6707,train,7
101,3320,train,4
101,2105,train,2
101,1045,train,2
101,910,train,9
101,1274,train,3
101,6006,train,2
101,97,train,8
101,582,train,7
101,2578,train,5
101,5978,train,4
101,6731,train,4
101,3387,train,7
101,4372,train,9
101,4674,train,8
101,6569,train,5
101,4149,train,9
101,2740,train,5
101,5709,train,9
101,4029,train,7
101,3854,train,4
101,326,train,6
101,3252,train,3
101,7090,train,1
101,500,train,2
101,1608,train,6
101,308,train,9
101,1933,train,5
101,6076,train,6
101,2192,train,2
101,3180,train,2
101,2395,train,4
101,7196,train,9
101,1806,train,0
101,7091,train,2
101,6224,train,2
101,5264,train,8
101,3239,train,6
101,4938,train,8
101,1872,train,6
101,7048,train,7
101,7032,train,4
101,3121,train,4
101,4722,train,3
101,4696,train,5
101,3283,train,1
101,5857,train,7
101,5562,train,1
101,7362,train,8
101,390,train,5
101,5272,train,9
101,2282,train,8
101,5913,train,5
101,6150,train,5
101,6547,train,1
101,2359,train,3
101,1637,train,1
101,2824,train,1
101,6868,train,4
101,1194,train,0
101,7326,train,1
101,3931,train,0
101,6522,train,5
101,314,train,9
101,5933,train,3
101,330,train,8
101,4046,train,7
101,3014,train,2
101,3962,train,9
101,3659,train,7
101,4262,train,6
101,2181,train,7
101,4857,train,1
101,3581,train,2
101,3296,train,3
101,2815,train,4
101,7160,train,1
101,4537,train,8
101,146,train,1
101,2313,train,4
101,6047,train,4
101,3244,train,2
101,3616,train,6
101,3689,train,2
101,2652,train,1
101,294,train,9
101,5658,train,9
101,1339,train,2
101,4865,train,1
101,3493,train,1
101,1895,train,8
101,759,train,0
101,7101,train,8
101,6198,train,6
101,6154,train,3
101,625,train,0
101,3065,train,2
101,1670,train,8
101,2798,train,6
101,2770,train,6
101,4303,train,0
101,2972,train,4
101,5943,train,2
101,3803,train,1
101,4387,train,3
101,2108,train,7
101,429,train,2
101,1153,train,4
101,5886,train,6
101,1413,train,9
101,6202,train,0
101,1915,train,5
101,21,train,7
101,4513,train,1
101,5930,train,6
101,6314,train,2
101,6026,train,3
101,3684,train,2
101,2154,train,1
101,3604,train,2
101,5281,train,9
101,7164,train,7
101,954,train,8
101,3426,train,6
101,3126,train,2
101,1617,train,7
101,5240,train,7
101,3833,train,2
101,5670,train,6
101,5326,train,3
101,3260,train,3
101,4129,train,3
101,2099,train,0
101,2158,train,2
101,4545,train,2
101,1090,train,7
101,3453,train,3
101,3344,train,6
101,1214,train,8
101,4045,train,2
101,4403,train,7
101,3927,train,7
101,672,train,8
101,4919,train,4
101,657,train,5
101,6763,train,6
101,5119,train,7
101,1825,train,0
101,2924,train,1
101,1655,train,5
101,2794,train,8
101,107,train,4
101,3361,train,0
101,6015,train,2
101,6325,train,6
101,2183,train,6
101,5599,train,9
101,1071,train,9
101,2681,train,7
101,5867,train,4
101,6458,train,0
101,5695,train,7
101,920,train,5
101,7165,train,8
101,3263,train,5
101,2011,train,5
101,411,train,8
101,770,train,9
101,6479,train,0
101,2035,train,1
101,5510,train,6
101,1646,train,2
101,1361,train,3
101,4293,train,9
101,3769,train,9
101,6591,train,6
101,7304,train,3
101,971,train,9
101,883,train,0
101,1307,train,4
101,3397,train,8
101,5555,train,9
101,4182,train,4
101,6152,train,6
101,747,train,2
101,4118,train,7
101,6530,train,9
101,441,train,8
101,178,train,8
101,4888,train,9
101,403,train,7
101,6042,train,4
101,2887,train,9
101,6187,train,2
101,3463,train,1
101,2782,train,1
101,6166,train,5
101,4121,train,3
101,3483,train,1
101,6236,train,6
101,5402,train,2
101,5581,train,9
101,4964,train,8
101,451,train,4
101,6478,train,5
101,1786,train,8
101,3612,train,1
101,2894,train,5
101,3827,train,9
101,5156,train,5
101,2696,train,9
101,1147,train,9
101,6840,train,8
101,1539,train,5
101,2319,train,7
101,6094,train,3
101,2557,train,6
101,5618,train,7
101,1161,train,9
101,4305,train,8
101,5645,train,5
101,4137,train,4
101,843,train,7
101,6682,train,9
101,3963,train,0
101,5293,train,5
101,6974,train,7
101,6881,train,9
101,4885,train,3
101,6102,train,0
101,346,train,1
101,2878,train,5
101,1171,train,4
101,6942,train,6
101,5263,train,9
101,4064,train,2
101,6654,train,2
101,1773,train,3
101,2814,train,2
101,1683,train,0
101,541,train,6
101,4324,train,6
101,4388,train,4
101,664,train,9
101,5868,train,0
101,5051,train,6
101,1363,train,2
101,1042,train,6
101,5480,train,0
101,4128,train,0
101,3447,train,1
101,343,train,8
101,1308,train,3
101,2649,train,6
101,2175,train,3
101,1068,train,8
101,2076,train,6
101,242,train,7
101,722,train,5
101,3228,train,2
101,4418,train,5
101,1853,train,9
101,2080,train,3
101,245,train,5
101,225,train,1
101,3287,train,3
101,3157,train,5
101,5688,train,5
101,4366,train,8
101,2280,train,5
101,6589,train,0
101,1291,train,0
101,1605,train,5
101,4704,train,3
101,964,train,3
101,4602,train,3
101,1697,train,5
101,1593,train,6
101,3405,train,7
101,5745,train,8
101,5270,train,2
101,2040,train,4
101,6543,train,2
101,1830,train,7
101,2289,train,0
101,7288,train,6
101,6369,train,8
101,440,train,9
101,1008,train,8
101,838,train,8
101,4151,train,4
101,6856,train,8
101,2293,train,5
101,4319,train,9
101,588,train,6
101,6790,train,0
101,2199,train,1
101,6843,train,4
101,1860,train,0
101,3172,train,5
101,6171,train,5
101,49,train,7
101,1317,train,0
101,3068,train,0
101,5551,train,3
101,3393,train,1
101,767,train,0
101,7308,train,2
101,1495,train,6
101,6871,train,1
101,4110,train,5
101,594,train,7
101,6789,train,5
101,3922,train,5
101,560,train,3
101,4108,train,0
101,2030,train,6
101,3664,train,8
101,6443,train,8
101,6169,train,3
101,6534,train,4
101,3079,train,1
101,6765,train,7
101,1130,train,6
101,4573,train,7
101,5787,train,2
101,2970,train,3
101,1106,train,3
101,4509,train,4
101,6286,train,5
101,1574,train,3
101,4174,train,2
101,6376,train,4
101,6599,train,7
101,6635,train,1
101,109,train,7
101,7313,train,4
101,4153,train,9
101,1666,train,5
101,1318,train,6
101,5195,train,0
101,1165,train,6
101,2662,train,2
101,7130,train,2
101,3369,train,5
101,1270,train,1
101,901,train,7
101,7189,train,4
101,2409,train,2
101,2821,train,4
101,5320,train,9
101,235,train,9
101,7014,train,8
101,5561,train,6
101,7150,train,0
101,3401,train,8
101,5298,train,6
101,7294,train,7
101,782,train,0
101,6067,train,3
101,1143,train,3
101,525,train,5
101,1552,train,4
101,5579,train,8
101,5653,train,0
101,4002,train,1
101,47,train,4
101,1486,train,5
101,520,train,6
101,2484,train,1
101,1337,train,5
101,5019,train,3
101,6781,train,3
101,4862,train,3
101,605,train,4
101,1781,train,5
101,5642,train,0
101,6960,train,6
101,6660,train,4
101,3711,train,1
101,158,train,9
101,5605,train,3
101,3305,train,9
101,25,train,4
101,2081,train,7
101,351,train,4
101,4197,train,9
101,563,train,1
101,970,train,4
101,2348,train,1
101,51,train,5
101,199,train,0
101,4155,train,8
101,2169,train,5
101,713,train,6
101,69,train,4
101,5511,train,6
101,889,train,1
101,5077,train,0
101,5074,train,6
101,3699,train,9
101,3158,train,3
101,4598,train,4
101,5389,train,5
101,871,train,8
101,6953,train,8
101,6017,train,9
101,6151,train,5
101,4060,train,2
101,2926,train,9
101,40,train,1
101,323,train,1
101,3022,train,3
101,3112,train,2
101,1976,train,3
101,5089,train,9
101,3582,train,2
101,528,train,8
101,1942,train,9
101,1896,train,0
101,7084,train,0
101,2142,train,4
101,1467,train,6
101,4854,train,0
101,6074,train,7
101,1532,train,1
101,2753,train,1
101,1639,train,5
101,5027,train,2
101,2904,train,0
101,3399,train,5
101,3189,train,1
101,361,train,8
101,5646,train,2
101,1653,train,5
101,2678,train,8
101,33,train,8
101,5549,train,8
101,6664,train,5
101,5687,train,4
101,544,train,4
101,2877,train,7
101,3809,train,3
101,6092,train,9
101,6697,train,7
101,5470,train,0
101,4817,train,3
101,1259,train,0
101,1913,train,1
101,6445,train,1
101,2851,train,1
101,882,train,0
101,1620,train,7
101,6990,train,4
101,7151,train,5
101,3064,train,8
101,6206,train,2
101,2351,train,0
101,3781,train,4
101,1479,train,7
101,5174,train,3
101,4394,train,2
101,6503,train,9
101,131,train,0
101,581,train,1
101,2258,train,2
101,4494,train,0
101,5324,train,4
101,4341,train,0
101,7167,train,3
101,612,train,4
101,3473,train,0
101,3281,train,9
101,864,train,5
101,399,train,0
101,5769,train,8
101,2886,train,4
101,3666,train,8
101,4460,train,3
101,6796,train,7
101,10,train,4
101,1070,train,6
101,1661,train,3
101,7169,train,5
101,5422,train,6
101,7223,train,0
101,4524,train,1
101,5347,train,7
101,5898,train,9
101,3801,train,9
101,6564,train,6
101,5717,train,3
101,1698,train,5
101,4413,train,2
101,4476,train,0
101,4448,train,8
101,823,train,0
101,1425,train,2
101,7336,train,7
101,4600,train,3
101,2083,train,8
101,4176,train,9
101,1433,train,6
101,5866,validation,7
101,2325,validation,8
101,2251,validation,2
101,1177,validation,6
101,29,validation,7
101,368,validation,6
101,7023,validation,3
101,6505,validation,8
101,724,validation,8
101,3888,validation,3
101,949,validation,6
101,5017,validation,2
101,3554,validation,2
101,2589,validation,2
101,2703,validation,3
101,4349,validation,6
101,4393,validation,3
101,6254,validation,7
101,3839,validation,0
101,1876,validation,1
101,164,validation,4
101,258,validation,2
101,1376,validation,2
101,1854,validation,9
101,260,validation,9
101,4166,validation,7
101,4486,validation,1
101,61,validation,2
101,17,validation,2
101,7190,validation,0
101,4211,validation,7
101,3960,validation,4
101,4875,validation,7
101,6357,validation,4
101,3161,validation,3
101,1575,validation,5
101,6385,validation,1
101,5559,validation,5
101,7116,validation,9
101,3529,validation,4
101,1684,validation,6
101,3414,validation,2
101,5424,validation,5
101,264,validation,4
101,3512,validation,0
101,6291,validation,5
101,5289,validation,2
101,6363,validation,9
101,1491,validation,2
101,996,validation,4
101,3025,validation,0
101,2036,validation,3
101,3787,validation,4
101,83,validation,1
101,922,validation,2
101,4193,validation,1
101,4485,validation,2
101,3794,validation,6
101,4473,validation,4
101,35,validation,8
101,5192,validation,2
101,5159,validation,8
101,4848,validation,6
101,4697,validation,6
101,6444,validation,7
101,1483,validation,1
101,5097,validation,2
101,576,validation,6
101,4925,validation,1
101,833,validation,3
101,1958,validation,0
101,4198,validation,6
101,398,validation,8
101,7230,validation,9
101,3363,validation,0
101,1034,validation,4
101,79,validation,1
101,7284,validation,2
101,741,validation,2
101,3910,validation,7
101,5430,validation,1
101,7177,validation,4
101,6972,validation,8
101,1650,validation,8
101,2292,validation,8
101,3865,validation,4
101,2419,validation,9
101,2991,validation,7
101,744,validation,5
101,3934,validation,0
101,519,validation,0
101,4007,validation,2
101,5849,validation,0
101,101,validation,0
101,3313,validation,8
101,6112,validation,3
101,5837,validation,8
101,2769,validation,0
101,2847,validation,0
101,855,validation,0
101,4089,validation,4
101,2675,validation,6
101,1218,validation,1
101,6319,validation,6
101,7307,validation,1
101,3595,validation,6
101,1712,validation,3
101,6907,validation,1
101,1112,validation,9
101,4840,validation,7
101,1713,validation,7
101,2500,validation,1
101,3611,validation,2
101,3181,validation,9
101,5477,validation,6
101,5404,validation,1
101,2874,validation,3
101,4714,validation,7
101,6758,validation,1
101,2087,validation,8
101,6359,validation,6
101,3227,validation,2
101,5225,validation,9
101,5844,validation,4
101,2639,validation,6
101,621,validation,9
101,6511,validation,6
101,1333,validation,4
101,5179,validation,3
101,2621,validation,3
101,2660,validation,1
101,3844,validation,2
101,3643,validation,2
101,3756,validation,2
101,6205,validation,5
101,493,validation,8
101,5864,validation,1
101,2771,validation,8
101,3739,validation,4
101,4282,validation,1
101,4890,validation,5
101,670,validation,0
101,5306,validation,7
101,6998,validation,6
101,5297,validation,4
101,776,validation,0
101,4566,validation,9
101,6436,validation,3
101,2113,validation,2
101,2967,validation,0
101,6501,validation,1
101,2253,validation,1
101,7012,validation,9
101,74,validation,9
101,3255,validation,8
101,6440,validation,1
101,2799,validation,6
101,3819,validation,3
101,4032,validation,9
101,5906,validation,4
101,4026,validation,3
101,4410,validation,5
101,1350,validation,4
101,1555,validation,2
101,3742,validation,2
101,6408,validation,1
101,2633,validation,4
101,4085,validation,5
101,6517,validation,4
101,6692,validation,9
101,6519,validation,8
101,4517,validation,9
101,5805,validation,5
101,6766,validation,5
101,2082,validation,8
101,3396,validation,3
101,5564,validation,4
101,3478,validation,8
101,249,validation,9
101,5627,validation,2
101,3583,validation,7
101,596,validation,8
101,847,validation,5
101,6730,validation,3
101,5957,validation,2
101,6093,validation,0
101,3831,validation,9
101,2476,validation,5
101,2954,validation,1
101,6579,validation,6
101,5003,validation,0
101,4997,validation,1
101,6422,validation,9
101,2546,validation,8
101,5423,validation,5
101,2244,validation,2
101,5572,validation,6
101,2719,validation,7
101,4103,validation,2
101,5014,validation,9
101,816,validation,8
101,6423,validation,5
101,1638,validation,4
101,1168,validation,7
101,1403,validation,5
101,6760,validation,5
101,2768,validation,8
101,4746,validation,2
101,2376,validation,8
101,978,validation,3
101,4604,validation,1
101,6924,validation,1
101,6119,validation,3
101,6211,validation,5
101,5226,validation,9
101,7212,validation,7
101,606,validation,6
101,681,validation,3
101,6309,validation,6
101,4016,validation,5
101,4502,validation,2
101,3542,validation,2
101,6582,validation,9
101,2453,validation,0
101,4334,validation,6
101,3984,validation,3
101,6845,validation,0
101,2700,validation,6
101,2829,validation,8
101,6811,validation,3
101,488,validation,0
101,5819,validation,1
101,3913,validation,7
101,5409,validation,9
101,2096,validation,6
101,2454,validation,8
101,3733,validation,4
101,3818,validation,0
101,986,validation,0
101,2524,validation,3
101,3184,validation,1
101,1172,validation,6
101,5022,validation,5
101,2988,validation,0
101,7303,validation,7
101,4316,validation,9
101,4434,validation,2
101,3444,validation,9
101,279,validation,4
101,3738,validation,6
101,1814,validation,9
101,2418,validation,0
101,2668,validation,7
101,4425,validation,3
101,3277,validation,7
101,185,validation,1
101,7073,validation,5
101,5349,validation,0
101,754,validation,1
101,2372,validation,5
101,5851,validation,2
101,3148,validation,9
101,3494,validation,2
101,3300,validation,6
101,6746,validation,5
101,6875,validation,4
101,341,validation,3
101,1785,validation,4
101,2672,validation,4
101,72,validation,4
101,1674,validation,8
101,5287,validation,7
101,1341,validation,5
101,2216,validation,0
101,6406,validation,3
101,5250,validation,2
101,1561,validation,2
101,3536,validation,4
101,1900,validation,2
101,1565,validation,3
101,7295,validation,1
101,377,validation,6
101,6009,validation,1
101,1263,validation,4
101,5937,validation,4
101,5994,validation,0
101,2101,validation,7
101,63,validation,1
101,5573,validation,8
101,4331,validation,4
101,1863,validation,5
101,4569,validation,6
101,2357,validation,8
101,3498,validation,9
101,4723,validation,8
101,6135,validation,2
101,4953,validation,7
101,2934,validation,9
101,5738,validation,8
101,2629,validation,1
101,1531,validation,9
101,3380,validation,2
101,661,validation,3
101,2100,validation,9
101,1198,validation,8
101,5149,validation,7
101,4708,validation,8
101,3898,validation,4
101,4505,validation,9
101,6299,validation,4
101,5903,validation,6
101,5060,validation,0
101,3243,validation,1
101,2656,validation,1
101,3327,validation,7
101,865,validation,4
101,3662,validation,7
101,3617,validation,3
101,4285,validation,7
101,506,validation,3
101,4483,validation,8
101,6317,validation,1
101,3127,validation,3
101,5654,validation,9
101,7252,validation,1
101,5828,validation,7
101,5026,validation,9
101,337,validation,2
101,851,validation,3
101,5147,validation,9
101,4686,validation,0
101,5492,validation,8
101,5534,validation,0
101,3168,validation,3
101,3343,validation,2
101,886,validation,6
101,6295,validation,3
101,4868,validation,6
101,4719,validation,6
101,1167,validation,8
101,1407,validation,2
101,4897,validation,8
101,590,validation,0
101,5584,validation,0
101,1815,validation,8
101,5594,validation,6
101,4487,validation,4
101,1480,validation,9
101,5948,validation,9
101,4508,validation,3
101,3858,validation,3
101,6450,validation,3
101,224,validation,3
101,3023,validation,9
101,6844,validation,5
101,5761,validation,1
101,3442,validation,1
101,6383,validation,1
101,2447,validation,3
101,5415,validation,5
101,785,validation,3
101,6142,validation,3
101,5105,validation,1
101,6803,validation,1
101,1503,validation,1
101,5365,validation,8
101,3192,validation,0
101,7163,validation,9
101,3290,validation,3
101,6048,validation,7
101,6577,validation,1
101,3821,validation,5
101,5123,validation,5
101,6858,validation,4
101,1314,validation,9
101,595,validation,5
101,1005,validation,6
101,4242,validation,5
101,3935,validation,5
101,7187,validation,2
101,709,validation,6
101,2575,validation,5
101,1484,validation,5
101,6080,validation,4
101,4768,validation,1
101,2180,validation,5
101,3939,validation,8
101,3210,validation,6
101,5722,validation,0
101,3870,validation,3
101,5920,validation,5
101,2516,validation,5
101,1351,validation,8
101,5378,validation,7
101,2515,validation,5
101,4090,validation,4
101,2560,validation,6
101,580,validation,2
101,3952,validation,5
101,2905,validation,0
101,2329,validation,5
101,2044,validation,7
101,4273,validation,5
101,1770,validation,3
101,2189,validation,7
101,3760,validation,5
101,4428,validation,7
101,6471,validation,1
101,4441,validation,9
101,1156,validation,6
101,6252,validation,4
101,5336,validation,5
101,6300,validation,4
101,3513,validation,0
101,4360,validation,5
101,564,validation,9
101,3481,validation,1
101,4898,validation,8
101,3594,validation,1
101,5659,validation,0
101,1838,validation,9
101,7112,validation,2
101,6270,validation,2
101,6405,validation,5
101,5277,validation,6
101,1974,validation,7
101,6125,validation,0
101,5420,validation,1
101,2414,validation,2
101,1312,validation,7
101,3628,validation,5
101,5379,validation,6
101,1251,validation,6
101,2440,validation,8
101,6645,validation,7
101,2184,validation,2
101,6754,validation,2
101,6656,validation,4
101,4070,validation,8
101,2637,validation,9
101,6106,validation,9
101,3332,validation,3
101,4791,validation,8
101,6644,validation,0
101,7175,validation,0
101,2017,validation,2
101,2408,validation,3
101,3031,validation,6
101,5901,validation,2
101,1182,validation,3
101,7331,validation,1
101,3990,validation,4
101,3330,validation,9
101,5744,validation,6
101,291,validation,3
101,7136,validation,8
101,4450,validation,0
101,5016,validation,7
101,5299,validation,8
101,2834,validation,1
101,6848,validation,9
101,2522,validation,1
101,2601,validation,7
101,3073,validation,2
101,4796,validation,9
101,3825,validation,9
101,3850,validation,1
101,1227,validation,8
101,5213,validation,0
101,1207,validation,7
101,7203,validation,3
101,609,validation,7
101,6499,validation,4
101,4011,validation,0
101,5197,validation,6
101,5484,validation,5
101,5638,validation,6
101,4918,validation,3
101,1632,validation,9
101,2052,validation,7
101,3996,validation,8
101,589,validation,2
101,6900,validation,0
101,5355,validation,9
101,67,validation,2
101,6194,validation,0
101,1917,validation,8
101,4825,validation,3
101,1707,validation,3
101,2946,validation,6
101,3138,validation,4
101,5373,validation,7
101,3132,validation,3
101,6370,validation,3
101,988,validation,2
101,1160,validation,7
101,773,validation,0
101,853,validation,5
101,6120,validation,5
101,1256,validation,7
101,4036,validation,6
101,2933,validation,3
101,3598,validation,3
101,2385,validation,0
101,5046,validation,4
101,3775,validation,6
101,3534,validation,7
101,3961,validation,2
101,6294,validation,3
101,5300,validation,7
101,2043,validation,7
101,4138,validation,9
101,6256,validation,9
101,3798,validation,8
101,6412,validation,5
101,4597,validation,5
101,2818,validation,5
101,4189,validation,1
101,1157,validation,5
101,4062,validation,1
101,676,validation,3
101,4241,validation,2
101,4961,validation,3
101,4785,validation,7
101,3223,validation,6
101,1640,validation,7
101,735,validation,6
101,1675,validation,8
101,6566,validation,2
101,2370,validation,5
101,4376,validation,3
101,7140,validation,6
101,1220,validation,1
101,7044,validation,5
101,1474,validation,4
101,3730,validation,1
101,1125,validation,1
101,5723,validation,4
101,5117,validation,6
101,2214,validation,1
101,316,validation,9
101,2421,validation,7
101,5916,validation,1
101,2738,validation,8
101,5929,validation,2
101,4437,validation,4
101,4342,validation,9
101,3619,validation,0
101,4759,validation,8
101,6307,validation,8
101,6250,validation,0
101,3997,validation,4
101,4712,validation,9
101,5514,validation,5
101,4548,validation,7
101,2103,validation,2
101,65,validation,0
101,2306,validation,5
101,6235,validation,7
101,88,validation,5
101,6842,validation,8
101,6864,validation,1
101,3197,validation,1
101,4228,validation,3
101,3568,validation,7
101,7341,validation,8
101,4351,validation,3
101,5398,validation,1
101,474,validation,7
101,5317,validation,3
101,5403,validation,6
101,3579,validation,9
101,7227,validation,1
101,3323,validation,0
101,5671,validation,6
101,336,validation,7
101,7030,validation,8
101,2739,validation,4
101,1026,validation,6
101,1409,validation,5
101,4230,validation,5
101,4927,validation,8
101,5449,validation,2
101,311,validation,5
101,7036,validation,2
101,3621,validation,7
101,4957,validation,8
101,2842,validation,0
101,4585,validation,1
101,2021,validation,3
101,2882,validation,9
101,3682,validation,6
101,3147,validation,7
101,150,validation,7
101,615,validation,9
101,374,validation,6
101,3246,validation,6
101,884,validation,9
101,5244,validation,2
101,6762,validation,2
101,6545,validation,9
101,3911,validation,0
101,3569,validation,9
101,2723,validation,6
101,3415,validation,3
101,2012,validation,7
101,3808,validation,4
101,2205,validation,5
101,353,validation,3
101,4677,validation,6
101,197,validation,2
101,4906,validation,8
101,478,validation,9
101,6409,validation,9
101,6619,validation,6
101,5040,validation,1
101,3013,validation,8
101,3925,validation,3
101,3955,validation,6
101,2451,validation,9
101,4952,validation,7
101,674,validation,9
101,1966,validation,6
101,1258,validation,2
101,5592,validation,9
101,6182,validation,3
101,6426,validation,6
101,5419,validation,2
101,5987,validation,6
101,6435,validation,0
101,334,validation,7
101,3697,validation,4
101,2324,validation,3
101,3053,validation,4
101,5010,validation,0
101,2055,validation,4
101,7152,validation,7
101,756,validation,6
101,4003,validation,0
101,4248,validation,6
101,241,validation,3
101,2619,validation,2
101,3346,validation,5
101,1449,validation,5
101,1499,validation,0
101,4765,validation,6
101,1184,validation,4
101,2437,validation,0
101,4347,validation,1
101,5807,validation,0
101,3548,validation,8
101,1233,validation,3
101,811,validation,5
101,799,validation,5
101,5612,validation,5
101,3693,validation,0
101,6052,validation,2
101,1138,validation,1
101,2502,validation,4
101,7142,validation,3
101,5885,validation,8
101,5525,validation,1
101,652,validation,5
101,5348,validation,6
101,5425,validation,8
101,2027,validation,2
101,804,validation,7
101,1405,validation,7
101,1084,validation,8
101,6598,validation,5
101,4472,validation,8
101,628,validation,5
101,5655,validation,0
101,723,validation,6
101,1154,validation,3
101,2121,validation,5
101,4713,validation,6
101,6057,validation,8
101,1644,validation,9
101,321,validation,4
101,6344,validation,8
101,3492,validation,2
101,7358,validation,1
101,5462,validation,9
101,7054,validation,0
101,4861,validation,7
101,6989,validation,1
101,6675,validation,1
101,116,validation,4
101,3599,validation,2
101,6018,validation,5
101,4903,validation,3
101,6507,validation,9
101,3885,validation,8
101,755,validation,0
101,4330,validation,0
101,4900,validation,3
101,2341,validation,7
101,4010,validation,5
101,3222,validation,4
101,325,validation,2
101,2397,validation,3
101,1906,validation,9
101,6156,validation,1
101,6362,validation,8
101,5775,validation,5
101,28,validation,3
101,5812,validation,7
101,6885,validation,4
101,1878,validation,3
101,4493,validation,7
101,2979,validation,4
101,5129,validation,0
101,5318,validation,6
101,4772,validation,1
101,1283,validation,0
101,4599,validation,3
101,4892,validation,8
101,4503,validation,9
101,6970,validation,1
101,352,validation,5
101,2463,validation,4
101,2590,validation,0
101,2570,validation,5
101,227,validation,5
101,6442,validation,7
101,2014,validation,2
101,4320,validation,1
101,985,validation,8
101,7192,validation,1
101,479,validation,5
101,7195,validation,5
101,5699,validation,7
101,6228,validation,9
101,2777,validation,2
101,3307,validation,0
101,2248,validation,7
101,1098,validation,2
101,876,validation,5
101,298,validation,4
101,3311,validation,9
101,3635,validation,1
101,924,validation,0
101,874,validation,5
101,611,validation,1
101,3564,validation,0
101,5763,validation,8
101,6909,validation,6
101,3556,validation,8
101,3790,validation,0
101,184,validation,6
101,2611,validation,5
101,2658,validation,2
101,2355,validation,3
101,391,validation,4
101,4260,validation,6
101,2257,validation,4
101,6640,validation,3
101,2950,validation,4
101,3499,validation,4
101,1188,validation,4
101,1606,validation,4
101,6216,validation,2
101,6088,validation,1
101,2070,validation,9
101,6141,validation,8
101,6687,validation,0
101,1052,validation,2
101,2377,validation,4
101,1301,validation,0
101,7061,validation,7
101,4584,validation,0
101,5432,validation,2
101,4525,validation,8
101,4491,validation,2
101,981,validation,2
101,1196,validation,1
101,3524,validation,9
101,5401,validation,8
101,6893,validation,6
101,5589,validation,3
101,490,validation,5
101,1518,validation,4
101,1611,validation,3
101,1247,validation,8
101,2461,validation,1
101,678,validation,2
101,3096,validation,0
101,165,validation,5
101,3747,validation,4
101,3937,validation,2
101,3094,validation,5
101,5586,validation,6
101,1754,validation,5
101,524,validation,6
101,445,validation,8
101,1243,validation,2
101,7291,validation,6
101,2037,validation,8
101,7270,validation,3
101,7318,validation,1
101,7309,validation,7
101,5251,validation,7
101,3590,validation,5
101,4648,validation,5
101,3665,validation,4
101,2222,validation,1
101,1813,validation,4
101,6318,validation,2
101,1332,validation,8
101,4500,validation,0
101,6243,validation,8
101,4778,validation,4
101,5597,validation,5
101,1720,validation,2
101,7056,validation,8
101,2817,validation,4
101,5163,validation,0
101,3359,validation,9
101,5131,validation,2
101,5541,validation,1
101,329,validation,8
101,376,validation,6
101,4698,validation,1
101,2260,validation,4
101,6996,validation,7
101,3986,validation,7
101,5158,validation,1
101,4055,validation,4
101,2018,validation,3
101,1500,validation,3
101,7302,validation,9
101,5209,validation,3
101,859,validation,4
101,4206,validation,9
101,5552,validation,0
101,2746,validation,0
101,4701,validation,4
101,3080,validation,6
101,1378,validation,0
101,2735,validation,7
101,3427,validation,5
101,6642,validation,2
101,4954,validation,0
101,1855,validation,8
101,3373,validation,6
101,2459,validation,0
101,5085,validation,7
101,6786,validation,0
101,5565,validation,6
101,6968,validation,7
101,1902,validation,0
101,315,validation,5
101,5417,validation,5
101,6339,validation,0
101,1835,validation,9
101,3695,validation,0
101,6627,validation,6
101,5608,validation,9
101,1255,validation,3
101,6040,validation,4
101,2161,validation,6
101,3449,validation,8
101,4301,validation,5
101,5741,validation,9
101,4098,validation,5
101,3231,validation,3
101,4177,validation,1
101,2747,validation,2
101,3006,validation,0
101,1368,validation,8
101,2126,validation,0
101,637,validation,8
101,3152,validation,2
101,6701,validation,6
101,3162,validation,5
101,2910,validation,8
101,149,validation,1
101,4515,validation,3
101,4192,validation,3
101,2977,validation,5
101,1429,validation,2
101,56,validation,0
101,1296,validation,6
101,6421,validation,4
101,4265,validation,8
101,5104,validation,8
101,1927,validation,1
101,2606,validation,4
101,2541,validation,5
101,4859,validation,2
101,4841,validation,2
101,5344,validation,0
101,4246,validation,5
101,6743,validation,8
101,3185,validation,9
101,7005,validation,7
101,1891,validation,7
101,5133,validation,7
101,3044,validation,8
101,5322,validation,6
101,5921,validation,1
101,4333,validation,8
101,3973,validation,4
101,6679,validation,3
101,362,validation,4
101,3883,validation,8
101,660,validation,8
101,4992,validation,6
101,1681,validation,7
101,5411,validation,4
101,5375,validation,7
101,2806,validation,9
101,2267,validation,6
101,7207,validation,9
101,566,validation,6
101,3183,validation,9
101,5294,validation,1
101,6078,validation,7
101,6070,validation,4
101,2922,validation,5
101,2827,validation,1
101,3170,validation,3
101,7297,validation,5
101,1719,validation,4
101,7350,validation,2
101,7305,validation,3
101,6476,validation,8
101,6932,validation,2
101,1122,validation,8
101,11,validation,5
101,2504,validation,4
101,4809,validation,5
101,3381,validation,4
101,1505,validation,1
101,6826,validation,3
101,3297,validation,6
101,2889,validation,2
101,826,validation,0
101,1599,validation,4
101,6800,validation,1
101,2640,validation,7
101,729,validation,4
101,1357,validation,1
101,7260,validation,8
101,1129,validation,0
101,3398,validation,6
101,425,validation,4
101,2186,validation,5
101,6261,validation,6
101,1741,validation,1
101,6448,validation,4
101,3316,validation,3
101,1002,validation,3
101,3179,validation,7
101,4201,validation,3
101,1587,validation,8
101,7033,validation,5
101,1970,validation,5
101,2762,validation,8
101,658,validation,4
101,3746,validation,8
101,6596,validation,9
101,5343,validation,0
101,530,validation,6
101,3204,validation,0
101,4310,validation,1
101,2712,validation,1
101,6184,validation,5
101,4142,validation,3
101,4044,validation,5
101,4588,validation,2
101,499,validation,6
101,5779,validation,9
101,286,validation,7
101,1398,validation,2
101,977,validation,4
101,751,validation,7
101,4833,validation,4
101,1509,validation,6
101,911,validation,4
101,3630,validation,4
101,1276,validation,3
101,6459,validation,5
101,5521,validation,0
101,1272,validation,2
101,1567,validation,5
101,5953,validation,7
101,4209,validation,6
101,3020,validation,6
101,1652,validation,9
101,7095,validation,1
101,6346,validation,3
101,1867,validation,4
101,5680,validation,1
101,2268,validation,5
101,1040,validation,2
101,2050,validation,1
101,2863,validation,8
101,5193,validation,2
101,431,validation,0
101,3177,validation,7
101,4216,validation,8
101,401,validation,8
101,1559,validation,3
101,7109,validation,9
101,1228,validation,1
101,4603,validation,0
101,234,validation,4
101,5949,validation,6
101,5571,validation,8
101,5334,validation,8
101,2238,validation,0
101,1416,validation,3
101,2671,validation,6
101,3706,validation,6
101,4808,validation,3
101,482,validation,0
101,1534,validation,5
101,7107,validation,7
101,3954,validation,2
101,5927,validation,5
101,1436,validation,0
101,6495,validation,5
101,1371,validation,6
101,7180,validation,5
101,207,validation,5
101,6780,validation,6
101,6284,validation,3
101,1730,validation,9
101,3029,validation,3
101,4804,validation,7
101,3978,validation,8
101,6694,validation,7
101,1584,validation,8
101,6915,validation,3
101,2736,validation,9
101,2884,validation,7
101,4297,validation,5
101,4956,validation,5
101,6138,validation,9
101,4552,validation,1
101,1997,validation,0
101,4673,validation,6
101,5260,validation,5
101,285,validation,6
101,1432,validation,7
101,125,validation,8
101,6394,validation,2
101,3845,validation,1
101,5259,validation,3
101,2641,validation,9
101,3522,validation,8
101,4798,validation,5
101,2987,validation,6
101,1826,validation,5
101,7275,validation,1
101,4191,validation,9
101,2361,validation,0
101,5015,validation,0
101,6417,validation,3
101,5275,validation,4
101,2573,validation,2
101,5033,validation,7
101,861,validation,2
101,2726,validation,8
101,6509,validation,4
101,5602,validation,9
101,179,validation,1
101,424,validation,3
101,6665,validation,1
101,6290,validation,5
101,4371,validation,0
101,993,validation,3
101,7213,validation,9
101,4855,validation,2
101,5728,validation,8
101,5684,validation,4
101,2092,validation,0
101,392,validation,8
101,7210,validation,3
101,141,validation,5
101,6528,validation,8
101,4339,validation,3
101,5718,validation,4
101,671,validation,7
101,6464,validation,5
101,2129,validation,0
101,1991,validation,5
101,3067,validation,2
101,4929,validation,1
101,888,validation,0
101,944,validation,6
101,3924,validation,8
101,1219,validation,9
101,6173,validation,2
101,3650,validation,9
101,4933,validation,0
101,2339,validation,5
101,1385,validation,3
101,7108,validation,3
101,6130,validation,6
101,3724,validation,8
101,3045,validation,6
101,5876,validation,2
101,396,validation,6
101,6618,validation,0
101,6738,validation,7
101,423,validation,7
101,6161,validation,3
101,6343,validation,1
101,3303,validation,4
101,2956,validation,2
101,5604,validation,5
101,5457,validation,8
101,1907,validation,6
101,100,validation,2
101,4571,validation,2
101,2526,validation,2
101,3791,validation,1
101,5206,validation,2
101,3333,validation,5
101,3553,validation,1
101,1175,validation,4
101,2398,validation,7
101,2690,validation,2
101,5710,validation,4
101,3249,validation,9
101,943,validation,7
101,533,validation,9
101,4762,validation,0
101,2692,validation,0
101,900,validation,1
101,6986,validation,0
101,2871,validation,3
101,3325,validation,7
101,4553,validation,5
101,6482,validation,9
101,2335,validation,7
101,5593,validation,7
101,5231,validation,9
101,3948,validation,6
101,1984,validation,4
101,2559,validation,8
101,5925,validation,9
101,250,validation,9
101,173,validation,7
101,3248,validation,7
101,2800,validation,6
101,2494,validation,4
101,3345,validation,3
101,5735,validation,7
101,4911,validation,3
101,3376,validation,2
101,2506,validation,5
101,4874,validation,6
101,969,validation,5
101,1043,validation,0
101,2759,validation,7
101,4069,validation,3
101,5249,validation,8
101,6613,validation,5
101,3378,validation,1
101,5493,validation,9
101,2751,validation,3
101,4860,validation,2
101,1497,validation,9
101,3976,validation,3
101,3915,validation,0
101,4059,validation,2
101,2305,validation,7
101,2613,validation,0
101,4359,validation,5
101,967,validation,8
101,263,validation,9
101,1662,validation,4
101,5991,validation,9
101,1940,validation,3
101,1622,validation,9
101,1520,validation,6
101,6258,validation,1
101,1981,validation,6
101,4134,validation,0
101,4740,validation,3
101,1980,validation,1
101,4591,validation,9
101,857,validation,3
101,3409,validation,9
101,3550,validation,0
101,5483,validation,3
101,443,validation,4
101,2714,validation,3
101,3500,validation,6
101,1382,validation,0
101,4386,validation,7
101,2002,validation,6
101,195,validation,7
101,5539,validation,8
101,6788,validation,9
101,3681,validation,1
101,2542,validation,6
101,144,validation,3
101,2713,validation,6
101,6021,validation,0
101,6085,validation,3
101,190,validation,5
101,5361,validation,4
101,6866,validation,5
101,6936,validation,4
101,5879,validation,8
101,3636,validation,5
101,3482,validation,4
101,1705,validation,4
101,6815,validation,8
101,4104,validation,2
101,6919,validation,0
101,4995,validation,6
101,771,validation,1
101,5496,validation,4
101,808,validation,8
101,426,validation,8
101,2828,validation,4
101,6175,validation,1
101,4729,validation,7
101,5732,validation,7
101,7345,validation,2
101,3539,validation,7
101,5121,validation,9
101,4661,validation,4
101,3589,validation,9
101,4893,validation,6
101,5931,validation,9
101,1078,validation,4
101,5303,validation,9
101,5374,validation,3
101,6159,validation,9
101,3876,validation,1
101,1864,validation,3
101,1362,validation,4
101,618,validation,1
101,3233,validation,7
101,3862,validation,2
101,840,validation,7
101,931,validation,7
101,932,validation,0
101,1641,validation,8
101,3357,validation,6
101,5762,validation,2
101,3938,validation,4
101,3468,validation,7
101,5669,validation,5
101,2845,validation,7
101,4541,validation,9
101,2225,validation,8
101,2859,validation,7
101,7173,validation,1
101,947,validation,4
101,3719,validation,4
101,3257,validation,9
101,526,validation,7
101,3640,validation,3
101,203,validation,4
101,3160,validation,6
101,471,validation,0
101,5286,validation,0
101,746,validation,2
101,3165,validation,3
101,1418,validation,9
101,5476,validation,9
101,4813,validation,2
101,6529,validation,6
101,2457,validation,5
101,1909,validation,1
101,430,validation,4
101,3037,validation,2
101,7205,validation,7
101,4408,validation,5
101,3838,validation,4
101,3501,validation,1
101,2968,validation,6
101,2766,validation,0
101,7335,validation,4
101,3024,validation,6
101,6625,validation,0
101,6038,validation,9
101,5850,validation,6
101,3186,validation,7
101,1226,validation,3
101,1186,validation,2
101,1235,validation,2
101,1925,validation,6
101,3302,validation,4
101,4102,validation,1
101,3740,validation,5
101,4162,validation,1
101,6521,validation,3
101,6573,validation,9
101,3411,validation,3
101,5475,validation,0
101,3451,validation,4
101,1093,validation,4
101,2628,validation,6
101,4987,validation,8
101,3236,validation,8
101,915,validation,1
101,7049,validation,9
101,4710,validation,2
101,4656,validation,1
101,3140,validation,7
101,5468,validation,5
101,6181,validation,1
101,4194,validation,1
101,5870,validation,8
101,4451,validation,4
101,4795,validation,3
101,6249,validation,2
101,2434,validation,4
101,810,validation,6
101,5798,validation,7
101,5776,validation,5
101,6623,validation,4
101,2367,validation,2
101,6988,validation,8
101,3348,validation,7
101,5327,validation,9
101,5677,validation,8
101,2106,validation,1
101,4080,validation,8
101,4258,validation,9
101,6975,validation,6
101,5924,validation,8
101,1058,validation,0
101,5448,validation,2
101,5880,validation,6
101,4163,validation,1
101,6425,validation,6
101,4623,validation,0
101,14,validation,3
101,1347,validation,6
101,2020,validation,9
101,5135,validation,4
101,4641,validation,7
101,1540,validation,2
101,4802,validation,0
101,598,validation,0
101,4139,validation,0
101,211,validation,3
101,4565,validation,2
101,4417,validation,8
101,706,validation,1
101,5458,validation,4
101,4691,validation,9
101,3917,validation,0
101,818,validation,7
101,389,validation,8
101,90,validation,7
101,7069,validation,7
101,4100,validation,0
101,3772,validation,2
101,3476,validation,4
101,5078,validation,5
101,4028,validation,1
101,6245,validation,4
101,3602,validation,5
101,6818,validation,0
101,7321,validation,7
101,1037,validation,1
101,1714,validation,7
101,6378,validation,4
101,4224,validation,5
101,3516,validation,9
101,5875,validation,2
101,2505,validation,1
101,4096,validation,7
101,1401,validation,9
101,4257,validation,4
101,2947,validation,3
101,3098,validation,1
101,1799,validation,7
101,5719,validation,7
101,1462,validation,4
101,5528,validation,4
101,3190,validation,4
101,4501,validation,4
101,2797,validation,0
101,1908,validation,1
101,6860,validation,7
101,465,validation,3
101,1845,validation,2
101,6397,validation,8
101,2472,validation,7
101,6585,validation,8
101,3061,validation,4
101,5682,validation,9
101,875,validation,7
101,2921,validation,7
101,1948,validation,3
101,5698,validation,7
101,6373,validation,5
101,192,validation,0
101,5711,validation,3
101,96,validation,5
101,4175,validation,7
101,4905,validation,7
101,4092,validation,8
101,5635,validation,9
101,1134,validation,9
101,3432,validation,6
101,5189,validation,2
101,6959,validation,0
101,4357,validation,8
101,6153,validation,0
101,704,validation,6
101,5734,validation,5
101,5601,validation,8
101,2544,validation,2
101,5636,validation,0
101,1782,validation,2
101,2813,validation,1
101,2380,validation,1
101,2833,validation,8
101,1108,validation,1
101,1914,validation,1
101,2989,validation,1
101,7356,validation,7
101,4748,validation,0
101,6638,validation,8
101,5832,validation,7
101,5882,validation,4
101,3436,validation,6
101,5995,validation,3
101,6525,validation,5
101,7122,validation,1
101,202,validation,9
101,7344,validation,0
101,3930,validation,1
101,1365,validation,3
101,363,validation,8
101,4232,validation,4
101,1704,validation,3
101,635,validation,9
101,2102,validation,6
101,1748,validation,2
101,2518,validation,6
101,5000,validation,0
101,3245,validation,2
101,473,validation,3
101,3998,validation,9
101,4484,validation,2
101,4086,validation,4
101,481,validation,6
101,6225,validation,1
101,2347,validation,0
101,3129,validation,6
101,5035,validation,3
101,4847,validation,7
101,1757,validation,9
101,586,validation,8
101,3368,validation,1
101,6081,validation,5
101,1884,validation,9
101,1066,validation,8
101,1699,validation,7
101,976,validation,9
101,3234,validation,9
101,7244,validation,6
101,4015,validation,6
101,1271,validation,8
101,1601,validation,6
101,7071,validation,0
101,3609,validation,4
101,2353,validation,2
101,5018,validation,0
101,3484,validation,2
137,6374,train,8
137,6199,train,9
137,3653,train,7
137,2909,train,1
137,5970,train,6
137,5346,train,6
137,3790,train,0
137,5045,train,7
137,5006,train,4
137,4912,train,6
137,1538,train,3
137,7251,train,2
137,2760,train,2
137,9,train,0
137,5838,train,7
137,1701,train,6
137,5965,train,5
137,28,train,3
137,2623,train,7
137,3039,train,9
137,3850,train,1
137,5031,train,4
137,2253,train,1
137,1765,train,5
137,7146,train,6
137,6610,train,3
137,2738,train,8
137,5674,train,1
137,5571,train,8
137,1819,train,8
137,2110,train,7
137,6929,train,0
137,378,train,2
137,4217,train,6
137,298,train,4
137,1719,train,4
137,4194,train,1
137,3242,train,9
137,6201,train,1
137,4452,train,9
137,2052,train,7
137,3331,train,6
137,1164,train,8
137,4737,train,6
137,2941,train,3
137,463,train,0
137,5444,train,9
137,711,train,1
137,2828,train,4
137,6933,train,1
137,4120,train,8
137,5007,train,8
137,148,train,8
137,6696,train,3
137,6842,train,8
137,3184,train,1
137,6741,train,7
137,6825,train,7
137,2081,train,7
137,1060,train,1
137,6264,train,5
137,3263,train,5
137,4549,train,4
137,237,train,0
137,1442,train,0
137,2882,train,9
137,1928,train,8
137,2209,train,0
137,6382,train,1
137,4510,train,5
137,1499,train,0
137,1338,train,3
137,6850,train,5
137,5520,train,8
137,2406,train,9
137,2198,train,4
137,2960,train,3
137,3815,train,2
137,4014,train,7
137,6786,train,0
137,5735,train,7
137,266,train,4
137,1615,train,7
137,4354,train,1
137,757,train,3
137,1676,train,0
137,3743,train,8
137,665,train,1
137,5129,train,0
137,6174,train,5
137,4197,train,9
137,5999,train,4
137,2577,train,0
137,6514,train,7
137,7237,train,7
137,5883,train,9
137,4353,train,5
137,1190,train,9
137,725,train,3
137,1965,train,9
137,5153,train,3
137,4331,train,4
137,1326,train,5
137,6523,train,0
137,6623,train,4
137,4004,train,1
137,2062,train,4
137,59,train,8
137,286,train,7
137,7117,train,7
137,7345,train,2
137,6688,train,6
137,1868,train,0
137,490,train,5
137,3725,train,2
137,4742,train,8
137,3682,train,6
137,1522,train,8
137,194,train,9
137,1542,train,5
137,228,train,3
137,2197,train,1
137,6030,train,3
137,2590,train,0
137,4089,train,4
137,3251,train,6
137,262,train,0
137,113,train,5
137,6230,train,6
137,6689,train,9
137,2658,train,2
137,4872,train,8
137,6670,train,9
137,3058,train,5
137,3611,train,2
137,7044,train,5
137,1977,train,5
137,5919,train,0
137,2388,train,0
137,2136,train,2
137,3274,train,9
137,6307,train,8
137,6737,train,5
137,2649,train,6
137,260,train,9
137,5305,train,8
137,2675,train,6
137,5513,train,6
137,1995,train,8
137,2189,train,7
137,484,train,4
137,4678,train,1
137,1552,train,4
137,5831,train,8
137,4490,train,6
137,7292,train,9
137,6204,train,3
137,3491,train,9
137,464,train,5
137,4827,train,3
137,6222,train,4
137,3064,train,8
137,6556,train,2
137,4166,train,7
137,647,train,5
137,6629,train,2
137,3599,train,2
137,4630,train,1
137,3810,train,5
137,3069,train,7
137,6101,train,2
137,3088,train,4
137,5626,train,7
137,4903,train,3
137,4264,train,4
137,5398,train,1
137,3839,train,0
137,1582,train,1
137,2286,train,2
137,168,train,7
137,2140,train,3
137,2089,train,3
137,4104,train,2
137,1412,train,7
137,696,train,4
137,5342,train,5
137,3378,train,1
137,6020,train,9
137,3128,train,0
137,6390,train,3
137,1900,train,2
137,2845,train,7
137,2670,train,6
137,2019,train,9
137,6532,train,1
137,1131,train,6
137,4105,train,8
137,1411,train,0
137,1906,train,9
137,1588,train,9
137,899,train,4
137,1890,train,1
137,4111,train,0
137,2415,train,3
137,2948,train,5
137,1730,train,9
137,472,train,3
137,1063,train,8
137,4451,train,4
137,1273,train,9
137,5373,train,7
137,6810,train,3
137,4115,train,2
137,357,train,6
137,2389,train,0
137,2329,train,5
137,1934,train,4
137,3735,train,9
137,5358,train,8
137,246,train,8
137,7317,train,7
137,1245,train,0
137,1815,train,8
137,4637,train,9
137,5529,train,5
137,7323,train,3
137,5743,train,5
137,4629,train,2
137,6561,train,8
137,7194,train,3
137,4100,train,0
137,1874,train,8
137,5961,train,9
137,1496,train,0
137,1571,train,7
137,2852,train,0
137,7348,train,4
137,4309,train,2
137,3626,train,9
137,1462,train,4
137,193,train,2
137,6528,train,8
137,3914,train,3
137,777,train,8
137,5879,train,8
137,3866,train,5
137,2076,train,6
137,2683,train,5
137,1274,train,3
137,3563,train,6
137,878,train,0
137,3149,train,5
137,3683,train,4
137,3799,train,5
137,2965,train,0
137,3271,train,4
137,4028,train,1
137,3775,train,6
137,444,train,9
137,3396,train,3
137,3841,train,5
137,3147,train,7
137,1555,train,2
137,2331,train,9
137,1788,train,5
137,6083,train,2
137,4285,train,7
137,156,train,4
137,5018,train,0
137,2326,train,4
137,2841,train,0
137,2730,train,9
137,5217,train,0
137,1661,train,3
137,525,train,5
137,2501,train,4
137,1197,train,7
137,3517,train,9
137,6904,train,1
137,3284,train,3
137,2028,train,2
137,5073,train,6
137,6566,train,2
137,3294,train,6
137,7042,train,2
137,6661,train,8
137,6767,train,5
137,1502,train,9
137,5906,train,4
137,1015,train,1
137,1735,train,3
137,815,train,1
137,3240,train,6
137,4268,train,5
137,7138,train,6
137,703,train,4
137,1607,train,2
137,95,train,8
137,5171,train,4
137,1673,train,9
137,5168,train,4
137,4216,train,8
137,6193,train,5
137,418,train,2
137,1743,train,7
137,4848,train,6
137,1580,train,0
137,5050,train,6
137,3098,train,1
137,4957,train,8
137,3412,train,9
137,93,train,4
137,4174,train,2
137,5786,train,7
137,2529,train,7
137,538,train,5
137,3777,train,1
137,3780,train,8
137,3311,train,9
137,7134,train,7
137,258,train,2
137,6205,train,5
137,1698,train,5
137,2398,train,7
137,3681,train,1
137,175,train,5
137,6416,train,3
137,4336,train,1
137,5528,train,4
137,7110,train,6
137,3752,train,6
137,1184,train,4
137,13,train,1
137,6483,train,4
137,6381,train,7
137,5167,train,5
137,1093,train,4
137,3226,train,7
137,2662,train,2
137,5004,train,4
137,852,train,0
137,6440,train,1
137,6117,train,3
137,1031,train,0
137,4307,train,1
137,5365,train,8
137,6178,train,7
137,1694,train,3
137,6679,train,3
137,5292,train,3
137,3760,train,5
137,5350,train,4
137,3852,train,2
137,4850,train,0
137,3765,train,7
137,2356,train,7
137,226,train,8
137,63,train,1
137,6620,train,3
137,209,train,7
137,265,train,4
137,3034,train,4
137,1867,train,4
137,6600,train,0
137,1032,train,3
137,4483,train,8
137,1563,train,5
137,5258,train,9
137,2236,train,1
137,2137,train,4
137,7159,train,3
137,5619,train,0
137,4293,train,9
137,770,train,9
137,4365,train,7
137,7184,train,6
137,7111,train,2
137,1600,train,2
137,1253,train,4
137,3073,train,2
137,3163,train,0
137,793,train,2
137,5909,train,7
137,3674,train,4
137,6171,train,5
137,1185,train,3
137,2779,train,0
137,4406,train,4
137,5829,train,3
137,6873,train,4
137,609,train,7
137,1764,train,2
137,17,train,2
137,2628,train,6
137,6048,train,7
137,6928,train,4
137,6526,train,4
137,5306,train,7
137,7274,train,3
137,6789,train,5
137,4961,train,3
137,4643,train,7
137,3447,train,1
137,79,train,1
137,2328,train,1
137,5421,train,1
137,5793,train,8
137,2007,train,3
137,930,train,1
137,5766,train,7
137,3951,train,0
137,2887,train,9
137,6430,train,3
137,2791,train,3
137,6312,train,4
137,4393,train,3
137,7049,train,9
137,5097,train,2
137,1515,train,6
137,7270,train,3
137,7344,train,0
137,5576,train,7
137,6805,train,7
137,5731,train,9
137,1908,train,1
137,4746,train,2
137,2638,train,1
137,3025,train,0
137,5080,train,0
137,7186,train,3
137,3347,train,4
137,1984,train,4
137,7158,train,0
137,5093,train,3
137,6796,train,7
137,2814,train,2
137,4254,train,4
137,3965,train,1
137,204,train,0
137,2551,train,9
137,3134,train,2
137,2925,train,7
137,885,train,1
137,6279,train,9
137,5816,train,2
137,1317,train,0
137,6960,train,6
137,5199,train,4
137,3371,train,9
137,5430,train,1
137,1250,train,7
137,1142,train,1
137,2065,train,2
137,1987,train,9
137,2102,train,6
137,7254,train,0
137,6323,train,8
137,2380,train,1
137,1757,train,9
137,6464,train,5
137,5172,train,4
137,1137,train,8
137,4164,train,5
137,6211,train,5
137,3179,train,7
137,4243,train,2
137,6630,train,9
137,3044,train,8
137,6473,train,5
137,4239,train,7
137,3537,train,4
137,7230,train,9
137,1157,train,5
137,1071,train,9
137,5304,train,4
137,2853,train,9
137,3195,train,7
137,5694,train,6
137,3778,train,0
137,352,train,5
137,3655,train,1
137,128,train,7
137,3819,train,3
137,3380,train,2
137,4438,train,0
137,6417,train,3
137,4171,train,8
137,2570,train,5
137,3808,train,4
137,2222,train,1
137,4986,train,4
137,4304,train,7
137,68,train,0
137,2017,train,2
137,3218,train,7
137,4548,train,7
137,4143,train,0
137,4310,train,1
137,5924,train,8
137,821,train,6
137,2322,train,5
137,6642,train,2
137,7140,train,6
137,5856,train,8
137,4415,train,1
137,5920,train,5
137,3602,train,5
137,5112,train,3
137,5462,train,9
137,5261,train,4
137,475,train,2
137,3704,train,2
137,1850,train,5
137,3410,train,1
137,6497,train,7
137,5596,train,5
137,1649,train,3
137,6429,train,2
137,2863,train,8
137,5603,train,4
137,4792,train,3
137,2524,train,3
137,4053,train,1
137,690,train,0
137,4322,train,1
137,4188,train,9
137,1052,train,2
137,6502,train,4
137,5925,train,9
137,6492,train,5
137,1883,train,6
137,449,train,0
137,1116,train,0
137,5877,train,3
137,1158,train,7
137,2061,train,6
137,1302,train,6
137,5707,train,9
137,1814,train,9
137,6292,train,8
137,4543,train,7
137,2096,train,6
137,5150,train,5
137,5136,train,0
137,1040,train,2
137,1042,train,6
137,6344,train,8
137,5399,train,9
137,4984,train,5
137,4631,train,4
137,2287,train,4
137,2995,train,4
137,3085,train,9
137,5089,train,9
137,3099,train,7
137,4443,train,2
137,2340,train,6
137,642,train,7
137,308,train,9
137,2226,train,7
137,4956,train,5
137,4596,train,3
137,6554,train,3
137,6877,train,7
137,2395,train,4
137,7024,train,4
137,1682,train,3
137,953,train,2
137,5349,train,0
137,5333,train,6
137,4376,train,3
137,5775,train,5
137,5633,train,1
137,7210,train,3
137,4449,train,0
137,1837,train,6
137,5090,train,8
137,3013,train,8
137,536,train,4
137,2059,train,7
137,7325,train,6
137,810,train,6
137,5351,train,6
137,6446,train,1
137,3465,train,8
137,5623,train,1
137,2264,train,3
137,3713,train,1
137,7211,train,6
137,3198,train,5
137,4625,train,9
137,252,train,2
137,443,train,4
137,1331,train,0
137,5934,train,4
137,519,train,0
137,3890,train,1
137,2690,train,2
137,5982,train,7
137,5607,train,8
137,4866,train,6
137,4411,train,8
137,7016,train,6
137,5332,train,1
137,7082,train,7
137,4176,train,9
137,6169,train,3
137,2642,train,4
137,1935,train,2
137,316,train,9
137,4250,train,2
137,5546,train,1
137,7367,train,8
137,2888,train,0
137,159,train,8
137,5498,train,2
137,2314,train,4
137,4896,train,6
137,353,train,3
137,1722,train,3
137,493,train,8
137,5726,train,0
137,1450,train,9
137,3155,train,5
137,6616,train,5
137,4057,train,3
137,3687,train,9
137,677,train,1
137,6303,train,8
137,3145,train,0
137,734,train,4
137,7241,train,0
137,6056,train,4
137,2245,train,9
137,2976,train,6
137,927,train,0
137,2377,train,4
137,1440,train,2
137,7038,train,5
137,4075,train,9
137,2720,train,1
137,2056,train,6
137,6968,train,7
137,1503,train,1
137,2447,train,3
137,5787,train,2
137,6953,train,8
137,3856,train,7
137,7013,train,7
137,5250,train,2
137,4049,train,2
137,2230,train,8
137,1227,train,8
137,6695,train,5
137,1760,train,1
137,4042,train,5
137,3480,train,1
137,3357,train,6
137,2229,train,0
137,49,train,7
137,7132,train,3
137,6005,train,1
137,3853,train,1
137,700,train,4
137,1089,train,0
137,3066,train,0
137,1198,train,8
137,3823,train,0
137,660,train,8
137,2443,train,0
137,4519,train,9
137,6309,train,6
137,4735,train,3
137,235,train,9
137,5442,train,8
137,792,train,1
137,2652,train,1
137,1638,train,4
137,2967,train,0
137,5897,train,9
137,3711,train,1
137,2851,train,1
137,1281,train,9
137,172,train,6
137,2633,train,4
137,1242,train,7
137,5302,train,0
137,7088,train,5
137,4899,train,9
137,3334,train,2
137,89,train,0
137,1474,train,4
137,2984,train,6
137,4132,train,9
137,1586,train,7
137,7313,train,4
137,7113,train,7
137,1428,train,2
137,7235,train,8
137,7320,train,2
137,6360,train,1
137,3245,train,2
137,3651,train,7
137,292,train,6
137,451,train,4
137,3255,train,8
137,5255,train,1
137,3344,train,6
137,6238,train,1
137,1132,train,8
137,6370,train,3
137,1574,train,3
137,2462,train,7
137,985,train,8
137,3124,train,0
137,337,train,2
137,5705,train,0
137,518,train,8
137,6513,train,8
137,5117,train,6
137,1097,train,8
137,6474,train,2
137,6283,train,1
137,7208,train,2
137,2347,train,0
137,5163,train,0
137,641,train,4
137,5275,train,4
137,1656,train,0
137,5872,train,8
137,3546,train,8
137,2640,train,7
137,90,train,7
137,5297,train,4
137,5771,train,6
137,595,train,5
137,2775,train,3
137,395,train,3
137,4435,train,0
137,5379,train,6
137,982,train,3
137,5563,train,2
137,2812,train,5
137,5637,train,0
137,4533,train,9
137,6135,train,2
137,5476,train,9
137,2425,train,5
137,1117,train,6
137,3600,train,9
137,1122,train,8
137,5521,train,0
137,312,train,2
137,2750,train,8
137,496,train,2
137,5381,train,9
137,384,train,6
137,4777,train,2
137,3898,train,4
137,4930,train,0
137,7346,train,8
137,2763,train,9
137,6023,train,6
137,4697,train,6
137,1294,train,6
137,1986,train,8
137,314,train,9
137,4258,train,9
137,2903,train,8
137,4087,train,8
137,6274,train,7
137,7354,train,4
137,70,train,8
137,6624,train,2
137,1671,train,9
137,573,train,4
137,1763,train,7
137,5298,train,6
137,3431,train,0
137,1787,train,5
137,2021,train,3
137,6356,train,2
137,6386,train,8
137,6329,train,7
137,147,train,3
137,1776,train,1
137,969,train,5
137,732,train,9
137,2856,train,6
137,6753,train,2
137,287,train,8
137,6778,train,4
137,4169,train,8
137,6995,train,5
137,1384,train,4
137,3239,train,6
137,3360,train,6
137,909,train,0
137,1160,train,7
137,2893,train,1
137,5881,train,1
137,4973,train,7
137,4945,train,4
137,1714,train,7
137,6481,train,2
137,4731,train,3
137,6941,train,5
137,4009,train,5
137,1681,train,7
137,5270,train,2
137,2261,train,9
137,4640,train,7
137,271,train,8
137,1652,train,9
137,5901,train,2
137,111,train,3
137,5960,train,3
137,7114,train,3
137,1643,train,5
137,1665,train,1
137,1644,train,9
137,482,train,0
137,634,train,7
137,2393,train,0
137,1608,train,6
137,3207,train,1
137,2582,train,4
137,3786,train,9
137,4333,train,8
137,5423,train,5
137,2949,train,8
137,3533,train,6
137,1603,train,5
137,857,train,3
137,5511,train,6
137,3676,train,7
137,2632,train,7
137,1813,train,4
137,3490,train,6
137,6707,train,7
137,6371,train,4
137,3902,train,9
137,859,train,4
137,19,train,6
137,6520,train,6
137,3072,train,6
137,1176,train,6
137,6068,train,6
137,333,train,0
137,3896,train,6
137,4030,train,6
137,1602,train,6
137,7160,train,1
137,4939,train,8
137,2639,train,6
137,4713,train,6
137,2769,train,0
137,6026,train,3
137,3773,train,4
137,3301,train,9
137,7303,train,7
137,2344,train,7
137,4500,train,0
137,987,train,0
137,2956,train,2
137,733,train,8
137,3911,train,0
137,5933,train,3
137,3005,train,0
137,4728,train,3
137,3117,train,3
137,2972,train,4
137,7168,train,9
137,1311,train,7
137,3650,train,9
137,3018,train,1
137,421,train,8
137,5383,train,2
137,2999,train,7
137,6997,train,4
137,1804,train,7
137,2766,train,0
137,4763,train,6
137,5711,train,3
137,6414,train,3
137,7033,train,5
137,5072,train,7
137,7245,train,4
137,1869,train,6
137,3427,train,5
137,7023,train,3
137,4419,train,6
137,3737,train,9
137,3228,train,2
137,7131,train,6
137,5412,train,5
137,1207,train,7
137,1070,train,6
137,1008,train,8
137,6168,train,3
137,6190,train,6
137,2247,train,6
137,4209,train,6
137,2673,train,9
137,911,train,4
137,4762,train,0
137,1367,train,2
137,3221,train,2
137,7155,train,1
137,5464,train,7
137,5819,train,1
137,7041,train,8
137,6676,train,4
137,415,train,6
137,4648,train,5
137,5455,train,2
137,4565,train,2
137,2471,train,6
137,5721,train,2
137,1557,train,0
137,5086,train,3
137,5599,train,9
137,1767,train,6
137,628,train,5
137,858,train,7
137,4540,train,2
137,2192,train,2
137,850,train,1
137,679,train,4
137,1431,train,1
137,4711,train,4
137,7,train,7
137,5682,train,9
137,6189,train,8
137,146,train,1
137,5183,train,6
137,2514,train,3
137,6547,train,1
137,466,train,7
137,7310,train,9
137,1174,train,1
137,6089,train,4
137,1670,train,8
137,3335,train,4
137,6515,train,7
137,5758,train,9
137,6126,train,9
137,7080,train,8
137,458,train,7
137,4401,train,3
137,1877,train,5
137,2145,train,1
137,1404,train,6
137,7097,train,3
137,5996,train,8
137,6854,train,4
137,5887,train,8
137,5296,train,5
137,4424,train,2
137,2716,train,7
137,6938,train,9
137,2545,train,5
137,192,train,0
137,5247,train,0
137,4642,train,0
137,4837,train,4
137,6450,train,3
137,403,train,7
137,4782,train,0
137,4219,train,7
137,5817,train,1
137,4871,train,4
137,3381,train,4
137,1303,train,5
137,1222,train,9
137,2228,train,7
137,6757,train,1
137,4906,train,8
137,5519,train,5
137,3582,train,2
137,3500,train,6
137,2199,train,1
137,3550,train,0
137,1397,train,4
137,5718,train,4
137,2773,train,2
137,6016,train,2
137,2104,train,2
137,4869,train,6
137,3434,train,9
137,6659,train,5
137,6557,train,2
137,669,train,7
137,5734,train,5
137,2808,train,8
137,1926,train,6
137,2116,train,5
137,2109,train,8
137,575,train,9
137,743,train,6
137,6812,train,2
137,4669,train,3
137,3660,train,0
137,1618,train,3
137,6836,train,1
137,6542,train,6
137,142,train,1
137,672,train,8
137,6248,train,5
137,977,train,4
137,1200,train,7
137,537,train,5
137,4282,train,1
137,601,train,1
137,709,train,6
137,4578,train,3
137,242,train,7
137,6609,train,9
137,6524,train,1
137,5583,train,5
137,4360,train,5
137,6958,train,0
137,594,train,7
137,1558,train,6
137,10,train,4
137,2595,train,2
137,3575,train,0
137,5158,train,1
137,6734,train,4
137,1999,train,3
137,1115,train,3
137,5737,train,9
137,1847,train,5
137,1332,train,8
137,3297,train,6
137,7334,train,2
137,7076,train,1
137,1816,train,7
137,1186,train,2
137,5501,train,7
137,3317,train,6
137,3666,train,8
137,2138,train,6
137,4564,train,3
137,2345,train,8
137,1210,train,9
137,5403,train,6
137,6033,train,4
137,3438,train,1
137,6909,train,6
137,104,train,2
137,4153,train,9
137,1346,train,7
137,1064,train,7
137,4350,train,3
137,3586,train,6
137,4370,train,5
137,6611,train,9
137,2803,train,6
137,1333,train,4
137,6259,train,7
137,708,train,1
137,4058,train,7
137,3623,train,5
137,675,train,0
137,755,train,0
137,5581,train,9
137,6420,train,2
137,5236,train,0
137,257,train,8
137,5170,train,5
137,6035,train,2
137,3950,train,4
137,4274,train,3
137,3414,train,2
137,1152,train,1
137,3375,train,3
137,7221,train,3
137,4947,train,6
137,779,train,5
137,3015,train,2
137,3425,train,9
137,6398,train,0
137,6665,train,1
137,3494,train,2
137,7106,train,4
137,3188,train,8
137,1822,train,6
137,7122,train,1
137,5950,train,5
137,3031,train,6
137,4040,train,3
137,4457,train,1
137,6512,train,7
137,6138,train,9
137,5121,train,9
137,3879,train,2
137,5605,train,3
137,4539,train,2
137,348,train,9
137,1923,train,3
137,6102,train,0
137,212,train,0
137,2728,train,1
137,533,train,9
137,3616,train,6
137,358,train,0
137,615,train,9
137,4684,train,9
137,7213,train,9
137,4880,train,7
137,2141,train,2
137,5140,train,2
137,6865,train,9
137,3019,train,4
137,5836,train,1
137,4187,train,7
137,2125,train,5
137,4271,train,9
137,4989,train,3
137,1418,train,9
137,2805,train,9
137,3305,train,9
137,6550,train,2
137,3172,train,5
137,3091,train,7
137,6498,train,8
137,2695,train,3
137,3472,train,6
137,2676,train,7
137,6409,train,9
137,6438,train,1
137,3211,train,9
137,4677,train,6
137,3300,train,6
137,746,train,2
137,722,train,5
137,6115,train,4
137,6144,train,6
137,3518,train,2
137,2970,train,3
137,6815,train,8
137,2002,train,6
137,6256,train,9
137,106,train,0
137,4128,train,0
137,4600,train,3
137,2240,train,5
137,7255,train,2
137,2432,train,6
137,3987,train,7
137,4876,train,9
137,5257,train,1
137,5943,train,2
137,5475,train,0
137,5286,train,0
137,4191,train,9
137,2338,train,3
137,6800,train,1
137,5320,train,9
137,7173,train,1
137,3165,train,3
137,2693,train,6
137,5742,train,4
137,1039,train,3
137,4670,train,6
137,4430,train,2
137,3506,train,8
137,1511,train,4
137,7109,train,9
137,6747,train,3
137,6116,train,4
137,2029,train,4
137,2607,train,4
137,2516,train,5
137,5577,train,0
137,2032,train,8
137,5639,train,8
137,4466,train,1
137,2659,train,1
137,1019,train,7
137,3511,train,5
137,4340,train,4
137,6962,train,2
137,4311,train,6
137,3428,train,7
137,4790,train,8
137,5755,train,3
137,3619,train,0
137,5865,train,8
137,5338,train,6
137,6700,train,1
137,3217,train,3
137,2955,train,9
137,4253,train,6
137,166,train,7
137,5739,train,9
137,2850,train,3
137,3190,train,4
137,2254,train,0
137,5331,train,6
137,5588,train,0
137,5413,train,2
137,1688,train,6
137,2166,train,1
137,2641,train,9
137,1570,train,4
137,2521,train,4
137,3208,train,5
137,4356,train,6
137,1825,train,0
137,7290,train,7
137,4102,train,1
137,5022,train,5
137,6051,train,6
137,3770,train,1
137,6506,train,5
137,7218,train,0
137,1382,train,0
137,914,train,8
137,4257,train,4
137,990,train,5
137,2164,train,1
137,7007,train,4
137,4469,train,0
137,1756,train,3
137,960,train,9
137,4494,train,0
137,6664,train,5
137,6881,train,9
137,2469,train,8
137,622,train,7
137,3114,train,8
137,4505,train,9
137,1144,train,0
137,2161,train,6
137,2225,train,8
137,499,train,6
137,6100,train,9
137,5789,train,3
137,5891,train,8
137,2175,train,3
137,3291,train,8
137,3363,train,0
137,5589,train,3
137,6715,train,6
137,7263,train,4
137,4395,train,1
137,2054,train,0
137,7205,train,7
137,2616,train,0
137,1882,train,1
137,7010,train,4
137,7047,train,1
137,7068,train,5
137,2854,train,9
137,3026,train,5
137,3422,train,7
137,238,train,3
137,7288,train,6
137,2902,train,3
137,2518,train,6
137,6899,train,8
137,6652,train,3
137,5609,train,1
137,6393,train,5
137,1637,train,1
137,2980,train,6
137,2358,train,3
137,1640,train,7
137,6028,train,2
137,607,train,6
137,5997,train,4
137,917,train,4
137,3992,train,3
137,5764,train,8
137,5107,train,4
137,5634,train,2
137,4717,train,9
137,6543,train,2
137,4126,train,2
137,5432,train,2
137,1504,train,1
137,359,train,5
137,4688,train,0
137,4484,train,2
137,6495,train,5
137,4148,train,5
137,392,train,8
137,4235,train,9
137,1285,train,9
137,3510,train,9
137,6441,train,0
137,3988,train,3
137,2306,train,5
137,6143,train,5
137,4875,train,7
137,6892,train,1
137,5182,train,1
137,6693,train,2
137,3885,train,8
137,2931,train,1
137,5995,train,3
137,334,train,7
137,1408,train,5
137,4051,train,7
137,5360,train,4
137,7278,train,0
137,1166,train,3
137,6176,train,1
137,48,train,8
137,2792,train,4
137,2092,train,0
137,3561,train,0
137,6235,train,7
137,309,train,7
137,3972,train,6
137,4398,train,6
137,1922,train,7
137,4764,train,5
137,2699,train,8
137,4732,train,9
137,842,train,6
137,7058,train,7
137,3957,train,5
137,119,train,3
137,6725,train,6
137,5624,train,8
137,345,train,2
137,1917,train,8
137,2419,train,9
137,3307,train,0
137,3054,train,6
137,4024,train,4
137,1830,train,7
137,2900,train,5
137,3739,train,4
137,295,train,5
137,2219,train,8
137,2499,train,8
137,4887,train,4
137,5440,train,4
137,6806,train,5
137,2263,train,1
137,6305,train,9
137,6714,train,0
137,340,train,5
137,4248,train,6
137,1525,train,5
137,4029,train,7
137,2315,train,4
137,2663,train,3
137,6295,train,3
137,2375,train,0
137,3835,train,6
137,4402,train,0
137,895,train,8
137,5102,train,7
137,5047,train,0
137,5804,train,4
137,7145,train,4
137,138,train,2
137,5722,train,0
137,1279,train,9
137,3542,train,2
137,1754,train,5
137,4818,train,0
137,6709,train,5
137,1921,train,6
137,5473,train,6
137,6134,train,5
137,300,train,2
137,1748,train,2
137,2335,train,7
137,3804,train,2
137,4660,train,3
137,273,train,7
137,1889,train,2
137,4432,train,0
137,1129,train,0
137,2568,train,0
137,5242,train,6
137,3690,train,9
137,5265,train,3
137,6428,train,8
137,4862,train,3
137,7266,train,4
137,6692,train,9
137,3547,train,8
137,2694,train,4
137,1533,train,6
137,1870,train,7
137,5124,train,5
137,4694,train,6
137,1769,train,8
137,3337,train,1
137,4109,train,0
137,3281,train,9
137,1654,train,6
137,2945,train,9
137,7035,train,3
137,5579,train,8
137,2237,train,5
137,1841,train,6
137,5105,train,1
137,5143,train,5
137,5698,train,7
137,1750,train,5
137,1321,train,7
137,498,train,8
137,2762,train,8
137,4937,train,3
137,3707,train,8
137,1096,train,3
137,3846,train,5
137,4061,train,2
137,2572,train,8
137,6644,train,0
137,2450,train,9
137,4715,train,6
137,1631,train,9
137,3269,train,9
137,125,train,8
137,2072,train,1
137,1265,train,3
137,5454,train,7
137,5973,train,1
137,4314,train,5
137,3756,train,2
137,3236,train,8
137,3789,train,1
137,216,train,0
137,729,train,4
137,5740,train,7
137,4794,train,6
137,2798,train,6
137,1188,train,4
137,967,train,8
137,6621,train,7
137,2412,train,9
137,251,train,0
137,832,train,5
137,2637,train,9
137,3285,train,1
137,7026,train,5
137,3113,train,1
137,3934,train,0
137,2681,train,7
137,3661,train,9
137,3528,train,1
137,1817,train,0
137,2392,train,8
137,2994,train,8
137,3306,train,8
137,4616,train,8
137,6809,train,8
137,1683,train,0
137,5751,train,2
137,4221,train,9
137,6590,train,4
137,1448,train,6
137,6241,train,2
137,2049,train,5
137,1050,train,5
137,633,train,9
137,1487,train,6
137,5621,train,5
137,112,train,3
137,5387,train,0
137,1872,train,6
137,1862,train,1
137,3642,train,1
137,5480,train,0
137,27,train,5
137,3698,train,0
137,6959,train,0
137,5839,train,8
137,7128,train,6
137,2093,train,7
137,5478,train,0
137,645,train,9
137,2118,train,5
137,4935,train,8
137,5128,train,3
137,978,train,3
137,6110,train,4
137,317,train,0
137,6595,train,6
137,1717,train,6
137,3326,train,0
137,2004,train,1
137,3873,train,6
137,2142,train,4
137,3159,train,5
137,4246,train,5
137,303,train,0
137,2170,train,7
137,7178,train,4
137,3115,train,4
137,1613,train,7
137,6847,train,0
137,5696,train,0
137,2507,train,8
137,1578,train,3
137,1971,train,0
137,3183,train,9
137,2979,train,4
137,4766,train,6
137,5374,train,3
137,4098,train,5
137,2295,train,2
137,343,train,8
137,6783,train,8
137,5410,train,5
137,1199,train,0
137,528,train,8
137,139,train,0
137,3014,train,2
137,1025,train,3
137,5041,train,5
137,1170,train,9
137,3844,train,2
137,5154,train,7
137,1080,train,9
137,3275,train,9
137,1550,train,7
137,2660,train,1
137,3859,train,6
137,2987,train,6
137,4471,train,5
137,2162,train,7
137,5517,train,5
137,4744,train,6
137,6239,train,5
137,1128,train,3
137,4493,train,7
137,5132,train,9
137,5179,train,3
137,5748,train,5
137,5238,train,7
137,7212,train,7
137,1914,train,1
137,1394,train,1
137,6795,train,7
137,2064,train,5
137,5485,train,9
137,1626,train,8
137,4772,train,1
137,6932,train,2
137,6125,train,0
137,1663,train,8
137,2712,train,1
137,4808,train,3
137,501,train,0
137,1482,train,1
137,6534,train,4
137,749,train,1
137,3995,train,6
137,4727,train,0
137,4412,train,5
137,5715,train,0
137,6425,train,6
137,5660,train,5
137,7244,train,6
137,5556,train,9
137,6762,train,2
137,1752,train,9
137,574,train,9
137,1544,train,0
137,3253,train,3
137,3798,train,8
137,7064,train,3
137,919,train,8
137,3332,train,3
137,7293,train,2
137,2749,train,9
137,894,train,2
137,4190,train,9
137,3922,train,5
137,2183,train,6
137,2597,train,9
137,993,train,3
137,2058,train,1
137,715,train,4
137,4987,train,8
137,3290,train,3
137,4940,train,3
137,80,train,6
137,487,train,8
137,6835,train,3
137,1453,train,1
137,2441,train,3
137,3356,train,2
137,523,train,6
137,4598,train,4
137,3339,train,1
137,170,train,3
137,2284,train,8
137,6575,train,6
137,5811,train,1
137,1468,train,4
137,4474,train,0
137,2297,train,7
137,853,train,5
137,4932,train,5
137,2896,train,4
137,3042,train,2
137,53,train,5
137,2039,train,2
137,2778,train,3
137,2574,train,2
137,6851,train,8
137,5252,train,1
137,5830,train,5
137,5672,train,6
137,4338,train,8
137,431,train,0
137,7203,train,3
137,3604,train,2
137,1011,train,6
137,3860,train,6
137,5317,train,3
137,1078,train,4
137,1446,train,0
137,794,train,4
137,75,train,0
137,2318,train,7
137,7004,train,0
137,115,train,5
137,1195,train,3
137,6047,train,4
137,4116,train,6
137,2546,train,8
137,5679,train,6
137,4530,train,1
137,4134,train,0
137,2491,train,9
137,6145,train,9
137,4138,train,9
137,654,train,6
137,5902,train,3
137,693,train,3
137,5955,train,9
137,6245,train,4
137,2532,train,1
137,4610,train,1
137,5993,train,3
137,4740,train,3
137,5002,train,0
137,4296,train,5
137,957,train,3
137,1675,train,8
137,5380,train,5
137,6159,train,9
137,6601,train,6
137,5562,train,1
137,1490,train,6
137,4594,train,9
137,460,train,5
137,3684,train,2
137,6408,train,1
137,5709,train,9
137,5792,train,3
137,2677,train,1
137,3607,train,5
137,5397,train,8
137,3318,train,9
137,4750,train,8
137,5193,train,2
137,2131,train,5
137,6604,train,7
137,132,train,5
137,6206,train,2
137,2343,train,6
137,1616,train,1
137,4775,train,2
137,2885,train,3
137,3574,train,0
137,5119,train,7
137,1460,train,5
137,3225,train,7
137,3982,train,7
137,1138,train,1
137,3354,train,8
137,6215,train,5
137,85,train,2
137,2562,train,9
137,3479,train,3
137,3059,train,5
137,1966,train,6
137,5593,train,7
137,2618,train,4
137,1736,train,9
137,1962,train,9
137,6073,train,6
137,3011,train,3
137,3435,train,5
137,5844,train,4
137,6242,train,9
137,5543,train,8
137,6491,train,3
137,5347,train,7
137,4283,train,5
137,2013,train,9
137,1259,train,0
137,7039,train,3
137,1549,train,8
137,1246,train,8
137,5482,train,0
137,4507,train,3
137,3450,train,3
137,4901,train,7
137,4568,train,1
137,7191,train,9
137,6816,train,7
137,6766,train,5
137,4595,train,7
137,752,train,5
137,6088,train,1
137,4907,train,0
137,3669,train,5
137,3663,train,3
137,4566,train,9
137,5278,train,7
137,1386,train,7
137,4259,train,7
137,448,train,0
137,6287,train,1
137,2114,train,9
137,2692,train,0
137,6896,train,3
137,2185,train,3
137,2016,train,1
137,162,train,8
137,568,train,9
137,5780,train,4
137,3620,train,6
137,867,train,0
137,1584,train,8
137,4019,train,1
137,2035,train,1
137,2123,train,8
137,1526,train,8
137,6273,train,0
137,2982,train,0
137,7143,train,2
137,4064,train,2
137,7127,train,6
137,3471,train,2
137,6822,train,8
137,2463,train,4
137,795,train,5
137,4021,train,2
137,1437,train,9
137,4036,train,6
137,7081,train,9
137,5794,train,5
137,3720,train,5
137,1927,train,1
137,6180,train,1
137,4284,train,3
137,2736,train,9
137,5719,train,7
137,5157,train,3
137,881,train,4
137,1896,train,0
137,3407,train,8
137,6372,train,0
137,7321,train,7
137,4459,train,2
137,1904,train,3
137,1187,train,3
137,3497,train,0
137,3787,train,4
137,208,train,7
137,1214,train,8
137,4222,train,8
137,2834,train,1
137,130,train,3
137,30,train,6
137,7239,train,8
137,1417,train,2
137,5061,train,2
137,1692,train,3
137,5606,train,2
137,6064,train,4
137,6869,train,0
137,3658,train,5
137,3327,train,7
137,6326,train,2
137,1705,train,4
137,485,train,0
137,1020,train,4
137,5840,train,0
137,5208,train,9
137,2788,train,7
137,5396,train,9
137,3461,train,9
137,5926,train,4
137,5010,train,0
137,3118,train,1
137,3132,train,3
137,2688,train,2
137,7243,train,9
137,151,train,5
137,4634,train,8
137,329,train,8
137,2752,train,1
137,7001,train,2
137,7164,train,7
137,3302,train,4
137,2184,train,2
137,7115,train,7
137,5958,train,2
137,1120,train,8
137,6857,train,7
137,38,train,8
137,5194,train,1
137,2434,train,4
137,5978,train,4
137,4046,train,7
137,716,train,5
137,2940,train,5
137,3024,train,6
137,1551,train,5
137,6706,train,7
137,3052,train,8
137,5353,train,3
137,5283,train,9
137,5595,train,0
137,2248,train,7
137,2557,train,6
137,4881,train,9
137,2992,train,5
137,225,train,1
137,382,train,4
137,31,train,5
137,3566,train,4
137,7362,train,8
137,963,train,9
137,2819,train,5
137,5287,train,7
137,6246,train,1
137,5763,train,8
137,5405,train,8
137,2555,train,7
137,4008,train,0
137,4453,train,7
137,6314,train,2
137,1323,train,8
137,564,train,9
137,4288,train,1
137,2496,train,7
137,692,train,2
137,5173,train,8
137,2196,train,2
137,701,train,4
137,2436,train,5
137,4774,train,0
137,1053,train,5
137,5408,train,7
137,4597,train,5
137,474,train,7
137,2458,train,1
137,3104,train,0
137,3437,train,9
137,3087,train,7
137,5273,train,9
137,5998,train,8
137,1593,train,6
137,1230,train,9
137,2251,train,2
137,4260,train,6
137,824,train,3
137,6106,train,9
137,3534,train,7
137,411,train,8
137,6177,train,9
137,4034,train,4
137,4431,train,8
137,6317,train,1
137,2151,train,1
137,6568,train,8
137,2809,train,8
137,1725,train,5
137,2943,train,2
137,5762,train,2
137,1049,train,5
137,344,train,6
137,3767,train,5
137,351,train,4
137,1155,train,2
137,1894,train,2
137,5415,train,5
137,7242,train,3
137,7347,train,5
137,7364,train,1
137,4781,train,1
137,6014,train,4
137,5945,train,4
137,625,train,0
137,5602,train,9
137,305,train,2
137,4544,train,5
137,4999,train,9
137,3558,train,6
137,2710,train,6
137,6124,train,8
137,5115,train,2
137,1801,train,4
137,5615,train,1
137,184,train,6
137,6373,train,5
137,6774,train,7
137,2459,train,0
137,1566,train,8
137,2220,train,2
137,2234,train,6
137,1829,train,0
137,5361,train,4
137,4822,train,6
137,5561,train,6
137,6353,train,8
137,4819,train,0
137,6950,train,0
137,3097,train,6
137,44,train,5
137,6265,train,6
137,6833,train,0
137,1562,train,2
137,6622,train,5
137,4157,train,1
137,2705,train,7
137,2275,train,1
137,4992,train,6
137,747,train,2
137,2519,train,4
137,2267,train,6
137,2536,train,8
137,2862,train,0
137,6755,train,0
137,923,train,0
137,1224,train,2
137,3973,train,4
137,6214,train,6
137,4798,train,5
137,2010,train,8
137,1165,train,6
137,7252,train,1
137,428,train,2
137,3654,train,0
137,1355,train,3
137,572,train,0
137,4462,train,2
137,2477,train,8
137,5673,train,8
137,3232,train,5
137,1518,train,4
137,7136,train,8
137,3449,train,8
137,3886,train,1
137,7072,train,2
137,1590,train,4
137,5467,train,9
137,739,train,2
137,239,train,0
137,1523,train,2
137,2124,train,3
137,1169,train,6
137,4541,train,9
137,476,train,9
137,4287,train,2
137,4085,train,5
137,6535,train,1
137,3935,train,5
137,2868,train,3
137,5645,train,5
137,3353,train,7
137,888,train,0
137,4373,train,5
137,4591,train,9
137,4587,train,6
137,6413,train,7
137,2589,train,2
137,6249,train,2
137,6402,train,4
137,3578,train,1
137,4397,train,6
137,2351,train,0
137,5435,train,5
137,5773,train,5
137,5409,train,9
137,1839,train,0
137,2473,train,4
137,587,train,8
137,6866,train,5
137,4204,train,3
137,1340,train,8
137,1777,train,5
137,5049,train,3
137,3187,train,2
137,7070,train,8
137,1880,train,3
137,5201,train,2
137,3177,train,7
137,3926,train,4
137,1493,train,6
137,6914,train,3
137,4768,train,1
137,6311,train,9
137,3130,train,7
137,5908,train,5
137,5483,train,3
137,521,train,8
137,4003,train,0
137,3325,train,7
137,328,train,6
137,6828,train,3
137,6862,train,9
137,3825,train,9
137,5724,train,2
137,83,train,1
137,51,train,5
137,3826,train,0
137,650,train,9
137,1204,train,8
137,2825,train,4
137,2586,train,2
137,547,train,3
137,3673,train,7
137,3295,train,0
137,712,train,4
137,4016,train,5
137,1419,train,2
137,4946,train,8
137,7277,train,2
137,4119,train,3
137,3703,train,7
137,6403,train,1
137,597,train,9
137,3925,train,3
137,5547,train,3
137,6985,train,3
137,6599,train,7
137,2481,train,2
137,1342,train,9
137,5708,train,6
137,7336,train,7
137,2323,train,8
137,6901,train,3
137,3430,train,3
137,1782,train,2
137,116,train,4
137,2626,train,0
137,5312,train,6
137,3246,train,6
137,4232,train,4
137,6849,train,6
137,702,train,2
137,6864,train,1
137,3158,train,3
137,171,train,4
137,2070,train,9
137,7356,train,7
137,6546,train,6
137,6395,train,2
137,571,train,6
137,6992,train,5
137,5802,train,5
137,5445,train,5
137,5890,train,7
137,3083,train,8
137,4666,train,9
137,1173,train,1
137,3006,train,0
137,2650,train,7
137,6971,train,9
137,2758,train,3
137,98,train,8
137,3519,train,8
137,4366,train,8
137,897,train,4
137,16,train,2
137,5617,train,8
137,4047,train,8
137,3286,train,2
137,5120,train,2
137,4020,train,3
137,2258,train,2
137,248,train,8
137,210,train,9
137,4878,train,4
137,245,train,5
137,1945,train,3
137,3238,train,5
137,489,train,1
137,2449,train,9
137,2285,train,5
137,1438,train,4
137,2303,train,1
137,5329,train,6
137,5219,train,7
137,2077,train,5
137,6108,train,8
137,7174,train,1
137,1444,train,0
137,6002,train,4
137,2547,train,8
137,2430,train,2
137,97,train,8
137,3237,train,4
137,74,train,9
137,3717,train,3
137,3727,train,5
137,2484,train,1
137,5813,train,0
137,1753,train,0
137,2661,train,6
137,4106,train,4
137,2552,train,6
137,4160,train,0
137,6043,train,6
137,5319,train,1
137,6908,train,1
137,121,train,4
137,5988,train,2
137,5923,train,7
137,4683,train,9
137,2079,train,6
137,6567,train,8
137,3453,train,3
137,3496,train,4
137,6900,train,0
137,2666,train,8
137,4139,train,0
137,6182,train,3
137,768,train,9
137,3932,train,1
137,1968,train,5
137,4223,train,4
137,5643,train,2
137,3076,train,7
137,3553,train,1
137,5496,train,4
137,5186,train,4
137,7363,train,4
137,6729,train,8
137,5235,train,3
137,2908,train,1
137,1853,train,9
137,5992,train,9
137,2548,train,4
137,5200,train,8
137,4621,train,8
137,2781,train,9
137,5148,train,5
137,2227,train,3
137,1076,train,7
137,2613,train,0
137,5785,train,1
137,1018,train,2
137,1102,train,7
137,4701,train,4
137,6071,train,6
137,5394,train,2
137,5894,train,1
137,973,train,3
137,1662,train,4
137,6289,train,5
137,432,train,0
137,356,train,9
137,3287,train,3
137,3962,train,9
137,2174,train,1
137,4601,train,8
137,750,train,3
137,4800,train,2
137,6405,train,5
137,5269,train,7
137,1465,train,8
137,1710,train,4
137,1990,train,7
137,2997,train,6
137,478,train,9
137,7083,train,0
137,2113,train,2
137,152,train,8
137,2445,train,4
137,4720,train,0
137,3908,train,8
137,4929,train,1
137,2894,train,5
137,7209,train,9
137,5451,train,7
137,2611,train,5
137,5509,train,6
137,5341,train,2
137,5040,train,1
137,3507,train,7
137,4981,train,6
137,1100,train,5
137,215,train,4
137,2252,train,4
137,2565,train,2
137,3033,train,9
137,2139,train,3
137,2578,train,5
137,3055,train,7
137,4721,train,1
137,5285,train,6
137,1591,train,2
137,4856,train,2
137,2523,train,8
137,354,train,6
137,796,train,7
137,3715,train,1
137,2341,train,7
137,1140,train,3
137,912,train,0
137,7009,train,7
137,1668,train,4
137,6522,train,5
137,7253,train,3
137,1189,train,4
137,6773,train,4
137,3030,train,7
137,3152,train,2
137,6261,train,6
137,6225,train,1
137,3554,train,2
137,2128,train,2
137,5094,train,2
137,2770,train,6
137,3101,train,2
137,6112,train,3
137,998,train,1
137,5293,train,5
137,6587,train,6
137,7100,train,4
137,4516,train,1
137,775,train,7
137,6931,train,3
137,6433,train,3
137,5198,train,3
137,1291,train,0
137,652,train,5
137,470,train,6
137,1844,train,7
137,3920,train,3
137,1677,train,7
137,6883,train,7
137,1505,train,1
137,884,train,9
137,740,train,7
137,4208,train,5
137,6853,train,8
137,2171,train,3
137,4145,train,5
137,5744,train,6
137,4011,train,0
137,5244,train,2
137,5560,train,4
137,2535,train,7
137,5114,train,0
137,540,train,0
137,1689,train,9
137,2130,train,1
137,1426,train,2
137,6293,train,8
137,5947,train,5
137,5896,train,9
137,4846,train,6
137,108,train,3
137,6422,train,9
137,4095,train,5
137,1010,train,5
137,3466,train,7
137,160,train,0
137,2241,train,4
137,630,train,2
137,643,train,0
137,2474,train,1
137,2833,train,8
137,3220,train,3
137,2963,train,4
137,2835,train,1
137,561,train,0
137,7149,train,1
137,438,train,9
137,4788,train,9
137,892,train,7
137,1211,train,0
137,2182,train,7
137,6614,train,3
137,4915,train,9
137,1612,train,7
137,3074,train,0
137,5574,train,1
137,819,train,7
137,670,train,0
137,4599,train,3
137,5516,train,8
137,2646,train,5
137,7233,train,3
137,1708,train,3
137,6726,train,6
137,3415,train,3
137,2973,train,8
137,3928,train,1
137,6489,train,7
137,6940,train,1
137,1808,train,7
137,5125,train,5
137,4125,train,2
137,7352,train,4
137,4978,train,2
137,3592,train,3
137,4026,train,3
137,4180,train,1
137,313,train,8
137,7153,train,9
137,2884,train,7
137,3807,train,7
137,2989,train,1
137,686,train,5
137,7104,train,5
137,3665,train,4
137,5499,train,8
137,3401,train,8
137,3624,train,1
137,502,train,4
137,439,train,9
137,4725,train,1
137,1530,train,7
137,1811,train,2
137,4838,train,3
137,6156,train,1
137,6383,train,1
137,3262,train,8
137,1747,train,1
137,5495,train,7
137,707,train,9
137,6367,train,0
137,818,train,7
137,4379,train,3
137,5052,train,0
137,531,train,3
137,3680,train,2
137,1666,train,5
137,1514,train,9
137,4676,train,1
137,1112,train,9
137,731,train,9
137,6350,train,2
137,2352,train,2
137,6867,train,5
137,5449,train,2
137,3929,train,4
137,1013,train,8
137,5778,train,5
137,1296,train,6
137,264,train,4
137,6984,train,7
137,7357,train,0
137,4748,train,0
137,5372,train,7
137,1256,train,7
137,1484,train,5
137,2793,train,0
137,6278,train,7
137,7175,train,0
137,179,train,1
137,1098,train,2
137,589,train,2
137,2045,train,7
137,6716,train,7
137,503,train,7
137,1151,train,4
137,4793,train,6
137,5959,train,6
137,4133,train,6
137,950,train,0
137,3254,train,8
137,7177,train,4
137,5783,train,0
137,7040,train,6
137,2644,train,1
137,4680,train,7
137,581,train,1
137,5616,train,9
137,7046,train,6
137,6472,train,2
137,6817,train,2
137,5791,train,3
137,3781,train,4
137,2564,train,5
137,2428,train,1
137,5823,train,9
137,4977,train,0
137,713,train,6
137,1565,train,3
137,7349,train,1
137,2768,train,8
137,7020,train,3
137,4559,train,1
137,4879,train,7
137,3605,train,1
137,2598,train,7
137,4018,train,9
137,4294,train,0
137,2495,train,6
137,5695,train,7
137,3513,train,0
137,5772,train,7
137,2777,train,2
137,6876,train,2
137,3627,train,2
137,2800,train,6
137,6683,train,8
137,4603,train,0
137,3664,train,8
137,6660,train,4
137,4270,train,1
137,5846,train,0
137,3389,train,7
137,6558,train,5
137,1282,train,5
137,4617,train,8
137,5057,train,7
137,3649,train,9
137,4103,train,2
137,5565,train,6
137,1455,train,8
137,272,train,8
137,1532,train,1
137,2655,train,3
137,1994,train,8
137,4032,train,9
137,4201,train,3
137,229,train,2
137,6905,train,1
137,5310,train,8
137,2038,train,2
137,6570,train,0
137,1947,train,0
137,3877,train,3
137,890,train,2
137,5192,train,2
137,5646,train,2
137,2880,train,7
137,2094,train,9
137,4825,train,3
137,3843,train,8
137,1713,train,7
137,178,train,8
137,1075,train,4
137,4840,train,7
137,2367,train,2
137,2898,train,7
137,3745,train,7
137,99,train,3
137,6536,train,6
137,3956,train,1
137,3289,train,1
137,913,train,5
137,7231,train,2
137,2926,train,9
137,3000,train,6
137,2270,train,4
137,6697,train,7
137,7198,train,1
137,6752,train,7
137,2043,train,7
137,4502,train,2
137,3333,train,5
137,5661,train,8
137,5468,train,5
137,1312,train,7
137,1299,train,7
137,3864,train,0
137,1266,train,9
137,7065,train,7
137,658,train,4
137,4063,train,2
137,5367,train,7
137,5954,train,7
137,617,train,4
137,6388,train,5
137,4635,train,3
137,469,train,9
137,221,train,3
137,3579,train,9
137,1594,train,9
137,1223,train,3
137,933,train,4
137,3009,train,5
137,4823,train,3
137,4983,train,0
137,2454,train,8
137,3445,train,0
137,6678,train,5
137,1304,train,0
137,5009,train,5
137,1823,train,6
137,7096,train,7
137,6411,train,2
137,2959,train,1
137,5232,train,6
137,1647,train,3
137,363,train,8
137,6366,train,1
137,3408,train,1
137,4377,train,8
137,2317,train,8
137,391,train,4
137,6735,train,3
137,5109,train,8
137,2193,train,1
137,5099,train,0
137,5213,train,0
137,213,train,3
137,648,train,1
137,2420,train,8
137,2823,train,4
137,2719,train,7
137,6724,train,0
137,1347,train,6
137,6095,train,8
137,6906,train,4
137,1375,train,4
137,3330,train,9
137,3944,train,1
137,3569,train,9
137,7351,train,0
137,1938,train,4
137,6838,train,6
137,1723,train,2
137,4182,train,4
137,4612,train,9
137,6612,train,6
137,3795,train,7
137,126,train,5
137,3837,train,4
137,6320,train,3
137,5017,train,2
137,1716,train,2
137,7087,train,1
137,943,train,7
137,3689,train,2
137,7052,train,0
137,6731,train,4
137,2249,train,4
137,3641,train,1
137,4686,train,0
137,727,train,5
137,6456,train,9
137,2155,train,7
137,3102,train,6
137,5345,train,0
137,2490,train,5
137,3191,train,4
137,4297,train,5
137,2622,train,1
137,4993,train,6
137,4192,train,3
137,6097,train,7
137,5336,train,5
137,1527,train,0
137,4255,train,3
137,3192,train,0
137,1451,train,0
137,6099,train,1
137,369,train,6
137,4633,train,2
137,5051,train,6
137,3652,train,9
137,3366,train,2
137,6396,train,9
137,1090,train,7
137,3516,train,9
137,656,train,1
137,1500,train,3
137,389,train,8
137,2073,train,7
137,4043,train,8
137,588,train,6
137,3947,train,5
137,4086,train,4
137,3077,train,1
137,2729,train,1
137,4388,train,4
137,282,train,7
137,7353,train,2
137,4802,train,0
137,5123,train,5
137,2986,train,4
137,508,train,8
137,2933,train,3
137,1058,train,0
137,7181,train,9
137,1478,train,5
137,7090,train,1
137,4097,train,3
137,6748,train,4
137,5389,train,5
137,1373,train,8
137,2494,train,4
137,3954,train,2
137,4364,train,3
137,4403,train,7
137,187,train,7
137,6019,train,6
137,7015,train,4
137,5146,train,2
137,4054,train,1
137,4532,train,6
137,3774,train,4
137,5133,train,7
137,661,train,3
137,1911,train,5
137,4463,train,9
137,372,train,7
137,2500,train,1
137,164,train,4
137,5225,train,9
137,2078,train,3
137,6432,train,8
137,7264,train,7
137,486,train,6
137,6290,train,5
137,776,train,0
137,6004,train,0
137,7102,train,0
137,6887,train,9
137,4185,train,7
137,4429,train,3
137,3385,train,5
137,6913,train,5
137,3492,train,2
137,5471,train,9
137,2238,train,0
137,6594,train,3
137,1920,train,0
137,6013,train,8
137,5315,train,9
137,5760,train,8
137,5692,train,7
137,6155,train,3
137,7215,train,7
137,1114,train,9
137,6452,train,6
137,7249,train,2
137,2354,train,5
137,3708,train,6
137,1432,train,7
137,1919,train,3
137,4754,train,3
137,2544,train,2
137,3021,train,1
137,3416,train,1
137,5074,train,6
137,2005,train,1
137,6463,train,9
137,1687,train,4
137,5805,train,5
137,4408,train,5
137,2725,train,0
137,3817,train,0
137,7025,train,7
137,2732,train,6
137,4277,train,0
137,2627,train,5
137,4736,train,9
137,2031,train,3
137,3268,train,0
137,4272,train,8
137,2212,train,2
137,2857,train,0
137,183,train,3
137,6275,train,1
137,522,train,8
137,3341,train,2
137,5251,train,7
137,3303,train,4
137,1893,train,2
137,430,train,4
137,5267,train,9
137,1684,train,6
137,4847,train,7
137,436,train,9
137,7105,train,7
137,4477,train,7
137,3783,train,2
137,1280,train,8
137,673,train,1
137,8,train,0
137,7296,train,4
137,5957,train,2
137,4362,train,6
137,7119,train,4
137,3636,train,5
137,3409,train,9
137,4933,train,0
137,3110,train,6
137,2080,train,3
137,921,train,0
137,6870,train,4
137,3358,train,8
137,5204,train,1
137,3278,train,6
137,2153,train,5
137,941,train,2
137,2837,train,7
137,2429,train,2
137,2486,train,4
137,4644,train,1
137,6935,train,5
137,3329,train,8
137,506,train,3
137,6457,train,3
137,3068,train,0
137,6779,train,1
137,2418,train,0
137,6072,train,8
137,1421,train,5
137,5714,train,1
137,4458,train,0
137,3686,train,3
137,2701,train,4
137,5545,train,0
137,275,train,8
137,6194,train,0
137,637,train,8
137,5774,train,4
137,3694,train,1
137,7262,train,4
137,942,train,7
137,612,train,4
137,988,train,2
137,3182,train,9
137,6813,train,6
137,6475,train,2
137,6337,train,6
137,4807,train,4
137,6170,train,2
137,6324,train,7
137,1573,train,5
137,4434,train,2
137,1378,train,0
137,2906,train,9
137,3008,train,2
137,3234,train,9
137,3280,train,6
137,2539,train,9
137,6739,train,4
137,6529,train,6
137,2115,train,4
137,3751,train,8
137,5690,train,7
137,3564,train,0
137,3462,train,9
137,4298,train,7
137,6046,train,3
137,3016,train,0
137,5550,train,3
137,3209,train,8
137,1946,train,8
137,7017,train,0
137,1548,train,5
137,6098,train,6
137,6768,train,4
137,3136,train,1
137,5416,train,8
137,5191,train,8
137,7314,train,9
137,4359,train,5
137,1325,train,8
137,6291,train,5
137,2122,train,7
137,4447,train,0
137,1212,train,6
137,6591,train,6
137,6151,train,5
137,2417,train,8
137,5886,train,6
137,2541,train,5
137,2200,train,1
137,7304,train,3
137,6032,train,1
137,4860,train,2
137,6743,train,8
137,4966,train,5
137,3483,train,1
137,4332,train,0
137,404,train,6
137,4441,train,9
137,6545,train,9
137,5863,train,3
137,2708,train,6
137,3729,train,9
137,1249,train,8
137,1772,train,5
137,2018,train,3
137,6934,train,5
137,4949,train,7
137,2920,train,0
137,1715,train,8
137,129,train,9
137,1087,train,7
137,2276,train,3
137,347,train,4
137,4990,train,2
137,5797,train,4
137,5352,train,3
137,2924,train,1
137,1806,train,0
137,1720,train,2
137,2964,train,1
137,2075,train,5
137,504,train,1
137,326,train,6
137,3388,train,1
137,2305,train,7
137,1810,train,1
137,6027,train,1
137,4910,train,7
137,1778,train,4
137,5568,train,8
137,6057,train,8
137,3406,train,6
137,2527,train,3
137,4135,train,9
137,4547,train,4
137,762,train,1
137,3887,train,5
137,214,train,7
137,7306,train,5
137,846,train,4
137,5268,train,7
137,5241,train,3
137,1399,train,5
137,280,train,7
137,4696,train,5
137,6671,train,7
137,3822,train,3
137,2921,train,7
137,4319,train,9
137,2366,train,6
137,6385,train,1
137,6916,train,6
137,4241,train,2
137,155,train,6
137,4673,train,6
137,4240,train,6
137,6969,train,3
137,5042,train,3
137,1175,train,4
137,678,train,2
137,5420,train,1
137,1257,train,8
137,2631,train,8
137,6843,train,4
137,2707,train,3
137,3487,train,5
137,6668,train,7
137,6946,train,7
137,4256,train,2
137,6299,train,4
137,1766,train,4
137,1895,train,8
137,2936,train,3
137,2554,train,1
137,3138,train,4
137,3918,train,7
137,905,train,7
137,999,train,1
137,6075,train,1
137,2737,train,4
137,718,train,7
137,1420,train,5
137,2316,train,1
137,2542,train,6
137,7222,train,0
137,6875,train,4
137,918,train,7
137,3893,train,6
137,5425,train,8
137,2593,train,0
137,241,train,3
137,5723,train,4
137,380,train,4
137,989,train,4
137,7148,train,7
137,2112,train,8
137,1479,train,7
137,1283,train,0
137,3758,train,9
137,4743,train,0
137,6172,train,4
137,233,train,7
137,5659,train,0
137,3212,train,1
137,4767,train,0
137,6210,train,8
137,5103,train,4
137,7268,train,6
137,109,train,7
137,3606,train,7
137,2733,train,9
137,7335,train,4
137,1560,train,8
137,2985,train,0
137,3668,train,2
137,3927,train,7
137,5638,train,6
137,4909,train,8
137,5972,train,7
137,907,train,7
137,4663,train,9
137,3724,train,8
137,5459,train,8
137,4583,train,2
137,2596,train,4
137,5484,train,5
137,4468,train,3
137,3939,train,8
137,2014,train,2
137,3003,train,5
137,7150,train,0
137,5544,train,3
137,6423,train,5
137,1376,train,2
137,2813,train,1
137,3324,train,1
137,5859,train,3
137,5971,train,4
137,2968,train,6
137,5942,train,1
137,2678,train,8
137,6981,train,7
137,2457,train,5
137,5308,train,8
137,2488,train,9
137,6376,train,4
137,2604,train,2
137,6460,train,5
137,1989,train,7
137,4390,train,9
137,4059,train,2
137,6791,train,0
137,6139,train,0
137,6803,train,1
137,1447,train,4
137,1489,train,6
137,2911,train,7
137,1857,train,0
137,6167,train,1
137,2385,train,0
137,3595,train,6
137,4101,train,3
137,3771,train,7
137,4656,train,1
137,2362,train,3
137,6544,train,5
137,396,train,6
137,837,train,1
137,7112,train,2
137,1623,train,6
137,6814,train,1
137,453,train,5
137,5477,train,6
137,6738,train,7
137,4980,train,6
137,4741,train,7
137,577,train,4
137,6132,train,3
137,2244,train,2
137,3202,train,8
137,355,train,4
137,6826,train,3
137,3141,train,4
137,6980,train,5
137,939,train,5
137,1141,train,1
137,7341,train,8
137,4214,train,0
137,1012,train,3
137,3477,train,6
137,3854,train,4
137,2717,train,4
137,1423,train,6
137,5113,train,6
137,1902,train,0
137,3903,train,0
137,651,train,8
137,5869,train,6
137,7234,train,1
137,7196,train,9
137,3161,train,3
137,50,train,9
137,1235,train,2
137,3493,train,1
137,4224,train,5
137,6334,train,6
137,2573,train,2
137,1702,train,5
137,5587,train,6
137,158,train,9
137,7338,train,9
137,6010,train,2
137,4835,train,9
137,4687,train,1
137,491,train,1
137,873,train,5
137,3718,train,9
137,7350,train,2
137,1759,train,2
137,6285,train,9
137,2448,train,2
137,6788,train,9
137,5240,train,7
137,5770,train,8
137,2954,train,1
137,492,train,9
137,5916,train,1
137,4165,train,9
137,5984,train,0
137,5867,train,4
137,3486,train,5
137,177,train,0
137,5234,train,1
137,5277,train,6
137,3369,train,5
137,4080,train,8
137,3945,train,9
137,5147,train,9
137,7343,train,6
137,6654,train,2
137,7006,train,0
137,3131,train,0
137,760,train,2
137,2355,train,3
137,2033,train,0
137,422,train,6
137,7256,train,2
137,2889,train,2
137,6986,train,0
137,1852,train,8
137,2409,train,2
137,3968,train,7
137,1556,train,9
137,6754,train,2
137,1047,train,4
137,2585,train,8
137,2957,train,4
137,6227,train,2
137,4608,train,3
137,871,train,8
137,4569,train,6
137,6674,train,4
137,1461,train,1
137,940,train,5
137,1337,train,5
137,92,train,3
137,1610,train,5
137,1436,train,0
137,3387,train,7
137,4031,train,0
137,447,train,7
137,1007,train,7
137,7273,train,2
137,555,train,4
137,1887,train,3
137,6146,train,7
137,3314,train,1
137,1441,train,1
137,798,train,2
137,2255,train,5
137,4038,train,0
137,3176,train,8
137,7301,train,2
137,6874,train,9
137,4273,train,5
137,5470,train,0
137,5203,train,1
137,6198,train,6
137,6406,train,3
137,4654,train,8
137,387,train,5
137,2915,train,8
137,6658,train,4
137,1734,train,9
137,5845,train,0
137,3499,train,4
137,6879,train,9
137,4351,train,3
137,5271,train,4
137,1967,train,8
137,799,train,5
137,1979,train,1
137,7125,train,2
137,6769,train,2
137,7028,train,5
137,6229,train,1
137,4068,train,2
137,1409,train,5
137,4943,train,5
137,4609,train,7
137,5808,train,1
137,4592,train,3
137,1524,train,9
137,1774,train,0
137,4789,train,7
137,4824,train,4
137,7142,train,3
137,644,train,0
137,2794,train,8
137,7092,train,9
137,5466,train,6
137,4249,train,4
137,4369,train,3
137,5505,train,3
137,2674,train,3
137,1330,train,5
137,4007,train,2
137,6325,train,6
137,6421,train,4
137,782,train,0
137,509,train,7
137,3603,train,7
137,4112,train,8
137,1172,train,6
137,1477,train,3
137,2159,train,1
137,2711,train,4
137,5130,train,8
137,0,train,7
137,6531,train,4
137,4606,train,9
137,2861,train,3
137,3127,train,3
137,3288,train,5
137,1559,train,3
137,6635,train,1
137,2158,train,2
137,976,train,9
137,4626,train,4
137,6602,train,8
137,5570,train,2
137,3154,train,6
137,4368,train,9
137,3144,train,9
137,5218,train,9
137,6352,train,8
137,2397,train,3
137,6471,train,1
137,3365,train,1
137,5175,train,9
137,4555,train,3
137,2382,train,9
137,5678,train,3
137,4865,train,1
137,5922,train,0
137,6447,train,1
137,5642,train,0
137,4358,train,7
137,4724,train,4
137,2211,train,7
137,1567,train,5
137,5013,train,5
137,4707,train,4
137,2363,train,3
137,5054,train,3
137,7318,train,1
137,2099,train,0
137,3779,train,5
137,2873,train,2
137,131,train,0
137,566,train,6
137,2324,train,3
137,904,train,7
137,966,train,5
137,2333,train,1
137,3424,train,7
137,4065,train,4
137,543,train,9
137,1674,train,8
137,1536,train,3
137,3040,train,7
137,1324,train,6
137,3618,train,3
137,610,train,2
137,4624,train,9
137,6749,train,1
137,1497,train,9
137,6760,train,5
137,5578,train,3
137,2917,train,6
137,1206,train,3
137,6044,train,6
137,5239,train,1
137,4173,train,4
137,3444,train,9
137,5668,train,7
137,5227,train,0
137,3328,train,2
137,2605,train,8
137,6469,train,7
137,6972,train,8
137,5558,train,8
137,2938,train,3
137,2866,train,4
137,3482,train,4
137,5214,train,6
137,2927,train,0
137,1072,train,4
137,7154,train,9
137,4967,train,1
137,5337,train,9
137,3420,train,6
137,706,train,1
137,2087,train,8
137,934,train,1
137,4891,train,0
137,5871,train,7
137,3776,train,6
137,4693,train,8
137,107,train,4
137,1973,train,6
137,365,train,5
137,6078,train,7
137,47,train,4
137,2126,train,0
137,1949,train,0
137,5249,train,8
137,5469,train,2
137,1247,train,8
137,2765,train,7
137,1297,train,6
137,5575,train,0
137,814,train,6
137,2567,train,2
137,1729,train,8
137,1953,train,3
137,3679,train,5
137,6419,train,6
137,7169,train,5
137,143,train,7
137,2216,train,0
137,3625,train,6
137,2617,train,6
137,769,train,3
137,6504,train,2
137,4348,train,6
137,1288,train,1
137,5728,train,8
137,5083,train,9
137,4461,train,2
137,688,train,8
137,6517,train,4
137,302,train,4
137,517,train,6
137,1955,train,5
137,4389,train,3
137,954,train,8
137,2152,train,2
137,6639,train,0
137,723,train,6
137,4636,train,8
137,2410,train,6
137,4290,train,3
137,4035,train,8
137,3840,train,6
137,6581,train,0
137,3811,train,0
137,3137,train,7
137,6485,train,5
137,77,train,7
137,4280,train,4
137,4590,train,5
137,5274,train,6
137,6907,train,1
137,5108,train,9
137,3785,train,2
137,5653,train,0
137,876,train,5
137,7279,train,2
137,2009,train,4
137,764,train,3
137,1044,train,5
137,2147,train,9
137,5134,train,6
137,826,train,0
137,6166,train,5
137,5262,train,8
137,4251,train,0
137,5644,train,2
137,5798,train,7
137,7018,train,8
137,2478,train,8
137,4922,train,7
137,6478,train,5
137,2289,train,0
137,5689,train,2
137,2257,train,4
137,2870,train,5
137,5903,train,6
137,4501,train,4
137,5020,train,4
137,3310,train,0
137,3095,train,3
137,4671,train,0
137,2239,train,7
137,3979,train,3
137,7071,train,0
137,5956,train,1
137,2278,train,9
137,3277,train,7
137,1693,train,0
137,341,train,3
137,6824,train,0
137,3769,train,9
137,6444,train,7
137,4083,train,4
137,3090,train,9
137,2667,train,2
137,3298,train,2
137,2470,train,2
137,1030,train,2
137,6797,train,0
137,759,train,0
137,1161,train,9
137,6631,train,7
137,5044,train,4
137,2262,train,7
137,2636,train,5
137,6280,train,3
137,2431,train,2
137,2610,train,5
137,773,train,0
137,5228,train,2
137,5725,train,8
137,5522,train,2
137,2697,train,6
137,2629,train,1
137,1258,train,2
137,5795,train,7
137,5327,train,9
137,5551,train,3
137,5757,train,2
137,3764,train,2
137,646,train,0
137,864,train,5
137,2520,train,8
137,839,train,3
137,4982,train,7
137,283,train,1
137,3399,train,5
137,6039,train,1
137,5152,train,8
137,1903,train,3
137,3224,train,5
137,5904,train,5
137,36,train,7
137,6113,train,5
137,7116,train,9
137,5457,train,8
137,4122,train,9
137,1740,train,3
137,3051,train,3
137,1001,train,8
137,3612,train,1
137,1789,train,6
137,860,train,6
137,3635,train,1
137,5328,train,1
137,2214,train,1
137,6657,train,7
137,4123,train,3
137,1219,train,9
137,6698,train,7
137,2493,train,4
137,2,train,2
137,1354,train,1
137,1978,train,6
137,7280,train,2
137,6412,train,5
137,7167,train,3
137,377,train,6
137,60,train,0
137,3264,train,6
137,4006,train,8
137,5827,train,0
137,5035,train,3
137,4645,train,8
137,3049,train,4
137,2044,train,7
137,1225,train,1
137,4531,train,9
137,2820,train,6
137,5096,train,3
137,806,train,3
137,3700,train,3
137,7180,train,5
137,3443,train,4
137,4734,train,5
137,7085,train,4
137,6345,train,1
137,2506,train,5
137,4162,train,1
137,7002,train,8
137,7189,train,4
137,1809,train,6
137,173,train,7
137,101,train,0
137,2878,train,5
137,4421,train,6
137,1633,train,8
137,1415,train,1
137,3258,train,6
137,705,train,1
137,1944,train,8
137,6799,train,6
137,2204,train,4
137,5768,train,6
137,5669,train,5
137,4972,train,2
137,2897,train,1
137,2067,train,9
137,2105,train,2
137,5640,train,7
137,3107,train,4
137,4941,train,8
137,2037,train,8
137,1209,train,5
137,4088,train,6
137,5928,train,5
137,1485,train,7
137,6957,train,6
137,4514,train,1
137,5650,train,3
137,5515,train,9
137,2657,train,2
137,4442,train,5
137,4884,train,9
137,5220,train,0
137,6234,train,2
137,6232,train,3
137,459,train,5
137,7014,train,8
137,5497,train,9
137,5036,train,4
137,4785,train,7
137,4178,train,4
137,4245,train,0
137,730,train,2
137,37,train,1
137,4836,train,1
137,6619,train,6
137,6834,train,7
137,4563,train,9
137,3938,train,4
137,3802,train,0
137,1193,train,0
137,6872,train,6
137,7121,train,1
137,67,train,2
137,548,train,8
137,2830,train,0
137,6540,train,4
137,3078,train,9
137,5870,train,8
137,1125,train,1
137,3833,train,2
137,5533,train,0
137,2156,train,2
137,2232,train,6
137,4726,train,0
137,1860,train,0
137,6341,train,9
137,1718,train,0
137,6375,train,1
137,2435,train,2
137,327,train,9
137,5683,train,7
137,2292,train,8
137,5927,train,5
137,6578,train,0
137,1095,train,5
137,4416,train,1
137,6076,train,6
137,671,train,7
137,3133,train,3
137,6052,train,2
137,4820,train,2
137,3609,train,4
137,1289,train,0
137,1271,train,8
137,5272,train,9
137,5663,train,4
137,2173,train,2
137,3695,train,0
137,6798,train,6
137,1454,train,3
137,7271,train,9
137,3753,train,5
137,2743,train,2
137,2176,train,3
137,3941,train,6
137,4994,train,0
137,586,train,8
137,2455,train,3
137,2300,train,2
137,5472,train,7
137,6220,train,1
137,6104,train,5
137,5781,train,6
137,243,train,3
137,69,train,4
137,4170,train,3
137,7166,train,4
137,217,train,9
137,6991,train,2
137,3994,train,3
137,1699,train,7
137,1805,train,1
137,5843,train,2
137,1074,train,5
137,2974,train,2
137,5630,train,1
137,5675,train,3
137,1363,train,2
137,3036,train,4
137,110,train,2
137,7061,train,7
137,5981,train,0
137,3140,train,7
137,4418,train,5
137,2359,train,3
137,1988,train,6
137,922,train,2
137,6378,train,4
137,5874,train,6
137,5610,train,0
137,4078,train,1
137,2269,train,9
137,6584,train,9
137,5256,train,2
137,1424,train,3
137,1061,train,4
137,5629,train,5
137,1981,train,6
137,3931,train,0
137,5067,train,1
137,1483,train,1
137,7298,train,2
137,2302,train,1
137,632,train,5
137,4647,train,8
137,6333,train,8
137,5224,train,8
137,473,train,3
137,5554,train,2
137,2465,train,9
137,3639,train,8
137,290,train,5
137,1529,train,2
137,3583,train,7
137,520,train,6
137,3525,train,4
137,6801,train,5
137,4863,train,5
137,546,train,7
137,1260,train,5
137,133,train,7
137,854,train,5
137,5221,train,9
137,2146,train,9
137,2818,train,5
137,2231,train,0
137,291,train,3
137,2399,train,3
137,5814,train,1
137,7358,train,1
137,4874,train,6
137,4685,train,7
137,974,train,3
137,279,train,4
137,336,train,7
137,4066,train,9
137,5334,train,8
137,6794,train,6
137,1205,train,6
137,6662,train,8
137,2799,train,6
137,3061,train,4
137,7156,train,5
137,5631,train,2
137,4581,train,9
137,4386,train,7
137,5754,train,8
137,3754,train,3
137,7206,train,8
137,7182,train,9
137,3980,train,7
137,2312,train,1
137,6357,train,4
137,1407,train,2
137,2811,train,5
137,330,train,8
137,5935,train,4
137,1298,train,9
137,7027,train,8
137,4593,train,0
137,4944,train,3
137,1473,train,8
137,1744,train,8
137,4845,train,2
137,4355,train,4
137,4334,train,6
137,4326,train,9
137,2919,train,7
137,1244,train,0
137,2988,train,0
137,2510,train,1
137,6343,train,1
137,807,train,7
137,6369,train,8
137,5913,train,5
137,1509,train,6
137,1213,train,2
137,3508,train,3
137,6380,train,6
137,5411,train,4
137,5101,train,9
137,6084,train,9
137,3349,train,4
137,3967,train,6
137,3970,train,7
137,5393,train,7
137,5322,train,6
137,5921,train,1
137,4013,train,1
137,823,train,0
137,6271,train,7
137,4890,train,5
137,5357,train,5
137,2624,train,5
137,3762,train,6
137,4177,train,1
137,1781,train,5
137,753,train,2
137,6003,train,8
137,1888,train,1
137,666,train,1
137,5164,train,8
137,1036,train,3
137,6588,train,0
137,4853,train,4
137,5655,train,0
137,6721,train,2
137,964,train,3
137,5284,train,8
137,4295,train,1
137,5532,train,4
137,6837,train,8
137,1779,train,3
137,3948,train,6
137,3861,train,2
137,5987,train,6
137,2756,train,5
137,1109,train,1
137,1178,train,1
137,6882,train,4
137,1936,train,3
137,6792,train,4
137,5552,train,0
137,1038,train,2
137,5189,train,2
137,4056,train,0
137,1134,train,9
137,1950,train,7
137,6519,train,8
137,3966,train,7
137,3383,train,2
137,6669,train,4
137,1314,train,9
137,4,train,4
137,1807,train,9
137,7328,train,4
137,3351,train,2
137,5076,train,3
137,1576,train,0
137,253,train,7
137,1208,train,2
137,6094,train,3
137,6886,train,2
137,1596,train,0
137,1768,train,5
137,1310,train,2
137,4292,train,3
137,3045,train,6
137,3940,train,9
137,6315,train,3
137,6944,train,4
137,5826,train,7
137,3570,train,8
137,655,train,5
137,2503,train,3
137,1361,train,3
137,6262,train,4
137,3010,train,6
137,3953,train,8
137,4039,train,8
137,7289,train,4
137,619,train,7
137,4460,train,3
137,423,train,7
137,2439,train,0
137,4528,train,5
137,1414,train,1
137,4665,train,4
137,4659,train,5
137,3937,train,2
137,1470,train,3
137,1537,train,3
137,5316,train,4
137,5230,train,0
137,6647,train,2
137,6507,train,9
137,1237,train,3
137,726,train,6
137,5541,train,1
137,1799,train,7
137,7226,train,1
137,5656,train,4
137,3075,train,8
137,6888,train,7
137,971,train,9
137,219,train,7
137,2404,train,4
137,6133,train,3
137,2599,train,7
137,3824,train,2
137,3235,train,9
137,5873,train,6
137,1851,train,0
137,4405,train,7
137,7214,train,5
137,4627,train,8
137,1159,train,7
137,6461,train,5
137,6208,train,0
137,440,train,9
137,4604,train,1
137,6551,train,5
137,1146,train,5
137,4140,train,8
137,145,train,8
137,6152,train,6
137,2780,train,2
137,267,train,6
137,1167,train,8
137,4131,train,6
137,5580,train,5
137,827,train,7
137,4247,train,1
137,4409,train,2
137,3379,train,2
137,742,train,1
137,5510,train,6
137,2702,train,5
137,3838,train,4
137,2614,train,4
137,6500,train,2
137,3065,train,2
137,120,train,9
137,289,train,5
137,3645,train,9
137,5702,train,5
137,7339,train,9
137,2023,train,8
137,3489,train,2
137,4708,train,8
137,5641,train,6
137,4812,train,7
137,5376,train,9
137,2689,train,6
137,2476,train,5
137,86,train,0
137,5657,train,2
137,3696,train,1
137,4302,train,1
137,4506,train,4
137,3292,train,4
137,2923,train,5
137,7229,train,5
137,3126,train,2
137,6301,train,2
137,2583,train,7
137,2008,train,3
137,1727,train,9
137,4499,train,3
137,4611,train,0
137,956,train,0
137,6663,train,3
137,5905,train,6
137,4524,train,1
137,1516,train,0
137,1335,train,4
137,4960,train,7
137,5523,train,4
137,5567,train,5
137,3350,train,4
137,6868,train,4
137,1739,train,0
137,386,train,7
137,845,train,2
137,6036,train,4
137,6226,train,0
137,5181,train,6
137,1180,train,5
137,4521,train,8
137,4220,train,1
137,4278,train,3
137,3180,train,2
137,2839,train,9
137,1891,train,7
137,1732,train,1
137,2961,train,0
137,5892,train,3
137,5898,train,9
137,1617,train,7
137,4526,train,3
137,3273,train,9
137,4423,train,0
137,6468,train,2
137,624,train,1
137,5713,train,7
137,3112,train,2
137,1937,train,9
137,500,train,2
137,2615,train,2
137,614,train,3
137,2966,train,5
137,5885,train,8
137,1045,train,2
137,1589,train,0
137,659,train,2
137,4689,train,9
137,4585,train,1
137,5502,train,5
137,3524,train,9
137,4716,train,3
137,3400,train,5
137,1741,train,1
137,1425,train,2
137,542,train,1
137,7265,train,5
137,6034,train,2
137,2991,train,7
137,4868,train,6
137,2998,train,4
137,1391,train,2
137,2950,train,4
137,1696,train,4
137,65,train,0
137,1856,train,9
137,4542,train,0
137,4454,train,9
137,7337,train,4
137,4077,train,3
137,6188,train,0
137,73,train,3
137,2386,train,8
137,6722,train,3
137,15,train,7
137,339,train,9
137,7276,train,9
137,3907,train,1
137,6593,train,5
137,5537,train,8
137,851,train,3
137,6310,train,7
137,2817,train,4
137,3555,train,0
137,4476,train,0
137,7069,train,7
137,5964,train,0
137,6685,train,3
137,4536,train,5
137,674,train,9
137,1690,train,0
137,45,train,1
137,4213,train,3
137,5900,train,8
137,3260,train,3
137,6244,train,7
137,2350,train,6
137,6221,train,1
137,5309,train,8
137,4796,train,9
137,965,train,1
137,4071,train,6
137,4228,train,3
137,4586,train,6
137,6223,train,9
137,5504,train,7
137,1972,train,0
137,2479,train,6
137,2731,train,2
137,4529,train,8
137,7200,train,4
137,5281,train,9
137,3596,train,5
137,7103,train,1
137,3468,train,7
137,6580,train,2
137,2759,train,7
137,5401,train,8
137,3455,train,5
137,4230,train,5
137,6109,train,0
137,227,train,5
137,695,train,1
137,7043,train,4
137,6645,train,7
137,4791,train,8
137,2682,train,8
137,4110,train,5
137,2157,train,7
137,3829,train,4
137,4815,train,8
137,425,train,4
137,563,train,1
137,4485,train,2
137,1196,train,1
137,7197,train,9
137,3963,train,0
137,6284,train,3
137,1517,train,0
137,1383,train,8
137,4918,train,3
137,4324,train,6
137,3675,train,5
137,4092,train,8
137,1678,train,1
137,2206,train,9
137,1328,train,4
137,6736,train,6
137,830,train,4
137,828,train,8
137,3983,train,7
137,2483,train,2
137,6281,train,5
137,6439,train,9
137,7281,train,6
137,1306,train,7
137,834,train,5
137,902,train,4
137,2336,train,4
137,6322,train,9
137,1498,train,3
137,6277,train,5
137,390,train,5
137,1792,train,9
137,6136,train,3
137,5976,train,9
137,5507,train,5
137,2575,train,5
137,4849,train,3
137,4382,train,8
137,1583,train,1
137,3105,train,0
137,2784,train,4
137,1658,train,0
137,2810,train,5
137,1264,train,2
137,5434,train,9
137,4950,train,2
137,6565,train,2
137,5784,train,0
137,3730,train,1
137,6012,train,4
137,2452,train,2
137,5382,train,6
137,3997,train,4
137,3037,train,2
137,3597,train,8
137,2774,train,5
137,6942,train,6
137,3178,train,3
137,3688,train,0
137,195,train,7
137,510,train,3
137,4843,train,3
137,3863,train,2
137,5344,train,0
137,6582,train,9
137,6165,train,0
137,803,train,7
137,1794,train,8
137,494,train,8
137,2993,train,9
137,2872,train,7
137,582,train,7
137,1123,train,6
137,2734,train,3
137,5941,train,0
137,3084,train,5
137,7141,train,4
137,4300,train,8
137,7204,train,1
137,5822,train,0
137,5946,train,0
137,4027,train,2
137,5184,train,2
137,1970,train,5
137,5407,train,4
137,3915,train,0
137,4478,train,1
137,6313,train,5
137,6308,train,4
137,1350,train,4
137,1069,train,4
137,2194,train,5
137,720,train,4
137,3046,train,5
137,2394,train,3
137,3022,train,3
137,6871,train,1
137,5527,train,1
137,6454,train,4
137,6479,train,0
137,4672,train,4
137,1009,train,5
137,4266,train,1
137,4380,train,0
137,388,train,1
137,3960,train,4
137,5104,train,8
137,1864,train,3
137,5548,train,5
137,6576,train,8
137,2824,train,1
137,6675,train,1
137,6704,train,2
137,6163,train,8
137,5206,train,2
137,5676,train,4
137,7054,train,0
137,2291,train,2
137,22,train,8
137,4553,train,5
137,4883,train,8
137,6060,train,3
137,5968,train,3
137,462,train,3
137,5433,train,4
137,285,train,6
137,7247,train,6
137,6925,train,9
137,898,train,5
137,2048,train,4
137,7055,train,4
137,997,train,5
137,6355,train,9
137,4335,train,6
137,2969,train,2
137,4797,train,3
137,1,train,3
137,569,train,7
137,4513,train,1
137,5636,train,0
137,3429,train,1
137,2313,train,4
137,5613,train,0
137,2558,train,9
137,2913,train,4
137,4041,train,4
137,4897,train,8
137,4033,train,8
137,3710,train,1
137,979,train,3
137,200,train,8
137,5087,train,8
137,4855,train,2
137,6499,train,4
137,5937,train,4
137,3913,train,7
137,1958,train,0
137,1745,train,0
137,1111,train,4
137,5752,train,4
137,5828,train,7
137,3448,train,9
137,4651,train,2
137,4904,train,8
137,4620,train,2
137,362,train,4
137,4367,train,4
137,2433,train,2
137,869,train,8
137,5363,train,8
137,1704,train,3
137,7287,train,8
137,5299,train,8
137,3250,train,0
137,2134,train,5
137,188,train,6
137,94,train,6
137,4738,train,9
137,1865,train,8
137,2944,train,9
137,4674,train,8
137,1833,train,2
137,2771,train,8
137,3463,train,1
137,2509,train,4
137,4828,train,0
137,6703,train,4
137,4357,train,8
137,3916,train,6
137,3633,train,4
137,849,train,9
137,1932,train,7
137,5531,train,5
137,407,train,8
137,3476,train,4
137,2651,train,0
137,785,train,3
137,2034,train,9
137,7062,train,1
137,3991,train,6
137,4730,train,7
137,2337,train,8
137,2117,train,6
137,3959,train,5
137,3946,train,9
137,4168,train,4
137,1907,train,6
137,928,train,4
137,6924,train,1
137,1657,train,7
137,4207,train,7
137,3210,train,6
137,7078,train,9
137,4779,train,4
137,5339,train,7
137,1341,train,5
137,737,train,8
137,6518,train,5
137,4062,train,1
137,1707,train,3
137,511,train,1
137,5166,train,1
137,1334,train,9
137,920,train,5
137,5974,train,1
137,6055,train,5
137,1275,train,1
137,560,train,3
137,3100,train,5
137,961,train,6
137,3143,train,1
137,6638,train,8
137,6746,train,5
137,5335,train,8
137,4473,train,4
137,3977,train,6
137,2437,train,0
137,5918,train,2
137,4121,train,3
137,7094,train,2
137,96,train,5
137,5106,train,4
137,3272,train,7
137,4951,train,8
137,5253,train,1
137,3266,train,9
137,5176,train,6
137,379,train,8
137,4805,train,8
137,4515,train,3
137,2190,train,7
137,5812,train,7
137,635,train,9
137,4202,train,5
137,2390,train,8
137,3900,train,0
137,6516,train,0
137,5032,train,3
137,222,train,2
137,2566,train,9
137,6449,train,4
137,1293,train,2
137,495,train,4
137,5012,train,2
137,4155,train,8
137,1094,train,4
137,1802,train,2
137,5014,train,9
137,882,train,0
137,1636,train,3
137,2133,train,8
137,1897,train,3
137,1083,train,7
137,5628,train,8
137,1150,train,6
137,3374,train,2
137,3719,train,4
137,437,train,5
137,748,train,8
137,2119,train,7
137,604,train,3
137,2456,train,3
137,2000,train,2
137,4465,train,5
137,420,train,1
137,3677,train,1
137,1368,train,8
137,5648,train,5
137,2160,train,3
137,4745,train,3
137,3814,train,9
137,6123,train,4
137,1848,train,7
137,4577,train,1
137,2006,train,9
137,294,train,9
137,6592,train,7
137,6157,train,8
137,1577,train,0
137,5500,train,7
137,5962,train,1
137,6401,train,5
137,3952,train,5
137,3827,train,9
137,7340,train,8
137,4337,train,4
137,6893,train,6
137,668,train,4
137,2223,train,2
137,5969,train,4
137,3921,train,2
137,7030,train,8
137,1639,train,5
137,1068,train,8
137,4015,train,6
137,2272,train,2
137,433,train,2
137,1974,train,7
137,4582,train,7
137,7283,train,6
137,1876,train,1
137,6952,train,0
137,2929,train,2
137,925,train,9
137,2453,train,0
137,299,train,8
137,186,train,9
137,5938,train,7
137,4084,train,0
137,318,train,7
137,3830,train,1
137,2381,train,0
137,1998,train,7
137,1262,train,4
137,5443,train,7
137,1194,train,0
137,4854,train,0
137,1035,train,1
137,2847,train,0
137,1366,train,9
137,4374,train,6
137,3728,train,6
137,7232,train,4
137,6708,train,6
137,2281,train,9
137,6160,train,8
137,3622,train,8
137,4652,train,9
137,5126,train,4
137,4804,train,7
137,6288,train,8
137,3007,train,0
137,5600,train,1
137,685,train,7
137,3930,train,1
137,6966,train,1
137,2609,train,5
137,2922,train,5
137,5835,train,8
137,6269,train,6
137,4076,train,9
137,6270,train,2
137,2129,train,0
137,3985,train,7
137,3498,train,9
137,2461,train,1
137,4404,train,5
137,5930,train,6
137,6342,train,2
137,5893,train,1
137,3572,train,1
137,5492,train,8
137,2364,train,9
137,1838,train,9
137,21,train,7
137,72,train,4
137,1472,train,0
137,7190,train,0
137,203,train,4
137,4898,train,8
137,4096,train,7
137,3881,train,8
137,87,train,6
137,1402,train,8
137,1572,train,0
137,4265,train,8
137,3670,train,5
137,7285,train,0
137,4602,train,3
137,3470,train,2
137,1081,train,1
137,900,train,1
137,5572,train,6
137,5209,train,3
137,6087,train,8
137,5907,train,7
137,5077,train,0
137,1147,train,9
137,1091,train,4
137,3722,train,2
137,3382,train,6
137,7183,train,8
137,2111,train,8
137,7326,train,1
137,1601,train,6
137,5749,train,4
137,5769,train,8
137,3103,train,4
137,2332,train,3
137,3193,train,3
137,1055,train,7
137,6967,train,6
137,1374,train,6
137,82,train,4
137,244,train,0
137,322,train,6
137,3544,train,6
137,5557,train,1
137,5980,train,4
137,6486,train,6
137,6633,train,6
137,202,train,9
137,3205,train,0
137,7297,train,5
137,6585,train,8
137,1464,train,8
137,7056,train,8
137,1119,train,0
137,4649,train,8
137,2088,train,5
137,3587,train,9
137,1243,train,2
137,2899,train,0
137,1641,train,8
137,4055,train,4
137,5687,train,4
137,530,train,6
137,2939,train,6
137,1840,train,4
137,2764,train,0
137,1218,train,1
137,983,train,8
137,5736,train,7
137,1379,train,4
137,2621,train,3
137,5127,train,4
137,565,train,4
137,342,train,2
137,5989,train,1
137,6608,train,2
137,2829,train,8
137,809,train,8
137,5326,train,3
137,123,train,3
137,1377,train,4
137,1604,train,7
137,5632,train,6
137,4979,train,8
137,797,train,1
137,724,train,8
137,3244,train,2
137,6666,train,7
137,5139,train,3
137,5437,train,0
137,6690,train,7
137,2648,train,7
137,261,train,7
137,817,train,3
137,4167,train,8
137,1879,train,4
137,2859,train,7
137,6987,train,7
137,3888,train,3
137,3032,train,5
137,6807,train,0
137,2086,train,2
137,4422,train,4
137,6212,train,3
137,2686,train,6
137,6120,train,5
137,6085,train,3
137,3457,train,3
137,4275,train,4
137,5704,train,1
137,2246,train,0
137,6921,train,8
137,4561,train,3
137,5665,train,4
137,4315,train,2
137,2656,train,1
137,5075,train,9
137,4628,train,5
137,2022,train,0
137,6069,train,5
137,5138,train,5
137,1780,train,1
137,3067,train,2
137,4859,train,2
137,1467,train,6
137,185,train,1
137,843,train,7
137,2875,train,9
137,6442,train,7
137,2097,train,2
137,381,train,3
137,735,train,6
137,4082,train,6
137,6203,train,9
137,2592,train,8
137,1217,train,6
137,1469,train,4
137,4682,train,2
137,4975,train,8
137,2928,train,9
137,4079,train,4
137,5355,train,9
137,465,train,3
137,6860,train,7
137,6233,train,6
137,409,train,2
137,427,train,7
137,2912,train,7
137,2050,train,1
137,2053,train,7
137,2101,train,7
137,3905,train,0
137,1997,train,0
137,2550,train,6
137,3598,train,3
137,2744,train,7
137,4508,train,3
137,6680,train,0
137,2747,train,2
137,3150,train,8
137,2277,train,5
137,3590,train,5
137,161,train,2
137,6510,train,7
137,6827,train,1
137,7084,train,0
137,4861,train,7
137,1343,train,5
137,1501,train,8
137,631,train,2
137,6336,train,7
137,7075,train,4
137,6553,train,6
137,2895,train,5
137,6025,train,8
137,7012,train,9
137,1521,train,0
137,2696,train,9
137,5951,train,5
137,2487,train,8
137,288,train,1
137,7330,train,9
137,7107,train,7
137,42,train,1
137,1724,train,5
137,5647,train,4
137,5458,train,4
137,4813,train,2
137,2299,train,5
137,549,train,2
137,5573,train,8
137,4203,train,3
137,4574,train,5
137,6236,train,6
137,4857,train,1
137,1048,train,8
137,2106,train,1
137,2210,train,3
137,3632,train,8
137,4375,train,2
137,5487,train,5
137,6400,train,2
137,4124,train,4
137,7147,train,3
137,4714,train,7
137,6158,train,6
137,2877,train,7
137,2594,train,2
137,5447,train,4
137,5524,train,6
137,5000,train,0
137,7171,train,4
137,6598,train,5
137,2602,train,8
137,552,train,8
137,4765,train,6
137,3793,train,1
137,29,train,7
137,2121,train,5
137,417,train,9
137,1024,train,4
137,5697,train,5
137,7286,train,7
137,3678,train,4
137,1784,train,0
137,6038,train,9
137,7258,train,8
137,1905,train,3
137,419,train,3
137,3961,train,2
137,5788,train,2
137,7067,train,9
137,1624,train,8
137,2726,train,8
137,1084,train,8
137,1286,train,7
137,2011,train,5
137,4953,train,7
137,4718,train,2
137,6361,train,8
137,6096,train,9
137,6141,train,8
137,3433,train,2
137,4580,train,2
137,5111,train,4
137,281,train,2
137,5069,train,0
137,1192,train,5
137,7059,train,5
137,1255,train,3
137,7165,train,8
137,5428,train,5
137,541,train,6
137,5493,train,9
137,3981,train,7
137,5895,train,1
137,2587,train,2
137,2855,train,4
137,7120,train,2
137,1751,train,1
137,4237,train,3
137,1878,train,3
137,6306,train,3
137,6918,train,3
137,6559,train,0
137,2865,train,0
137,5160,train,9
137,5386,train,1
137,6258,train,1
137,5441,train,6
137,6648,train,6
137,4965,train,5
137,182,train,7
137,1101,train,1
137,2517,train,2
137,5834,train,4
137,2844,train,3
137,1494,train,3
137,4151,train,4
137,5732,train,7
137,1531,train,9
137,249,train,9
137,1561,train,2
137,6389,train,7
137,4339,train,3
137,4495,train,2
137,4969,train,9
137,2309,train,2
137,81,train,8
137,529,train,6
137,2748,train,8
137,3800,train,3
137,220,train,6
137,4706,train,9
137,4892,train,8
137,2108,train,7
137,3849,train,2
137,1910,train,8
137,2977,train,5
137,1599,train,4
137,1107,train,8
137,1783,train,3
137,3505,train,5
137,1691,train,8
137,2620,train,5
137,1791,train,7
137,3362,train,2
137,3376,train,2
137,1254,train,3
137,7250,train,6
137,4839,train,5
137,141,train,5
137,3142,train,8
137,3252,train,3
137,5535,train,0
137,190,train,5
137,6487,train,4
137,5949,train,6
137,2466,train,5
137,3731,train,6
137,6903,train,0
137,5494,train,3
137,1619,train,2
137,931,train,7
137,5994,train,0
137,4383,train,9
137,321,train,4
137,1771,train,0
137,4588,train,2
137,400,train,8
137,1401,train,9
137,6856,train,8
137,61,train,2
137,6509,train,4
137,1154,train,3
137,7099,train,1
137,1392,train,6
137,1650,train,8
137,6770,train,2
137,2533,train,0
137,2063,train,5
137,2427,train,2
137,783,train,2
137,6243,train,8
137,3436,train,6
137,157,train,6
137,3746,train,8
137,5790,train,1
137,6691,train,4
137,2482,train,9
137,5977,train,7
137,6955,train,4
137,4343,train,9
137,5489,train,1
137,3845,train,1
137,6045,train,6
137,1353,train,8
137,1627,train,8
137,626,train,1
137,5318,train,6
137,1215,train,6
137,4864,train,0
137,6488,train,6
137,163,train,5
137,1385,train,3
137,4090,train,4
137,461,train,0
137,234,train,4
137,1963,train,2
137,284,train,6
137,2860,train,3
137,153,train,6
137,1595,train,1
137,2739,train,4
137,2580,train,5
137,2273,train,0
137,1252,train,3
137,434,train,9
137,7309,train,7
137,426,train,8
137,2475,train,3
137,4698,train,1
137,4070,train,8
137,307,train,9
137,1824,train,7
137,4537,train,8
137,1749,train,2
137,6684,train,9
137,550,train,2
137,7124,train,1
137,2753,train,1
137,6948,train,2
137,66,train,7
137,6574,train,2
137,2879,train,9
137,5691,train,3
137,855,train,0
137,3559,train,5
137,6164,train,3
137,4289,train,9
137,1826,train,5
137,2489,train,5
137,23,train,4
137,3706,train,6
137,1228,train,1
137,2203,train,1
137,6569,train,5
137,3345,train,3
137,2958,train,2
137,39,train,6
137,6197,train,4
137,405,train,9
137,3831,train,9
137,4407,train,1
137,4886,train,5
137,2801,train,8
137,3556,train,8
137,3701,train,4
137,3361,train,0
137,3749,train,3
137,2085,train,7
137,2480,train,5
137,535,train,0
137,2531,train,1
137,361,train,8
137,2376,train,8
137,4156,train,7
137,592,train,7
137,6859,train,5
137,4908,train,7
137,136,train,2
137,4000,train,7
137,995,train,2
137,3662,train,7
137,3214,train,4
137,6656,train,4
137,1513,train,7
137,4962,train,9
137,719,train,6
137,5461,train,0
137,4193,train,1
137,6583,train,0
137,32,train,9
137,7332,train,7
137,4976,train,8
137,4914,train,4
137,3667,train,5
137,1960,train,8
137,1220,train,1
137,5237,train,0
137,4923,train,4
137,2846,train,4
137,2391,train,7
137,2154,train,1
137,4475,train,8
137,2664,train,8
137,1798,train,0
137,1456,train,1
137,5180,train,8
137,4225,train,1
137,114,train,8
137,3372,train,4
137,5868,train,0
137,4316,train,9
137,638,train,1
137,5078,train,5
137,4699,train,6
137,4181,train,4
137,1664,train,9
137,4913,train,7
137,3257,train,9
137,6251,train,3
137,140,train,0
137,5952,train,5
137,1356,train,1
137,2576,train,6
137,7187,train,2
137,1241,train,5
137,784,train,7
137,3166,train,5
137,2310,train,6
137,4113,train,5
137,4328,train,6
137,687,train,8
137,1156,train,6
137,6302,train,4
137,2288,train,8
137,7275,train,1
137,4885,train,3
137,5917,train,4
137,5064,train,7
137,7050,train,7
137,7267,train,5
137,1308,train,3
137,1585,train,3
137,6573,train,9
137,2952,train,6
137,6628,train,8
137,1021,train,4
137,616,train,7
137,6407,train,6
137,2742,train,7
137,689,train,4
137,1620,train,7
137,676,train,3
137,3456,train,1
137,320,train,2
137,3894,train,3
137,5979,train,0
137,4858,train,2
137,315,train,5
137,2603,train,2
137,4959,train,9
137,1034,train,4
137,4005,train,6
137,7299,train,8
137,236,train,7
137,5260,train,5
137,5931,train,9
137,4262,train,6
137,4780,train,0
137,1933,train,5
137,5210,train,6
137,3942,train,7
137,5071,train,6
137,3560,train,6
137,889,train,1
137,34,train,4
137,1564,train,6
137,593,train,0
137,1831,train,6
137,7051,train,5
137,1622,train,9
137,1645,train,0
137,5530,train,9
137,3223,train,6
137,4739,train,0
137,4919,train,4
137,399,train,0
137,3173,train,5
137,6840,train,8
137,100,train,2
137,6059,train,8
137,207,train,5
137,270,train,0
137,5806,train,4
137,2095,train,0
137,4550,train,4
137,3906,train,9
137,875,train,7
137,4769,train,3
137,887,train,5
137,46,train,5
137,2120,train,2
137,1148,train,4
137,2874,train,3
137,3834,train,5
137,7261,train,9
137,3581,train,2
137,2722,train,9
137,1712,train,3
137,2951,train,3
137,230,train,6
137,2178,train,2
137,6391,train,7
137,4426,train,5
137,3122,train,8
137,412,train,3
137,2290,train,7
137,788,train,5
137,6364,train,5
137,1535,train,7
137,5821,train,3
137,3617,train,3
137,2502,train,4
137,2653,train,1
137,5448,train,2
137,6224,train,2
137,3377,train,4
137,2311,train,1
137,2282,train,8
137,2040,train,4
137,5452,train,1
137,4916,train,3
137,6780,train,6
137,4114,train,4
137,456,train,5
137,3794,train,6
137,263,train,9
137,5777,train,1
137,2714,train,3
137,5967,train,3
137,4619,train,4
137,2181,train,7
137,3862,train,2
137,5313,train,2
137,583,train,9
137,4938,train,8
137,6732,train,8
137,6062,train,5
137,6150,train,5
137,2745,train,4
137,813,train,5
137,1659,train,3
137,1043,train,0
137,4705,train,2
137,559,train,9
137,3832,train,7
137,2268,train,5
137,6848,train,9
137,1508,train,1
137,3714,train,8
137,6090,train,1
137,6673,train,1
137,6107,train,5
137,5177,train,3
137,4093,train,3
137,2746,train,0
137,5701,train,1
137,5122,train,5
137,4704,train,3
137,1930,train,0
137,5301,train,3
137,457,train,4
137,5046,train,4
137,2215,train,6
137,435,train,2
137,3001,train,8
137,5854,train,0
137,585,train,4
137,5185,train,3
137,6603,train,1
137,947,train,4
137,4758,train,7
137,3464,train,0
137,394,train,0
137,699,train,3
137,1358,train,5
137,2378,train,9
137,2836,train,4
137,5878,train,0
137,3788,train,6
137,6758,train,1
137,2975,train,7
137,3323,train,0
137,2937,train,6
137,3643,train,2
137,1457,train,2
137,4108,train,0
137,4844,train,0
137,6067,train,3
137,2782,train,1
137,880,train,5
137,4396,train,1
137,4751,train,3
137,6923,train,0
137,4147,train,4
137,4773,train,3
137,1351,train,8
137,4817,train,3
137,1362,train,4
137,6564,train,6
137,6560,train,0
137,787,train,3
137,2700,train,6
137,12,train,5
137,54,train,0
137,2444,train,9
137,4186,train,0
137,3340,train,5
137,429,train,2
137,374,train,6
137,3803,train,1
137,2451,train,9
137,7294,train,7
137,1226,train,3
137,5156,train,5
137,1327,train,4
137,52,train,4
137,6525,train,5
137,3391,train,0
137,1315,train,2
137,1964,train,8
137,6050,train,4
137,7185,train,0
137,224,train,3
137,6898,train,9
137,3109,train,2
137,446,train,6
137,3699,train,9
137,6521,train,3
137,4425,train,3
137,1785,train,4
137,710,train,5
137,1581,train,4
137,6335,train,3
137,1458,train,0
137,5453,train,9
137,103,train,7
137,5354,train,0
137,198,train,6
137,1842,train,1
137,4448,train,8
137,682,train,9
137,4069,train,3
137,6750,train,5
137,4757,train,8
137,2069,train,3
137,3741,train,5
137,3515,train,4
137,4851,train,6
137,1026,train,6
137,5598,train,1
137,4834,train,4
137,4205,train,3
137,2235,train,6
137,1797,train,1
137,3475,train,3
137,5796,train,0
137,7137,train,0
137,6793,train,6
137,393,train,3
137,4995,train,6
137,376,train,6
137,2442,train,1
137,7152,train,7
137,7091,train,2
137,5815,train,7
137,7074,train,0
137,1697,train,5
137,5614,train,8
137,5026,train,9
137,1669,train,4
137,3129,train,6
137,6379,train,5
137,6831,train,6
137,765,train,4
137,829,train,0
137,6776,train,7
137,5294,train,1
137,218,train,9
137,4571,train,2
137,3659,train,7
137,2066,train,2
137,5028,train,7
137,6973,train,5
137,6105,train,5
137,5222,train,1
137,7077,train,4
137,4346,train,2
137,1733,train,0
137,1629,train,7
137,4479,train,9
137,2191,train,9
137,4146,train,2
137,3432,train,6
137,2981,train,3
137,1439,train,9
137,6855,train,5
137,11,train,5
137,3732,train,5
137,7248,train,9
137,5263,train,9
137,3538,train,1
137,5375,train,7
137,346,train,1
137,1672,train,9
137,766,train,9
137,105,train,5
137,7126,train,3
137,5116,train,3
137,1229,train,8
137,5608,train,9
137,3035,train,1
137,4497,train,2
137,6200,train,3
137,1435,train,5
137,1940,train,3
137,5330,train,7
137,408,train,2
137,6884,train,6
137,6945,train,6
137,986,train,0
137,1163,train,9
137,5559,train,5
137,6677,train,1
137,4948,train,4
137,4518,train,1
137,1901,train,2
137,2327,train,6
137,3530,train,1
137,3153,train,9
137,2293,train,5
137,5801,train,1
137,2561,train,3
137,165,train,5
137,5670,train,6
137,5745,train,8
137,4436,train,1
137,3693,train,0
137,3702,train,5
137,3216,train,8
137,6263,train,4
137,5343,train,0
137,102,train,3
137,5782,train,0
137,2556,train,1
137,825,train,3
137,5165,train,8
137,7101,train,8
137,154,train,8
137,1006,train,3
137,1471,train,3
137,3936,train,4
137,2172,train,0
137,6426,train,6
137,4439,train,7
137,127,train,3
137,2186,train,5
137,4607,train,5
137,5833,train,1
137,1547,train,9
137,4936,train,3
137,255,train,2
137,2665,train,6
137,6031,train,8
137,6351,train,9
137,3615,train,4
137,1126,train,6
137,5491,train,2
137,335,train,1
137,2881,train,2
137,4233,train,4
137,937,train,2
137,2371,train,3
137,5861,train,1
137,3398,train,6
137,2195,train,3
137,4215,train,4
137,3614,train,6
137,7036,train,2
137,5098,train,9
137,5747,train,1
137,7066,train,4
137,3523,train,9
137,5174,train,3
137,1519,train,2
137,4252,train,9
137,1405,train,7
137,4456,train,6
137,3248,train,7
137,891,train,3
137,4924,train,7
137,7307,train,1
137,6727,train,8
137,3197,train,1
137,4831,train,5
137,5037,train,6
137,5733,train,8
137,6649,train,6
137,512,train,7
137,5081,train,8
137,3812,train,3
137,6763,train,6
137,6476,train,8
137,1238,train,3
137,6589,train,0
137,5860,train,3
137,2685,train,3
137,567,train,1
137,3545,train,8
137,2990,train,8
137,3971,train,0
137,1630,train,2
137,2525,train,6
137,2217,train,3
137,6617,train,3
137,6765,train,7
137,2871,train,3
137,2625,train,0
137,6745,train,6
137,804,train,7
137,6926,train,4
137,3772,train,2
137,4410,train,5
137,6448,train,4
137,3875,train,9
137,6936,train,4
137,5161,train,2
137,5654,train,9
137,691,train,2
137,1272,train,2
137,2383,train,1
137,5620,train,4
137,5233,train,3
137,3568,train,7
137,4974,train,5
137,1183,train,9
137,1993,train,6
137,812,train,4
137,5899,train,3
137,1855,train,8
137,5110,train,7
137,3585,train,0
137,1579,train,4
137,1480,train,9
137,751,train,7
137,970,train,4
137,2020,train,9
137,6895,train,8
137,7355,train,9
137,6511,train,6
137,4413,train,2
137,3613,train,3
137,2816,train,7
137,3855,train,4
137,2826,train,7
137,7319,train,4
137,5741,train,9
137,6965,train,1
137,6961,train,6
137,5456,train,4
137,7130,train,2
137,40,train,1
137,3111,train,0
137,6717,train,4
137,5055,train,9
137,3120,train,6
137,2918,train,6
137,4152,train,0
137,5514,train,5
137,1364,train,5
137,6074,train,7
137,820,train,5
137,7225,train,4
137,3336,train,9
137,4199,train,1
137,5144,train,0
137,471,train,0
137,4662,train,4
137,1139,train,4
137,4787,train,0
137,7223,train,0
137,3316,train,3
137,5,train,4
137,5068,train,3
137,1611,train,3
137,2643,train,4
137,4321,train,0
137,4129,train,3
137,6368,train,7
137,6255,train,4
137,3806,train,2
137,4392,train,4
137,778,train,3
137,2107,train,5
137,169,train,4
137,4464,train,2
137,4816,train,0
137,841,train,1
137,5001,train,1
137,2588,train,0
137,2149,train,2
137,1646,train,2
137,6007,train,5
137,3742,train,2
137,58,train,2
137,886,train,6
137,6784,train,6
137,6579,train,6
137,6999,train,6
137,3048,train,4
137,6977,train,7
137,4551,train,5
137,293,train,2
137,6077,train,1
137,269,train,1
137,6191,train,7
137,6634,train,8
137,6079,train,0
137,791,train,2
137,868,train,6
137,1395,train,6
137,4692,train,2
137,4653,train,8
137,4301,train,5
137,3709,train,2
137,4776,train,1
137,5003,train,0
137,5534,train,0
137,3200,train,8
137,5508,train,1
137,5418,train,8
137,4175,train,7
137,4073,train,6
137,6811,train,3
137,6990,train,4
137,6979,train,9
137,3495,train,8
137,6477,train,6
137,3092,train,7
137,1863,train,5
137,611,train,1
137,870,train,2
137,3874,train,8
137,3364,train,4
137,580,train,2
137,6897,train,1
137,6643,train,5
137,2460,train,4
137,5364,train,0
137,539,train,5
137,6011,train,2
137,1240,train,8
137,6636,train,5
137,1357,train,1
137,4926,train,6
137,297,train,7
137,278,train,8
137,4261,train,5
137,1108,train,1
137,3096,train,0
137,4615,train,8
137,5254,train,7
137,1463,train,5
137,3895,train,6
137,5699,train,7
137,3261,train,3
137,4303,train,0
137,761,train,2
137,6596,train,9
137,3565,train,8
137,5767,train,1
137,205,train,1
137,2721,train,5
137,4902,train,7
137,3089,train,4
137,4905,train,7
137,584,train,2
137,4806,train,9
137,1319,train,3
137,1022,train,6
137,5738,train,8
137,5100,train,6
137,4998,train,4
137,680,train,1
137,1625,train,0
137,2150,train,6
137,1416,train,3
137,811,train,5
137,4700,train,9
137,2342,train,0
137,4900,train,3
137,2143,train,0
137,663,train,3
137,5939,train,3
137,5986,train,4
137,2806,train,9
137,5371,train,6
137,1543,train,1
137,5295,train,3
137,5092,train,6
137,6122,train,3
137,5266,train,2
137,5392,train,9
137,3017,train,0
137,1854,train,9
137,6988,train,8
137,7333,train,8
137,3836,train,5
137,2680,train,9
137,2030,train,6
137,6377,train,0
137,1320,train,7
137,877,train,7
137,1267,train,7
137,2180,train,5
137,1422,train,6
137,2224,train,9
137,1951,train,1
137,3135,train,3
137,6331,train,0
137,5159,train,8
137,1941,train,1
137,1803,train,0
137,1181,train,1
137,3891,train,0
137,4117,train,7
137,4517,train,9
137,2047,train,9
137,3535,train,4
137,5264,train,8
137,1284,train,3
137,3441,train,7
137,4229,train,6
137,2256,train,3
137,6148,train,2
137,2795,train,4
137,4657,train,8
137,6058,train,5
137,1236,train,0
137,5384,train,7
137,1835,train,9
137,1179,train,0
137,1700,train,6
137,1221,train,0
137,1239,train,3
137,3459,train,8
137,6775,train,0
137,1153,train,4
137,33,train,8
137,3594,train,1
137,6830,train,6
137,2438,train,4
137,5215,train,5
137,5212,train,3
137,5422,train,6
137,3160,train,6
137,562,train,6
137,2869,train,1
137,3986,train,7
137,6777,train,2
137,2671,train,6
137,4523,train,5
137,1168,train,7
137,1270,train,1
137,5627,train,2
137,802,train,4
137,1104,train,8
137,6539,train,9
137,3878,train,8
137,1393,train,3
137,4349,train,6
137,6121,train,3
137,6996,train,7
137,259,train,3
137,5601,train,8
137,360,train,6
137,6627,train,6
137,576,train,6
137,1861,train,9
137,7305,train,3
137,4118,train,7
137,4158,train,1
137,1135,train,0
137,4830,train,8
137,6346,train,3
137,2320,train,4
137,6436,train,3
137,1614,train,9
137,3123,train,0
137,527,train,9
137,6823,train,8
137,3322,train,8
137,6607,train,0
137,2876,train,3
137,865,train,4
137,3848,train,1
137,975,train,3
137,6852,train,2
137,6949,train,0
137,3548,train,8
137,2672,train,4
137,4195,train,1
137,6266,train,2
137,6070,train,4
137,277,train,3
137,3919,train,8
137,2498,train,7
137,1269,train,4
137,5369,train,0
137,4622,train,5
137,5526,train,4
137,774,train,1
137,6252,train,4
137,4378,train,1
137,6443,train,8
137,5518,train,1
137,1085,train,2
137,6392,train,1
137,2368,train,7
137,1510,train,7
137,3691,train,6
137,2822,train,1
137,1445,train,7
137,681,train,3
137,174,train,3
137,4048,train,7
137,1667,train,1
137,4127,train,8
137,605,train,4
137,2271,train,1
137,2422,train,5
137,1832,train,5
137,2218,train,6
137,6018,train,5
137,6049,train,2
137,5243,train,9
137,3256,train,1
137,4584,train,0
137,122,train,5
137,6296,train,5
137,1886,train,2
137,7019,train,4
137,833,train,3
137,3792,train,2
137,5063,train,0
137,3121,train,4
137,2301,train,8
137,771,train,1
137,250,train,9
137,20,train,9
137,4964,train,8
137,3872,train,1
137,366,train,3
137,1263,train,4
137,2608,train,9
137,4023,train,6
137,3899,train,4
137,2379,train,1
137,6982,train,5
137,2534,train,5
137,1821,train,2
137,4870,train,0
137,1520,train,6
137,3454,train,0
137,3736,train,2
137,6785,train,9
137,6029,train,6
137,4455,train,9
137,3002,train,2
137,5990,train,4
137,3373,train,6
137,1276,train,3
137,6917,train,6
137,468,train,6
137,4163,train,1
137,3591,train,6
137,6650,train,7
137,1913,train,1
137,3384,train,0
137,5282,train,7
137,2374,train,2
137,863,train,3
137,6994,train,4
137,196,train,3
137,5034,train,3
137,554,train,3
137,2446,train,8
137,3320,train,4
137,2400,train,6
137,3734,train,4
137,57,train,9
137,3308,train,9
137,4833,train,4
137,6260,train,0
137,2384,train,5
137,6480,train,7
137,5825,train,5
137,3955,train,6
137,5759,train,2
137,5712,train,1
137,1795,train,8
137,6910,train,2
137,4894,train,4
137,4179,train,6
137,3312,train,9
137,2553,train,2
137,1370,train,9
137,980,train,6
137,7073,train,5
137,3426,train,6
137,3867,train,5
137,3478,train,8
137,3692,train,1
137,5765,train,9
137,5079,train,6
137,5436,train,6
137,6339,train,0
137,117,train,7
137,5929,train,2
137,6699,train,1
137,4267,train,0
137,1406,train,0
137,1731,train,5
137,5481,train,1
137,1846,train,6
137,4675,train,2
137,3352,train,9
137,6404,train,6
137,1685,train,1
137,507,train,7
137,5985,train,6
137,3,train,1
137,6902,train,7
137,6424,train,1
137,5569,train,9
137,3063,train,4
137,5246,train,3
137,2280,train,5
137,4557,train,5
137,124,train,9
137,3821,train,5
137,738,train,4
137,2946,train,6
137,2060,train,5
137,4154,train,1
137,6978,train,0
137,6304,train,2
137,1755,train,0
137,3608,train,6
137,1278,train,5
137,5259,train,3
137,4811,train,7
137,6974,train,7
137,5011,train,9
137,7315,train,2
137,5803,train,2
137,1969,train,7
137,368,train,6
137,2148,train,6
137,3520,train,2
137,6672,train,1
137,5750,train,0
137,62,train,1
137,4242,train,5
137,848,train,1
137,4487,train,4
137,684,train,6
137,2165,train,8
137,1632,train,9
137,5070,train,8
137,1996,train,1
137,1909,train,1
137,4931,train,8
137,3809,train,3
137,6533,train,0
137,4722,train,3
137,4970,train,2
137,1793,train,3
137,7240,train,1
137,6939,train,4
137,256,train,2
137,240,train,8
137,6397,train,8
137,6863,train,6
137,2346,train,5
137,4347,train,1
137,1359,train,0
137,6964,train,5
137,6890,train,4
137,7282,train,9
137,2767,train,4
137,629,train,9
137,3053,train,4
137,2177,train,0
137,4329,train,7
137,1621,train,9
137,5427,train,1
137,5348,train,6
137,25,train,4
137,2687,train,1
137,2560,train,6
137,4183,train,3
137,590,train,0
137,1679,train,2
137,2619,train,2
137,5590,train,2
137,1834,train,5
137,76,train,3
137,6434,train,7
137,901,train,7
137,3270,train,2
137,1056,train,2
137,3889,train,7
137,6466,train,6
137,936,train,2
137,4942,train,9
137,7060,train,5
137,6956,train,6
137,5681,train,6
137,2041,train,2
137,6267,train,9
137,6819,train,8
137,4664,train,1
137,767,train,0
137,3062,train,4
137,4971,train,9
137,4503,train,9
137,2526,train,2
137,2279,train,7
137,2423,train,4
137,3056,train,5
137,1849,train,8
137,3185,train,9
137,780,train,8
137,5095,train,6
137,71,train,9
137,1916,train,6
137,3348,train,7
137,3071,train,2
137,5065,train,8
137,6394,train,2
137,4756,train,6
137,1145,train,5
137,5197,train,6
137,5027,train,2
137,3094,train,5
137,5915,train,7
137,3164,train,1
137,4498,train,2
137,4161,train,1
137,1476,train,8
137,1488,train,8
137,6894,train,4
137,2669,train,4
137,2802,train,9
137,4927,train,8
137,5446,train,1
137,2283,train,2
137,2213,train,2
137,6846,train,0
137,323,train,1
137,627,train,3
137,3488,train,0
137,6053,train,5
137,1943,train,6
137,35,train,8
137,3543,train,7
137,6718,train,1
137,5490,train,7
137,3628,train,5
137,1413,train,9
137,1961,train,1
137,4226,train,5
137,6527,train,0
137,4841,train,2
137,6889,train,7
137,135,train,1
137,6080,train,4
137,1305,train,7
137,1796,train,2
137,4299,train,8
137,3723,train,0
137,3276,train,9
137,402,train,1
137,7079,train,8
137,4702,train,1
137,1389,train,3
137,3801,train,9
137,1534,train,5
137,4639,train,0
137,2424,train,5
137,2684,train,4
137,3901,train,9
137,903,train,2
137,7284,train,2
137,3648,train,6
137,2679,train,5
137,3148,train,9
137,5586,train,6
137,7361,train,1
137,4381,train,0
137,1871,train,2
137,5658,train,9
137,3964,train,2
137,3315,train,1
137,516,train,1
137,413,train,3
137,5911,train,9
137,5693,train,6
137,822,train,4
137,6781,train,3
137,5875,train,2
137,276,train,9
137,1430,train,6
137,7236,train,8
137,4921,train,4
137,5700,train,0
137,4060,train,2
137,4325,train,0
137,3933,train,2
137,5912,train,9
137,306,train,8
137,3404,train,0
137,4440,train,1
137,5963,train,0
137,1737,train,9
137,149,train,1
137,5677,train,8
137,1786,train,8
137,2057,train,1
137,991,train,3
137,7029,train,2
137,1318,train,6
137,2330,train,6
137,7199,train,6
137,1495,train,6
137,6615,train,0
137,2591,train,3
137,4269,train,3
137,479,train,5
137,6063,train,9
137,1568,train,1
137,639,train,3
137,5155,train,6
137,4212,train,3
137,3368,train,1
137,4159,train,5
137,6218,train,4
137,1041,train,1
137,4778,train,4
137,4279,train,9
137,5884,train,0
137,5400,train,5
137,5889,train,4
137,1400,train,1
137,5914,train,7
137,5932,train,6
137,6431,train,2
137,2907,train,9
137,6459,train,5
137,805,train,9
137,7003,train,5
137,4558,train,0
137,6911,train,2
137,4747,train,3
137,7021,train,3
137,2934,train,9
137,6268,train,1
137,4985,train,9
137,1491,train,2
137,1046,train,3
137,1002,train,3
137,2978,train,1
137,4925,train,1
137,3203,train,6
137,3549,train,8
137,1390,train,7
137,3243,train,1
137,6363,train,9
137,5062,train,5
137,2914,train,8
137,1820,train,6
137,4709,train,9
137,6348,train,6
137,7324,train,8
137,2274,train,1
137,7366,train,6
137,7063,train,3
137,5862,train,8
137,3522,train,8
137,4037,train,9
137,4623,train,0
137,1991,train,5
137,3151,train,3
137,3721,train,9
137,6187,train,2
137,3186,train,7
137,5248,train,2
137,2090,train,8
137,1828,train,2
137,5005,train,3
137,3370,train,6
137,6354,train,7
137,7246,train,3
137,3672,train,7
137,5866,train,7
137,5611,train,2
137,2361,train,0
137,5810,train,6
137,3969,train,5
137,5940,train,0
137,3319,train,7
137,3629,train,5
137,649,train,3
137,5876,train,2
137,3733,train,4
137,4997,train,1
137,3082,train,0
137,6759,train,3
137,5162,train,8
137,6951,train,1
137,6705,train,7
137,6458,train,0
137,7224,train,5
137,6701,validation,6
137,4081,validation,1
137,1077,validation,4
137,2082,validation,8
137,763,validation,4
137,6103,validation,1
137,2549,validation,4
137,1975,validation,1
137,5594,validation,6
137,2001,validation,7
137,3998,validation,9
137,2169,validation,5
137,1086,validation,6
137,2757,validation,6
137,6503,validation,9
137,1028,validation,4
137,442,validation,8
137,3697,validation,4
137,232,validation,1
137,1191,validation,4
137,6137,validation,4
137,3637,validation,1
137,6282,validation,8
137,935,validation,0
137,1506,validation,4
137,3536,validation,4
137,5666,validation,7
137,385,validation,3
137,3601,validation,1
137,6435,validation,0
137,5290,validation,8
137,2512,validation,1
137,6328,validation,5
137,4320,validation,1
137,579,validation,5
137,6184,validation,5
137,445,validation,8
137,3562,validation,4
137,1201,validation,5
137,401,validation,8
137,4560,validation,8
137,2012,validation,7
137,4799,validation,4
137,2163,validation,7
137,1133,validation,8
137,2025,validation,7
137,1233,validation,3
137,620,validation,4
137,1106,validation,3
137,4391,validation,4
137,551,validation,0
137,621,validation,9
137,2787,validation,7
137,6963,validation,6
137,606,validation,6
137,5226,validation,9
137,84,validation,6
137,3975,validation,4
137,2353,validation,2
137,5118,validation,8
137,3175,validation,6
137,1381,validation,8
137,1554,validation,2
137,613,validation,7
137,3593,validation,1
137,4444,validation,8
137,191,validation,3
137,3402,validation,5
137,1742,validation,1
137,4723,validation,8
137,3342,validation,2
137,24,validation,1
137,5419,validation,2
137,5231,validation,9
137,968,validation,6
137,1369,validation,7
137,319,validation,6
137,6114,validation,0
137,5649,validation,9
137,7157,validation,3
137,5088,validation,6
137,4829,validation,8
137,1762,validation,1
137,5362,validation,6
137,6253,validation,0
137,3411,validation,3
137,3213,validation,8
137,3473,validation,0
137,5431,validation,9
137,5753,validation,5
137,167,validation,0
137,6493,validation,7
137,6494,validation,5
137,7008,validation,4
137,544,validation,4
137,7365,validation,1
137,3199,validation,9
137,5196,validation,8
137,4589,validation,2
137,801,validation,4
137,2207,validation,3
137,6712,validation,0
137,4141,validation,4
137,7311,validation,3
137,5463,validation,2
137,5417,validation,5
137,6338,validation,3
137,6572,validation,6
137,5635,validation,9
137,2807,validation,6
137,1459,validation,6
137,6618,validation,0
137,1956,validation,9
137,4107,validation,0
137,789,validation,3
137,5149,validation,7
137,992,validation,0
137,2407,validation,7
137,3204,validation,0
137,6196,validation,7
137,1959,validation,7
137,3247,validation,8
137,1587,validation,8
137,3474,validation,1
137,4968,validation,9
137,5584,validation,0
137,3671,validation,5
137,949,validation,6
137,2068,validation,6
137,1398,validation,2
137,3484,validation,2
137,5756,validation,6
137,5406,validation,0
137,5321,validation,0
137,2321,validation,7
137,4211,validation,7
137,2360,validation,0
137,4755,validation,3
137,5888,validation,6
137,5131,validation,2
137,5592,validation,9
137,398,validation,8
137,6231,validation,3
137,513,validation,3
137,1892,validation,3
137,856,validation,8
137,6162,validation,2
137,1203,validation,7
137,4318,validation,5
137,2904,validation,0
137,596,validation,8
137,1016,validation,7
137,2202,validation,0
137,452,validation,4
137,5178,validation,0
137,6024,validation,5
137,6445,validation,1
137,5604,validation,5
137,3170,validation,3
137,6127,validation,1
137,3705,validation,7
137,5015,validation,0
137,4384,validation,4
137,800,validation,4
137,3167,validation,0
137,3215,validation,0
137,3576,validation,6
137,7360,validation,4
137,883,validation,0
137,5289,validation,2
137,3413,validation,8
137,3293,validation,1
137,6804,validation,5
137,1234,validation,4
137,6651,validation,0
137,6571,validation,9
137,2027,validation,2
137,6111,validation,7
137,6001,validation,3
137,578,validation,4
137,5542,validation,5
137,4803,validation,7
137,332,validation,1
137,1475,validation,7
137,7095,validation,1
137,1884,validation,9
137,5082,validation,8
137,2537,validation,8
137,7108,validation,3
137,7053,validation,9
137,1182,validation,3
137,2901,validation,0
137,6118,validation,5
137,6880,validation,5
137,483,validation,8
137,2635,validation,3
137,6912,validation,1
137,981,validation,2
137,4852,validation,6
137,6756,validation,1
137,5779,validation,9
137,5084,validation,7
137,304,validation,6
137,879,validation,3
137,4236,validation,2
137,6017,validation,9
137,4210,validation,8
137,6437,validation,1
137,2221,validation,4
137,1261,validation,6
137,6327,validation,1
137,2098,validation,5
137,1003,validation,6
137,3978,validation,8
137,4231,validation,9
137,4433,validation,7
137,545,validation,3
137,5503,validation,6
137,984,validation,8
137,2132,validation,2
137,2485,validation,5
137,4291,validation,7
137,3029,validation,3
137,6761,validation,7
137,2713,validation,6
137,2387,validation,4
137,4227,validation,8
137,3233,validation,7
137,3638,validation,1
137,2413,validation,7
137,6641,validation,6
137,5187,validation,4
137,5664,validation,8
137,7312,validation,3
137,3081,validation,4
137,5612,validation,5
137,2890,validation,9
137,2606,validation,4
137,1866,validation,3
137,3882,validation,6
137,2103,validation,2
137,2265,validation,5
137,664,validation,9
137,223,validation,3
137,189,validation,8
137,4446,validation,1
137,1931,validation,3
137,2414,validation,2
137,4263,validation,0
137,4091,validation,6
137,3858,validation,3
137,938,validation,8
137,2135,validation,7
137,2334,validation,4
137,994,validation,2
137,7195,validation,5
137,3531,validation,6
137,1545,validation,1
137,2307,validation,2
137,310,validation,7
137,2260,validation,4
137,6186,validation,7
137,206,validation,3
137,1231,validation,9
137,454,validation,1
137,6530,validation,9
137,3041,validation,9
137,5288,validation,0
137,1512,validation,8
137,3761,validation,8
137,5671,validation,6
137,1812,validation,1
137,5706,validation,2
137,6930,validation,7
137,557,validation,9
137,2971,validation,6
137,7329,validation,0
137,3419,validation,6
137,2569,validation,2
137,2654,validation,3
137,1575,validation,5
137,3740,validation,5
137,5145,validation,4
137,5280,validation,7
137,3227,validation,2
137,6082,validation,6
137,4759,validation,8
137,247,validation,5
137,7291,validation,6
137,3060,validation,4
137,4352,validation,9
137,268,validation,5
137,3759,validation,4
137,1292,validation,4
137,1349,validation,2
137,6549,validation,4
137,7342,validation,4
137,4638,validation,8
137,3405,validation,7
137,7133,validation,9
137,5680,validation,1
137,5855,validation,0
137,3460,validation,4
137,4814,validation,9
137,4437,validation,4
137,4552,validation,1
137,4703,validation,9
137,3346,validation,5
137,254,validation,3
137,3876,validation,1
137,3509,validation,9
137,5729,validation,5
137,4323,validation,2
137,6149,validation,3
137,3108,validation,2
137,3857,validation,2
137,600,validation,4
137,5388,validation,7
137,4917,validation,0
137,3338,validation,9
137,910,validation,9
137,5662,validation,2
137,6153,validation,0
137,3797,validation,2
137,3458,validation,7
137,816,validation,8
137,4414,validation,6
137,4795,validation,3
137,3047,validation,4
137,416,validation,8
137,2786,validation,2
137,2319,validation,7
137,5591,validation,2
137,6318,validation,2
137,3541,validation,4
137,5474,validation,7
137,4613,validation,2
137,1322,validation,8
137,6501,validation,1
137,2259,validation,6
137,477,validation,8
137,3080,validation,6
137,5807,validation,0
137,3685,validation,4
137,6128,validation,4
137,5684,validation,4
137,5307,validation,5
137,364,validation,9
137,6920,validation,1
137,2144,validation,8
137,3923,validation,3
137,5564,validation,4
137,2630,validation,1
137,3249,validation,9
137,1952,validation,7
137,5857,validation,7
137,450,validation,5
137,758,validation,0
137,5685,validation,6
137,199,validation,0
137,2827,validation,1
137,2024,validation,7
137,2996,validation,2
137,26,validation,2
137,1634,validation,0
137,3540,validation,9
137,324,validation,0
137,2761,validation,5
137,4889,validation,7
137,1486,validation,5
137,694,validation,2
137,2179,validation,4
137,4556,validation,2
137,6147,validation,9
137,5667,validation,3
137,4385,validation,8
137,4668,validation,4
137,5211,validation,3
137,3820,validation,6
137,6091,validation,1
137,6247,validation,2
137,3892,validation,9
137,6173,validation,2
137,4445,validation,1
137,4567,validation,1
137,3634,validation,9
137,6129,validation,7
137,945,validation,5
137,3267,validation,2
137,1232,validation,2
137,3106,validation,5
137,556,validation,0
137,728,validation,5
137,7188,validation,6
137,3567,validation,5
137,2751,validation,3
137,2754,validation,5
137,2416,validation,6
137,3805,validation,0
137,4001,validation,4
137,5188,validation,4
137,2372,validation,5
137,3296,validation,3
137,603,validation,2
137,367,validation,2
137,6730,validation,3
137,1881,validation,8
137,2740,validation,5
137,3230,validation,2
137,6562,validation,3
137,1982,validation,9
137,7227,validation,1
137,3539,validation,7
137,5030,validation,1
137,480,validation,2
137,6998,validation,6
137,6037,validation,3
137,6022,validation,7
137,2188,validation,4
137,1605,validation,5
137,4482,validation,5
137,840,validation,7
137,3355,validation,6
137,4399,validation,3
137,4281,validation,0
137,5151,validation,5
137,3359,validation,9
137,6462,validation,9
137,6006,validation,2
137,5809,validation,8
137,959,validation,6
137,6710,validation,9
137,3440,validation,3
137,2563,validation,0
137,3782,validation,7
137,4955,validation,8
137,2205,validation,5
137,2015,validation,0
137,4579,validation,7
137,4308,validation,9
137,3912,validation,2
137,1790,validation,8
137,1541,validation,9
137,1449,validation,5
137,3241,validation,2
137,3157,validation,5
137,4427,validation,9
137,4196,validation,3
137,2127,validation,0
137,7308,validation,2
137,1118,validation,6
137,4206,validation,9
137,1092,validation,9
137,721,validation,5
137,3086,validation,5
137,3750,validation,4
137,6154,validation,3
137,2983,validation,5
137,944,validation,6
137,745,validation,8
137,3897,validation,8
137,2797,validation,0
137,1553,validation,0
137,3174,validation,1
137,2668,validation,7
137,370,validation,5
137,1898,validation,8
137,2581,validation,2
137,6093,validation,0
137,996,validation,4
137,781,validation,3
137,4200,validation,7
137,1924,validation,0
137,3119,validation,4
137,5303,validation,9
137,7272,validation,3
137,623,validation,1
137,2083,validation,8
137,1827,validation,0
137,1433,validation,6
137,1307,validation,4
137,4342,validation,9
137,6192,validation,3
137,1653,validation,5
137,4387,validation,3
137,6508,validation,5
137,3451,validation,4
137,2741,validation,8
137,4826,validation,4
137,1443,validation,1
137,2003,validation,2
137,2864,validation,9
137,6577,validation,1
137,2357,validation,8
137,137,validation,0
137,5991,validation,9
137,1915,validation,5
137,862,validation,8
137,2647,validation,1
137,5391,validation,5
137,1301,validation,0
137,948,validation,3
137,6970,validation,1
137,717,validation,0
137,4002,validation,1
137,5799,validation,7
137,3012,validation,1
137,736,validation,9
137,2891,validation,7
137,5847,validation,3
137,6702,validation,1
137,5818,validation,0
137,1606,validation,4
137,2440,validation,8
137,1721,validation,7
137,4658,validation,1
137,5776,validation,5
137,4752,validation,9
137,5983,validation,1
137,4305,validation,8
137,4770,validation,4
137,2838,validation,3
137,1300,validation,9
137,4988,validation,1
137,1339,validation,2
137,4492,validation,4
137,5848,validation,7
137,741,validation,2
137,1029,validation,5
137,1088,validation,8
137,7000,validation,3
137,4690,validation,2
137,2026,validation,5
137,3219,validation,2
137,3282,validation,0
137,3028,validation,1
137,6250,validation,0
137,6257,validation,2
137,414,validation,8
137,6185,validation,5
137,1728,validation,6
137,18,validation,7
137,4786,validation,3
137,7202,validation,1
137,6606,validation,6
137,4172,validation,7
137,5837,validation,8
137,4991,validation,3
137,3999,validation,4
137,3865,validation,4
137,1818,validation,5
137,704,validation,6
137,2905,validation,0
137,5841,validation,5
137,1703,validation,9
137,3004,validation,7
137,3580,validation,4
137,2348,validation,1
137,5066,validation,4
137,6041,validation,7
137,4655,validation,3
137,3847,validation,0
137,6175,validation,1
137,6832,validation,4
137,1352,validation,3
137,4920,validation,2
137,3502,validation,2
137,946,validation,9
137,4842,validation,7
137,7201,validation,5
137,2304,validation,5
137,1758,validation,8
137,2308,validation,8
137,2932,validation,5
137,6,validation,7
137,6086,validation,2
137,4753,validation,8
137,6000,validation,6
137,2571,validation,7
137,1082,validation,8
137,1569,validation,3
137,667,validation,0
137,6555,validation,5
137,3043,validation,0
137,7045,validation,2
137,1251,validation,6
137,3917,validation,0
137,4363,validation,0
137,231,validation,8
137,754,validation,1
137,2634,validation,4
137,1540,validation,2
137,1481,validation,0
137,7179,validation,8
137,2508,validation,4
137,6081,validation,5
137,6321,validation,3
137,5730,validation,0
137,6453,validation,8
137,1985,validation,8
137,481,validation,6
137,5279,validation,2
137,6713,validation,9
137,3442,validation,1
137,7162,validation,4
137,916,validation,3
137,3904,validation,9
137,7331,validation,1
137,1067,validation,3
137,1344,validation,6
137,4509,validation,4
137,4733,validation,6
137,5404,validation,1
137,7037,validation,2
137,1466,validation,8
137,3485,validation,1
137,4371,validation,0
137,3439,validation,3
137,5291,validation,6
137,6820,validation,1
137,6841,validation,5
137,6040,validation,4
137,6723,validation,3
137,1309,validation,6
137,1726,validation,6
137,1452,validation,2
137,6237,validation,8
137,1124,validation,3
137,6455,validation,3
137,2294,validation,4
137,5324,validation,4
137,118,validation,6
137,1709,validation,2
137,5486,validation,3
137,5311,validation,3
137,7228,validation,4
137,874,validation,5
137,1983,validation,0
137,6330,validation,7
137,4888,validation,9
137,1770,validation,3
137,2208,validation,0
137,424,validation,3
137,180,validation,0
137,3343,validation,2
137,4710,validation,2
137,3989,validation,5
137,1845,validation,2
137,2522,validation,1
137,3259,validation,8
137,790,validation,7
137,3744,validation,5
137,4150,validation,7
137,2703,validation,3
137,6655,validation,7
137,2723,validation,6
137,1062,validation,2
137,3796,validation,6
137,1836,validation,9
137,4810,validation,8
137,3910,validation,7
137,5512,validation,1
137,1027,validation,7
137,6858,validation,4
137,4467,validation,7
137,5414,validation,6
137,3726,validation,7
137,3996,validation,8
137,6552,validation,8
137,2168,validation,2
137,5506,validation,8
137,2365,validation,0
137,4142,validation,3
137,2538,validation,9
137,4099,validation,6
137,4538,validation,2
137,3156,validation,2
137,657,validation,5
137,43,validation,8
137,6742,validation,1
137,5540,validation,3
137,3162,validation,5
137,786,validation,8
137,338,validation,7
137,301,validation,2
137,1202,validation,0
137,4534,validation,7
137,7220,validation,7
137,6740,validation,2
137,5849,validation,0
137,3501,validation,1
137,4570,validation,7
137,211,validation,3
137,3222,validation,4
137,3023,validation,9
137,4074,validation,2
137,2883,validation,4
137,1005,validation,6
137,5053,validation,0
137,5746,validation,8
137,6092,validation,9
137,6142,validation,3
137,6989,validation,1
137,4952,validation,7
137,2867,validation,7
137,3644,validation,5
137,3577,validation,9
137,2492,validation,7
137,5043,validation,3
137,2886,validation,4
137,932,validation,0
137,2201,validation,8
137,5377,validation,8
137,836,validation,4
137,2051,validation,6
137,6202,validation,0
137,6927,validation,6
137,1387,validation,8
137,5688,validation,5
137,6319,validation,6
137,6839,validation,7
137,7048,validation,7
137,6161,validation,3
137,5424,validation,5
137,951,validation,3
137,2046,validation,0
137,7295,validation,1
137,4573,validation,7
137,847,validation,5
137,6751,validation,9
137,5651,validation,1
137,2167,validation,4
137,2408,validation,3
137,3571,validation,1
137,6490,validation,7
137,2600,validation,8
137,371,validation,2
137,6891,validation,9
137,6983,validation,8
137,6451,validation,9
137,3816,validation,5
137,7238,validation,7
137,4052,validation,6
137,2916,validation,1
137,2250,validation,3
137,3909,validation,1
137,6009,validation,1
137,6548,validation,8
137,3168,validation,3
137,6272,validation,8
137,6316,validation,0
137,1051,validation,2
137,5851,validation,2
137,4428,validation,7
137,5944,validation,6
137,515,validation,2
137,1000,validation,7
137,7098,validation,5
137,4491,validation,2
137,926,validation,9
137,5202,validation,3
137,5195,validation,0
137,714,validation,6
137,7172,validation,8
137,1738,validation,0
137,7302,validation,9
137,4525,validation,8
137,4238,validation,4
137,2515,validation,5
137,410,validation,7
137,5366,validation,0
137,1858,validation,9
137,4488,validation,5
137,4044,validation,5
137,4520,validation,9
137,7217,validation,1
137,7032,validation,4
137,7163,validation,9
137,5439,validation,2
137,4545,validation,2
137,6066,validation,2
137,3588,validation,7
137,331,validation,8
137,3990,validation,4
137,14,validation,3
137,4025,validation,4
137,924,validation,0
137,4695,validation,6
137,2369,validation,6
137,4512,validation,6
137,2055,validation,4
137,5402,validation,2
137,5048,validation,6
137,5029,validation,3
137,4330,validation,0
137,5536,validation,1
137,4749,validation,5
137,3924,validation,8
137,3423,validation,3
137,3974,validation,7
137,5085,validation,7
137,3828,validation,3
137,7022,validation,3
137,2540,validation,4
137,6976,validation,9
137,6802,validation,9
137,1017,validation,7
137,6682,validation,9
137,7093,validation,8
137,5340,validation,1
137,3573,validation,2
137,1316,validation,2
137,6943,validation,1
137,2848,validation,6
137,6686,validation,2
137,1054,validation,1
137,3529,validation,4
137,5525,validation,1
137,6496,validation,6
137,5323,validation,2
137,383,validation,6
137,1899,validation,7
137,3367,validation,7
137,1843,validation,7
137,5390,validation,1
137,2468,validation,3
137,4893,validation,6
137,893,validation,5
137,6021,validation,0
137,1942,validation,9
137,6195,validation,1
137,6015,validation,2
137,1149,validation,1
137,5975,validation,8
137,7176,validation,7
137,349,validation,1
137,602,validation,2
137,3813,validation,1
137,2511,validation,7
137,4312,validation,1
137,3656,validation,7
137,1066,validation,8
137,88,validation,5
137,2715,validation,0
137,2776,validation,7
137,1660,validation,2
137,1429,validation,2
137,2718,validation,6
137,1371,validation,6
137,3766,validation,0
137,3390,validation,6
137,6286,validation,5
137,1609,validation,6
137,1396,validation,9
137,3309,validation,2
137,3313,validation,8
137,7123,validation,0
137,4094,validation,5
137,134,validation,5
137,2042,validation,5
137,2645,validation,0
137,7193,validation,5
137,1105,validation,8
137,2325,validation,8
137,1651,validation,5
137,5948,validation,9
137,1492,validation,2
137,3116,validation,9
137,5585,validation,9
137,1345,validation,0
137,4184,validation,1
137,5058,validation,2
137,3279,validation,0
137,1597,validation,1
137,3304,validation,1
137,3748,validation,1
137,5141,validation,5
137,4661,validation,4
137,4244,validation,5
137,4137,validation,4
137,7144,validation,2
137,6054,validation,2
137,1628,validation,6
137,5025,validation,4
137,6219,validation,7
137,6065,validation,4
137,2789,validation,3
137,6563,validation,7
137,3532,validation,8
137,3647,validation,8
137,4189,validation,1
137,4954,validation,0
137,6131,validation,4
137,6808,validation,6
137,4681,validation,2
137,4719,validation,6
137,1295,validation,8
137,4072,validation,7
137,6954,validation,8
137,929,validation,7
137,1434,validation,4
137,3393,validation,1
137,3038,validation,4
137,5597,validation,5
137,6653,validation,3
137,3283,validation,1
137,1686,validation,2
137,6254,validation,7
137,6183,validation,9
137,591,validation,8
137,1380,validation,1
137,1177,validation,6
137,3949,validation,2
137,7031,validation,4
137,3870,validation,3
137,5539,validation,8
137,2370,validation,5
137,4784,validation,8
137,5727,validation,4
137,6537,validation,9
137,3657,validation,9
137,7011,validation,4
137,844,validation,5
137,5325,validation,3
137,1403,validation,5
137,6771,validation,7
137,5622,validation,9
137,524,validation,6
137,2832,validation,9
137,2403,validation,1
137,3421,validation,5
137,1329,validation,8
137,5910,validation,1
137,2821,validation,4
137,5356,validation,4
137,5021,validation,3
137,6294,validation,3
137,1680,validation,6
137,3395,validation,7
137,2691,validation,1
137,6140,validation,1
137,2504,validation,4
137,3417,validation,0
137,3763,validation,0
137,6613,validation,5
137,6340,validation,2
137,608,validation,6
137,1360,validation,0
137,6465,validation,1
137,6362,validation,8
137,5016,validation,7
137,5710,validation,4
137,2790,validation,0
137,3993,validation,1
137,4783,validation,7
137,7207,validation,9
137,467,validation,6
137,6878,validation,1
137,2796,validation,4
137,2339,validation,5
137,772,validation,7
137,1859,validation,6
137,5359,validation,6
137,653,validation,5
137,5019,validation,3
137,3514,validation,4
137,5438,validation,3
137,1992,validation,3
137,4130,validation,5
137,5370,validation,8
137,6975,validation,6
137,3206,validation,1
137,2727,validation,7
137,6213,validation,3
137,835,validation,7
137,4149,validation,9
137,4417,validation,8
137,4650,validation,0
137,5538,validation,1
137,7005,validation,7
137,599,validation,9
137,6915,validation,3
137,2242,validation,6
137,5853,validation,8
137,3557,validation,0
137,7327,validation,2
137,455,validation,5
137,3171,validation,2
137,4821,validation,5
137,3231,validation,3
137,1885,validation,3
137,636,validation,4
137,915,validation,1
137,6719,validation,7
137,5023,validation,1
137,3512,validation,0
137,7260,validation,8
137,1277,validation,0
137,5820,validation,9
137,1014,validation,8
137,4641,validation,7
137,2472,validation,7
137,2930,validation,2
137,1121,validation,7
137,4472,validation,8
137,5703,validation,1
137,5091,validation,6
137,1336,validation,2
137,5686,validation,8
137,5761,validation,1
137,6484,validation,5
137,4313,validation,3
137,6298,validation,4
137,5207,validation,9
137,3716,validation,8
137,4554,validation,6
137,4344,validation,3
137,7170,validation,0
137,6505,validation,8
137,4605,validation,2
137,4882,validation,2
137,5245,validation,7
137,4928,validation,8
137,6790,validation,0
137,4877,validation,1
137,1057,validation,0
137,3880,validation,3
137,4527,validation,4
137,3050,validation,0
137,697,validation,9
137,532,validation,8
137,6720,validation,5
137,6728,validation,4
137,6410,validation,4
137,4535,validation,6
137,4729,validation,7
137,3610,validation,2
137,5465,validation,6
137,5368,validation,9
137,4934,validation,5
137,3984,validation,3
137,6415,validation,6
137,2579,validation,5
137,3958,validation,9
137,6640,validation,3
137,3842,validation,5
137,6181,validation,1
137,2724,validation,9
137,3526,validation,8
137,6179,validation,4
137,4017,validation,0
137,4481,validation,9
137,2584,validation,7
137,5429,validation,2
137,4546,validation,9
137,4012,validation,0
137,3446,validation,9
137,5582,validation,8
137,7259,validation,4
137,1976,validation,3
137,5566,validation,9
137,5842,validation,0
137,6332,validation,3
137,6947,validation,1
137,6667,validation,9
137,3503,validation,1
137,6646,validation,9
137,1033,validation,2
137,1348,validation,6
137,3169,validation,5
137,4234,validation,6
137,201,validation,9
137,5479,validation,8
137,4480,validation,1
137,7129,validation,7
137,3394,validation,0
137,5553,validation,2
137,1873,validation,8
137,1918,validation,4
137,7118,validation,4
137,350,validation,6
137,2298,validation,9
137,2962,validation,5
137,6365,validation,1
137,3868,validation,2
137,5008,validation,1
137,5059,validation,6
137,3196,validation,0
137,2074,validation,3
137,570,validation,4
137,1507,validation,8
137,3976,validation,3
137,181,validation,2
137,497,validation,4
137,6228,validation,9
137,6217,validation,1
137,1948,validation,3
137,3869,validation,2
137,7057,validation,2
137,3712,validation,6
137,274,validation,5
137,7151,validation,5
137,3321,validation,0
137,4372,validation,9
137,7086,validation,8
137,1127,validation,4
137,4218,validation,7
137,2084,validation,4
137,831,validation,1
137,1706,validation,5
137,1427,validation,4
137,56,validation,0
137,6119,validation,3
137,2947,validation,3
137,972,validation,3
137,4276,validation,9
137,6467,validation,9
137,2601,validation,7
137,3621,validation,7
137,1023,validation,5
137,6130,validation,6
137,5852,validation,1
137,4632,validation,3
137,5033,validation,7
137,1004,validation,9
137,6711,validation,7
137,2396,validation,4
137,3027,validation,5
137,3418,validation,4
137,6470,validation,2
137,906,validation,4
137,5300,validation,7
137,5966,validation,9
137,6427,validation,5
137,4045,validation,2
137,1925,validation,6
137,3584,validation,7
137,1648,validation,0
137,2840,validation,4
137,952,validation,6
137,4771,validation,6
137,4022,validation,0
137,5618,validation,7
137,3747,validation,4
137,3392,validation,6
137,2783,validation,6
137,7089,validation,2
137,6482,validation,9
137,150,validation,7
137,6922,validation,6
137,6586,validation,5
137,1365,validation,3
137,6538,validation,7
137,4911,validation,3
137,1059,validation,5
137,1539,validation,5
137,7269,validation,3
137,78,validation,5
137,1290,validation,2
137,2953,validation,9
137,2071,validation,4
137,4679,validation,4
137,1287,validation,0
137,5864,validation,1
137,6844,validation,5
137,3630,validation,4
137,3397,validation,8
137,4618,validation,6
137,2266,validation,6
137,2467,validation,0
137,4895,validation,2
137,3181,validation,9
137,838,validation,8
137,6207,validation,8
137,373,validation,7
137,4873,validation,4
137,5717,validation,3
137,1912,validation,2
137,406,validation,7
137,6349,validation,1
137,5395,validation,1
137,1655,validation,5
137,3189,validation,1
137,2091,validation,0
137,2831,validation,4
137,1110,validation,1
137,197,validation,2
137,6597,validation,5
137,1980,validation,1
137,4572,validation,6
137,5824,validation,0
137,2785,validation,6
137,662,validation,3
137,4361,validation,2
137,5936,validation,1
137,5850,validation,6
137,1079,validation,8
137,91,validation,8
137,4511,validation,3
137,6821,validation,8
137,5024,validation,3
137,962,validation,4
137,1216,validation,9
137,3883,validation,8
137,2505,validation,1
137,861,validation,2
137,2405,validation,9
137,2849,validation,2
137,3125,validation,3
137,4996,validation,3
137,3943,validation,0
137,1711,validation,3
137,5135,validation,4
137,144,validation,3
137,6744,validation,9
137,908,validation,1
137,1073,validation,2
137,6297,validation,5
137,2842,validation,0
137,4420,validation,6
137,488,validation,0
137,4050,validation,6
137,4646,validation,8
137,4562,validation,5
137,598,validation,0
137,6687,validation,0
137,4470,validation,4
137,4486,validation,1
137,1598,validation,1
137,3738,validation,6
137,618,validation,1
137,6216,validation,2
137,7161,validation,9
137,2559,validation,8
137,1372,validation,2
137,2421,validation,7
137,553,validation,8
137,6358,validation,3
137,5720,validation,4
137,1130,validation,6
137,64,validation,4
137,4286,validation,6
137,3589,validation,9
137,2036,validation,3
137,2755,validation,4
137,1099,validation,3
137,6782,validation,0
137,640,validation,2
137,4394,validation,2
137,7359,validation,4
137,2373,validation,0
137,2530,validation,3
137,2704,validation,5
137,2497,validation,6
137,6937,validation,7
137,4489,validation,5
137,3079,validation,1
137,1037,validation,1
137,698,validation,8
137,6384,validation,3
137,1113,validation,0
137,2411,validation,9
137,5832,validation,7
137,2698,validation,9
137,1546,validation,0
137,1761,validation,6
137,5652,validation,2
137,2709,validation,8
137,6605,validation,6
137,5426,validation,9
137,3646,validation,1
137,5378,validation,7
137,4450,validation,0
137,6418,validation,8
137,2843,validation,5
137,2349,validation,0
137,4144,validation,5
137,4691,validation,9
137,2612,validation,4
137,4832,validation,1
137,5858,validation,6
137,2513,validation,8
137,6008,validation,9
137,7139,validation,4
137,2187,validation,9
137,2942,validation,5
137,2233,validation,5
137,6818,validation,0
137,3757,validation,9
137,375,validation,0
137,6300,validation,4
137,6772,validation,5
137,4327,validation,1
137,4345,validation,2
137,7219,validation,0
137,4761,validation,6
137,1065,validation,6
137,7034,validation,9
137,4667,validation,3
137,6625,validation,0
137,2402,validation,0
137,2804,validation,0
137,1248,validation,9
137,5205,validation,6
137,1635,validation,5
137,1592,validation,3
137,41,validation,8
137,3818,validation,0
137,7316,validation,5
137,5882,validation,4
137,3229,validation,9
137,3755,validation,0
137,3452,validation,8
137,2858,validation,6
137,4496,validation,7
137,2100,validation,9
137,6209,validation,8
137,3527,validation,3
137,683,validation,4
137,6733,validation,6
137,2892,validation,5
137,7300,validation,8
137,4306,validation,0
137,6919,validation,0
137,6681,validation,5
137,744,validation,5
137,3631,validation,5
137,55,validation,3
137,6632,validation,1
137,1642,validation,3
137,1388,validation,5
137,3265,validation,7
137,1171,validation,4
137,6993,validation,1
137,4400,validation,0
137,5169,validation,5
137,2935,validation,0
137,1746,validation,2
137,296,validation,2
137,4958,validation,8
137,2426,validation,8
137,1410,validation,2
137,4760,validation,9
137,2543,validation,7
137,1939,validation,5
137,4712,validation,9
137,5190,validation,2
137,505,validation,6
137,1800,validation,9
137,6240,validation,8
137,4341,validation,0
137,558,validation,9
137,5314,validation,6
137,5229,validation,9
137,3070,validation,6
137,3551,validation,3
137,6829,validation,3
137,6541,validation,7
137,7216,validation,6
137,5223,validation,9
137,1143,validation,3
137,1528,validation,3
137,4136,validation,3
137,3791,validation,1
137,4575,validation,0
137,3504,validation,6
137,3884,validation,7
137,3469,validation,2
137,4317,validation,1
137,1268,validation,1
137,5460,validation,1
137,5137,validation,7
137,958,validation,0
137,5625,validation,3
137,3521,validation,6
137,3386,validation,9
137,756,validation,6
137,5488,validation,5
137,4801,validation,5
137,7135,validation,3
137,6359,validation,6
137,6276,validation,6
137,2528,validation,6
137,4504,validation,9
137,325,validation,2
137,1775,validation,8
137,5216,validation,0
137,5555,validation,9
137,1162,validation,2
137,5716,validation,6
137,4198,validation,6
137,2401,validation,3
137,1136,validation,5
137,3146,validation,3
137,3467,validation,1
137,4010,validation,5
137,5800,validation,0
137,872,validation,6
137,3768,validation,4
137,3020,validation,6
137,5056,validation,6
137,866,validation,6
137,514,validation,0
137,6061,validation,9
137,1313,validation,2
137,5039,validation,7
137,4867,validation,7
137,3552,validation,8
137,1954,validation,5
137,4067,validation,5
137,6347,validation,2
137,808,validation,8
137,2815,validation,4
137,7322,validation,1
137,4614,validation,4
137,3194,validation,4
137,2243,validation,2
137,3201,validation,9
137,4522,validation,9
137,2735,validation,7
137,441,validation,8
137,534,validation,9
137,6861,validation,4
137,2296,validation,1
137,1103,validation,1
137,2706,validation,1
137,5142,validation,0
137,5038,validation,6
137,7257,validation,2
137,2464,validation,0
137,5276,validation,1
137,6042,validation,4
137,397,validation,9
137,3299,validation,5
137,1957,validation,3
137,3139,validation,7
137,5060,validation,0
137,5450,validation,5
137,311,validation,5
137,4963,validation,4
137,2772,validation,9
137,6885,validation,4
137,896,validation,2
137,6694,validation,7
137,5953,validation,7
137,3851,validation,7
137,955,validation,7
137,3093,validation,7
137,526,validation,7
137,3784,validation,2
137,2910,validation,8
137,1875,validation,1
137,1929,validation,8
137,3481,validation,1
137,1695,validation,8
137,5385,validation,4
137,5549,validation,8
137,6764,validation,2
137,176,validation,0
137,7192,validation,1
137,1773,validation,3
137,5880,validation,6
137,6387,validation,0
137,3403,validation,2
137,6637,validation,4
137,4809,validation,5
137,6626,validation,7
137,3640,validation,3
137,6399,validation,3
137,4576,validation,8
137,3057,validation,2
137,3871,validation,4
137,6845,validation,0
137,6787,validation,3
